tmdb_id,imdb_id,wikidata_id,title,original_title,release_date,runtime,genres,vote_average,vote_count,production_countries,filming_locations,filming_countries,narrative_locations,narrative_countries
840771,tt0253203,Q58428079,Animated Coins,लक्ष्मीचा गलीचा,1916-01-01,0,Animation,7.0,1,IN,,,,
270586,tt0253190,Q21869819,Birth of Shri Krishna,Shri Krishna Janma,1918-05-19,12,Drama|Fantasy,5.7,5,IN,,,,
1039988,tt0255562,Q58429981,Sushila the Virtous,Sadguni Sushila,1924-01-01,0,Drama|Crime,9.0,1,IN,,,,
1633435,tt0249641,Q58430740,Kalyan Khajina,Kalyan Khajina,1924-01-01,80,History,9.0,1,IN,,,,
897604,,,Crime and Punishment,Paper Parinam,1924-01-01,0,,0.0,0,,,,,
1039990,tt0255288,Q58430722,Triumph of Justice,Kala Nag,1924-01-01,0,Crime,7.0,1,IN,,,,
409241,tt0232468,Q58433729,Prithvi Vallabh,Prithvi Vallabh,1924-01-04,121,Drama|History,6.0,2,IN,,,,
1039986,tt0215021,Q58430812,The Debt of Sin,Paap No Fej,1924-01-01,0,Drama|Crime,7.0,1,IN,,,,
1526459,tt0256062,Q137259420,Gul-e-Bakavali,Gul-e-Bakavali,1924-06-27,0,,8.0,1,IN,,,,
1039984,tt0238864,,20th Century,Bismi Sadi,1924-01-01,0,Drama,7.0,1,IN,,,,
1526476,tt0231857,Q58429128,The Black Thief,Kala Chor,1925-09-25,0,,8.0,1,IN,,,,
143953,tt0016240,Q1214408,The Light of Asia,Prem Sanyas,1925-10-22,97,Drama,6.5,10,DE|IN,,,,
285332,tt0232116,Q58430158,The Slaves of Luxury,Mojili Mumbai,1925-01-02,0,,10.0,1,,,,,
1526470,tt0231790,Q58429103,Indrasabha,Indrasabha,1925-03-20,0,,7.0,1,IN,,,,
1039993,tt0239100,Q20649191,Kulin Kanta,Kulin Kanta,1925-01-01,0,Crime,9.0,1,IN,,,,
1526468,tt0231444,Q58429039,The Divine Punishment,Desh Na Dushman,1925-09-11,0,,8.0,1,IN,,,,
1301131,tt0241620,Q58429132,Black Serpent,काली नागिन,1925-01-01,0,Horror,7.0,1,IN,,,,
1039994,tt0213903,Q58430171,Social Pirates,Mumbai Ni Mohini,1925-01-01,0,Drama|Crime,8.0,1,IN,,,,
947165,tt0156404,Q58429036,Queen of Cinema,Cinema ki Rani,1925-01-01,0,,8.0,1,IN,,,,
774886,,,Khod Modali,Khod Modali,1925-01-15,0,Comedy,0.0,0,,,,,
1301134,tt0392627,Q58430330,Wife and the Vampire,पत्नी और पिशाच,1925-01-01,0,Horror,9.0,1,IN,,,,
291052,tt20588890,,Typist Girl,Typist Girl,1926-10-30,0,Drama,0.0,0,IN,,,,
273430,tt0214554,Q58482386,Bulbul-e-Paristan,Bulbul-e-Paristan,1926-01-02,0,,10.0,1,IN,,,,
292647,tt0157188,,Wildcat of Bombay,Wildcat of Bombay,1926-02-26,0,Crime|Drama,8.0,1,IN,,,,
1300804,tt0156359,,Wandering Phantom,भांटो भूत,1926-01-01,0,Horror,9.0,1,IN,,,,
419514,tt0249819,Q58434510,Muraliwala,मुरली वाला,1927-10-04,44,,9.0,1,IN,,,,
722057,tt0249938,Q58434715,Sati Savitri,सती सावित्री,1927-01-01,32,Drama|Fantasy,8.0,1,IN,,,,
585687,tt0214522,Q19882225,Sacrifice,बलिदान,1927-03-01,108,Drama,10.0,1,IN,,,,
1197535,tt0158739,,Madhuri,माधुरी,1928-08-18,165,Drama,9.0,1,IN,,,,
1197520,tt26237350,,Anarkali,अनारकली,1928-07-14,0,Drama,0.0,0,IN,,,,
35454,tt0020286,Q1603098,A Throw of Dice,Prapancha Pash,1929-08-16,74,Drama|Adventure|Romance,6.3,32,DE|IN|GB,,,,
1300785,tt0241179,Q58455416,Anarbala,আনারবালা,1929-01-01,0,Horror|Fantasy,8.0,1,IN,,,,
1301136,tt0391549,Q58460230,Cruel Sorceress,जालिम जादुगरिन,1929-01-01,0,Horror|Fantasy,8.0,1,IN,,,,
284508,tt0158677,Q58455511,Indira B.A.,Indira B.A.,1929-10-19,0,Drama,8.0,1,IN,,,,
963274,tt0241231,Q58455424,Do Dhari Talwar,Do Dhari Talwar,1929-07-19,0,Action,8.0,1,IN,,,,
1526522,tt0155083,Q58458435,Radha Rani,Radha Rani,1930-03-08,63,,9.0,1,IN,,,,
963278,tt0241947,Q58460107,The Arabian Knight,Sher-e-Arab,1930-07-18,0,,9.0,1,IN,,,,
1512088,tt0234717,Q55633075,Shirin Farhad,Shirin Farhad,1931-06-12,0,Fantasy|Romance,9.0,1,IN,,,,
1526660,tt0230658,,Premi Jogan,Premi Jogan,1931-02-12,0,,9.0,1,IN,,,,
1512094,tt0241772,Q58480336,Noorjahan,Noorjahan,1931-04-09,0,History,7.0,1,IN,,,,
273111,tt0021594,Q1280536,Alam Ara,आलम आरा,1931-03-14,124,Fantasy,6.5,2,IN,,,,
1512090,tt0234076,Q58480207,Laila Majnu,Laila Majnu,1931-10-09,0,Romance,10.0,1,IN,,,,
419550,tt0252380,Q58479666,Diler Jagar,दिलेर जिगर,1931-10-04,104,Action|Adventure|Drama,6.2,4,IN,,,,
1300544,tt0241387,Q20814504,Draupadi,Draupadi,1931-05-07,124,Drama,8.0,1,IN,,,,
1300796,tt0390923,Q58479527,Bhoot Raja,भूत राजा,1931-01-01,0,Horror,9.0,1,IN,,,,
1371992,tt0213520,Q58481749,Bhutio Mahal,Bhutio Mahal,1932-01-01,0,Comedy|Horror,9.0,1,IN,,,,
1512105,tt0242157,Q58481782,Zarina,Zarina,1932-06-10,0,,8.0,1,IN,,,,
284509,tt0233938,Q58481185,Indrasabha,Indrasabha,1932-12-31,211,,7.0,1,IN,,,,
1197472,tt0158740,,Madhuri,माधुरी,1932-01-01,155,Drama|Action|Adventure,9.0,1,IN,,,,
1512127,tt0213780,Q58481992,Krishna Sudama,Krishna Sudama,1933-08-03,0,,9.0,1,IN,,,,
1039978,tt0262623,Q58482022,Miss 1933,Miss 1933,1933-01-01,176,Crime|Drama,10.0,1,,,,,
939862,tt0156916,Q18345882,The Devoted,Puran Bhagat,1933-01-05,159,,10.0,1,IN,,,,
1526458,tt0375633,Q58481896,Fairy of Punjab,Bulbul-e-Punjab,1933-10-06,0,,8.0,1,IN,,,,
284788,tt0262557,Q28464226,Lal-e-Yaman,Lal-e-Yaman,1933-01-02,159,Fantasy|Drama,8.0,1,,,,,
1197922,tt0231198,Q19757789,Aurat Ka Pyaar,औरत का प्यार,1933-01-01,0,Drama,7.0,1,IN,,,,
1512122,tt0155398,Q18210268,Yahudi Ki Ladki,Yahudi Ki Ladki,1933-10-13,137,,8.0,1,IN,,,Roman Empire,Roman Empire
939867,tt0263914,Q18393296,Rajrani Meera,Rajrani Meera,1933-07-06,151,Drama,10.0,1,IN,,,,
1300837,tt0239944,Q58482152,Saubhagya Sundari,Saubhagya Sundari,1933-01-01,0,,8.0,1,,,,,
1522271,tt0361306,Q58482366,Anokha Prem,Anokha Prem,1934-09-21,0,,10.0,1,,,,,
1522463,tt0264664,Q58484449,Gunsundari,Gunsundari,1934-05-18,185,Drama|Family,8.0,1,IN,,,,
1526452,tt0384611,Q58484777,Naughty Girl,Toofani Taruni,1934-05-18,0,,8.0,1,IN,,,,
1522457,tt0239022,Q58484448,Gul Sanobar,Gul Sanobar,1934-03-16,154,Fantasy|History,9.0,1,IN,,,,
488179,tt0024964,Q18110999,Chandidas,Chandidas,1934-06-06,128,Drama,8.0,1,IN,,,,
1526209,tt0214135,Q58484718,Sitamgarh,Sitamgarh,1934-02-23,158,Drama,7.0,1,IN,,,,
1512574,tt0231334,Q19891129,Chandragupta,Chandragupta,1934-03-09,0,,8.0,1,,,,,
1526665,tt0214272,Q58484782,Veer Babruwahan,Veer Babruwahan,1934-10-26,144,Drama,10.0,1,IN,,,,
1515161,tt0232729,Q19896311,Sultana,Sultana,1934-06-08,0,,7.0,1,,,,,
1526151,tt0265621,Q58484590,Rashk-e-Laila,Rashk-e-Laila,1934-11-23,153,Fantasy,9.0,1,,,,,
986532,tt0156780,Q15673007,The Mill,Mazdoor,1934-12-31,155,Drama,7.0,1,IN,,,,
1040073,tt0239932,Q58484601,Society's Mistake,Samaj Ki Bhul,1934-02-16,143,Drama|Crime,9.0,1,IN,,,,
1526196,tt0215177,Q58484688,The Lure of the City,Shaher Ka Jadoo,1934-03-15,136,Drama,7.0,1,IN,,,,
1525536,tt0239092,Q58484485,Khwab-e-Hasti,Khwab-e-Hasti,1934-10-19,0,,7.0,1,IN,,,,
1512579,tt0829105,,Baag-E-Misar,Baag-E-Misar,1934-06-08,0,,0.0,0,,,,,
314900,tt0157008,Q15339735,Seeta,Seeta,1934-12-30,96,Drama,10.0,1,IN,,,,
1197424,tt0230330,Q58484455,Indira M.A.,इंदिरा एम ए,1934-01-01,158,Drama,10.0,1,IN,,,,
1508521,tt0156449,Q18111517,Daku Mansoor,Daku Mansoor,1934-05-04,0,Drama,9.0,1,IN,,,,
1525546,tt0158851,Q58484567,My Man,Piya Pyare,1934-08-17,144,Adventure|Fantasy,8.0,0,IN,,,,
1519839,tt0266459,Q58484835,Desh Dasi,Desh Dasi,1935-10-10,0,,7.0,1,IN,,,,
1519847,tt0266460,Q58484836,Desh Deepak,Desh Deepak,1935-03-08,0,,10.0,1,,,,,
1519892,tt0265373,Q58485116,Naganand,Naganand,1935-06-21,0,,8.0,1,IN,,,,
1519870,tt0239002,,Ghar Jamai,Ghar Jamai,1935-11-01,155,,7.0,1,IN,,,,
1519862,tt0154425,Q18352525,Dr. Madhurika,Dr. Madhurika,1935-08-30,171,,9.0,1,IN,,,,
1519875,tt0268360,Q18125594,Hind Kesari,Hind Kesari,1935-12-06,141,,10.0,1,IN,,,,
1519886,tt0269434,Q58484992,Keemti Aansoo,Keemti Aansoo,1935-12-06,154,,7.0,1,IN,,,,
1519879,tt0156642,Q58484889,Life Is a Stage,Jeevan Natak,1935-11-15,159,Adventure,10.0,1,IN,,,,
803935,tt0154719,Q18126629,Karwane Hayat,Karwane Hayat,1935-01-01,122,Adventure,9.0,1,IN,,,,
330366,tt0266400,Q12977900,Chandrasena,Chandrasena,1935-10-11,136,Adventure,9.0,1,IN,,,,
1519896,tt0269626,,Orphans of Society,Nigah-e-Nafrat,1935-11-01,0,,7.0,1,IN,,,,
1519827,tt0154224,Q18110560,Bhikharan,Bhikharan,1935-04-05,144,,8.0,1,IN,,,,
1371989,tt0417839,,Kismat Ki Bhul,किस्मत की भूल,1935-01-01,0,Horror,8.0,1,IN,,,,
1519888,tt0426092,,Majnu 1935,Majnu 1935,1935-06-21,0,,9.0,1,,,,,
1006660,tt0231835,Q18109504,Judgement of Allah,Al Hilal,1935-01-01,158,History|Fantasy|Drama,10.0,1,IN,,,,
284396,tt0268376,Q16249071,Hunterwali,Hunterwali,1935-01-02,164,Adventure|Action,7.0,1,IN,,,,
1519823,tt0266304,Q59258005,Barrister's Wife,Barrister's Wife,1935-06-07,0,,9.0,1,IN,,,,
941759,tt0026544,Q17058883,Jawani Ki Hawa,Jawani Ki Hawa,1935-04-05,148,Romance|Crime|Thriller,10.0,1,IN,,,,
292180,tt0155342,Q18358689,Vengeance Is Mine,प्रतिशोध मेरा है,1935-01-02,0,Drama,9.0,1,IN,,,,
1371491,tt0390662,Q58487454,Zingaro,Zingaro,1935-01-01,0,Horror|Science Fiction,10.0,1,IN,,,,
1519884,tt0388170,Q58484989,Karwan-e-Husn,Karwan-e-Husn,1935-02-15,0,Drama,8.0,1,IN,,,,
1266254,tt0157019,Q58487354,Wedding Night,शादी की रात,1935-01-01,180,Horror|Thriller|Romance,7.0,1,IN,,,,
1519834,tt0267404,Q58484817,Daku Ka Ladka,Daku Ka Ladka,1935-10-04,0,,7.0,1,IN,,,,
1506663,tt0026566,Q18752821,Khoon Ka Khoon,Khoon Ka Khoon,1935-01-01,122,Drama,9.0,1,IN,,,,
304977,tt0379255,Q5269764,Dhoop Chhaon,Dhoop Chhaon,1935-01-01,124,Drama,9.0,1,IN,,,,
1519858,tt0238942,Q58484859,Do Ghadi Ki Mauj,Do Ghadi Ki Mauj,1935-07-12,0,,0.0,1,IN,,,,
969800,tt0026530,Q3419792,Inquilab,Inquilab,1935-07-05,144,Drama,7.5,2,IN,,,,
1519866,tt0268301,,Fashionable India,Fashionable India,1935-05-17,169,,9.0,1,IN,,,,
1197250,tt0026070,Q58484798,Anarkali,अनारकली,1935-01-01,0,Drama,10.0,1,IN,,,,
535045,tt0234846,Q7678930,Talashe Haq,Talashe Haq,1935-01-01,0,,7.0,1,IN,,,,
1520062,tt0214041,Q23823782,Rajput Ramani,Rajput Ramani,1936-10-16,138,Adventure,10.0,1,IN,,,,
1519931,tt0233586,Q18352112,Two Rogues,Do Diwane,1936-11-20,171,,9.0,1,,,,,
1520000,tt0214870,Q58531399,Lagna Bandhan,Lagna Bandhan,1936-11-13,157,,8.0,1,IN,,,,
1520070,tt0267908,,Sarala,Sarala,1936-09-11,157,,7.0,1,IN,,,,
663144,tt0230482,Q58540831,Madam Fashion,Madam Fashion,1936-01-01,0,Drama|Music,10.0,1,IN,,,,
1519992,tt0361608,Q58526808,Fauladi Mukka,Fauladi Mukka,1936-03-13,0,,9.0,1,IN,,,,
1520007,tt0232048,Q18127804,Manmohan,Manmohan,1936-12-18,147,,9.0,1,IN,,,,
1520003,tt0027934,Q58541027,Mother,Mamta,1936-10-02,0,,10.0,1,IN,,,,
1520076,tt0272869,,Sunehra Sansar,Sunehra Sansar,1936-04-24,157,,8.0,1,IN,,,,
1520009,tt0272248,Q58543615,Prabhu Ka Pyara,Prabhu Ka Pyara,1936-05-29,149,,7.0,1,IN,,,,
1519998,tt0158648,Q18125420,Our Darling Daughters,Hamari Betiyan,1936-10-30,154,,7.0,1,IN,,,,
1520073,tt0272845,,Sipahi Ki Sajni,Sipahi Ki Sajni,1936-10-15,134,,9.0,1,IN,,,,
1506707,tt0243536,Q18752828,Said-e-Havas,Said-e-Havas,1936-01-01,150,,10.0,1,,,,,
1520271,tt0381051,Q58526254,Hot Blood,Bharat Ka Lal,1936-10-08,0,,8.0,1,IN,,,,
769899,tt0027817,Q10963586,Jeevan Naiya,Jeevan Naiya,1936-05-02,140,Drama,5.5,2,IN,,,,
285233,tt0271640,Q17199084,Miss Frontier Mail,Miss Frontier Mail,1936-01-02,142,,9.0,1,IN,,,,
214721,tt0268915,Q19881909,Amar Jyoti,Amar Jyoti,1936-08-15,166,Drama|Adventure|Action|Music,8.0,1,IN,,,,
320262,tt0026274,Q846889,Devdas,देवदास,1936-01-22,139,Drama|Romance,5.364,11,IN,,,Kolkata (India),India
107232,tt0027815,Q10962716,Janmabhoomi,Janmabhoomi,1936-04-03,126,Romance|Drama,10.0,1,IN,,,,
214742,tt0027256,Q4673650,Untouchable Girl,Achhut Kanya,1936-08-15,142,Drama|Music,6.0,6,IN,,,,
1520067,tt0272280,Q59257810,Romantic India,Romantic India,1936-12-04,161,,7.0,1,IN,,,,
1519924,tt0231432,Q18111627,Deccan Queen,Deccan Queen,1936-07-31,158,,7.0,1,IN,,,,
1520268,tt0243357,Q19364268,Khan Bahadur,Khan Bahadur,1937-10-22,121,,9.0,1,IN,,,,
1520215,tt0273271,Q59258424,Hurricane Hansa,Hurricane Hansa,1937-08-13,145,,7.0,1,IN,,,,
409240,tt0273103,,President,Badi Bahen,1937-01-08,153,Drama,7.5,2,IN,,,,
1520200,tt0155745,Q59258422,His Highness,His Highness,1937-10-01,0,,7.0,1,IN,,,,
1192073,tt0214858,Q6416395,Farmer’s Daughter,Kisan Kanya,1937-01-01,137,Music,0.0,0,,,,,
1192206,tt0029518,Q10970453,Savitri,Savitri,1937-07-02,136,,10.0,1,IN,,,,
662882,tt0230365,Q59263388,Jeevan Swapna,Jeevan Swapna,1937-01-01,0,Drama|Music,9.0,1,IN,,,,
366308,tt6415460,Q18210042,Toofani Tarzan,Toofani Tarzan,1937-11-02,112,Adventure,0.0,0,IN,,,,
1520265,tt0361597,Q59258387,Pride of Islam,Fakhr-e-Islam,1937-10-22,0,,10.0,1,,,,,
1650178,tt0154751,Q18344042,Kulvadhu,Kulvadhu,1937-05-07,0,,10.0,1,,,,,
1197550,tt0154403,Q18111770,Dhanwan,Dhanwan,1937-01-01,130,Drama,7.0,1,IN,,,,
1520234,tt0154743,Q18343623,Nightingale,Nightingale,1937-10-30,0,,10.0,1,IN,,,,
1520266,,,Imaan Farosh,Imaan Farosh,1937-10-07,0,,0.0,0,,,,,
1506715,tt0243125,Q19364265,Atma Tarang,Atma Tarang,1937-01-01,121,,9.0,1,IN,,,,
1192185,tt0029063,Q19892181,Jeevan Prabhat,Jeevan Prabhat,1937-01-01,144,,9.0,1,IN,,,,
1197572,tt0158635,Q59258412,Gentleman Daku,जेंटलमैन डाकू,1937-01-01,165,Action|Adventure,8.0,1,IN,,,,
924651,tt0230546,Q59279205,Pearl Necklace,Moti Ka Haar,1937-01-01,0,,9.0,1,IN,,,,
316253,tt0028815,Q1265839,Marriage of Children,Duniya Na Mane,1937-01-07,166,Drama,10.0,1,IN,,,,
1300793,tt0390655,Q59279433,Zinda Bhoot,जिंदा भूत,1937-01-01,0,Horror,8.0,1,IN|PK,,,,
1520231,tt0156702,Q19572458,Dream Land,Khwab Ki Duniya,1937-09-03,153,,7.0,1,IN,,,,
1520208,tt0252400,Q59258383,Duniya Kya Hai,Duniya Kya Hai,1937-11-13,0,,8.0,1,IN,,,,
421289,tt0029436,Q10969653,Prem Kahani,Prem Kahani,1937-10-13,87,Drama|Family|Romance,8.0,1,IN,,,,
926312,tt0029060,Q10961083,Izzat,Izzat,1937-01-29,144,Adventure|Drama,8.0,1,IN,,,,
1520183,tt0158464,,Anath Ashram,Anath Ashram,1937-05-07,136,,7.0,1,IN,,,,
1526503,tt0249887,,Pratibha,Pratibha,1937-10-15,129,,10.0,1,IN,,,,
1266263,tt0361790,Q59264563,Black Ghost,काला भूत,1937-01-01,0,Horror,7.0,1,IN,,,,
1520227,tt0231810,Q18126160,Jagirdar,Jagirdar,1937-04-02,166,,9.0,1,IN,,,,
1520251,tt0232919,Q59279429,Beyond the Horizon,Wahan,1937-07-09,130,,7.0,1,IN,,,,
1520235,tt0232094,Q19893984,Milap,Milap,1937-10-15,0,,7.0,1,IN,,,,
1520503,tt0157064,Q19896163,State Express,State Express,1938-11-18,171,,10.0,1,IN,,,,
1629164,tt0213685,Q21646453,Gorakh Aya,Gorakh Aya,1938-01-01,120,Drama,7.0,1,IN,,,,
1520501,tt0232082,Q59280417,Mera Ladka,Mera Ladka,1938-07-01,161,,7.0,1,IN,,,,
1520495,tt0231218,Q12473281,Baghban,Baghban,1938-07-16,159,,8.0,1,IN,,,,
409246,tt0030806,Q18385794,Street Singer,Street Singer,1938-02-04,135,Drama,6.5,2,IN,,,,
1509034,tt0243596,Q19364273,Talaq,Talaq,1938-10-14,0,Drama,0.0,0,IN,,,,
1371990,tt0156486,Q59279655,Double Cross,Double Cross,1938-01-01,142,,7.0,1,IN,,,,
1520574,tt0232925,Q18394573,Watan,Watan,1938-01-22,168,,10.0,1,IN,,,,
461830,tt0029911,Q19882293,Bhabhi,भाभी,1938-01-01,144,Family|Drama,9.0,1,IN,,,,
284539,tt0243340,Q19892063,Jailor,Jailor,1938-01-01,150,Drama,10.0,1,IN,,,,
1511350,tt0243411,Q19364271,Meetha Zaher,Meetha Zaher,1938-03-05,0,,9.0,1,IN,,,,
952288,tt0420096,,Professor Vaman M.Sc,Professor Vaman M.Sc,1938-10-13,0,Science Fiction|Horror,10.0,1,IN,,,,
1023235,tt0155246,Q18388364,300 Days and After,Teen Sau Din Ke Baad,1938-06-24,180,Adventure,7.0,1,IN,,,,
1192200,tt0030923,Q12451959,Vachan,Vachan,1938-01-01,144,,10.0,1,IN,,,,
1520493,tt0231764,Q18125781,We Three,Hum Tum Aur Woh,1938-09-16,157,,9.0,1,IN,,,,
421378,tt0030505,Q10962766,Nirmala,निर्मला,1938-10-14,128,Drama|Music,7.0,1,IN,,,,
1520497,tt0213687,Q59280264,Gramophone Singer,Gramophone Singer,1938-10-14,148,,8.0,1,IN,,,,
1198074,tt0159146,Q59280723,Zamana,ज़माना,1938-01-01,165,Drama|Romance,10.0,1,IN,,,,
1526506,tt0214104,Q19581936,The Secretary,सचिव,1938-06-24,0,,7.0,1,IN,,,,
1565773,,,Zambo Ka Beta,Zambo Ka Beta,1938-01-01,0,,0.0,0,IN,,,,
959009,tt0139419,Q19893127,Leatherface,Leatherface,1939-01-01,166,Action|Adventure,7.0,1,IN,,,,
1511845,tt0241954,Q19734398,Sitara,Sitara,1939-08-11,0,,10.0,1,IN,,,,
410299,tt0031258,Q59280799,Durga,Durga,1939-01-06,135,Drama,10.0,1,IN,,,,
300715,tt0275185,Q18109315,Life's for Living: Aadmi,Life's for Living: Aadmi,1939-01-01,164,Drama,9.0,1,IN,,,,
1202630,tt0274394,Q59280769,Brandy Ki Botal,ब्रान्द्य कि बोतल,1939-01-01,146,Drama,8.0,1,IN,,,,
1215133,tt0275650,Q59772006,Sant Tulsidas,संत तुलसीदास,1939-01-01,154,,10.0,1,,,,,
1623753,tt0031265,Q18124535,Ek Hi Raasta,एक ही रास्ता,1939-01-01,149,Drama,10.0,1,IN,,,,
1520857,tt0154107,Q18109328,As You Please,Aap Ki Marzi,1939-06-09,0,,10.0,1,IN,,,,
1717373,,,Chasmawali,Chasmawali,1939-01-01,0,,0.0,0,,,,,
1315805,tt0275651,,Sapera,सपेरा,1939-01-01,128,Horror,9.0,1,IN,,,,
307867,tt0031527,,Kangan,Kangan,1939-01-01,139,Romance,10.0,1,IN,,,,
1195094,tt0232085,,Meri Aankhen,Meri Aankhen,1939-01-01,0,Drama,9.0,1,IN,,,,
1520860,tt0213428,Q28173983,Adhuri Kahani,Adhuri Kahani,1939-10-21,148,,7.0,1,IN,,,,
1526512,tt0232798,Q19898012,The Kick,Thokar,1939-12-01,161,,8.0,1,IN,,,,
1464761,,,The Golden Gang,Soneri Toli,1939-01-01,0,,0.0,0,,,,,
1480337,tt0156824,Q6966375,Narsi Bhagat,Narsi Bhagat,1940-01-01,179,History,7.0,1,,,,,
1526926,,,Civil Marriage,Civil Marriage,1940-06-08,0,,0.0,0,IN,,,,
1526967,tt0032951,Q7259904,Punar Milan,Punar Milan,1940-12-21,149,Drama|Romance,8.0,1,IN,,,,
1518691,tt0451699,Q5250512,Deepak Mahal,Deepak Mahal,1940-11-01,0,,9.0,1,IN,,,,
1515120,tt0231435,,Deepak,Deepak,1940-12-14,0,,8.0,1,IN,,,,
1526962,tt0230672,Q7265851,Qaidi,Qaidi,1940-12-14,0,,7.0,1,IN,,,,
110820,tt0149784,Q4854548,Bandhan,Bandhan,1940-08-10,154,,10.0,1,IN,,,,
1100532,tt0139534,Q19895218,Pooja,Pooja,1940-11-22,191,,9.0,1,IN,,,,
1508550,tt0231732,Q19757820,Holi,Holi,1940-03-16,0,Drama,10.0,1,IN,,,,
1526943,tt0234661,Q7426997,Saubhagya,Saubhagya,1940-06-22,136,,8.0,1,IN,,,,
1518711,tt0232586,,Sardar,Sardar,1940-10-04,0,,7.0,1,,,,,
1526938,tt0156092,,Sohag,Sohag,1940-06-11,134,,10.0,1,,,,,
283183,tt0032395,Q17051858,Diamond Queen,हीरे की रानी,1940-01-02,155,Adventure,10.0,1,IN,,,,
1301683,tt0032942,Q7240154,Prem Nagar,Prem Nagar,1940-01-01,115,,9.0,1,,,,,
573842,tt0032836,Q20785957,Nartaki,Nartaki,1940-12-24,125,Drama|Music|Romance,10.0,1,IN,,,,
1526951,tt0213617,,Divali,Divali,1940-10-19,137,,9.0,1,IN,,,,
1511798,tt0213908,Q6940066,Musafir,Musafir,1940-08-17,0,Comedy,10.0,1,IN,,,,
1526954,tt0405290,Q7416177,Sandesha,Sandesha,1940-11-16,0,,10.0,1,IN,,,,
1300805,tt0139174,Q19571572,Ek Hi Bhool,एक ही भूल,1940-01-01,0,Horror|Mystery,9.0,1,IN,,,,
1526914,tt0277086,,Kumkum the Dancer,Kumkum the Dancer,1940-03-07,142,,7.0,1,IN,,,,
1100328,,,Sanskar,Sanskar,1940-10-31,0,,0.0,0,IN,,,,
1266274,tt0419444,Q4751613,Anarbala,আনারবালা,1940-01-01,0,Horror,8.0,1,IN,,,,
306138,tt0243146,Q19364254,Bharosa,Bharosa,1940-08-15,147,,7.0,1,IN,,,,
1518695,tt0373902,Q16248925,Hind Ka Lal,Hind Ka Lal,1940-12-06,0,,9.0,1,IN,,,,
950138,tt0156192,Q8072331,Zindagi,Zindagi,1940-07-11,120,Drama,10.0,1,IN,,,,
1514675,tt0177495,Q4661288,India Today,Aaj Ka Hindustan,1940-04-27,0,,7.0,1,IN,,,,
1515134,tt0155136,Q18353533,Sajni,Sajni,1940-08-17,0,,10.0,1,,,,,
1526948,tt0245142,Q5636537,Har Jeet,Har Jeet,1940-10-05,152,,9.0,1,IN,,,,
279192,tt0032226,Q4822146,Aurat,औरत,1940-01-02,154,Drama,6.0,2,IN,,,,
1526953,tt0158654,Q5766808,Hindustan Hamara,Hindustan Hamara,1940-10-26,136,,9.0,1,IN,,,,
1100550,tt1566479,Q4682559,Anuradha,Anuradha,1940-08-01,0,,0.0,0,IN,,,,
1526920,tt1566579,,Laxmi,Laxmi,1940-04-04,145,,0.0,0,IN,,,,
1117468,tt0231120,Q18109541,Alibaba,Alibaba,1940-11-22,142,Fantasy,8.0,1,IN,,,,
1508571,tt0232253,Q7124141,Pagal,Pagal,1940-07-05,142,,8.0,1,IN,,,,
1511361,tt0230489,Q16936667,Main Hari,Main Hari,1940-04-20,0,,10.0,1,IN,,,,
1508567,tt0373706,Q5227898,Bahurani,Bahurani,1940-06-20,0,Family|Drama,8.0,1,IN,,,,
1515103,tt0154322,Q18347387,Chingari,Chingari,1940-05-04,0,,7.0,1,IN,,,,
467252,tt0149751,Q23900252,The Rebel,Azad,1940-01-15,119,Drama,8.0,1,IN,,,,
1074475,tt0275893,Q4673649,The Untouchable,Acchut,1940-04-05,140,Drama|History,10.0,1,IN,,,,
1526965,tt0152491,Q7547559,Sneha Bandhan,Sneha Bandhan,1940-12-20,142,,9.0,1,IN,,,,
284667,tt0214846,Q6401124,Khazanchi,Khazanchi,1941-01-02,146,,7.0,1,,,,,
301213,tt0829304,Q7881713,Ummeed,Ummeed,1941-04-05,0,,0.0,0,IN,,,,
1518423,tt0386725,Q7237229,Prabhat,Prabhat,1941-10-03,0,,10.0,1,,,,,
1515156,tt0232743,Q7762049,Swami,Swami,1941-10-18,0,,9.0,1,,,,,
1508630,tt0372549,Q7676717,Taj Mahal,Taj Mahal,1941-12-18,147,History|Romance,10.0,1,IN,,,,
1508601,tt0157315,Q4765713,Anjan,Anjan,1941-09-27,144,,8.0,1,IN,,,,
1511744,tt0214109,Q7459905,Shadi,Shadi,1941-07-12,0,,7.0,1,IN,,,,
1545773,tt0231112,Q4700584,Akela,Akela,1941-08-06,134,,8.0,1,IN,,,,
621686,tt0139047,Q18110077,Bahen,Bahen,1941-08-06,156,,9.0,1,IN,,,,
1511764,tt0213979,,Pardesi,Pardesi,1941-02-22,0,,7.0,1,IN,,,,
326143,tt0243559,Q185806,Sikandar,Sikandar,1941-02-19,146,War|Drama|History,0.0,0,IN,,,,
307396,tt0331308,Q19895002,Padosi,पड़ोसी,1941-01-01,131,Drama,8.0,1,IN,,,,
1545777,tt0230076,Q5086566,Charnon Ki Dasi,Charnon Ki Dasi,1941-06-21,129,,8.0,1,IN,,,,
285417,tt0151727,Q851398,Naya Sansar,Naya Sansar,1941-03-29,0,,10.0,1,IN,,,,
790671,tt0033772,Q6191157,Jhoola,Jhoola,1941-12-27,177,Drama,10.0,1,IN,,,,
787069,tt0279731,Q5102326,Chitralekha,Chitralekha,1941-01-01,156,,10.0,1,,,,,
1518177,tt0267245,,Aasra,Aasra,1941-02-28,0,,9.0,1,IN,,,,
1510227,tt0139485,Q6959487,Nai Roshni,Nai Roshni,1941-11-22,0,,7.0,1,IN,,,,
1507678,tt0280358,Q6471852,Lagan,Lagan,1941-04-10,150,Drama|Romance,7.0,1,IN,,,,
1518437,tt0214031,,Radhika,Radhika,1941-11-07,0,,7.0,1,IN,,,,
1518446,tt0152386,,Shahzadi,Shahzadi,1941-02-27,0,,8.0,1,IN,,,,
1518449,tt0216305,,Tulsi,Tulsi,1941-09-12,0,,7.0,1,,,,,
1516019,tt0243486,Q12505444,Phir Milenge,Phir Milenge,1942-06-05,0,,8.0,1,IN,,,,
790654,tt0156360,Q4901136,Bharat Milap,Bharat Milap,1942-01-31,170,History|Drama,9.0,1,IN,,,,
770039,tt0035097,Q6937133,Muqabala,Muqabala,1942-10-09,132,,8.0,1,IN,,,,
941242,,,Pardanasheen,Pardanasheen,1942-01-01,154,,0.0,0,IN,,,,
1516161,tt0213644,Q5435353,Fariyaad,Fariyaad,1942-10-16,0,,7.0,1,IN,,,,
1548790,tt0331176,Q4792481,Armaan,Armaan,1942-08-22,127,,7.0,1,IN,,,,
326048,tt0156295,Q4780025,Apna Ghar,Apna Ghar,1942-02-28,0,,10.0,1,,,,,
306117,tt0151200,Q17064868,Khandaan,Khandaan,1942-04-25,171,Drama,9.0,1,IN,,,,
1516189,tt0241997,Q7653296,Swaminath,Swaminath,1942-08-07,0,,7.0,1,IN,,,,
420494,tt0138315,Q4866216,Basant,Basant,1942-07-29,146,Drama|Music,8.0,2,IN,,,,
1629091,tt0377502,Q4900850,Bhakta Kabir,Bhakta Kabir,1942-01-01,0,Drama,7.0,1,IN,,,,
1516147,tt0152508,,Suhagan,Suhagan,1942-11-27,0,,9.0,1,,,,,
1516041,tt0236787,Q7680692,Tamanna,Tamanna,1942-06-20,0,,8.0,1,IN,,,,
1074446,tt0213510,Q4902126,Bhakta Surdas,Bhakta Surdas,1942-12-11,127,History|Music,9.0,1,IN,,,,
1516011,tt0215974,Q6785863,Mata,Mata,1942-10-09,0,,10.0,1,IN,,,,
564577,tt0332164,Q6312883,The Jungle Princess,The Jungle Princess,1942-03-16,131,,10.0,1,IN,,,,
1516006,tt0370808,,Jhankar,Jhankar,1942-05-08,0,,7.0,1,,,,,
1516153,tt0158593,Q5313204,Dukh Sukh,Dukh Sukh,1942-10-16,0,,8.0,1,IN,,,,
1516059,tt0153398,,Uljhan,Uljhan,1942-10-02,0,,10.0,1,,,,,
1516015,tt0035111,Q6959479,Nai Duniya,Nai Duniya,1942-11-13,0,,10.0,1,,,,,
1516029,,,Shobha,Shobha,1942-07-10,0,,0.0,0,,,,,
1516001,tt0241594,Q6166051,Jawani,Jawani,1942-08-14,0,,9.0,1,IN,,,,
1516183,tt0362162,,Society,Society,1942-06-12,0,,10.0,1,IN,,,,
1510210,tt0213548,,Chandni,Chandni,1942-10-10,0,Drama,10.0,1,IN,,,,
446933,tt0232542,Q7370532,Roti,Roti,1942-08-25,128,Drama,7.0,1,IN,,,,
293905,tt0215382,,Zamindar,Zamindar,1942-12-13,0,Mystery,7.0,1,IN,,,,
1509194,tt0213612,Q5269596,Dhiraj,Dhiraj,1942-10-08,0,Drama,8.0,1,IN,,,,
1516180,tt0213839,Q6733713,The Guest,Mehmaan,1942-05-08,0,,8.0,1,IN,,,,
1511785,tt0213494,,Beti,Beti,1942-02-07,0,,10.0,1,IN,,,,
1194053,tt0035382,,Station Master,स्टेशन मास्टर,1942-05-09,157,Drama,7.0,1,IN,,,,
1516048,tt0378979,Q7929082,Vijay,Vijay,1942-06-06,0,,8.0,1,IN,,,,
827332,tt0158452,Q4661589,Blind Man's Bluff,Aankh Michouli,1942-01-01,128,,8.0,1,,,,,
1545782,tt0213547,,Chandan,Chandan,1942-01-10,145,,8.0,1,IN,,,,
573856,tt0035291,,Saugandh,Saugandh,1942-03-24,151,Drama|Romance,9.0,1,IN,,,,
513345,tt0155774,Q6165871,Jawab,শেষ উত্তর,1942-03-22,128,Drama|Comedy,7.0,1,IN,,,,
1548806,tt0417537,Q5115909,Chudiyan,Chudiyan,1942-11-07,134,,10.0,1,IN,,,,
1515995,tt0150447,Q5350233,Ek Raat,Ek Raat,1942-01-09,169,,10.0,1,,,,,
1510232,tt0374303,,Ujala,Ujala,1942-02-21,0,Drama,7.0,1,IN,,,,
1516167,tt0139234,Q5523287,Garib,Garib,1942-04-10,0,,10.0,1,IN,,,,
1516023,tt0035312,Q7489458,Sharda,Sharda,1942-11-13,0,,8.0,1,IN,,,,
317071,tt0036343,Q19895750,Shakuntala,Shakuntala,1943-01-01,76,Drama|Romance,10.0,1,IN,,,,
1526668,tt0214115,Q7488700,Shankar Parvati,Shankar Parvati,1943-04-03,122,,7.0,1,IN,,,,
1074473,tt0331297,Q6981201,Naukar,Naukar,1943-01-18,121,,10.0,1,IN,,,,
1516482,tt0036246,,Paapi,Paapi,1943-11-19,0,,9.0,1,,,,,
409242,tt0156930,Q7288562,Ram Rajya,Ram Rajya,1943-01-08,144,Drama,6.0,2,IN,,,,
1510218,tt0267523,Q5889684,Ghar Sansar,Ghar Sansar,1943-04-03,0,Drama,10.0,1,IN,,,,
1301149,tt0381323,Q6402288,Killer Corpse,Khooni Laash,1943-01-01,0,Horror,7.0,1,IN,,,,
1516473,tt0433037,Q7310606,Rekha,Rekha,1943-06-04,0,,8.0,1,,,,,
1507090,tt0230204,,Fashion,Fashion,1943-06-18,0,,7.0,1,,,,,
290581,tt0232770,Q7684906,Taqdeer,तकदीर,1943-01-02,113,Comedy|Drama,9.0,1,IN,,,,
950149,tt0156007,Q16253579,Ranee,Ranee,1943-04-24,0,Drama,8.0,1,IN,,,,
1516479,tt0155042,Q18344138,Prarthana,Prarthana,1943-09-03,0,,9.0,1,IN,,,,
1074467,tt0151711,Q6957417,Nadaan,Nadaan,1943-01-11,130,Romance,7.0,1,IN,,,,
1516466,,,Salma,Salma,1943-11-19,0,,0.0,0,,,,,
325815,tt0036077,Q249124,Kismet,Kismet,1943-02-01,143,Drama,6.2,6,IN,,,,
628863,tt0214188,Q7683762,Tansen,तानसेन,1943-01-01,122,History,8.0,1,IN,,,,
969799,tt0035963,Q3419698,Hamari Baat,Hamari Baat,1943-01-01,0,Drama,10.0,1,IN,,,,
412470,tt0232155,Q6960028,Najma,नज़मा,1943-07-30,120,Drama,6.0,2,IN,,,,
1198066,tt0036330,Q16253899,Sanjog,संजोग,1943-01-01,122,Comedy|Drama,9.0,1,IN,,,,
1510509,tt0246706,Q6079907,Ishara,Ishara,1943-06-04,0,Drama,9.0,1,,,,,
1516458,tt0155465,Q4661586,Aankh Ki Sharm,Aankh Ki Sharm,1943-04-16,0,,8.0,1,,,,,
1516469,tt0376308,,Vish Kanya,Vish Kanya,1943-10-15,0,,7.0,1,,,,,
1516481,tt0139539,Q7238686,Pratiggya,Pratiggya,1943-06-11,0,,7.0,1,,,,,
574280,tt0159109,Q7968229,Wapas,Wapas,1943-01-20,128,Drama|Romance,9.0,1,IN,,,,
628419,tt0243505,Q7245965,Prithvi Vallabh,Prithvi Vallabh,1943-01-01,121,Drama,7.0,1,IN,,,,
1300801,tt0377497,Q4900661,Running Ghost,भागते भूत,1943-01-01,0,Horror,8.0,1,IN,,,,
1516476,,,Sawaal,Sawaal,1943-06-18,0,,0.0,0,,,,,
525747,tt0035924,Q3419804,Gauri,गौरी,1943-12-13,0,,9.0,1,,,,,
1516470,tt0829307,Q16255070,Vakil Saheb,Vakil Saheb,1943-08-13,0,,0.0,0,,,,,
427147,tt0037213,Q7295943,Ratan,Ratan,1944-01-24,118,Music|Romance,6.5,2,IN,,,,
1516578,tt0154220,Q16247099,Bhagya Laxmi,Bhagya Laxmi,1944-10-06,0,,9.0,1,,,,,
1506636,tt0141622,Q6935521,Mumtaz Mahal,Mumtaz Mahal,1944-10-13,122,History|Drama|Romance,8.0,1,IN,,,,
1510809,tt0243476,Q16252816,Parakh,Parakh,1944-10-20,122,Drama,7.0,1,,,,,
1463719,,,Stunt King,Stunt King,1944-01-01,0,,0.0,0,,,,,
1047741,tt0381050,Q4901062,Bhanwara,Bhanwara,1944-05-26,0,Drama,9.0,1,IN,,,,
1263616,tt0231332,Q28504267,Chand,Chand,1944-12-22,0,Romance,9.0,1,IN,,,,
1510788,tt0241941,Q16254074,Shahenshah Babar,Shahenshah Babar,1944-11-03,0,History,8.0,1,IN,,,,
1507188,tt0232520,Q16969452,Raunaq,Raunaq,1944-01-01,0,,10.0,1,,,,,
941243,,,Anban,Anban,1944-01-01,0,Drama,0.0,0,IN,,,,
886744,tt0381145,,Do or Die,Zindagi Aur Maut,1944-01-01,0,,10.0,1,,,,,
307856,tt0151168,Q3634505,Jwar Bhata,Jwar Bhata,1944-01-02,154,Drama|Romance,10.0,1,IN,,,Mumbai (India),India
1516589,tt0154414,,Dil Ki Baat,Dil Ki Baat,1944-09-29,0,,10.0,1,,,,,
1510774,tt0243816,Q5068475,Chal Chal Re Naujawan,Chal Chal Re Naujawan,1944-12-02,158,Drama,7.0,1,IN,,,,
628835,tt0139416,Q16250656,Lal Haveli,Lal Haveli,1944-12-16,114,,9.0,1,IN,,,,
1195577,tt2529150,,Dasi,दासी,1944-01-01,111,Drama,0.0,0,IN,,,,
574332,tt0158775,Q6819143,My Sister,Meri Bahen,1944-01-01,122,Drama|Romance,7.0,1,IN,,,,
1516575,,,Bade Nawab Saheb,Bade Nawab Saheb,1944-06-09,0,,0.0,0,,,,,
1516699,tt0230391,,Kadambari,Kadambari,1944-10-06,0,,9.0,1,IN,,,,
1516694,tt0158626,Q16248442,Gaali,Gaali,1944-12-01,0,,10.0,1,,,,,
1168254,tt0037170,Q16252934,Pehle Aap,Pehle Aap,1944-01-01,0,,7.0,1,,,,,
1074465,tt0132925,Q5299323,Dost,दोस्त,1944-01-10,130,Drama,10.0,1,,,,,
950160,tt0156109,Q16254475,Subah Shyam,Subah Shyam,1944-07-14,0,Drama,10.0,1,IN,,,,
1516585,tt0213514,Q4901312,Bhartrahari,Bhartrahari,1944-03-17,0,,9.0,1,IN,,,,
300729,tt0149773,Q4840908,Badi Maa,Badi Maa,1945-11-02,122,Drama,7.0,1,IN,,,,
1518723,tt0377624,,Chand Tara,Chand Tara,1945-09-21,0,,10.0,1,IN,,,,
1518727,tt0212861,,Chhamia,Chhamia,1945-08-31,0,,10.0,1,,,,,
1552485,tt0381350,Q19572562,Kurukshetra,Kurukshetra,1945-05-17,154,History|Drama|Fantasy,8.0,1,IN,,,,
1518745,,,Ghazal,Ghazal,1945-10-12,0,,0.0,0,,,,,
1552498,tt0398218,,Neelam,Neelam,1945-10-05,0,,8.0,1,,,,,
1518739,tt0140957,,Dhanna Bhagat,Dhanna Bhagat,1945-12-01,0,,10.0,1,IN,,,,
1517803,tt0038261,,Yateem,Yateem,1945-11-02,0,,9.0,1,IN,,,,
1013361,tt0233286,,Ban Phool,Ban Phool,1945-12-28,0,Music,9.0,1,IN,,,,
1518845,tt0311202,,Ghar,Ghar,1945-06-29,0,,8.0,1,IN,,,,
941260,tt0156368,Q17999561,Bisvi Sadi,Bisvi Sadi,1945-01-01,0,,10.0,1,IN,,,,
950305,tt0214182,Q7674416,Tadbir,Tadbir,1945-01-01,121,Drama|Family,10.0,1,IN,,,,
306376,tt0038052,Q19895649,Sanyasi,Sanyasi,1945-05-17,0,,8.0,1,IN,,,,
950162,tt0155489,,Ameeree,Ameeree,1945-07-19,0,Drama,9.0,1,IN,,,,
324096,tt0153549,Q5521699,Village Girl,Gaon Ki Gori,1945-09-20,93,Drama,7.2,2,IN,,,,
142996,tt0142385,Q3419980,Humayun,हुमायूं,1945-07-27,118,War|Romance|History,5.5,2,IN,,,,
567864,tt0154026,Q8068460,Zeenat,Zeenat,1945-11-16,178,Comedy|Drama,6.5,2,IN,,,,
1184771,tt0377774,,Dharm,Dharm,1945-06-08,0,,9.0,1,,,,,
1518751,tt0434135,,Laila Majnu,Laila Majnu,1945-01-12,93,,7.0,1,IN,,,,
1518878,tt0448690,Q7238700,Pratima,Pratima,1945-08-17,0,,7.0,1,IN,,,,
1517780,tt0379423,Q114340976,Pehli Nazar,Pehli Nazar,1945-08-24,122,Romance,7.0,1,,,,,
1100322,,,Nala Damayanti,Nala Damayanti,1945-02-23,0,,0.0,0,,,,,
307940,tt0158862,,Preet,Preet,1945-04-06,0,,9.0,1,IN,,,,
537016,tt0155093,Q18215972,Ramayani,Ramayani,1945-01-01,0,Fantasy,9.0,1,,,,,
326141,tt0037174,Q7187327,Phool,Phool,1945-08-10,122,Family|Drama,9.0,1,IN,,,,
950164,tt0378305,,Main Kya Karun,Main Kya Karun,1945-07-28,0,Drama,7.0,1,IN,,,,
1340336,tt0158843,,Nursemaid Panna,Pannadai,1945-07-13,0,,9.0,1,IN,,,,
1511276,tt0037513,,Amrapali,Amrapali,1945-11-02,0,,7.0,1,IN,,,,
1511284,tt0237033,,Begum,Begum,1945-08-10,0,Drama,8.0,1,IN,,,,
307831,tt0243239,Q19891408,Ek Din Ka Sultan,एक दिन का सुल्तान,1945-11-02,147,Drama|History,10.0,1,IN,,,,
1517810,tt0379477,,Shri Krishnarjun Yudh,Shri Krishnarjun Yudh,1945-06-01,0,Drama|Fantasy,9.0,1,IN,,,,
1518733,tt0212913,,Dhamki,Dhamki,1945-06-01,0,,8.0,1,IN,,,,
1076505,tt0157162,Q19898156,Vikramaditya,Vikramaditya,1945-01-20,166,History|Drama,8.0,1,IN,,,,
1518867,tt0154994,,Parinde,Parinde,1945-12-14,109,,7.0,1,IN,,,,
306157,tt0268345,Q27981624,Hamrahi,Hamrahi,1945-08-30,0,,10.0,1,IN,,,,
1518719,tt1286501,Q18110051,Bachpan,Bachpan,1945-12-21,0,,0.0,0,IN,,,,
1517788,tt0156785,,Meghdoot,Meghdoot,1945-10-05,0,,10.0,1,IN,,,,
1511307,tt1566606,Q7089738,Omar Khayyam,Omar Khayyam,1946-07-19,0,,0.0,0,IN,,,,
1770545,,,Maaf Kijiyega,Maaf Kijiyega,1946-01-01,0,,0.0,0,IN,,,,
273281,tt0038475,Q1022060,Dharti Ke Lal,Dharti Ke Lal,1946-01-02,125,Drama|History,10.0,1,IN,,,,
1006654,tt0267611,Q16973181,Jag Biti,Jag Biti,1946-01-01,0,,7.0,1,,,,,
1511274,tt0364657,Q16974124,Shalimar,Shalimar,1946-09-13,0,,8.0,1,IN,,,,
1555881,,,Flying Prince,Flying Prince,1946-01-01,0,,0.0,0,,,,,
707942,tt0384823,Q16246929,Badnami,Badnami,1946-07-12,0,,9.0,1,,,,,
154879,tt0154942,Q427915,Neecha Nagar,नीचा नगर,1946-09-29,102,Drama,6.3,10,IN,,,,
1511318,tt0156781,Q19729062,Mazdoor,Mazdoor,1946-05-18,0,,9.0,1,IN,,,,
1197939,tt0362143,Q7487375,Shama,शमा,1946-01-01,0,Drama,8.0,1,IN,,,,
1383181,tt0141726,Q7188342,Phoolwari,Phoolwari,1946-10-17,0,Drama,8.0,1,,,,,
976006,tt0269343,Q10971775,Hum Ek Hain,हम एक हैं,1946-06-08,121,Drama,9.0,1,IN,,,,
1511812,tt0213892,,Moorti,Moorti,1946-08-29,0,,10.0,1,IN,,,,
1339412,,,Jhumke,झुमके,1946-06-22,0,,0.0,0,,,,,
257397,tt0038931,Q2276417,Shahjehan,Shahjehan,1946-01-01,121,History,5.4,5,IN,,,,
1195567,,,Nek Pervin,नेक परवीन,1946-06-14,111,Drama,0.0,0,IN,,,,
950167,tt0155951,Q16252930,Pehchan,Pehchan,1946-07-11,0,Drama,10.0,1,IN,,,,
584290,tt0156830,Q56615333,Milan,मिलन,1946-08-06,147,Drama,7.0,1,IN,,,British Raj (British Empire),British Empire
969791,tt0039077,Q3420003,Valmiki,Valmiki,1946-01-01,98,Drama,9.0,1,IN,,,,
72346,tt0038302,Q4766155,Anmol Ghadi,Anmol Ghadi,1946-11-11,122,Drama|Music|Romance,7.7,3,IN,,,,
1631211,tt0230801,Q17081837,Sohni Mahiwal,सोहणी महीवाल,1946-01-01,135,Romance|Drama,7.0,1,IN,,,,
325885,tt0331237,,Eight Days,Aath Din,1946-01-01,0,Comedy|Drama,9.0,1,IN,,,,
322276,tt0241842,,Prabhu Ka Ghar,Prabhu Ka Ghar,1946-01-12,0,,9.0,1,IN,,,,
1163805,tt0369228,Q16246578,Amar Raj,अमर राज,1946-01-01,0,,7.0,1,IN,,,,
1406470,tt0308883,Q10969122,Shikari,Shikari,1946-04-12,0,,10.0,1,IN,,,,
1276157,tt0386028,Q16254141,Lion of Baghdad,Sher-E-Baghdad,1946-01-01,0,Adventure,9.0,1,IN,,,,
283313,tt0038491,Q5304243,Dr. Kotnis Ki Amar Kahani,डॉक्टर कोटनिस की अमर कहानी,1946-01-02,124,Drama|History,6.2,5,IN,,,,
1511287,tt0377622,Q5070879,Chand Chakori,Chand Chakori,1946-01-04,0,,9.0,1,IN,,,,
1373105,tt0381322,Q16969453,Khooni,Khooni,1946-01-01,0,Horror,8.0,1,IN,,,,
277222,tt0252184,Q4661186,Aage Badho,Aage Badho,1947-01-02,112,,9.0,1,IN,,,,
301108,tt0231427,Q5222400,Dard,Dard,1947-01-01,0,Drama|Family|Music,8.0,1,IN,,,,
1164130,,,Pul,पुल,1947-01-01,0,,0.0,0,IN,,,,
790290,tt0246845,Q12503355,Parwana,Parwana,1947-01-01,0,,8.0,1,IN,,,,
1164107,tt0269853,Q7492845,Shehnai,शहनाई,1947-08-15,133,Drama,8.0,1,IN,,,,
1163826,tt0247566,,Nateeja,Nateeja,1947-01-01,0,,9.0,1,IN,,,,
790479,tt0151156,Q6304915,Jugnu,Jugnu,1947-05-23,0,,7.0,1,IN,,,,
1628361,tt0156994,Q19364262,Samaj Ko Badal Dalo,समाज को बदल डालो,1947-01-01,133,Drama,8.0,1,,,,,
1164118,tt0451827,,Nai Baat,नै बात,1947-01-01,0,,10.0,1,IN,,,,
1427961,tt1943725,Q28563562,India's Struggle for National Shipping,India's Struggle for National Shipping,1947-08-01,30,,0.0,0,,,,,
440016,tt0039654,Q3419762,Neel Kamal,Neel Kamal,1947-03-24,111,Fantasy|Drama|Romance,7.0,2,IN,,,,
969790,tt0039507,Q3419722,Jail Yatra,Jail Yatra,1947-01-01,0,Drama,7.0,1,IN,,,,
442489,tt0231522,Q5352548,Elan,Elan,1947-01-01,133,Drama,7.0,1,IN,,,,
628837,tt0151586,Q6874912,Mirza Sahiban,Mirza Sahiban,1947-01-01,115,Drama|Romance|Mystery,10.0,1,IN,,,,
1163816,tt0268595,Q10972415,Sajan,साजन,1947-01-01,0,Romance,9.0,1,IN,,,,
969788,tt0039264,Q3419951,Chittor Vijay,Chittor Vijay,1947-06-07,0,Drama,8.0,1,IN,,,,
543946,tt0039322,Q3419917,Dil Ki Rani,Dil Ki Rani,1947-01-01,130,Romance|Comedy,9.0,1,IN,,,,
319772,tt0414296,Q16969451,Naatak,Naatak,1947-01-01,120,Drama,9.0,1,IN,,,,
1163819,tt0230736,,Sati Toral,Sati Toral,1947-01-01,0,,7.0,1,IN,,,,
1526518,tt0247991,,Doli,Doli,1947-10-24,128,,7.0,1,IN,,,,
1770523,tt0414033,Q134562007,Gajre,Gajre,1948-01-01,0,Drama|Romance,0.0,0,IN,,,,
849247,tt0131781,Q4769894,Anokha Pyar,अनोखा प्यार,1948-05-21,0,Romance,8.0,1,IN,,,,
177813,tt0311384,Q6354350,Kalpana,Kalpana,1948-01-01,154,Music|Drama,6.6,7,IN,,,,
1427971,tt1943738,,Kurwandi Road,Kurwandi Road,1948-01-01,0,Documentary,0.0,0,IN,,,,
316210,tt0274196,Q7928158,Vidya,Vidya,1948-01-01,131,Drama|Romance,7.0,2,IN,,,,
1164144,tt0269438,,Khidki,खिड़की,1948-11-26,0,,10.0,1,IN,,,,
1164138,tt0247151,,Actress,एक्ट्रेस,1948-03-09,123,Drama,8.0,1,IN,,,,
1511367,tt0156932,Q25302584,Ram Baan,Ram Baan,1948-12-02,0,History,8.0,1,IN,,,,
306165,tt0137947,Q6810915,Mela,मेला,1948-04-09,0,Drama|Romance,8.0,1,IN,,,,
33706,tt0040067,Q300788,Aag,Aag,1948-08-06,138,Romance|Drama,6.5,2,IN,,,India,India
440912,tt0231156,Q18109703,Anokhi Ada,Anokhi Ada,1948-09-17,141,Drama|Romance,8.0,1,IN,,,,
628860,tt0141819,Q1549110,Shaheed,Shaheed,1948-03-26,145,Drama|Romance,7.5,2,IN,,,Indian independence movement (India),India
1196979,tt0302748,,Majboor,मजबूर,1948-01-01,0,Drama|Romance,7.0,1,IN,,,,
383325,tt0268480,Q1963348,Nadiya Ke Paar,Nadiya Ke Paar,1948-01-01,0,,8.0,1,IN,,,,
1074470,tt0215091,Q7262858,Pyar Ki Jeet,Pyar Ki Jeet,1948-08-27,130,Drama|Romance,8.0,1,,,,,
911527,tt5295386,,Pugree,Pugree,1948-12-31,105,,0.0,0,,,,,
849572,tt0040387,Q5555660,Ghar Ki Izzat,Ghar Ki Izzat,1948-01-16,0,,7.0,1,,,,,
981771,tt0235094,Q8071484,Ziddi,Ziddi,1948-03-19,0,,7.0,1,IN,,,,
969783,tt0040396,Q3420032,Gopinath,Gopinath,1948-01-01,155,Drama,0.0,0,IN,,,,
562667,tt0332419,Q7635186,Sohag Raat,Sohag Raat,1948-01-01,0,,10.0,1,IN,,,,
330404,tt0379502,Q18209678,"Hanuman, The Worshipper of Lord Rama",Ram Bhakta Hanuman,1948-01-01,140,Fantasy|Adventure|Action|History|Music|Drama,6.0,4,IN,,,,
969781,tt0040091,Q3419899,Amar Prem,Amar Prem,1948-01-01,0,Drama,10.0,1,IN,,,,
1082028,,,Distribution of Mahatma Gandhi's Ashes,Distribution of Mahatma Gandhi's Ashes,1948-01-31,14,,0.0,0,,,,,
1164160,tt3155944,,Chilman,Chilman,1949-09-30,0,,0.0,0,IN,,,,
691967,tt0383188,Q19364253,Apna Desh,Apna Desh,1949-04-01,151,Drama,7.0,1,IN,,,,
324612,tt0414504,Q10970482,Shair,Shair,1949-01-01,138,Romance,7.0,1,IN,,,,
607190,tt0140813,Q10959454,Aparadhi,Aparadhi,1949-02-25,101,,8.0,1,IN,,,,
542479,tt0130643,Q5313299,Dulari,Dulari,1949-04-08,133,,8.0,1,IN,,,,
1770660,tt0404197,,Lekh,Lekh,1949-01-01,0,Drama,0.0,0,IN,,,,
1463710,,,Comet,Dhoomkatu,1949-06-17,0,,0.0,0,IN,,,,
607200,tt0231462,Q5276856,Dillagi,Dillagi,1949-03-24,116,Drama|Family,8.0,1,IN,,,,
1569572,tt0267367,,Char Din,Char Din,1949-10-07,0,,10.0,1,,,,,
1658383,tt0230165,,Duniya,Duniya,1949-01-01,0,Drama|Romance,8.0,1,IN,,,,
1300941,tt0139705,Q28179784,Veer Ghatotkach,Veer Ghatotkach,1949-02-25,127,Action|Adventure|Drama|Fantasy|History,8.0,1,IN,,,,
883156,tt11941730,,Parda,पर्दा,1949-11-17,129,Drama,0.0,0,IN,,,,
198755,tt0041161,Q369520,Barsaat,बरसात,1949-04-22,171,Drama|Music|Romance,6.4,11,IN,,,India,India
628830,tt0331480,Q5350252,Ek Thi Larki,Ek Thi Larki,1949-10-14,164,Drama,9.0,1,IN,,,,
121470,tt0041123,Q490051,Andaz,अंदाज़,1949-05-19,143,Drama|Crime,6.6,9,IN,,,,
746819,tt0377452,,Bansaria,Bansaria,1949-06-10,132,,8.0,1,,,,,
1360052,tt0141651,Q104869663,Good and Evil,Neki Aur Badi,1949-10-24,0,Drama,9.0,1,IN,,,,
950168,tt0155762,,Iran Ki Ek Raat,Iran Ki Ek Raat,1949-07-15,0,Drama,9.0,1,IN,,,,
1558214,,,Delhi Express,Delhi Express,1949-01-01,0,,0.0,0,,,,,
322385,,,Shabnam,Shabnam,1949-01-01,139,,0.0,0,,,,,
969080,tt0041732,Q3419938,Parivartan,Parivartan,1949-07-08,128,Drama,10.0,1,IN,,,,
1267797,tt0155548,,House of Mystery,भेदी बंगला,1949-08-01,0,Horror|Comedy,8.0,1,IN,,,,
320493,tt0151282,,The Favourite,लाडली,1949-11-03,0,Drama|Romance,8.0,1,IN,,,,
257391,tt0041619,Q958425,Mahal,महल,1949-10-19,165,Romance|Horror|Drama,5.5,11,IN,,,,
306182,tt0266839,Q16977990,Patanga,Patanga,1949-09-09,143,Comedy|Romance,10.0,1,IN,,,,
1427984,tt0157112,,A Tiny Thing Brings Death,A Tiny Thing Brings Death,1949-01-01,0,Documentary|Drama,9.0,1,,,,,
322396,,,Sunehre Din,सुनहरे दिन,1949-01-01,143,Drama|Romance,0.0,0,IN,,,,
628828,tt0158479,Q4840907,Bari Behen,Bari Behen,1949-01-01,118,Drama,7.0,1,IN,,,,
1427983,tt0156728,,The Last Jewel,The Last Jewel,1949-01-01,0,Documentary,9.0,1,,,,,
1519547,tt0424065,,Ek Teri Nishani,Ek Teri Nishani,1949-06-15,0,,10.0,1,IN,,,,
1201201,tt0354691,Q3429670,Lahore,लाहौर,1949-01-01,117,Drama,0.0,0,IN,,,,
482250,tt0273294,Q10963386,Jeet,Jeet,1949-08-24,150,,6.0,2,IN,Mumbai (India),India,India,India
1195589,tt0141826,Q3429679,Singaar,सिंगार,1949-12-12,131,Drama,9.0,1,IN,,,,
945419,tt0154209,Q4875083,Bazar,बाज़ार,1949-03-04,148,Drama|Family,7.0,1,IN,,,,
1427981,tt0156564,,General Motors in India,General Motors in India,1949-01-01,0,Documentary,7.0,1,,,,,
755165,tt0380207,Q18110108,Balam,Balam,1949-08-12,0,Romance|Action,8.0,1,IN,,,,
1164169,tt1062296,,Jannat,जन्नत,1949-01-01,0,,0.0,0,IN,,,,
322337,tt0214748,,Hamari Manzil,Hamari Manzil,1949-10-07,0,,10.0,1,IN,,,,
300753,tt0135590,Q3419976,Paras,Paras,1949-01-01,0,,7.0,1,,,,,
945405,tt0255427,,Nishan,Nishan,1949-01-01,0,,8.0,1,IN,,,,
945408,tt0273869,,Namoona,Namoona,1949-01-01,0,,9.0,1,IN,,,,
1554739,tt0139306,Q28179786,Hamara Ghar,Hamara Ghar,1950-10-20,134,,9.0,1,IN,,,,
628854,tt0134850,Q10962814,Nirala,Nirala,1950-06-11,107,Drama|Romance|Thriller,5.5,2,IN,,,,
1554726,tt0267266,Q4766163,Anmol Ratan,Anmol Ratan,1950-10-27,115,,9.0,1,,,,,
1554758,tt0042637,Q10959400,Khiladi,Khiladi,1950-01-01,118,Drama,9.0,1,IN,,,,
1164192,tt0215224,,Surajmukhi,Surajmukhi,1950-12-31,0,Drama,10.0,1,IN,,,,
1554735,tt0230040,,Birha Ki Raat,Birha Ki Raat,1950-02-24,116,,9.0,1,IN,,,,
304503,tt0042184,Q4690368,Afsar,Afsar,1950-01-06,0,,9.0,1,,,,,
279228,tt0331186,Q3849595,Babul,बाबुल,1950-12-15,142,Drama,10.0,1,IN,,,,
1554738,tt0385549,,Biwi,Biwi,1950-12-01,112,,8.0,1,,,,,
745479,,,Gulnar,Gulnar,1950-12-31,0,,0.0,0,,,,,
320494,tt0151287,,Lajawab,लाजवाब,1950-12-31,0,Drama,9.0,1,IN,,,,
1428000,tt1943775,,Our India,Our India,1950-01-01,0,Documentary,0.0,0,IN,,,,
1164186,,,Bijli,बिजली,1950-09-22,0,Drama,0.0,0,IN,,,,
673365,tt0268614,Q7408445,Samadhi,समाधि,1950-12-31,156,Drama|History,7.0,1,IN,,,,
741571,tt0231463,,Dilruba,दिलरुबा,1950-12-31,118,Romance|Music|Drama,6.7,3,IN,,,,
525170,tt0386542,Q3429558,Jan Pahchan,Jan Pahchan,1950-06-22,116,Drama|Romance,8.0,3,IN,,,,
964390,tt0243555,Q10968898,Sheesh Mahal,Sheesh Mahal,1950-12-31,144,Drama,0.0,1,IN,,,,
471265,tt0042380,Q1172066,Dastan,Dastan,1950-08-17,122,Drama|Family|Romance,9.0,2,IN,,,,
543944,tt0327611,Q19891246,Dahej,Dahej,1950-12-31,149,Drama,9.0,1,IN,,,,
628859,tt0244182,Q7418094,Sangram,संग्राम,1950-12-31,139,Drama,6.0,2,IN,,,,
1554722,tt0177482,Q3428682,Adhi Raat,Adhi Raat,1950-06-30,121,,8.0,1,IN,,,,
1714177,tt0157150,,Veer Babruvahan,वीर बब्रुवाहन,1950-01-01,120,,0.0,0,,,,,
307997,tt0042207,Q4802767,Arzoo,Arzoo,1950-06-16,130,Drama|Romance,7.5,2,IN,,,,
348900,tt0269826,Q3419797,Sargam,सरगम,1950-12-31,135,Family|Drama,9.0,1,IN,,,,
1554729,tt0372790,Q4900729,Bhai Bahen,Bhai Bahen,1950-05-11,124,,7.0,1,,,,,
845814,tt0256230,,Nili,Nili,1950-12-31,0,Romance,9.0,1,IN,,,,
1554749,tt0231860,Q10960301,Kamal Ke Phool,Kamal Ke Phool,1950-09-21,122,,10.0,1,IN,,,,
953308,tt0269300,Q111945858,Hamari Beti,Hamari Beti,1950-12-08,91,Drama|Family,8.0,1,IN,,,,
968757,tt0042225,Q3428672,Banwra,Banwra,1950-12-31,148,Drama,9.0,1,IN,,,,
1195554,tt0134020,Q10962027,Pardes,परदेस,1950-01-01,128,Drama,8.0,1,IN,,,,
1427994,tt0273261,Q30612636,India Is Ours,Hindustan Hamara,1950-01-01,139,Documentary|Drama,7.0,1,,,,,
305252,tt0141441,Q12487962,Jogan,Jogan,1950-02-24,116,Romance|Drama,5.6,8,IN,,,,
968788,tt0378614,Q3429601,Pyar,Pyar,1950-08-11,0,Drama,9.0,1,IN,,,,
410341,tt1315576,,Beqasoor,Beqasoor,1950-06-02,120,Family|Drama|Romance|Crime|Music,0.0,0,IN,,,,
936455,tt0134701,Q10973729,Hanste Ansu,Hanste Ansu,1950-12-31,0,Drama,10.0,1,IN,,,,
1554746,tt0156633,,Janmashtami,Janmashtami,1950-05-26,153,,10.0,1,,,,,
573638,tt0267821,,Pehla Aadmi,Pehla Aadmi,1950-06-07,120,,8.0,1,IN,,,,
827341,tt0214404,Q4661595,The Eyes,Aankhen,1950-12-31,0,Drama|Family,9.0,1,IN,,,,
1164177,tt0247581,,Nirdosh,निर्दोष,1950-12-31,0,Drama,10.0,1,IN,,,,
307862,tt0042233,Q3429631,Bawre Nain,Bawre Nain,1950-11-01,138,Drama|Romance,0.0,1,IN,,,,
307875,tt0377637,Q12478620,Chhoti Bhabbi,Chhoti Bhabbi,1950-12-31,0,,9.0,1,,,,,
39039,tt0043306,Q858681,Awaara,आवारा,1951-12-14,168,Drama|Music|Romance,7.2,71,IN,,,India,India
283036,tt0137459,Q5249977,Deedar,दीदार,1951-01-02,130,Music|Romance,6.5,2,IN,,,,
546761,tt0130489,Q10967355,Badal,Badal,1951-09-06,137,Romance,7.5,2,IN,,,,
284801,tt0156733,,Lav Kush,Lav Kush,1951-01-02,0,,9.0,1,,,,,
307569,tt0368007,,Malhar,Malhar,1951-10-26,120,Drama|Family,7.0,1,IN,,,,
1555787,tt0231476,,Do Sitare,Do Sitare,1951-06-15,132,,10.0,1,IN,,,,
628849,tt0043842,,Naujawan,Naujawan,1951-01-01,131,Drama,7.0,1,IN,,,,
302129,tt0149753,,Babla,Babla,1951-12-01,114,,8.0,1,IN,,,,
1555826,tt0384218,,Jai Mahalakshmi,Jai Mahalakshmi,1951-11-04,153,,8.0,1,IN,,,,
308068,tt0139443,Q6727371,Madhosh,Madhosh,1951-12-07,128,,6.5,2,IN,,,,
1555839,tt0134838,Q31366801,Nadaan,Nadaan,1951-02-09,119,Romance,8.0,1,,,,,
839170,tt0231807,Q19892026,Jadoo,Jadoo,1951-11-17,137,,9.0,1,IN,,,,
304775,tt0213105,Q111962912,Nagina,Nagina,1951-01-01,136,Mystery|Romance|Thriller|Horror,8.0,2,IN,,,,
1555846,tt0134840,Q10961586,Nazneen,Nazneen,1951-08-11,126,,8.0,1,IN,,,,
949686,tt0043283,Q133876052,Our Struggle,Andolan,1951-07-13,156,Drama|History,9.0,1,IN,,,,
1556275,tt0387557,Q19731740,Saagar,Saagar,1951-03-15,0,,9.0,1,IN,,,,
919464,tt0214409,Q50215691,Adaa,अदा,1951-11-27,0,Romance,10.0,1,IN,,,,
154857,tt0043307,Q797523,Baazi,बाज़ी,1951-07-01,143,Crime|Drama|Music|Romance,6.2,6,IN,,,,
1555785,tt0423856,,Bedardi,Bedardi,1951-06-01,121,,7.0,1,IN,,,,
1555825,tt0139311,Q18125440,Hanumaan Pataal Vijay,Hanumaan Pataal Vijay,1951-03-01,145,,8.0,1,IN,,,,
382956,tt0137349,Q4709479,Albela,Albela,1951-02-15,158,Comedy|Drama|Music,8.0,3,IN,,,,
304253,tt0331261,Q111945421,Hum Log,हमलोग,1951-09-14,0,Drama,9.2,3,IN,,,,
426026,tt0158457,Q4690354,Afsana,अफ़साना,1951-01-01,168,,7.5,2,IN,,,,
744478,tt3123868,,Shokhiyan,शोखियाँ,1951-01-01,137,Drama|Music|Romance|History,0.0,0,IN,,,,
965201,tt0133014,Q5935590,Hulchul,Hulchul,1951-02-02,132,Drama,8.0,1,,,,,
1164637,tt0043995,,Saudagar,सौदागर,1951-07-11,0,Drama,8.0,1,IN,,,,
846036,tt0139583,Q3429616,Sanam,Sanam,1951-07-20,120,Comedy|Drama|Romance,9.0,1,IN,,,,
628818,tt0128909,Q10961291,Aaram,Aaram,1951-08-22,102,Drama|Romance,7.0,1,IN,,,,
566218,tt0129422,Q7685383,Tarana,तराना,1951-10-05,0,Romance,7.7,3,IN,,,,
1164632,tt0266921,Q107750850,Sagai,सगाई,1951-03-20,0,Drama,10.0,1,IN,,,,
714211,tt0140302,Q6352407,Kali Ghata,Kali Ghata,1951-07-06,145,,10.0,1,IN,,,,
945420,tt0043367,Q28062138,Buzdil,Buzdil,1951-11-01,0,,8.0,1,IN,,,,
262421,,,Adiperaku,Adiperaku,1951-12-31,0,Drama,0.0,0,,,,,
1194582,tt0134763,Q104871933,Khazana,Khazana,1951-04-20,118,Action|Adventure,7.0,1,IN,,,,
619079,tt0043310,Q4842420,Bahar,Bahar,1951-10-26,170,Drama,10.0,1,IN,,,,
945404,tt0378616,Q28213572,Pyar Ki Baten,Pyar Ki Baten,1951-03-23,0,,10.0,1,,,,,
304530,tt0130989,Q10972335,Saiyan,Saiyan,1951-09-21,137,,7.0,1,,,,,
769684,tt0043997,Q3429837,Sazaa,Sazaa,1951-09-14,110,,8.0,1,IN,,,,
1541016,tt0214664,,Ek Nazar,Ek Nazar,1951-10-19,112,Drama|Romance,10.0,1,IN,,,,
630725,tt2396447,,Dholak,Dholak,1951-07-01,155,,10.0,1,IN,,,,
1555852,tt0414430,Q12449216,Rajput,Rajput,1951-03-04,0,,8.0,1,IN,,,,
1556276,tt0274888,Q10972218,Stage,Stage,1951-11-09,0,,9.0,1,,,,,
945422,tt0405855,,Damaad,Damaad,1951-01-01,0,,7.0,1,IN,,,,
1555823,tt0155738,,Hamari Shaan,Hamari Shaan,1951-01-26,123,Family|Drama,8.0,1,,,,,
1556273,tt0156450,,Daman,Daman,1951-06-29,0,,9.0,1,,,,,
1555831,tt0139415,Q28179789,Lakshmi Narayan,Lakshmi Narayan,1951-11-16,147,,9.0,1,,,,,
322389,tt0214123,,Shri Ganesh Janma,Shri Ganesh Janma,1951-01-01,0,,8.0,1,,,,,
876508,tt0126264,Q5251020,Diwana,Diwana,1952-05-21,144,Romance,8.0,1,IN,,,,
725381,tt0267695,Q20785314,Maa,माँ,1952-05-09,120,Drama|Romance,7.0,1,IN,,,,
1502275,,,Mahabalipuram,Mahabalipuram,1952-06-01,9,,0.0,0,IN,,,,
1556279,tt0426041,,Insaan,Insaan,1952-06-07,0,,9.0,1,,,,,
336809,tt0130991,Q3472195,Sangdil,Sangdil,1952-11-28,150,Drama|Horror,7.0,2,IN,,,,
846109,tt0269858,,Shin Shinaki Boobla Boo,Shin Shinaki Boobla Boo,1952-05-08,0,,7.0,1,IN,,,,
304645,tt0275091,,Zalzala,ज़लज़ला,1952-01-01,0,Drama|Romance,7.0,1,IN,,,,
185552,tt0044761,Q958452,Jaal,जाल,1952-03-31,115,Crime|Drama|Music|Thriller,7.5,2,IN,,,Goa (India),India
794624,tt0139012,Q18109506,Aladdin and the Wonderful Lamp,Aladdin Aur Jadui Chirag,1952-06-13,140,Action|Adventure|Music|Romance,8.0,1,IN,,,,
302274,,,Shisham,Shisham,1952-01-01,0,Drama|Family,0.0,0,IN,,,,
1371351,tt0213047,,Lal Kunwar,लाल कुंवर,1952-01-01,0,Horror,8.0,1,IN,,,,
118079,tt0044318,Q1890169,Aan,आन,1952-07-04,161,Action|Adventure|Drama,6.1,7,IN,,,,
845735,tt0269081,Q24905290,Chham Chhama Chham,Chham Chhama Chham,1952-10-16,0,Comedy,10.0,1,IN,,,,
1429641,tt1943801,,Shabash,Shabash,1952-01-01,0,,0.0,0,,,,,
159187,tt0044392,Q2407907,Baiju Bawra,Baiju Bawra,1952-10-05,165,Music|Drama|Romance,6.3,7,IN,,,,
1163778,tt0247655,,Rangeeli,रंगीली,1952-01-01,150,Drama,7.0,1,IN,,,,
420491,tt0044360,Q3429809,Anhonee,Anhonee,1952-10-10,132,Drama|Romance|Thriller,6.8,4,IN,,,,
318594,tt0154106,Q10959625,Aandhiyan,आँधियां,1952-01-15,136,Drama,9.0,1,IN,,,,
170858,tt0044527,Q5207357,Daag,दाग,1952-07-04,149,Drama|Romance,7.5,2,IN,,,,
1540379,tt0215034,,Parbat,Parbat,1952-02-22,112,Action|Drama,7.0,1,IN,,,,
164284,tt0215515,Q4751261,Anand Math,Anand Math,1952-01-16,176,Drama|History,7.0,3,IN,,,,
840530,tt0331294,Q21646746,Mr. Sampat,Mr. Sampat,1952-12-25,165,Comedy,9.0,1,IN,,,British Raj (British Empire),British Empire
1288150,tt0213092,,Moti Mahal,मोती महल,1952-01-01,0,Mystery|Horror,9.0,1,IN,,,,
1540392,,,Nirmohi,Nirmohi,1952-01-01,0,Drama,0.0,0,IN,,,,
302138,tt0369272,Q634709,Bewafa,बेवफ़ा,1952-01-01,112,Drama|Romance,9.0,1,IN,,,,
447109,tt0139635,Q10970791,Tamasha,Tamasha,1952-01-01,128,Drama,7.0,1,IN,,,,
945403,tt0232639,,Shrimati Ji,Shrimati Ji,1952-01-01,0,,6.0,2,,,,,
304519,tt0213447,Q3429653,Amber,अंबर,1952-01-01,141,Thriller|Action|Adventure|Drama|Romance,8.0,1,IN,,,,
945407,tt0043840,,Nau Bahar,Nau Bahar,1952-01-01,140,Drama|Family,8.0,1,IN,,,,
1196938,tt0381143,,Do Raha,Do Raha,1952-08-29,135,Drama,7.0,1,IN,,,,
1066443,tt0358004,Q19895032,Shadow,Parchhain,1952-01-01,150,Drama,9.0,1,IN,,,,
1540355,,,Hangama,Hangama,1952-01-01,0,Drama,0.0,0,IN,,,,
307499,tt0178205,Q3429757,Ashiana,Ashiana,1952-08-01,104,Drama|Romance,9.0,1,IN,,,,
322292,tt0130993,Q104878535,Saqi,Saqi,1952-01-01,0,,10.0,1,,,,,
302248,,,Raagrang,Raagrang,1952-01-01,0,,0.0,0,,,,,
945415,tt0381261,,Hyderabad Ki Nazneen,Hyderabad Ki Nazneen,1952-01-01,0,,8.8,2,,,,,
277568,tt0389440,Q19897917,Teen Batti Char Raasta,Teen Batti Char Raasta,1953-02-27,112,Comedy|Drama,9.0,1,IN,,,,
1540348,tt0214906,,Malkin,Malkin,1953-01-01,0,Drama,9.0,1,IN,,,,
306355,tt0158074,Q7145056,Patita,Patita,1953-01-01,143,,7.0,2,,,,,
1674930,tt0158951,,Shole,Shole,1953-07-10,148,,10.0,1,IN,,,,
1164647,tt0213707,,Hazaar Raaten,Hazaar Raaten,1953-01-05,0,Drama,8.0,1,IN,,,,
307361,tt0177512,,Akash,Akash,1953-07-03,0,,8.0,1,,,,,
1195453,tt0358212,,Thokar,Thokar,1953-01-01,140,Drama|Family,8.0,1,IN,,,,
232018,tt0046164,Q959267,Parineeta,परिणीता,1953-01-23,151,Family|Drama,7.7,3,IN,,,Kolkata (India),India
1300879,tt5319748,,Gorilla,Gorilla,1953-01-01,0,Adventure|Horror,0.0,0,IN,,,,
284558,tt0044769,Q19892209,Jhansi Ki Rani,झांसी की रानी,1953-01-24,148,History|Drama,6.6,5,IN,,,,
684296,tt0045524,Q4822147,Aurat,Aurat,1953-01-01,153,,7.5,2,IN,,,,
54352,tt0045693,Q23089,Two Acres of Land,दो बीघा ज़मीन,1953-01-02,125,Drama,7.917,24,IN,,,Kolkata (India),India
607196,tt0134047,Q10968418,Rail Ka Dibba,Rail Ka Dibba,1953-06-27,0,Drama,9.0,1,IN,,,,
826010,,,Six Years of Freedom,Six Years of Freedom,1953-08-15,12,Documentary|History,0.0,0,IN,,,,
121458,tt0045467,Q300809,Aah,आह,1953-03-22,146,Drama|Romance,7.0,1,IN,,,,
992905,tt0231817,Q6173125,Jeewan Jyoti,Jeewan Jyoti,1953-06-10,128,Drama,8.7,3,IN,,,,
876530,tt0408735,Q17052279,Ek Do Teen,Ek Do Teen,1953-01-01,140,,7.0,2,,,,,
746846,tt0232174,,Naya Ghar,Naya Ghar,1953-01-01,0,,10.0,1,,,,,
754465,tt0132166,Q8564410,Footpath,फुट पाथ,1953-10-09,148,Drama,8.0,1,IN,,,,
1538764,tt0155804,,Khoj,Khoj,1953-01-01,117,Mystery,9.0,1,IN,,,,
566436,tt0148842,Q7496559,Shikast,Shikast,1953-09-18,110,Drama,6.0,3,IN,,,,
185555,tt0045529,Q797519,Baaz,Baaz,1953-05-31,141,Adventure|Drama|History,5.8,4,IN,,,,
306425,tt0144273,,Laila Majnu,Laila Majnu,1953-12-26,138,Romance|Drama,10.0,2,IN,,,,
1163677,tt0424160,,Hamdard,Hamdard,1953-01-31,116,Drama,9.0,1,,,,,
1195489,,,Nagma,Nagma,1953-09-26,139,Drama,0.0,0,IN,,,,
1540339,tt0405622,,Aaghosh,Aaghosh,1953-01-01,0,Drama,9.0,1,IN,,,,
521725,tt0046155,Q3429821,Paapi,पापी,1953-06-08,111,Drama|Crime,9.5,2,IN,,,,
845724,tt0259390,Q6469747,Ladki,लड़की,1953-01-01,161,Comedy,9.0,1,IN,,,,
521282,,,Dhoon,धुन,1953-05-19,0,,10.0,1,,,,,
819761,tt0154555,,Gul Sanobar,Gul Sanobar,1953-01-01,0,Drama|Fantasy,8.0,1,IN,,,,
605741,tt0152133,Q10970719,Rahi,Rahi,1953-08-14,139,Drama,10.0,1,IN,,,,
1197643,tt0374253,,Suhaag Sindoor,सुहाग सिन्दूर,1953-01-01,0,Drama,8.0,1,IN,,,,
714220,tt0158209,Q39073187,Shahenshah,Shahenshah,1953-12-12,0,,10.0,1,IN,,,,
260674,tt0045506,Q4751716,Anarkali,अनारकली,1953-01-02,175,History|Romance|Music,7.0,1,IN,,,,
400372,tt0045666,Q27964444,Daaera,दायरा,1953-01-01,123,Drama|Romance|Music,7.0,3,IN,,,,
1193740,tt0382770,Q18126402,Jungle Ka Jawahar,जंगल का जवाहर,1953-01-01,140,Adventure,7.0,1,IN,,,,
1108667,tt25786296,,Surang,सुरंग,1953-09-17,150,Drama,0.0,0,IN,,,,
322329,tt0231460,Q19891344,Dil-E-Nadan,Dil-E-Nadan,1953-01-01,142,Romance,8.0,1,,,,,
322271,,,Pichchi Pulliah,Pichchi Pulliah,1953-01-01,0,,0.0,0,,,,,
1557676,tt0139039,Q4837108,Baadbaan,Baadbaan,1954-06-18,145,Drama|Family,7.0,1,IN,,,,
1019972,tt0215983,,Meenar,Meenar,1954-01-01,2,Mystery,10.0,1,,,,,
199452,tt0241799,Q97515287,Pamposh,Pamposh,1954-04-09,70,Drama,7.0,2,,,,,
33544,tt0046799,Q1549103,Boot Polish,बूट पॉलिश,1954-08-20,149,Drama|Comedy|Family,5.4,8,IN,,,,
945411,tt0266753,Q21646700,Mastana,Mastana,1954-01-01,0,,9.0,1,,,,,
307357,tt0280397,Q21646022,Right,Adhikar,1954-01-01,0,,7.0,1,IN,,,,
1628370,tt0156317,Q19894353,Ramayan,रामायण,1954-01-01,132,Drama,8.0,1,IN,,,,
1061230,tt0246453,Q10967874,Barati,Barati,1954-01-01,135,Comedy|Drama,10.0,1,,,,,
1229452,tt0157037,Q10970551,Shri Chaitanya Mahaprabhu,श्री चैतन्य महाप्रभु,1954-07-01,155,Drama,10.0,1,IN,,,,
71283,tt0046673,Q301032,Aar Paar,आर पार,1954-07-09,146,Drama|Romance|Crime,5.6,8,IN,,,Mumbai (India),India
1567912,tt0150269,,Danka,Danka,1954-12-01,0,,10.0,1,,,,,
272166,tt0046703,Q454665,Amar,अमर,1954-10-07,149,Romance|Music,7.0,1,IN,,,,
719830,tt0215890,,Kashti,कश्ती,1954-05-03,129,Drama|Family,9.0,1,IN,,,,
277257,tt0392803,Q19898499,Subah Ka Tara,Subah Ka Tara,1954-01-01,107,Romance,6.8,4,IN,,,,
1203563,tt0372152,Q21646115,Aulad,Aulad,1954-01-29,0,,10.0,1,IN,,,,
1567910,tt0157341,Q21646130,Badshah,Badshah,1954-09-10,0,,10.0,1,IN,,,,
722759,tt0151670,Q19894269,Munna,मुन्ना,1954-07-08,0,Drama,10.0,1,IN,,,,
222225,tt0047271,Q10962107,Naukari,नौकरी,1954-10-12,136,Drama,6.8,5,IN,,,,
199447,tt0140370,Q16251590,Mayurpankh,Mayurpankh,1954-04-09,106,Romance|Drama,7.0,1,,,,,
388352,tt0398671,Q18109544,Alibaba and 40 Thieves,Alibaba and 40 Thieves,1954-01-01,148,Drama|Adventure|Fantasy,9.8,2,IN,,,,
172287,tt0046780,Q851457,Biraj Bahu,बिराज बहू,1954-03-01,145,Drama,6.4,5,IN,,,,
724942,tt0156872,,Parichay,परिचय,1954-12-17,0,Drama,8.0,1,IN,,,,
1697403,tt0158751,,Majboori,Majboori,1954-01-01,120,Drama,0.0,0,IN,,,,
261909,tt0047561,Q1345807,Taxi Driver,Taxi Driver,1954-01-01,133,Romance|Music,5.4,7,IN,,,Mumbai (India),India
306378,tt0144603,Q7459983,Shabab,Shabab,1954-01-01,143,,8.0,1,IN,,,,
1000377,tt0139108,Q19891127,Chandni Chowk,Chandni Chowk,1954-06-09,121,,7.0,1,IN,,,,
886842,tt0386585,Q6479668,Lakeeren,Lakeeren,1954-01-01,0,,7.0,1,,,,,
1263320,tt0399416,,Noor Mahal,नूर महल,1954-01-01,0,Horror|Drama,8.0,1,IN,,,,
1538752,tt0372254,,Ehsan,Ehsan,1954-01-01,0,Drama,8.0,1,IN,,,,
586530,tt9838530,,Realm of Sound,Realm of Sound,1954-01-01,18,,0.0,0,,,,,
442016,tt0048410,Q6958828,Nagin,Nagin,1954-03-05,139,Drama|Music|Romance,9.0,1,IN,,,,
705941,tt0157170,,Waris,वारिस,1954-01-01,122,Drama,9.0,1,IN,,,,
410343,tt0154326,Q12427084,Chor Bazar,चोर बाजार,1954-01-01,127,Drama|Comedy,8.0,1,IN,,,,
840828,tt0154863,,Mehbooba,Mehbooba,1954-01-01,0,Adventure|Romance,8.5,2,,,,,
275703,tt0134301,Q10967847,Bahut Din Hue,Bahut Din Hue,1954-03-19,0,Adventure|Drama|Fantasy,10.0,1,IN,,,,
1300839,tt0233217,Q12472085,Angarey,Angarey,1954-01-21,0,Drama,9.0,1,,,,,
1164652,tt0247681,Q47006999,Samrat,सम्राट,1954-01-22,0,Drama,7.0,1,IN,,,,
628853,tt0232166,Q10962865,Nastik,Nastik,1954-01-01,143,Comedy|Crime|Drama,10.0,1,IN,,,,
48929,tt0048613,Q1196288,Shree 420,श्री ४२०,1955-09-06,168,Romance|Drama|Comedy,7.5,21,IN,,,Mumbai (India),India
981774,tt0048225,,Jashan,Jashan,1955-01-01,0,,10.0,1,IN,,,,
305919,tt0048816,Q8049820,Yasmin,Yasmin,1955-01-01,124,Romance,10.0,1,IN,,,,
850863,tt0325447,Q18125022,Garam Coat,Garam Coat,1955-02-08,129,Drama,9.0,1,IN,,,,
420829,tt1262150,Q7907989,Vachan,Vachan,1955-10-12,118,,0.0,0,IN,,,,
931188,tt0377632,Q21646224,Char Paise,Char Paise,1955-01-01,123,Action|Crime|Drama|Thriller,10.0,1,,,,,
66564,tt0048392,Q822590,Mr. & Mrs. '55,मिस्टर अॅन्‍ड मिसेस '५५,1955-02-11,157,Comedy|Romance|Drama,5.1,12,IN,,,,
136627,tt0047990,Q771754,Devdas,देवदास,1955-12-30,159,Music|Drama|Romance,6.054,28,IN,,,Kolkata (India),India
519290,tt0138996,Q21646023,Adl-e-Jehangir,आदल-ए-जहाँगीर,1955-01-01,150,,7.0,1,IN,,,,
261017,tt0231209,Q19882190,Baap Re Baap,Baap Re Baap,1955-01-01,130,,9.0,1,IN,,,,
304267,tt0048271,Q10959077,Kundan,Kundan,1955-01-01,121,Drama,7.0,2,IN,,,,
307541,tt0048181,Q3411065,House No. 44,Ghar Number 44,1955-01-01,113,Drama|Crime,8.0,1,IN,,,,
440873,tt0273681,Q11182497,Insaniyat,Insaniyat,1955-09-30,185,Action|Drama|Romance,9.0,1,IN,,,,
304290,tt0267769,Q10968012,Musafir Khana,Musafir Khana,1955-01-01,0,,7.0,2,,,,,
172111,tt0145856,Q848658,Jhanak Jhanak Payal Baaje,Jhanak Jhanak Payal Baaje,1955-05-27,143,Romance|Drama|Music,6.3,3,IN,,,,
172109,tt0145851,Q1678478,Jaagrti,जागृति,1955-02-11,137,Family|Comedy|Drama,7.0,1,IN,,,,
127758,tt0146266,Q919064,Seema,सीमा,1955-01-07,141,Drama,5.7,3,IN,,,,
304279,tt0232105,Q21646723,Miss Coca Cola,मिस कोका कोला,1955-01-01,0,Romance|Crime,10.0,1,IN,,,,
1163670,tt0383877,Q25217660,Andher Nagari Chaupat Raja,Andher Nagari Chaupat Raja,1955-01-01,111,Comedy|Drama,8.0,1,,,,,
172261,tt0047816,Q21646077,Amanat,अमानत,1955-10-04,0,,10.0,1,,,,,
304163,tt0047796,Q21646013,Abe Hayat,अबे हयात,1955-01-01,140,Action|Adventure|Fantasy,10.0,1,IN,,,,
172281,tt0131852,Q4831998,Azaad,आज़ाद,1955-03-01,163,Action|Adventure|Comedy,9.0,2,IN,,,,
714208,tt0420765,Q3419709,Marine Drive,Marine Drive,1955-01-01,0,,10.0,1,IN,,,,
1636117,tt0245486,Q7653269,Swami Vivekananda,स्वामी विवेकानन्द,1955-01-01,0,Drama,8.0,1,IN,,,,
1202473,tt0048479,Q10962544,Pehli Jhalak,पहली झलक,1955-01-01,156,Action|Comedy|Crime|Drama,10.0,1,IN,,,,
304330,tt0048395,Q6936636,Munimji,Munimji,1955-01-01,163,Comedy|Romance|Music,4.0,4,IN,,,,
724174,tt0048537,Q7284186,Railway Platform,Railway Platform,1955-01-01,162,Comedy|Drama,8.0,1,IN,,,,
986472,tt0389433,Q39057120,Tonga-Wali,Tonga-Wali,1955-01-01,120,Drama|Family,10.0,1,IN,,,,
307883,tt0137954,Q12446816,Milap,Milap,1955-01-01,0,Crime|Drama,7.0,2,IN,,,,
936194,tt0134837,Q10961703,Naata,Naata,1955-01-01,0,,9.0,1,IN,,,,
581050,tt0048756,Q7899630,Uran Khatola,Uran Khatola,1955-01-01,0,Comedy|Fantasy|Music,6.5,2,IN,,,,
326052,tt0214869,Q12450971,Lagan,Lagan,1955-01-01,0,Romance,7.0,1,IN,,,,
1274500,tt0134839,Q10961239,Naqab,Naqab,1955-06-03,130,Romance|Fantasy,9.0,1,IN,,,,
1483954,tt0154376,,Daku,Daku,1955-01-01,120,Action,10.0,1,IN,,,,
708388,tt0236210,Q30102099,Faraar,Faraar,1955-01-01,0,History|Thriller|Romance|Drama,10.0,1,,,,,
1164660,tt0253542,,Ratna Manjari,Ratna Manjari,1955-10-11,0,Drama,8.0,1,IN,,,,
1014148,tt21654668,,The Life of the Adivasis,आदिवासी का जीवन स्रोत,1955-01-01,15,Documentary,0.0,0,IN,,,,
1585202,tt0214541,,Places of Historic Interest in Bihar,बिहार के दर्शनीय स्थान,1955-06-01,14,Documentary,9.0,1,IN,,,,
1770495,tt0213592,,Dashera,Dashera,1956-02-25,0,Fantasy|Drama,0.0,0,IN,,,,
1539949,tt0231763,Q25212336,Hum Sab Chor Hain,Hum Sab Chor Hain,1956-01-01,117,Comedy,10.0,1,IN,,,,
306180,tt0049595,,Parivar,Parivar,1956-01-01,0,Comedy|Drama,7.0,1,IN,,,,
876375,tt0049071,Q24905012,Chhoo Mantar,Chhoo Mantar,1956-05-18,134,Comedy|Drama,8.0,1,IN,,,,
1589677,,,Bharata Natyam,Bharata Natyam,1956-06-01,12,Documentary,0.0,0,IN,,,,
1194612,tt0391949,Q123537199,Durgesh Nandini,Durgesh Nandini,1956-01-01,143,Fantasy|Music|Drama,7.0,1,IN,,,,
307585,tt0049545,Q24905261,Naya Andaz,Naya Andaz,1956-01-01,142,Romance,10.0,1,IN,,,,
307598,tt0266858,Q10949073,Pocket Maar,Pocket Maar,1956-01-01,0,Action|Crime|Drama,7.0,1,IN,,,,
876515,tt0048951,,Anjaan,Anjaan,1956-07-07,128,Comedy|Drama|Romance,7.0,1,IN,,,,
407041,tt0047439,Q7400162,Sailaab,Sailaab,1956-07-17,135,Family|Drama|Romance,10.0,1,IN,,,,
131242,tt0049378,Q2497096,Jagte Raho,जागते रहो,1956-12-12,137,Thriller|Comedy,6.3,10,IN,,,,
307502,tt0259214,Q12443628,Bhai-Bhai,भाई भाई,1956-04-20,120,Drama,10.0,1,IN,,,,
71284,tt0049041,Q1022357,C.I.D.,C.I.D.,1956-11-02,146,Action|Crime|Thriller,5.7,14,IN,,,Mumbai (India),India
48387,tt0049072,Q1076454,Chori Chori,चोरी चोरी,1956-07-06,158,Romance|Drama|Comedy,7.2,4,IN,,,,
1165021,tt3186618,,Qeemat,क़ीमत,1956-09-28,0,Drama,0.0,0,IN,,,,
986473,tt0154904,Q24905259,Mr. Lambu,Mr. Lambu,1956-01-01,0,Drama|Action,9.0,1,,,,,
485327,tt0155541,Q21646164,Bhagam Bhag,Bhagam Bhag,1956-01-01,134,,9.0,1,IN,,,,
1699434,tt0216262,,Taksaal,Taksaal,1956-01-01,0,Drama,0.0,0,,,,,
1053553,tt0384608,Q7824006,Toofan Aur Diya,Toofan Aur Deeya,1956-01-01,121,Drama,7.0,2,IN,,,,
395429,tt0049175,Q1322114,Ek-Hi-Rasta,Ek-Hi-Rasta,1956-01-01,151,Drama,7.0,2,IN,,,,
740566,tt0049412,Q11102142,Kismet ka Khel,Kismet ka Khel,1956-01-01,137,,9.0,1,,,,,
485318,tt0139457,Q24905810,Mem Sahib,Mem Sahib,1956-01-01,133,Drama|Comedy|Romance,8.0,2,IN,,,,
307877,tt0049138,Q5267968,Devta,Devta,1956-01-01,178,,8.0,1,,,,,
707943,tt0374154,Q24905263,Rangeen Raaten,Rangeen Raaten,1956-01-01,141,,7.0,2,,,,,
71294,tt0049549,Q13523217,New Delhi,New Delhi,1956-01-01,176,Romance|Drama,6.5,4,IN,,,,
307791,tt0129331,Q18393221,Raj Hath,Raj Hath,1956-01-01,150,,7.5,2,IN,,,,
307774,tt0325034,,Aawaz,Aawaz,1956-01-01,146,,10.0,1,,,,,
1539953,tt0230787,,Sipahsalar,Sipahsalar,1956-01-01,0,Action,10.0,1,IN,,,,
900356,tt0129370,Q12454171,Shirin Farhad,Shirin Farhad,1956-02-03,124,Romance|Drama,9.0,1,,,,,
301100,tt0048987,Q4866218,Basant Bahar,Basant Bahar,1956-01-01,150,Music|Romance,9.0,1,IN,,,,
745490,tt0268384,Q10960967,Inspector,Inspector,1956-01-01,124,Thriller|Mystery|Crime,9.0,1,,,,,
988558,tt0049600,Q7145213,Patrani,पटरानी,1956-01-01,132,History|Drama|Romance,10.0,1,IN,,,,
1165010,tt0150320,,Dhola Maru,ढोला मारू,1956-04-10,0,Romance,7.0,1,IN,,,,
326498,tt0049243,Q3419765,Funtoosh,Funtoosh,1956-01-01,118,Comedy|Drama,10.0,1,IN,,,,
1165004,tt0157526,,Delhi Durbar,Delhi Durbar,1956-06-13,0,,7.0,1,IN,,,,
904020,tt0325527,Q18125489,Hatim Tai,Hatim Tai,1956-01-01,142,Adventure|Fantasy,10.0,1,,,,,
402207,tt0139050,Q90762203,Bond,Bandhan,1956-01-06,130,Drama,7.0,1,IN,,,,
1398112,,,Madurai of the Naiks,Madurai of the Naiks,1956-03-13,17,,0.0,0,IN,,,,
307566,tt2777028,,Naya Aadmi,Naya Aadmi,1956-01-01,0,,0.0,0,,,,,
498729,,,Children of God,Children of God,1956-01-01,18,,0.0,0,IN,,,,
1770566,tt0389191,,Naag Mani,Naag Mani,1957-01-01,0,Adventure|Fantasy,0.0,0,IN,,,,
917,tt0050188,Q1411238,Mother India,मदर इण्डिया,1957-02-13,175,Drama,7.0,111,IN,India,India,India,India
41053,tt0050870,Q2066234,Pyaasa,प्यासा,1957-02-19,146,Drama|Romance,7.292,77,IN,,,Kolkata (India),India
1099495,tt4738870,,Bansari Bala,Bansari Bala,1957-01-01,119,Romance,0.0,0,,,,,
1087556,tt0215743,Q56064347,Ek Gaon Ki Kahani,Ek Gaon Ki Kahani,1957-01-01,137,Drama,10.0,1,,,,,
150108,tt0050820,Q1319274,Pardesi,परदेसी,1957-12-13,144,Adventure|History,6.2,9,SU|IN,,,,
1697386,tt0158809,,Mumtaz Mahal,Mumtaz Mahal,1957-01-01,0,Drama,0.0,0,IN,,,,
1698753,tt0050353,Q11273720,Ek Jhalak,Ek Jhalak,1957-01-01,0,Drama|Family,0.0,0,IN,,,,
199197,tt0317595,Q5587937,Gotama the Buddha,Gotama the Buddha,1957-01-01,63,Documentary,7.0,2,IN,,,,
306357,tt0050829,Q2065341,Paying Guest,पेइंग गेस्ट,1957-04-05,145,Comedy|Drama|Crime,8.0,2,IN,,,,
1486161,tt0269344,Q24905285,Hum Panchhi Ek Dal Ke,Hum Panchhi Ek Dal Ke,1957-12-21,0,Drama,9.0,1,IN,,,,
1165039,tt4738608,,Mehfil,Mehfil,1957-01-25,0,,0.0,0,IN,,,,
82246,tt0137341,Q4662950,Ab Dilli Dur Nahin,अब दिल्ली दूर नहीं,1957-01-01,133,Family|Drama,6.0,5,IN,,,,
945400,tt0154188,,Bada Bhai,Bada Bhai,1957-01-01,0,,8.0,1,,,,,
140422,tt0051117,Q7852700,Tumsa Nahin Dekha,तुमसा नहीं देखा,1957-10-01,156,Drama|Music|Romance,6.7,3,IN,,,,
418648,tt0050734,Q6940067,Musafir,मुसाफिर,1957-04-26,149,Drama,7.0,1,IN,,,,
724526,,,The Case of Mr. X,The Case of Mr. X,1957-01-01,12,Documentary,0.0,0,IN,,,,
413278,tt0050132,Q114069282,Apradhi Kaun?,अपराधी कौन?,1957-08-16,131,Thriller|Mystery|Drama,8.5,2,IN,,,,
1364847,tt0135061,Q13565024,Yahoodi Ki Ladki,यहूदी की लड़की,1957-01-25,0,Drama,8.0,1,IN,,,,
1006715,tt0274477,Q30612870,Dushman,Dushman,1957-08-01,134,Drama,10.0,1,,,,,
48925,tt0050758,Q1972481,Naya Daur,नया दौर,1957-02-22,173,Drama,7.3,3,IN,,,,
1335243,,,Patal Pari,Patal Pari,1957-01-04,180,Drama,0.0,0,IN,,,,
164810,tt0050757,Q6981063,Nau Do Gyarah,नौ दो ग्यारह,1957-06-29,170,Comedy|Romance|Thriller,7.4,4,IN,,,,
1060843,tt0231913,,Kitna Badal Gaya Insaan,Kitna Badal Gaya Insaan,1957-01-01,115,Romance,7.0,1,,,,,
1001962,tt0243447,Q19894658,Nausherwan-E-Adil,Nausherwan-E-Adil,1957-01-01,137,,8.0,2,IN,,,,
754762,tt0268165,Q19882202,Bade Sarkar,Bade Sarkar,1957-01-01,0,Drama,9.0,1,IN,,,,
642637,tt0274353,Q797490,Baarish,Baarish,1957-03-08,133,Drama|Crime|Romance,8.0,2,IN,,,,
1026924,tt0378364,,Mirza Sahiban,Mirza Sahiban,1957-01-01,122,Romance,7.0,1,IN,,,,
310840,tt0050956,Q2277133,Sharada,Sharada,1957-02-23,0,Romance|Drama,6.4,5,IN,,,,
790282,tt0233326,Q3417297,Bhabhi,भाभी,1957-01-01,168,Drama,8.0,1,IN,,,,
320109,tt0230071,,Champakali,चम्पाकली,1957-01-01,135,Drama,7.0,1,IN,,,,
876397,tt0130731,Q85762831,Gateway of India,Gateway of India,1957-07-08,123,Crime|Mystery|Thriller,10.0,1,IN,,,,
307889,tt0130649,Q104856256,Ek Saal,Ek Saal,1957-01-01,0,,6.0,2,,,,,
313842,tt0050587,Q6376976,Kath Putli,Kath Putli,1957-01-25,0,Drama|Family,6.0,1,IN,,,,
952296,tt0156809,Q12446871,Mr. X,Mr. X,1957-07-19,120,Science Fiction|Mystery|Thriller|Horror,8.0,1,IN,,,,
369822,tt0139466,Q6877028,Miss Mary,Miss Mary,1957-02-15,0,Comedy,8.0,1,IN,,,,
1539963,tt0382829,,Maharani,Maharani,1957-01-01,0,Drama|Romance,9.0,1,IN,,,,
679931,tt0267701,Q25206574,Mai Baap,Mai Baap,1957-06-04,144,Comedy|Drama,6.5,2,IN,,,,
301059,tt0050090,Q4662693,Aasha,आशा,1957-01-01,170,Romance|Comedy,9.0,1,IN,,,,
876494,tt0157524,Q5252807,Dekh Kabira Roya,Dekh Kabira Roya,1957-01-01,141,Romance|Comedy,6.0,3,IN,,,,
794533,tt0050828,Q25212941,Payal,Payal,1957-01-01,0,Romance,7.0,2,IN,,,,
1194605,tt0452181,,Coffee House,Coffee House,1957-01-01,0,Drama,8.0,1,IN,,,,
1087573,tt0252636,,Laxmi,Laxmi,1957-01-01,118,Drama|Family,8.0,1,,,,,
1004113,tt0415082,,Johnny Walker,Johnny Walker,1957-01-01,151,Comedy|Romance,9.0,1,IN,,,,
1300559,tt0232256,,Paisa,Paisa,1957-08-30,0,Drama,7.0,1,,,,,
790662,tt0368196,,Rani Rupmati,Rani Rupmati,1957-01-01,0,Action|Adventure,8.0,1,IN,,,,
319829,tt0157142,,Ustad,Ustad,1957-01-01,0,,9.0,1,,,,,
302137,tt0156335,Q11104738,Bandi,Bandi,1957-01-01,0,,8.0,1,,,,,
786743,tt0357898,Q6809681,Mehndi,Mehndi,1958-01-01,0,Drama|Family,7.0,1,IN,,,,
64743,tt0128985,Q1060259,Chalti Ka Naam Gaadi,Chalti Ka Naam Gaadi,1958-02-28,173,Comedy,6.2,15,IN,,,,
746830,tt4721050,Q19571466,Do Mastane,Do Mastane,1958-01-01,0,,0.0,0,,,,,
172291,tt0232759,Q2389858,Talaaq,Talaaq,1958-03-03,0,,8.0,1,IN,,,,
876422,tt0154731,Q6401126,Khazanchi,Khazanchi,1958-01-01,115,Drama|Romance,8.0,1,IN,,,,
697952,tt0369202,Q29026734,Women's Authority,Aada Pettanam,1958-08-06,0,,9.0,1,,,,,
845733,tt0259244,Q21646220,Chandan,Chandan,1958-01-01,158,Comedy|Drama|Family,10.0,1,IN,,,,
271210,tt0051335,Q17049075,12 O'Clock,12 O'Clock,1958-01-01,132,Crime|Drama|Mystery|Thriller,7.3,3,IN,,,,
320485,tt0357820,Q16249876,Kabhi Andhera Kabhi Ujala,Kabhi Andhera Kabhi Ujala,1958-01-01,0,Drama|Family,10.0,1,IN,,,,
1576476,tt1957978,,Nagarjunakonda,Nagarjunakonda,1958-06-01,16,Documentary,0.0,0,IN,,,,
1638638,tt0134900,Q12438351,Police,Police,1958-01-03,146,,7.0,1,,,,,
442992,tt0247291,Q5276889,Dilli Ka Thug,Dilli Ka Thug,1958-01-01,132,Crime|Action|Comedy,7.0,1,IN,,,,
304597,tt0247712,Q7554738,Sohni Mahiwal,सोहणी महीवाल,1958-10-31,0,Romance|Music,10.0,1,,,,,
307836,tt0052411,Q3571323,Yahudi,Yahudi,1958-09-05,150,Romance|Drama|Action,6.2,4,IN,,,Ancient Rome,Ancient Rome
317216,tt0178173,,Aakhri Dao,आखरी दाव,1958-01-01,151,Drama|Comedy,8.0,1,IN,,,,
1040086,tt0268252,Q21646308,Detective,Detective,1958-01-01,144,Mystery,7.0,1,IN,,,,
318151,,,Talaq,Talaq,1958-01-03,156,,0.0,0,,,,,
315161,tt0051806,Q6349962,Kala Pani,Kala Pani,1958-02-23,164,Drama,4.9,8,IN,,,India,India
485459,tt0268533,Q1549144,Phir Subha Hogi,Phir Subha Hogi,1958-11-06,168,Drama|Crime,7.5,2,IN,,,,
275784,tt0052217,Q7558989,Solva Saal,Solva Saal,1958-02-14,135,Comedy|Romance|Music|Drama,4.2,4,IN,,,,
172290,tt0052154,Q1724208,Sadhna,Sadhna,1958-03-01,137,Drama,4.0,3,IN,,,,
307991,tt0051348,Q4740010,Amar Deep,Amar Deep,1958-01-01,148,,7.0,1,,,,,
168069,tt0050665,Q3764866,Madhumati,मधुमती,1958-09-12,171,Drama|Romance|Music,6.9,14,IN,,,,
794540,tt0425385,Q25206577,Raagini,Raagini,1958-01-01,128,Drama|Music|Family,10.0,1,IN,,,,
367078,tt0052220,,Sone Ki Chidiya,Sone Ki Chidiya,1958-01-01,171,Drama|Romance,6.0,3,IN,,,,
306358,tt0052065,Q7180172,Phagun,फागुन,1958-01-01,0,Comedy|Drama|Music,8.0,1,IN,,,,
396026,tt0051747,Q3419991,Howrah Bridge,हावड़ा ब्रिज,1958-06-15,153,Crime|Mystery,6.4,5,IN,,,Kolkata (India),India
456448,tt0052051,Q3419984,Parvarish,परवरिश,1958-01-01,137,Drama|Family,8.0,1,IN,,,,
945401,tt0052201,Q7531719,Sitaron Se Aage,दुनिया,1958-01-01,149,Drama|Music,9.0,1,IN,,,,
786653,tt0051340,Q16058066,Adalat,Adalat,1958-01-01,139,Drama,3.7,3,IN,,,,
1202423,tt0052116,Q7285365,Raj Tilak,राज तिलक,1958-01-01,171,Adventure|Drama|Music,9.0,1,IN,,,,
300916,tt0242841,,Samrat Chandragupt,Samrat Chandragupt,1958-01-01,105,Adventure|Drama|History,7.0,1,,,,,
199170,tt0051842,Q3419705,Lajwanti,Lajwanti,1958-06-08,158,,6.8,4,IN,,,,
878029,tt0139589,Q85799841,Dawn,Savera,1958-06-26,131,Drama|Crime,9.0,1,IN,,,,
1540543,tt4491560,Q25217561,Light House,Light House,1958-01-01,132,Thriller,0.0,0,IN,,,,
628834,tt0230402,,Karigar,Karigar,1958-01-01,136,,7.0,1,IN,,,,
950173,tt1414849,Q25217624,Night Club,Night Club,1958-07-18,137,Crime|Mystery|Thriller,0.0,0,IN,,,,
307411,tt0229966,Q21646059,Aji Bas Shukriya,Aji Bas Shukriya,1958-01-01,139,,8.0,1,,,,,
798597,tt0374065,,Mujrim,Mujrim,1958-01-01,142,Drama|Thriller,7.5,2,IN,,,,
300915,tt0231474,Q19891365,Do Phool,Do Phool,1958-08-18,0,Drama,10.0,1,,,,,
565172,tt0390653,Q18210300,Zimbo,जिम्बो,1958-08-22,144,Action|Adventure,8.0,1,IN,,,,
1276355,tt3186698,,Sim Sim Marjina,Sim Sim Marjina,1958-01-01,0,Fantasy|Drama,0.0,0,IN,,,,
630493,tt0267639,,Khota Paisa,Khota Paisa,1958-12-31,145,Drama,10.0,1,IN,,,,
988737,tt0134300,Q105081478,Rebel Soldier,Baghi Sipahi,1958-01-01,0,History,10.0,1,,,,Roman Empire,Roman Empire
381901,tt0052082,,Post Box 999,Post Box 999,1958-02-09,115,,8.0,1,,,,,
304062,tt0231345,Q19571242,24 Ghante,Chaubees Ghante,1958-01-01,0,Action|Drama,9.0,1,,,,,
1770670,tt0242630,,Madari,Madari,1959-01-01,124,Action|Drama,0.0,0,IN,,,,
1774689,tt0139587,Q85799777,Satta Bazaar,सट्टा बाजार,1959-07-01,145,Drama,0.0,0,IN,,,,
307512,tt0389068,,Kavi Kalidas,Kavi Kalidas,1959-01-01,139,Drama,9.0,1,IN,,,,
410245,tt0139607,Q28179742,Shararat,Shararat,1959-01-02,0,Drama|Comedy,10.0,1,,,,,
713835,tt0245239,Q11115584,Love Marriage,Love Marriage,1959-05-29,157,,7.0,1,IN,,,,
241380,tt0298078,Q851420,Navrang,Navrang,1959-01-02,158,Drama|Romance|Music,5.4,8,IN,,,,
1785122,tt0387566,,School Master,स्कूल मास्टर,1959-08-07,117,Drama,0.0,0,IN,,,,
720093,tt0139116,Q5101795,Chirag Kahan Roshni Kahan,Chirag Kahan Roshni Kahan,1959-11-11,0,Drama|Family,7.0,1,IN,,,,
654613,tt0053035,Q3419949,Main Nashe Mein Hoon,Main Nashe Mein Hoon,1959-01-01,0,Drama|Family|Comedy,9.5,2,IN,,,,
300740,tt0139110,Q3419734,Char Dil Char Rahen,Char Dil Char Rahen,1959-09-18,0,Drama,8.0,2,IN,,,,
110847,tt0052736,Q74750,Dhool Ka Phool,धूल का फूल,1959-12-11,148,Family,5.8,4,IN,,,,
53767,tt0052954,Q1719471,Kaagaz Ke Phool,कागज़ के फूल,1959-02-01,142,Drama|Romance,6.817,41,IN,,,,
272213,tt0052926,Q11183685,Insaan Jaag Utha,Insaan Jaag Utha,1959-01-01,0,Drama|Family|Music,8.0,1,IN,,,,
1377907,,,Bank Manager,Bank Manager,1959-01-01,126,,0.0,0,,,,,
304335,tt0053152,Q7124737,Paigham,Paigham,1959-01-01,183,Drama,8.0,1,IN,,,,
562668,tt0255050,Q5094969,Chhoti Bahen,Chhoti Bahen,1959-02-06,0,Drama,6.7,3,IN,,,,
840810,tt0134757,Q104856414,Kal Hamara Hai,Kal Hamara Hai,1959-04-24,127,Drama,10.0,1,IN,,,,
395044,tt0052560,Q486434,Anari,अनाड़ी,1959-01-16,156,Comedy|Drama|Music,7.5,6,IN,,,,
1132119,tt0052740,,Didi,Didi,1959-01-01,123,Drama,9.0,1,IN,,,,
82567,tt0053319,Q12457804,Sujata,सुजाता,1959-04-03,161,Drama|Romance,6.4,14,IN,,,,
1300923,tt0233292,Q55604914,Barkha,Barkha,1959-01-01,0,Drama,7.0,1,,,,,
320482,tt0230141,Q3419893,Dil Deke Dekho,Dil Deke Dekho,1959-09-18,187,Romance,6.3,3,IN,,,,
1539967,tt0385978,Q17079829,Raat Ke Rahi,Raat Ke Rahi,1959-01-01,92,Action|Crime|Drama|Mystery|Thriller,8.0,1,IN,,,,
712445,tt0373806,,Duniya Na Mane,Duniya Na Mane,1959-01-01,0,Romance,7.0,1,IN,,,,
904061,tt0052960,Q3419910,Kanhaiya,Kanhaiya,1959-01-01,98,Romance|Drama|Family,8.0,1,IN,,,,
1196124,tt0371765,,Kali Topi Lal Rumal,काली टोपी लाल रूमाल,1959-03-18,129,Music|Romance,8.0,1,IN,,,,
402194,tt0388995,Q137295726,Heera Moti,हीरा मोती,1959-01-02,135,Drama,10.0,1,IN,,,,
1558182,,,Circus Queen,Circus Queen,1959-01-01,0,,0.0,0,,,,,
952262,tt0154236,,Black Cat,Black Cat,1959-07-17,154,Action|Thriller|Mystery,8.0,1,IN,,,,
746835,tt0357912,,Mohar,Mohar,1959-01-01,0,,10.0,1,,,,,
1072787,tt0156683,,Kangan,Kangan,1959-01-01,144,Mystery,8.0,1,,,,,
307823,tt0135399,Q3419988,Do Ustad,Do Ustad,1959-01-01,139,Action|Crime,6.0,2,IN,,,,
304928,tt0139027,Q61358926,Ardhangini,अर्धांगिनी,1959-01-01,0,,9.0,1,IN,,,,
486250,tt0157132,Q7878145,Ujala,Ujala,1959-01-01,142,Crime|Drama|Romance,6.0,7,IN,,,,
1539971,tt2023669,Q21646957,Sahil,Sahil,1959-01-01,0,Drama|Romance,0.0,0,IN,,,,
307432,tt0231470,,Do Behnen,Do Behnen,1959-01-01,0,Drama|Romance,6.0,2,IN,,,,
307963,tt0213828,,Maa Ke Ansoo,Maa Ke Ansoo,1959-01-01,0,,7.0,1,,,,,
304986,tt3173676,,Jaalsaaz,Jaalsaaz,1959-01-01,0,,0.0,0,,,,,
306137,tt0242307,Q12442474,Bedard Zamana Kya Jane,Bedard Zamana Kya Jane,1959-01-01,0,,9.0,1,,,,,
307857,tt0250229,,Baap Bete,Baap Bete,1959-01-01,0,,10.0,1,,,,,
322363,,,O Tera Kya Kahna,O Tera Kya Kahna,1959-01-01,0,,0.0,0,,,,,
322287,,,Sabash Ramudu,Sabash Ramudu,1959-01-01,0,,0.0,0,,,,,
326495,tt2530482,,Do Gunde,Do Gunde,1959-01-01,0,,0.0,0,,,,,
1006650,tt1045627,,Jungle King,Jungle King,1959-01-01,0,Adventure,0.0,0,,,,,
952304,tt0398974,,Dr. Shaitan,Dr. Shaitan,1960-12-09,96,Science Fiction|Horror,9.0,1,IN,,,,
48388,tt0053767,Q11043170,Dil Apna Aur Preet Parai,दिल अपना और प्रीत पराई,1960-01-01,155,Drama|Romance,6.0,3,IN,,,Himachal Pradesh (India),India
44519,tt0054098,Q1367294,Mughal-e-Azam,मुगल-ए-आज़म,1960-08-05,197,Drama|Romance,7.0,64,IN,India,India,Mughal Empire,Mughal Empire
72576,tt0050322,Q231964,Do Ankhen Barah Haath,Do Ankhen Barah Haath,1960-05-20,143,Thriller|Crime|Drama|Comedy,7.6,10,IN,,,,
308300,tt2100612,Q7317181,Return of Mr. Superman,Mr. Superman Ki Waapsi,1960-01-01,0,Action|Adventure,3.0,1,IN,,,,
1069657,tt0230834,,Superman,Superman,1960-01-01,10,,8.2,3,IN,,,,
715266,tt0242301,,Basant,Basant,1960-01-01,165,,8.0,1,,,,,
953305,tt0269080,Q30592015,Chhabili,Chhabili,1960-01-01,75,Documentary,10.0,1,IN|IL,,,,
1050885,,,College Girl,College Girl,1960-01-01,145,Romance|Comedy,0.0,0,IN,,,,
420828,tt0054430,Q7902072,Usne Kaha Tha,Usne Kaha Tha,1960-10-12,134,Romance|War,8.0,1,IN,,,,
1442364,tt0055444,Q7500200,Shola Aur Shabnam,Shola Aur Shabnam,1960-06-24,135,,0.0,1,,,,,
409248,tt0053985,Q11205015,Kanoon,Kanoon,1960-01-08,150,Drama,6.7,7,IN,,,,
93610,tt0053706,Q3423486,The Full Moon,चौदहवीं का चाँद,1960-01-01,169,Music|Romance,6.1,10,IN,,,Uttar Pradesh (India),India
324104,tt0157207,Q24905307,Zimbo Comes To Town,Zimbo Comes To Town,1960-01-01,137,,7.0,1,,,,,
71296,tt0053965,Q1349873,Jis Desh Mein Ganga Behti Hai,जिस देश में गंगा बहती है,1960-08-01,181,Comedy|Music,6.1,7,IN,,,,
116887,tt0053708,Q3419772,Chhalia,छलिया,1960-07-19,135,Romance,7.5,2,IN,,,,
83595,tt0055276,Q10954031,The Test,परख,1960-08-05,136,Family|Drama,6.8,5,IN,,,,
1463819,,,Air Mail,Air Mail,1960-01-01,0,,0.0,0,,,,,
848509,tt0135544,Q10952052,Mehlon Ke Khwaab,महलों के ख़्वाब,1960-03-09,122,Drama|Comedy,9.0,1,IN,,,,
1202722,tt0233345,Q55605466,Bindya,बिंदिया,1960-12-29,165,Drama,10.0,1,IN,,,,
284652,tt0053980,Q3419781,Kala Bazar,काला बाजार,1960-09-09,163,Romance|Action|Crime|Drama|Music,6.1,8,IN,,,,
543958,tt0391555,Q24905309,Zameen Ke Tare,Zameen Ke Tare,1960-01-01,112,Drama|Family,7.0,1,IN,,,,
82119,tt0137362,Q4777868,Anuradha,अनुराधा,1960-07-22,141,Family|Drama|Romance,6.1,9,IN,,,,
670664,tt0146794,Q5557706,Ghunghat,Ghunghat,1960-01-01,152,,8.0,1,IN,,,,
304584,tt0053791,Q5350230,Ek Phool Char Kaante,एक फूल चार काँटे,1960-01-01,136,Comedy|Drama|Romance,6.0,3,IN,,,,
320099,tt0321259,,Apna Haath Jagannath,अपना हाथ जगन्नाथ,1960-01-01,173,,10.0,1,,,,,
1200611,tt0374114,,Patang,पतंग,1960-01-01,140,Comedy|Crime|Drama,7.0,2,IN,,,,
546311,tt0053999,Q6426000,Kohinoor,Kohinoor,1960-11-04,151,Action|Adventure|Comedy,5.3,3,IN,,,,
410339,tt0053629,Q10951889,Bombai Ka Babu,Bombai Ka Babu,1960-12-02,137,Drama|Crime|Romance,6.7,3,IN,,,,
275931,tt0130797,Q13522678,Jaali Note,Jaali Note,1960-01-01,124,,7.0,3,,,,,
1315801,tt3157802,,Wild Cat,बम्बई की बिल्ली,1960-01-01,0,Horror|Thriller,0.0,0,IN,,,,
930268,tt0156287,Q19881973,Angulimala,Angulimala,1960-01-01,127,History,10.0,1,,,,,
929095,tt0147036,Q6783848,Masoom,मासूम,1960-11-25,120,Drama,9.0,1,IN,,,,
1199868,tt0156723,,Lal Quila,लाल किल्ला,1960-10-22,134,Thriller,6.5,2,IN,,,,
413921,tt0318405,Q6691818,Love in Simla,शिमला में प्यार,1960-01-01,0,Comedy|Drama|Family,7.0,2,IN,,,Himachal Pradesh (India),India
410340,tt0053637,Q3419756,Barsaat Ki Raat,Barsaat Ki Raat,1960-01-01,142,Drama|Music|Romance,6.5,4,IN,,,,
307619,tt0054302,Q1226196,Shriman Satyawadi,Shriman Satyawadi,1960-01-01,146,Action|Crime|Drama,10.0,1,IN,,,,
1195221,tt0158291,Q24905313,Tu Nahin Aur Sahi,तू नहीं और सही,1960-01-01,147,Drama|Romance,8.0,1,IN,,,,
307874,tt0158551,,Chand Mere Aja,Chand Mere Aja,1960-01-01,0,Action|Drama|Family,8.0,1,IN,,,,
1409778,,,Images of Kumbha Mela,Images of Kumbha Mela,1960-03-19,11,Documentary,0.0,0,IN,,,,
581090,tt0054059,Q6753474,Manzil,Manzil,1960-01-01,0,,5.0,4,IN,,,,
1301143,tt3697342,,The Cruel Sorcerer,जालिम जादूगर,1960-01-01,0,Fantasy|Horror,0.0,0,IN,,,,
304195,tt0215535,,Babar,बाबर,1960-01-01,128,Drama,6.2,4,IN,,,,
790295,tt0230133,,Delhi Junction,Delhi Junction,1960-01-01,0,,10.0,1,IN,,,,
304243,tt0271587,Q25206580,Kalpana,कल्पना,1960-05-01,131,Romance,8.0,2,IN,,,,
819787,tt0312871,Q6406319,Kiklee,Kiklee,1960-01-01,0,Drama,8.0,1,,,,Punjab (India),India
272172,tt0231254,Q4899706,Bewaqoof,Bewaqoof,1960-01-01,0,Drama,7.5,2,IN,,,,
833107,tt0364524,,Miya Bibi Razi,Miya Bibi Razi,1960-05-24,0,,7.0,1,,,,,
302921,tt3687648,,Mukti,मुक्ति,1960-01-01,0,,0.0,0,,,,,
1010296,tt1565388,,Banjarin,Banjarin,1960-07-26,129,,0.0,0,,,,,
307517,tt0158585,Q82374,Dharmputra,धर्म पुत्र,1961-12-28,150,Drama|History,5.5,2,IN,,,Delhi (India),India
300917,tt0383259,,Char Diwari,Char Diwari,1961-01-01,136,Romance|Drama,10.0,1,IN,,,,
952306,tt2769474,,Miss Chalbaaz,Miss Chalbaaz,1961-07-14,0,Science Fiction|Thriller,0.0,0,IN,,,,
741578,tt0381528,Q12448654,Razia Sultana,Razia Sultana,1961-01-01,138,,7.7,3,,,,,
304217,tt0146791,Q10952924,Gharana,Gharana,1961-02-22,0,Family|Comedy|Drama,6.3,3,IN,,,,
854876,tt0055385,Q10953277,Roop Ki Rani Choron Ka Raja,Roop Ki Rani Choron Ka Raja,1961-01-01,0,,8.0,1,,,,,
447171,tt0269665,Q56768,Opera House,ऑपेरा हाउस,1961-03-14,0,Drama|Action|Crime|Thriller,9.0,1,,,,Mumbai (India),India
1032665,tt0379167,Q18161997,Amar Rahe Yeh Pyar,Amar Rahe Yeh Pyar,1961-01-01,121,Drama,10.0,1,,,,,
1773830,tt0156950,Q10953530,Reshmi Rumal,रेशमी रूमाल,1961-01-01,150,Romance,0.0,0,,,,,
308230,tt0055220,Q3419729,Nazrana,नजराना,1961-01-01,130,,8.0,1,IN,,,,
54510,tt0054910,Q1554659,Gunga Jumna,गंगा जमुना,1961-11-10,178,Drama,6.2,6,IN,,,,
767586,tt0176192,Q7622761,Stree,Stree,1961-01-01,139,,6.0,2,IN,,,,
1463840,,,Lucky Number,Lucky Number,1961-01-01,0,,0.0,0,,,,,
309189,tt0139549,Q11045780,Pyaar Ka Saagar,प्यार का सागर,1961-01-01,152,Drama|Music,10.0,2,IN,,,,
78189,tt0225961,Q5936489,Hum Dono,हम दोनों,1961-02-04,164,Romance|Drama,6.7,7,IN,,,,
307949,tt0138323,Q4900484,Bhabhi Ki Chudiyan,Bhabhi Ki Chudiyan,1961-01-01,0,,9.0,1,,,,,
844889,tt0232066,Q12446485,Maya,माया,1961-11-24,148,Drama|Romance,7.5,2,IN,,,,
418650,tt0054737,Q5094855,Chhaya,छाया,1961-01-01,155,Romance|Drama,7.5,2,IN,,,,
1300959,tt3638474,,Anarbala,আনারবালা,1961-04-19,141,Fantasy|Horror,0.0,0,IN,,,,
473071,tt0176074,,Pyar Ki Pyas,Pyar Ki Pyas,1961-05-19,144,Drama,8.0,1,IN,,,,
159439,tt0055035,Q958433,Junglee,जंगली,1961-10-31,150,Comedy|Drama|Music,6.0,7,IN,,,,
320228,tt0246916,Q7425836,Sasural,Sasural,1961-01-01,0,,9.0,1,,,,,
308470,tt0055039,Q6344463,Kabuliwala,काबुलीवाला,1961-12-13,134,Drama,7.7,3,IN,,,Kolkata (India),India
307618,tt0214082,Q25218192,Saranga,Saranga,1961-01-01,130,,7.0,1,IN,,,,
327508,tt0152400,Q7492834,Shehar Aur Sapna,Shehar Aur Sapna,1961-12-31,120,,7.0,1,IN,,,Mumbai (India),India
746882,tt0232583,Q10951276,Sapne Suhane,Sapne Suhane,1961-01-01,135,Romance,8.0,1,,,,,
306359,tt0283989,Q128626648,Chhote Nawab,Chhote Nawab,1961-01-01,147,Romance|Comedy|Drama,9.0,1,IN,,,,
307864,tt0053566,Q4662676,Aas Ka Panchhi,Aas Ka Panchhi,1961-01-01,159,Drama,8.0,2,IN,,,,
306416,tt0130803,Q10953139,Jhumroo,Jhumroo,1961-01-27,171,Comedy|Drama|Music,8.0,1,IN,,,,
272218,tt0230348,Q3423444,Jab Pyar Kisise Hota Hai,जब प्यार किसी से होता है,1961-01-01,140,Comedy|Drama,6.0,3,IN,,,,
304703,tt0415024,Q19891675,Hamari Yaad Aayegi,हमारी याद आएगी,1961-01-01,130,Drama,10.0,1,IN,,,,
55089,tt0242840,Q7410189,Sampoorna Ramayanam,संपूर्ण रामायण,1961-01-01,183,,7.3,3,,,,,
83009,tt0055164,Q6815160,Mem-didi,मेम दीदी,1961-01-01,136,Drama|Comedy,6.5,3,IN,,,,
1406487,tt0155675,,Do Bhai,Do Bhai,1961-07-04,0,Family|Drama,7.5,2,,,,,
977369,tt0156883,,Pyase Panchhi,Pyase Panchhi,1961-01-01,142,Comedy|Drama|Music,8.0,1,IN,,,,
746889,tt0482800,Q6928769,Mr. India,Mr. India,1961-01-01,179,Comedy,9.0,1,IN,,,,
1301701,tt2113694,,Krorepati,Krorepati,1961-01-01,134,,0.0,0,,,,,
895482,tt0139749,Q64768416,Zindagi aur Khwab,Zindagi aur Khwab,1961-11-11,0,,9.0,1,,,,,
340007,tt0372038,Q18171006,Zabak,Zabak,1961-01-01,156,,8.0,1,,,,,
683034,tt0156922,Q10952830,Rakhi,राखी,1962-01-01,153,,9.0,1,IN,,,,
884652,tt0234195,Q10954636,Man-Mauji,Man-Mauji,1962-05-10,141,Comedy,10.0,1,IN,,,,
476908,tt1301717,,Shree Ganesh,Shree Ganesh,1962-01-01,140,History|Adventure|Drama|Fantasy,0.0,0,IN,,,,
121480,tt0244409,Q4807360,Asli Naqli,असली नकली,1962-06-05,160,Drama|Romance,6.0,4,IN,,,,
1744688,tt0232529,,Reporter Raju,Reporter Raju,1962-11-30,138,Action|Crime|Drama,0.0,0,IN,,,,
381898,tt0055949,Q5350214,Ek Musafir Ek Hasina,Ek Musafir Ek Hasina,1962-02-09,149,Mystery|Action|Comedy,7.7,3,IN,,,,
48924,tt0056213,Q3427493,Main Chup Rahungi,Main Chup Rahungi,1962-01-01,147,Drama|Family,6.5,2,IN,,,,
109484,tt0268489,Q17078152,Naughty Boy,Naughty Boy,1962-01-01,120,Drama,10.0,1,IN,,,,
904395,tt0355716,Q10952512,Maa Beta,Ma Beta,1962-01-01,138,Comedy|Crime|Drama,7.0,1,IN,,,,
70366,tt0056436,Q841019,Sahib Bibi Aur Ghulam,साहिब बीबी और ग़ुलाम,1962-07-29,152,Drama|Music,6.9,13,IN,,,Kolkata (India),India
410239,tt0234700,Q7459907,Shaadi,शादी,1962-01-01,133,Drama|Action|Comedy,9.0,6,IN,,,,
377498,tt0055783,Q4880107,Bees Saal Baad,Bees Saal Baad,1962-12-28,158,Music|Thriller|Mystery|Horror,7.0,5,IN,,,,
114711,tt0056806,Q3444114,Aarti,आरती,1962-08-03,156,Romance|Drama|Family,7.0,1,IN,,,,
316821,tt0056379,Q3444238,Professor,प्रोफ़ेसर,1962-01-01,167,Drama|Romance|Comedy,6.4,9,IN,,,,
414759,tt0250339,Q1225391,Dil Tera Diwana,दिल तेरा दीवाना,1962-01-01,149,Comedy|Drama|Romance,6.5,4,IN,,,,
695903,tt0176313,,Vallah Kya Baat Hai,Vallah Kya Baat Hai,1962-01-01,135,,8.0,1,IN,,,,
307621,tt0232674,Q7560647,Son of India,Son of India,1962-01-01,155,Drama,8.0,2,IN,,,,
1202460,tt0212721,Q121224186,Ankh Micholi,आँख मिचौली,1962-01-01,126,Crime|Drama|Mystery,10.0,1,IN,,,,
692156,tt0233774,Q5520993,O Mother Ganga I Will Offer You a Yellow Cloth,Ganga Maiya Tohe Piyari Chadhaibo,1962-01-01,120,,7.0,1,,,,,
402083,tt0232591,Q134403149,Sautela Bhai,सौतेला भाई,1962-01-05,137,Drama|Family,10.0,1,IN,,,,
515828,tt0395662,Q10949868,Mehndi Lagi Mere Haath,मेहेंदी लगी मेरे हाथ,1962-01-01,128,Comedy|Drama|Romance,8.0,1,IN,,,,
307514,tt0268220,Q5099935,China Town,China Town,1962-10-05,139,Comedy|Crime|Romance,7.0,2,IN,,,Kolkata (India),India
410332,tt0206554,Q12413487,Anpadh,अन्पढ,1962-02-01,150,Drama,7.0,3,IN,,,,
301124,tt0156593,Q3427474,Hariyali Aur Rasta,Hariyali Aur Rasta,1962-01-01,160,Romance,5.7,3,IN,,,,
654801,tt0373731,Q10954088,Bombay Ka Chor,Bombay Ka Chor,1962-01-01,0,Crime|Mystery,9.5,2,IN,,,,
490166,tt0056367,Q7240167,Prem Patra,Prem Patra,1962-01-01,157,Drama|Romance,6.7,3,IN,,,,
845734,tt0056120,Q3427431,Jhoola,Jhoola,1962-01-01,147,,7.0,1,IN,,,,
304214,tt0055930,Q5304450,Dr. Vidya,Dr. Vidya,1962-11-18,0,Drama,10.0,1,,,,,
988947,tt2762900,,Hong Kong,Hong Kong,1962-01-01,0,Thriller,0.0,0,,,,,
737286,tt0410064,,Hawa Mahal,Hawa Mahal,1962-05-01,102,Action|Fantasy|Comedy|Adventure,9.0,1,IN,,,,
636401,tt0242576,Q10951146,King Kong,King Kong,1962-04-04,142,Fantasy,8.0,1,IN,,,,
306156,tt0056052,Q1570954,Half Ticket,हाफ टिकट,1962-10-19,168,Comedy,8.0,4,IN,,,,
353811,tt0055767,Q4837188,Baat Ek Raat Ki,बात एक रात की,1962-08-09,145,Mystery|Romance|Thriller,7.3,3,IN,,,,
1019973,tt0056047,Q19891664,Eleven Thousand Girls,Gyara Hazar Ladkian,1962-01-25,2,Drama,9.0,1,IN,,,,
301063,tt0054591,Q3419747,Aashiq,Aashiq,1962-01-01,150,Romance,9.0,1,IN,,,,
790299,tt0155286,Q10951605,Tower House,टावर हाउस,1962-01-01,135,Horror|Mystery,8.0,1,IN,,,,
304298,tt0399394,Q10952327,Nakli Nawab,Nakli Nawab,1962-01-01,0,Romance|Drama,7.5,2,IN,,,,
819747,tt0357463,Q4853940,Banarasi Thug,Banarasi Thug,1962-05-15,152,,10.0,1,,,,,
1621343,,,Pilot Project,Pilot Project,1962-01-01,0,Documentary,0.0,0,IN,,,,
322380,tt0368239,Q10952351,Sangeet Samrat Tansen,Sangeet Samrat Tansen,1962-01-01,0,,10.0,1,IN,,,,
1026973,tt0261214,Q7262828,Pyaar Kiya To Darna Kya,प्यार किया तो डरना क्या,1963-01-01,141,,9.0,1,IN,,,,
886852,tt0391562,,Zarak Khan,Zarak Khan,1963-01-01,0,,8.0,1,,,,,
304085,tt0364232,Q4880406,Begaana,Begaana,1963-01-01,0,Drama|Romance,9.0,1,IN,,,,
685123,tt0156817,,Cobra Girl,Cobra Girl,1963-01-01,133,Action|Drama|Fantasy,10.0,1,IN,,,,
304256,tt0139402,Q10954795,Kinare Kinare,Kinare Kinare,1963-07-12,0,Drama|Romance,7.5,2,IN,,,,
845729,tt0057699,Q13565025,Yeh Rastey Hain Pyar Ke,Yeh Rastey Hain Pyar Ke,1963-01-01,150,Crime|Drama|Romance,10.0,1,IN,,,,
410844,tt0056998,Q3429645,Dil Hi To Hai,Dil Hi To Hai,1963-01-01,0,Comedy|Romance|Drama,10.0,1,IN,,,,
1717335,,,Bhootnath,Bhootnath,1963-01-01,0,,0.0,0,,,,,
198832,tt0057332,Q1549129,Mujhe Jeene Do,Mujhe Jeene Do,1963-06-08,95,Action|Crime|Drama,6.2,5,IN,,,,
306174,tt0056232,Q10957300,Meri Surat Teri Ankhen,Meri Surat Teri Ankhen,1963-01-01,143,Romance,10.0,1,IN,,,,
692170,tt0234070,Q6466541,Laagi Nahi Chhute Ram,Laagi Nahi Chhute Ram,1963-01-01,142,Drama,10.0,1,IN,,,,
110868,tt0057120,Q1345821,Gumrah,Gumrah,1963-01-01,155,Drama|Romance|Family,3.2,4,IN,,,,
278304,tt0139003,Q10955654,Akeli Mat Jaiyo,अकेली मत जाइयो,1963-01-02,145,Romance|Drama,7.5,2,IN,,,,
304606,tt0242918,Q120868928,Sunehri Nagin,Sunehri Nagin,1963-01-01,125,,10.0,1,,,,,
178529,tt0057555,Q7676718,Taj Mahal,ताज महल,1963-01-31,145,Romance|Drama|History|Music,7.2,5,IN,,,Uttar Pradesh (India),India
306146,tt0139157,Q5276615,Dil Ek Mandir,Dil Ek Mandir,1963-01-18,148,Music|Drama|Romance,8.0,1,IN,,,,
309131,tt0057024,Q3429773,Ek Dil Sau Afsane,Ek Dil Sau Afsane,1963-01-01,0,Romance,9.0,1,IN,,,,
1717382,tt3544378,,Royal Mail,Royal Mail,1963-01-01,0,,0.0,0,IN,,,,
121487,tt0266765,Q3429766,Mere Mehboob,मेरे महबूब,1963-01-02,170,Drama,6.3,3,IN,,,Uttar Pradesh (India),India
499721,tt0056805,Q4661280,Aaj Aur Kal,Aaj Aur Kal,1963-01-01,144,Drama|Romance,7.0,1,IN,,,,
643304,tt0176128,Q19895718,Sehra,Sehra,1963-01-01,151,Romance|Drama|Family,7.0,2,IN,,,,
180617,tt0254372,Q10956888,Hamrahi,हमराही,1963-08-27,149,,6.2,3,IN,,,,
304221,tt0268342,Q10955829,Grahasti,ग्रहस्ती,1963-01-01,154,Drama,7.0,1,IN,,,,
82595,tt0056850,Q806318,Bandini,बन्दिनी,1963-01-01,157,Romance|Drama,6.2,15,IN,,,,
693090,tt0057631,Q95077284,Ustad Alauddin Khan,Ustad Alauddin Khan,1963-02-06,24,Documentary|Music,7.0,1,IN,,,,
304498,tt0362023,Q10957405,Phool Bane Angaare,Phool Bane Angaare,1963-01-01,0,,9.0,1,IN,,,,
82903,tt0057568,Q2404394,Tere Ghar Ke Samne,तेरे घर के सामने,1963-04-05,149,Comedy|Music|Romance,5.2,11,IN,,,,
515665,tt0447559,Q21647318,Ye Dil Kisko Doon,ये दिल किस्को दूं,1963-01-01,116,Drama|Romance,8.5,2,IN,,,,
306361,tt0057409,Q7186439,Phir Wohi Dil Laya Hoon,Phir Wohi Dil Laya Hoon,1963-01-01,0,Music|Romance,6.5,2,IN,,,,
97326,tt0213524,Q886119,Bluff Master,ब्लफ़ मास्टर,1963-01-04,135,Romance|Comedy|Drama,6.6,4,IN,,,,
307504,tt0390929,Q10956012,Bin Badal Barsaat,Bin Badal Barsaat,1963-11-17,154,Mystery|Horror,7.0,1,IN,,,,
322334,tt0370598,Q10949989,Godaan,Godaan,1963-01-01,110,Drama,7.3,3,IN,,,,
589583,tt0057356,Q6966400,Nartakee,Nartakee,1963-01-01,125,Drama,7.0,1,IN,,,,
307536,tt0207445,,Ek Raaz,Ek Raaz,1963-01-01,0,,9.0,1,IN,,,,
1026982,tt0448742,,Shaheed Bhagat Singh,Shaheed Bhagat Singh,1963-01-01,120,,7.0,1,IN,,,,
562661,tt0231806,Q10950196,Jab Se Tumhe Dekha Hai,जब से तुम्हें देखा है,1963-01-01,136,Romance,10.0,1,IN,,,,
91692,tt0175651,Q5530079,Gehra Daag,Gehra Daag,1963-01-01,122,Drama|Crime|Romance,8.0,1,IN,,,,
301821,tt0230771,Q7496544,Shikari,Shikari,1963-01-01,139,Horror|Action|Fantasy,5.5,2,IN,,,,
590796,tt0269331,,Holiday in Bombay,Holiday in Bombay,1963-01-01,102,Comedy|Romance,8.0,1,IN,,,,
692164,tt0290463,Q4904120,Bidesiya,Bidesiya,1963-01-01,100,Drama,8.0,1,IN,,,,
591598,tt0056866,Q2900654,Bharosa,Bharosa,1963-09-02,140,Comedy|Drama|Romance,9.0,1,IN,,,,
564458,tt0256424,,Tarzan and the Magician,Tarzan aur Jadugar,1963-08-28,0,Adventure,9.0,1,IN,,,,
1007636,tt0268331,Q10955618,Ghar Basake Dekho,Ghar Basake Dekho,1963-01-01,139,,10.0,1,,,,,
606026,tt0242760,Q7135966,Parasmani,Parasmani,1963-01-04,137,Adventure|Drama|Fantasy,6.5,2,IN,,,,
304670,tt0158314,Q10950420,Ustadon Ke Ustad,Ustadon Ke Ustad,1963-01-01,144,,8.0,1,,,,,
1202256,tt0231684,,Gul-e-Bakavali,गुल-इ-बकावली,1963-01-01,127,Fantasy,8.0,1,IN,,,,
543928,tt0175608,Q24905840,Faulad,Faulad,1963-11-23,0,,7.0,1,IN,,,,
1448077,,,Kabli Khan,Kabli Khan,1963-01-01,123,,0.0,0,,,,,
1300893,tt3628766,,Black Magic,काला जादू,1963-01-01,0,Fantasy|Horror,0.0,0,IN,,,,
276879,tt0138360,Q15733731,Chitralekha,चित्रलेखा,1964-01-01,135,History,7.0,1,IN,,,,
1770478,tt3238284,,Khooni Khazana,Khooni Khazana,1964-01-01,130,Action|Adventure|Crime|Mystery|Thriller,0.0,0,IN,,,,
672982,tt0254164,Q4842934,Bahurani,Bahurani,1964-04-01,0,,10.0,1,,,,,
48926,tt0058547,Q1571956,Sangam,संगम,1964-06-18,238,Romance|Drama|Music,7.4,19,IN,Paris (France)|Switzerland,France|Switzerland,,
412961,tt0357926,Q3444200,Mr. X in Bombay,Mr. X in Bombay,1964-01-01,126,Science Fiction|Romance|Thriller|Horror,8.0,2,IN,,,Mumbai (India),India
1019666,tt0139446,Q6735930,Main Bhi Ladki Hoon,Main Bhi Ladki Hoon,1964-10-08,0,,8.0,1,,,,,
326781,tt0154565,Q10950983,Haqeeqat,हक़ीकत,1964-02-03,169,War|Action|Drama|Music,6.2,5,IN,,,Jammu and Kashmir (India),India
306134,tt0233147,Q4831133,Ayee Milan Ki Bela,Ayee Milan Ki Bela,1964-01-01,0,Romance,7.0,3,,,,,
115235,tt0058759,Q1517012,Yaadein,यादें,1964-01-01,113,Drama|Mystery,6.8,4,IN,,,,
322289,tt0139584,Q17080618,Sanjh Aur Savera,Sanjh Aur Savera,1964-01-01,134,Drama|Family|Romance,7.0,1,IN,,,,
171195,tt0232960,Q1550549,Woh Kaun Thi,Woh Kaun Thi,1964-02-07,140,Mystery|Thriller|Drama|Romance,7.6,10,IN,,,Himachal Pradesh (India),India
168155,tt0057884,Q10954747,Beti Bete,Beti Bete,1964-01-10,150,,9.0,1,,,,,
172658,tt0146645,Q3429760,Dosti,दोस्ती,1964-03-02,163,Drama|Family,7.9,8,IN,,,,
305893,tt0234230,Q6817877,Mera Qasoor Kya Hai,Mera Qasoor Kya Hai,1964-04-13,0,Drama,9.0,1,IN,,,,
171494,tt0371598,Q10952682,Cha Cha Cha,Cha Cha Cha,1964-11-17,129,Music|Romance,6.8,2,IN,,,,
308258,tt0135647,Q10955294,Sharabi,Sharabi,1964-01-01,135,Drama|Romance,9.0,1,IN,,,,
428621,tt0314557,Q7286287,Rajkumar,राजकुमार,1964-10-20,178,Drama,6.7,3,IN,,,,
412648,tt0058270,Q6426138,Kohraa,कोहरा,1964-01-04,136,Thriller|Drama|Music|Mystery|Horror,4.3,3,IN,,,,
307845,tt0058240,Q28178904,Ishaara,Ishaara,1964-01-01,129,Drama,10.0,1,IN,,,,
786576,tt0215219,Q10952863,Suhagan,सुहागन,1964-02-26,134,Drama|Romance|Music,9.0,1,IN,,,,
1022055,tt3097566,,Sons of Hercules,Sons of Hercules,1964-01-01,80,Action,0.0,0,,,,,
143543,tt0058257,Q960234,Kashmir Ki Kali,कश्मीर की कली,1964-11-20,168,Drama,5.3,7,IN,,,Jammu and Kashmir (India),India
1118179,tt0357433,Q618735,Apne Huye Paraye,Apne Huye Paraye,1964-01-01,136,Drama|Family,8.0,1,IN,,,,
1541004,tt0386371,Q10956612,Chandi Ki Deewar,Chandi Ki Deewar,1964-01-01,0,Romance,10.0,1,IN,,,,
310887,tt0057882,Q10955484,Benazir,Benazir,1964-06-19,158,Drama|Romance,10.0,1,IN,,,,
440582,tt0058467,Q7187345,Phoolon Ki Sej,फूलों की सेज,1964-01-01,148,,8.0,1,IN,,,,
672984,tt0137847,Q6123038,Jahan Ara,Jahan Ara,1964-11-20,0,,10.0,2,IN,,,,
1021516,tt0155161,Q7460117,Shabnam,Shabnam,1964-01-01,129,Adventure,9.0,1,,,,,
904222,tt0057815,Q10949659,Aao Pyaar Karein,Aao Pyaar Karen,1964-06-01,122,Drama|Romance,9.5,2,US,,,,
356600,tt0058287,Q620100,Leader,Leader,1964-03-01,176,,7.5,2,,,,,
1203100,tt0231426,,Darasingh,डरा सिंह,1964-01-01,144,Action|Adventure|Drama,6.5,2,IN,,,,
861262,,,Our National Anthem,हमारा राष्ट्रगान,1964-01-01,10,Animation|Documentary,0.0,0,IN,,,,
454388,tt0156997,,Samson,Samson,1964-01-01,137,Action|Adventure,9.0,2,,,,,
828597,tt0058045,Q3429561,Dulha Dulhan,Dulha Dulhan,1964-01-01,141,Comedy,7.0,1,IN,,,,
306129,tt0233145,Q4661629,Aap Ki Parchhaiyan,आप की परछाइयाँ,1964-01-01,0,Drama|Music,7.0,1,IN,,,,
1225228,tt0440196,Q18111046,Char Dervesh,Char Dervesh,1964-02-14,155,Adventure|Fantasy,8.0,1,IN,,,,
583696,tt0268631,Q17081077,Shagoon,Shagoon,1964-01-01,125,,8.0,1,IN,,,Delhi (India),India
307530,tt0214639,Q10956161,Door Ki Awaz,Door Ki Awaz,1964-01-01,0,,8.0,1,IN,,,,
306365,tt0156903,Q7228523,Pooja Ke Phool,Pooja Ke Phool,1964-04-03,161,,10.0,1,IN,,,,
845589,tt0058772,Q8071486,Ziddi,ज़िद्दी,1964-01-01,0,,8.0,1,,,,,
989407,tt0214083,,Sarfarosh,Sarfarosh,1964-01-01,0,History,10.0,1,,,,,
304162,tt0229951,,Aaya Toofan,Aaya Toofan,1964-01-01,140,,7.0,2,,,,,
895470,tt0058774,Q8072332,Zindagi,Zindagi,1964-01-01,158,Drama|Family|Music,8.0,1,IN,,,,
557901,tt0175729,,Hercules,Hercules,1964-01-01,0,Adventure,9.0,1,,,,,
322356,,,Mujrim Kaun Khooni Kaun,Mujrim Kaun Khooni Kaun,1964-01-01,0,,0.0,0,,,,,
712456,tt0154954,Q10955583,Nishan,Nishan,1965-01-01,0,,5.5,2,IN,,,,
80484,tt0059246,Q848664,Guide,Guide,1965-02-06,183,Romance|Drama,6.744,41,IN,,,,
82243,tt0247394,Q1554489,Gumnaam,गुमनाम,1965-02-06,151,Mystery|Thriller|Horror,6.0,24,IN,,,,
71299,tt0059893,Q918629,Waqt,वक़्त,1965-07-28,178,Crime|Drama|Romance,6.7,13,IN,,,,
1555870,,,Flying Man,Flying Man,1965-01-01,0,,0.0,0,,,,,
904500,tt3147332,,Panch Ratan,Panch Ratan,1965-01-01,145,Action,0.0,0,,,,,
168159,tt0231827,Q20814587,Johar-Mehmood in Goa,Johar-Mehmood in Goa,1965-04-01,0,Comedy|Action|Adventure,7.7,3,IN,,,,
337182,tt0155179,Q21647009,"Sinbad, Alibaba and Aladdin","सिंदबाद, अलीबाबा और अलादीन",1965-04-15,141,Adventure|Fantasy,9.0,1,IN|JP,,,Baghdad (Iraq),Iraq
1555867,,,Bekhabar,Bekhabar,1965-01-01,0,,0.0,0,,,,,
309214,tt0058921,Q4802764,Arzoo,Arzoo,1965-01-15,177,Romance|Drama,7.0,3,IN,,,Jammu and Kashmir (India),India
38599,tt0317751,Q10951073,Janwar,Janwar,1965-01-01,247,Comedy|Music|Romance,7.0,3,IN,,,,
413908,tt0357769,Q10957174,Hum Sab Ustad Hain,Hum Sab Ustad Hain,1965-01-01,136,Action|Comedy,7.0,2,,,,,
121610,tt0293589,Q7461527,Shaheed,शहीद,1965-01-01,150,Drama|History,8.0,2,IN,,,British Empire,British Empire
564454,tt0176219,,Tarzan Comes to Delhi,Tarzan Comes to Delhi,1965-01-01,121,Adventure,10.0,1,IN,,,,
1555872,,,Flying Circus,Flying Circus,1965-01-01,0,,0.0,0,,,,,
485315,tt0156254,Q4661130,Aadhi Raat Ke Baad,आधी रात के बाद,1965-01-01,137,Horror|Science Fiction,8.0,2,IN,,,,
276855,tt0274944,Q7694291,Teen Devian,Teen Devian,1965-01-01,123,Romance|Music,8.0,2,IN,,,Kolkata (India),India
885515,tt0357875,Q10953099,Lootera,Lootera,1965-11-18,0,Action|Drama|Music|Romance,10.0,1,IN,,,,
82199,tt0271397,Q4901983,Bhoot Bungla,भूत बंगला,1965-01-01,140,Drama|Mystery|Horror|Comedy,7.2,6,IN,,,,
76682,tt0305689,Q10952657,Jab Jab Phool Khile,जब जब फूल खिले,1965-01-07,147,Drama|Romance,5.4,4,IN,,,Jammu and Kashmir (India),India
82194,tt0059445,Q3417204,Mere Sanam,मेरे सनम,1965-11-13,167,Romance|Music|Drama,7.0,2,IN,,,,
306125,tt0308640,Q10950176,Neela Akash,Neela Akash,1965-01-01,0,,10.0,1,,,,,
819005,tt0232032,,Main Hoon Jadugar,Main Hoon Jadugar,1965-04-07,131,Fantasy|Adventure,8.0,1,IN,,,,
304213,tt0379299,Q5529934,Geet Gaaya Pattharonne,Geet Gaaya Pattharonne,1965-01-15,0,Romance,6.0,5,IN,,,,
172662,tt0156606,Q5764942,Himalay Ki Godmein,Himalay Ki Godmein,1965-01-01,120,Family|Adventure,6.0,3,IN,,,,
1463158,tt0372349,,Where There Is Truth There Is God,Jahan Sati Wahan Bhagwan,1965-01-01,138,Adventure|Drama|History,7.0,1,IN,,,,
634486,tt0207320,Q10954689,Bahu Beti,Bahu Beti,1965-09-27,132,,10.0,1,IN,,,,
539411,tt0059354,Q1740539,Khandan,Khandan,1965-09-23,158,Drama|Music,8.0,2,IN,,,,
276005,tt0139548,Q48673917,Purnima,Purnima,1965-05-27,120,,9.0,1,IN,,,,
324796,tt0236554,Q3417302,Oonche Log,ऊँचे लोग,1965-08-16,144,Comedy|Drama|Family,6.5,6,IN,,,,
1262584,tt0388299,Q10954940,Noor Mahal,नूर महल,1965-01-01,120,Drama|Horror,8.0,1,IN,,,,
584291,tt2959058,Q20814488,Dak Ghar,डाकघर,1965-01-01,60,Drama,0.0,0,IN,,,,
627655,tt0139065,Q11107019,Bheegi Raat,Bheegi Raat,1965-12-10,157,Comedy|Drama|Romance,8.0,2,IN,,,,
1449665,tt0175500,,Boxer,Boxer,1965-09-01,138,,9.0,1,,,,,
306161,tt0139398,Q3444280,Kaajal,Kaajal,1965-12-09,170,Music|Romance,5.3,3,IN,,,,
1534020,tt0236358,,Kanyadan,कन्यादान,1965-01-01,102,Drama,10.0,1,IN,,,,
1010301,tt0059610,Q7228699,Night of the Full Moon,पूनम की रात,1965-01-01,136,Mystery|Horror,8.0,1,IN,,,,
321104,tt0242636,Q6732707,Mahabharat,Mahabharat,1965-01-01,163,Drama|Adventure|Action|Fantasy,8.0,3,IN,,,,
679729,tt0235963,Q4700340,Aakash Deep,Aakash Deep,1965-01-01,146,Drama,10.0,1,,,,,
418651,tt0175572,Q13564854,Do Dil,Do Dil,1965-01-01,0,Romance,9.0,1,IN,,,,
1101722,tt0244508,,Faraar,Faraar,1965-01-01,137,Mystery|Thriller,9.0,1,IN,,,,
307840,tt0149574,Q19881631,Sky palace,Aasman Mahal,1965-01-01,0,,8.0,1,,,,,
1489750,tt43632359,,Light,Light,1965-05-27,12,Drama,0.0,0,IN,,,,
1063517,tt0215126,Q10955801,Rishte Naate,Rishte Naate,1965-01-01,158,Drama,10.0,1,IN,,,,
1304752,tt3439412,,Fauladi Mukka,फौलादी मुक्का,1965-01-01,129,Fantasy|Horror,0.0,0,IN,,,,
308311,tt0059787,,Teesra Kaun,Teesra Kaun,1965-01-01,0,Drama|Action|Crime,9.0,1,IN,,,,
1135136,,Q98341437,Convey The Message,Kahi Debe Sandesh,1965-04-16,0,,0.0,0,IN,,,,
1489377,tt0214731,,A Great Day,A Great Day,1965-05-26,13,Comedy,8.0,1,IN,,,,
1489382,,,The Betrayal,The Betrayal,1965-01-01,11,Drama,0.0,0,IN,,,,
547200,tt0176220,,Tarzan and King Kong,Tarzan and King Kong,1965-11-05,0,,6.5,2,,,,,
321428,tt0214653,Q5316845,Dus Lakh,Dus Lakh,1966-01-01,0,,7.0,1,IN,,,,
309112,tt0244430,Q10957165,Biwi Aur Makan,Biwi Aur Makan,1966-01-01,126,Comedy,8.0,2,IN,,,,
307605,tt0371894,Q7239758,Preet Na Jane Reet,Preet Na Jane Reet,1966-01-01,0,Romance,10.0,1,IN,,,,
77023,tt0176011,Q10957483,Pati Patni,Pati Patni,1966-06-14,159,,7.0,1,,,,,
687665,,,Yatrik,Yatrik,1966-10-10,20,,0.0,0,IN,,,,
306144,tt0060310,Q5276609,Dil Diya Dard Liya,दिल दिया दर्द लिया,1966-01-01,169,Drama|Romance,5.2,4,IN,,,,
302443,tt0154189,Q10957928,Badal,Badal,1966-01-01,140,,10.0,1,IN,,,,
444988,tt0357483,,Biradari,बिरादरी,1966-01-04,140,Drama,7.0,2,IN,,,,
1699436,tt0216030,,Netaji Subhash Chandra Bose,Netaji Subhash Chandra Bose,1966-01-01,150,Drama,0.0,0,,,,,
1072167,tt0176110,,Rustam Kaun ?,Rustam Kaun ?,1966-01-01,131,Adventure|Horror,7.0,1,IN,,,,
1131739,tt0213551,,Chhota Bhai,Chhota Bhai,1966-01-01,136,,10.0,1,,,,,
901532,,,Swimmy,Swimmy,1966-01-01,6,,0.0,0,IN,,,,
307523,tt0371636,Q773857,Dil Ne Phir Yaad Kiya,Dil Ne Phir Yaad Kiya,1966-01-01,0,Drama|Romance,6.5,2,IN,,,,
1667522,,,Sarhadi Lutera,Sarhadi Lutera,1966-01-01,0,,0.0,0,,,,,
564674,tt0390654,Q21647337,Zimbo Finds a Son,ज़िम्बो का बेटा,1966-02-18,0,,9.0,1,,,,,
302211,tt0316268,Q6890822,Love is life,मोहब्बत ज़िंदग़ी है,1966-01-01,0,,10.0,1,,,,,
74067,tt0176075,Q7262864,Pyar Kiye Jaa,प्यार किये जा,1966-02-18,154,Comedy|Romance|Drama,4.8,4,IN,,,,
311318,tt0229952,Q4662820,Aaye Din Bahar Ke,Aaye Din Bahar Ke,1966-04-14,170,Romance|Music,6.7,3,IN,,,,
205077,tt0060104,Q3428854,Amrapali,आम्रपाली,1966-09-11,121,War|Fantasy|History|Drama|Music|Romance,6.4,9,IN,,,Bihar (India),India
108286,tt0061073,Q2400208,Teesri Manzil,तीसरी मंज़िल,1966-10-21,175,Mystery|Thriller|Comedy,6.4,15,IN,,,,
1420463,tt0392139,Q10958489,Husn Aur Ishq,Husn Aur Ishq,1966-01-01,129,Fantasy|Adventure,8.0,1,,,,,
306426,tt0060659,Q10957454,Mamta,ममता,1966-02-27,150,Family|Music|Romance,4.2,4,IN,,,,
420826,tt0139525,Q7187333,Phool Aur Patthar,फूल और पत्थर,1966-10-12,162,Romance,6.5,4,IN,,,,
990320,tt0060319,Q12434207,Do Dilon Ki Dastaan,Do Dilon Ki Dastaan,1966-01-01,0,Romance,10.0,1,,,,,
1203076,tt0155185,Q10956987,Smuggler,स्मगलर,1966-01-01,131,Action|Crime,9.0,1,IN,,,,
257284,tt0061072,Q1552909,Teesri Kasam,तीसरी क़सम,1966-07-01,159,Romance|Comedy|Drama,6.6,9,IN,,,Bihar (India),India
540929,tt0350813,Q25302930,Dillagi,Dillagi,1966-08-06,148,,10.0,1,,,,,
426672,tt0060306,Q5266514,Devar,Devar,1966-03-04,164,Romance|Crime|Drama,10.0,1,IN,,,,
1060239,tt2149740,,The Glass Pane,The Glass Pane,1966-06-01,10,Drama,0.0,0,IN,,,,
108338,tt0176121,Q7428571,Sawan Ki Ghata,सावन की घटा,1966-01-01,136,Romance,7.2,4,IN,,,,
209943,tt0137361,Q3224540,Anupama,Anupama,1966-01-06,148,Family|Drama,7.0,8,IN,,,,
790673,tt0175546,Q3444254,Daadi Maa,Daadi Maa,1966-01-01,0,,7.0,1,IN,,,,
310663,tt0274743,Q7262865,Pyar Mohabbat,Pyar Mohabbat,1966-01-01,135,Adventure|Drama|Romance,7.0,2,IN,,,,
412829,tt0061206,Q10955017,Yeh Raat Phir Na Aaygi,यह रात फिर न आएगी,1966-01-07,139,Mystery|Drama|Romance|Thriller|Horror,7.5,2,IN,,,,
564453,tt0494993,,Tarzan and the Magical Lamp,Tarzan aur Jadui Chirag,1966-01-01,136,Fantasy|Adventure,8.0,1,IN,,,,
1299901,tt0351700,Q21646972,So Saal Baad,सो साल बाद,1966-12-29,0,Horror|Mystery,10.0,1,IN,,,,
1300920,tt0231950,,Lal Bangla,लाल बंगला,1966-01-01,135,Mystery|Horror,9.0,1,IN,,,,
307967,tt0230870,,Thakur Jarnail Singh,Thakur Jarnail Singh,1966-01-01,0,Action,7.0,1,IN,,,,
418652,tt0060444,Q3417268,Gaban,Gaban,1966-01-01,0,Crime|Drama|Romance,9.0,3,IN,,,,
1315798,tt0391442,Q10956948,Sannata,सन्नाटा,1966-01-01,0,Horror|Mystery,9.0,1,IN,,,,
1467337,,,Spy in Goa,Spy in Goa,1966-01-01,0,,0.0,0,,,,,
543969,tt0061046,Q7645317,Suraj,सूरज,1966-03-25,155,Romance|Music|Action,6.3,3,IN,,,India,India
725101,tt0358194,Q10955356,Tasveer,Tasveer,1966-10-02,145,Action,9.0,1,IN,,,,
306169,tt0060689,Q3419775,Mera Saaya,Mera Saaya,1966-01-01,128,Drama|Mystery,7.6,7,IN,,,,
344956,tt0157944,Q6691830,Love in Tokyo,लव इन टोक्यो,1966-01-01,166,Drama|Music|Romance|Comedy,4.7,3,IN,Japan,Japan,Japan,Japan
990319,tt0446894,Q21646063,Akalmand,Akalmand,1966-01-01,121,Comedy,9.0,1,,,,,
322335,tt3430032,Q127630081,Gogola,गोगोला,1966-05-07,133,Science Fiction|Horror,0.0,0,IN,,,,
306052,tt0140784,Q4661345,Aakhri Khat,आखिरी खत,1966-01-01,153,Drama,6.0,4,IN,,,,
758410,tt0234069,Q21646628,Laadla,लाडला,1966-01-01,139,Drama|Family,8.0,1,IN,,,,
1324959,tt0250532,,Love and Murder,लव अण्ड मर्डर,1966-01-01,123,Mystery|Horror,7.0,1,IN,,,,
1276651,tt2674044,,Khoon Ka Khoon,Khoon Ka Khoon,1966-01-01,0,Action|Romance|Drama,0.0,0,IN,,,,
306149,tt0231469,Q5285958,Do Badan,Do Badan,1966-01-01,139,,6.5,2,,,,,
757071,tt0418818,Q19893042,Girl From Sahyadri,Ladki Sahyadri Ki,1966-01-01,114,Drama|Thriller,7.0,1,,,,,
304066,tt0157296,Q11169610,Afsana,Afsana,1966-01-01,0,,7.0,1,IN,,,,
308051,tt0397743,Q10955953,Yeh Zindagi Kitni Haseen Hai,Yeh Zindagi Kitni Haseen Hai,1966-01-01,0,,6.5,2,,,,,
819814,tt0775088,,Main Wohi Hoon,Main Wohi Hoon,1966-01-01,0,,0.0,0,,,,,
304792,tt0206238,Q7278445,Raaz,राज़,1967-05-05,0,Mystery,8.0,2,IN,,,,
341480,tt0139447,Q6737775,Majhli Didi,मझली दीदी,1967-09-21,136,Drama,6.7,3,IN,,,,
393269,tt0061974,Q1934180,Milan,मिलन,1967-03-17,170,Drama|Romance,5.6,5,IN,,,,
307526,tt0062897,Q1231647,Diwana,Diwana,1967-01-01,171,Music|Romance|Drama,9.3,3,IN,,,,
297898,tt0061744,Q5646362,Hamraaz,हमराज़,1967-10-16,170,Thriller|Music|Mystery,7.0,3,IN,,,,
121473,tt0231150,Q4765486,Anita,Anita,1967-10-10,143,Drama|Romance|Mystery|Horror,7.0,1,IN,,,,
307322,tt0061378,Q4842483,Baharon Ke Sapne,बहारों के सपने,1967-06-23,171,Family|Drama,3.3,3,IN,,,,
304959,tt0175508,Q21646209,C.I.D. 909,C.I.D. 909,1967-01-01,123,Action|Drama|Romance|Crime,8.0,1,IN,,,,
1102422,tt0268349,Q10959483,Hare Kanch Ki Chooriyan,Hare Kanch Ki Chooriyan,1967-01-01,165,Drama|Family|Romance,10.0,1,,,,,
121594,tt0146335,Q3417213,Upkar,उपकार,1967-01-01,175,Drama|Family,6.3,5,IN,,,,
48922,tt0061842,Q1549119,Jewel Thief,Jewel Thief,1967-10-27,186,Thriller|Crime|Drama,6.7,21,IN,,,,
653632,tt0212123,Q5313396,Dulhan Ek Raat Ki,Dulhan Ek Raat Ki,1967-01-01,140,Drama,7.0,1,IN,,,,
862030,tt0175497,Q3444266,Boond Jo Ban Gayee Moti,Boond Jo Ban Gayee Moti,1967-12-17,0,Crime|Drama|Romance,6.5,2,IN,,,,
306370,tt0062177,Q423004,Ram Aur Shyam,Ram Aur Shyam,1967-01-01,171,Drama|Family|Romance,7.6,7,IN,,,,
295218,tt0061650,Q5436566,Farz,Farz,1967-01-01,170,Action|Thriller|Crime,6.3,3,IN,,,,
302251,tt0156923,Q3419726,Raat Aur Din,Raat Aur Din,1967-01-01,135,Thriller|Mystery,5.5,4,IN,,,,
1044656,tt0219071,Q10956674,Gunahon Ka Devta,गुनाहों का देवता,1967-11-04,154,Drama,6.0,2,IN,,,,
140426,tt0139107,Q5070932,Chandan Ka Palna,चन्दन का पालना,1967-09-17,0,,9.0,2,IN,,,,
306160,tt0369595,Q6109769,Jab Yaad Kisi Ki Aati Hai,Jab Yaad Kisi Ki Aati Hai,1967-01-01,143,,8.0,1,IN,,,,
697975,tt0061963,Q10960567,Mehrban,मेहरबान,1967-04-21,164,Family|Drama,7.0,1,IN,,,,
505968,tt0061366,Q3420025,Around The World,Around The World,1967-01-01,178,Comedy|Romance,5.7,3,IN,,,,
87149,tt0074503,Q482432,An Evening in Paris,पेरिस की एक शाम,1967-01-01,168,Comedy|Drama|Music|Romance,6.0,3,IN,,,,
316013,tt0176012,Q7148501,Patthar Ke Sanam,पत्थर के सनम,1967-01-01,138,Drama|Romance,6.5,2,IN,,,,
636187,tt0061463,Q56452542,Chand Par Chadayee,Chand Par Chadayee,1967-01-01,150,Fantasy,6.0,2,IN,,,,
322242,tt0139502,Q65082685,Noorjehan,Noorjehan,1967-12-07,130,Drama|Romance|History,8.0,2,IN,,,,
515666,tt0178181,Q3411340,Aamne-Saamne,आमने सामने,1967-01-01,163,Mystery,8.7,3,IN,,,,
1224151,tt0175420,Q21645985,Aag,Aag,1967-05-12,120,Action|Drama,7.0,1,,,,,
645782,tt0155370,Q21647289,Wahan Ke Log,Wahan Ke Log,1967-01-01,144,Science Fiction|Drama|Action|Adventure,6.0,2,IN,,,,
1026901,tt0232260,Q10958260,Palki,Palki,1967-01-01,152,Drama|Family|Music,9.0,1,IN,,,,
352395,tt0425287,Q10958418,Naunihal,नौनिहाल,1967-04-10,126,Family|Crime|Drama,8.5,2,IN,,,,
309089,tt0233193,Q10958022,Aman,Aman,1967-01-01,152,Drama|Adventure|Romance,8.0,1,,,,,
1558221,,,Gunehgar,Gunehgar,1967-01-01,0,,0.0,0,,,,,
568038,tt0230517,,Mera Bhai Mera Dushman,Mera Bhai Mera Dushman,1967-01-01,0,,7.0,2,,,,,
316816,tt0372448,Q10958317,Nai Roshni,Nai Roshni,1967-01-01,0,Drama|Family,9.0,1,IN,,,,
1060243,,,6:40 PM,6:40 PM,1967-01-01,15,,0.0,0,IN,,,,
410334,tt0139048,Q10957709,Bahu Begum,बहु बेगम,1967-02-03,167,Comedy|Drama|Romance,6.5,2,IN,,,Uttar Pradesh (India),India
306148,tt0175566,Q10956919,Dil Ne Pukara,दिल ने पुकारा,1967-01-01,134,Drama|Romance,7.5,2,IN,,,,
714923,tt0061370,Q4822148,Aurat,औरत,1967-08-18,154,Drama,9.0,1,IN,,,,
310832,tt0133188,Q10955913,Rustom Sohrab,Rustom Sohrab,1967-06-21,144,Romance|Adventure,8.3,3,IN,,,,
1276206,tt0176327,Q21647309,Woh Koi Aur Hoga,वह कोई और होगा,1967-12-15,130,Mystery|Horror,7.0,1,IN,,,,
850862,tt0165973,Q10958099,Taqdeer,Taqdeer,1967-07-15,108,Drama,7.5,2,IN,,,,
1628363,tt0156931,Q19894343,Ram Rajya,Ram Rajya,1967-01-01,0,Drama,7.0,1,IN,,,,
833541,tt0062748,Q15043345,Bombay In The Night's Embrace,बंबई रात की बाहों में,1967-01-01,136,Thriller,9.0,1,,,,Mumbai (India),India
309155,tt0318391,Q10957811,Latt Saheb,Latt Saheb,1967-01-01,0,,7.0,1,IN,,,,
543942,tt0061467,Q10957940,Chhoti Si Mulaqat,Chhoti Si Mulaqat,1967-01-01,175,Drama|Romance,10.0,1,IN,,,,
307340,tt0158026,Q10958234,Night in London,Night in London,1967-01-01,0,Action|Drama|Thriller,9.0,1,,,,London (United Kingdom),United Kingdom
947384,tt0213476,,Badrinath Yatra,Badrinath Yatra,1967-08-17,140,,7.0,1,IN,,,,
258708,tt0306065,Q3419872,Shagird,Shagird,1967-06-14,0,,7.3,3,IN,,,,
413161,tt0349634,Q6109603,Jaal,Jaal,1967-01-06,130,Drama|Action|Crime|Horror,8.5,2,IN,,,,
938693,tt0151726,,Naya Raasta - The New Road,नया रास्ता,1967-12-28,0,,9.0,1,IN,,,,
1427574,,,Nasihat,Nasihat,1967-01-01,131,,0.0,0,,,,,
819778,tt0405065,,Johar in Bombay,Johar in Bombay,1967-01-01,0,,9.0,1,,,,,
911384,tt0177504,Q4661028,Aaja Sanam,Aaja Sanam,1968-01-10,121,Drama|Romance,7.5,2,IN,,,,
681396,tt0062692,Q4837197,Baazi,Baazi,1968-05-10,141,Crime|Mystery|Horror,6.5,2,IN,,,,
1302123,tt0062670,,Anjaam,Anjaam,1968-01-01,133,Action|Adventure|Drama,9.0,1,,,,,
185132,tt0175908,Q6818865,Mere Hamdam Mere Dost,Mere Hamdam Mere Dost,1968-01-01,154,Drama|Thriller,8.6,4,IN,,,,
304542,tt0232585,Q3419800,Sapnon Ka Saudagar,Sapnon Ka Saudagar,1968-01-01,168,Romance,8.0,1,IN,,,,
725106,tt0063178,Q18126793,Khilari,Khilari,1968-01-01,139,Action,7.0,1,IN,,,,
190215,tt0147855,Q4662718,Aashirwad,Aashirwad,1968-06-18,146,Drama|Family,8.2,4,IN,,,,
340774,tt0148523,Q1974094,Neel Kamal,Neel Kamal,1968-01-01,160,Music|Drama|Fantasy,6.0,4,IN,,,,
20622,tt0063404,Q1438789,Padosan,Padosan,1968-11-29,157,Comedy|Music|Romance,7.1,36,IN,,,,
307428,tt0062892,Q10988099,Dil Aur Mohabbat,Dil Aur Mohabbat,1968-01-01,139,Action,10.0,1,IN,,,,
306455,tt0148841,Q7496538,Shikar,शिकार,1968-01-01,139,Thriller|Mystery,7.7,3,IN,,,,
603518,tt0213773,Q10958663,Kismat,Kismat,1968-12-31,139,Adventure|Crime|Drama,8.0,1,IN,,,,
618965,tt0378820,Q10972699,Suhaag Raat,Suhaag Raat,1968-01-01,139,,5.2,4,,,,,
324870,tt0293634,Q7694281,Teen Bahuraniyan,Teen Bahuraniyan,1968-07-19,148,Family|Comedy|Drama,6.5,2,IN,,,,
304238,tt0290689,,Kahin Din Kahin Raat,Kahin Din Kahin Raat,1968-01-01,133,,7.5,2,IN,,,,
280244,tt0063540,Q7640209,Sunghursh,संघर्ष,1968-07-27,158,Drama|Action|Crime,8.0,1,IN,,,Uttar Pradesh (India),India
1373761,tt0293529,,Professor & Jadugar,Professor & Jadugar,1968-01-01,155,Fantasy|Horror,10.0,1,IN,,,,
1741036,,,Six Five Four Three Two,छह पांच चार तीन दो,1968-04-06,5,History,0.0,0,,,,,
445396,tt0062918,Q5315310,Duniya,दुनिया,1968-03-06,149,Drama|Family,6.0,2,IN,,,,
1276209,tt0175674,,Golden Eyes,सुनेहरी आँखें,1968-02-06,136,,8.0,1,IN,,,,
127686,tt0239452,Q10976141,Haseena Maan Jaayegi,हसीना मान जाएगी,1968-01-05,165,Action|Drama|Romance,6.7,3,IN,,,,
499179,tt0063532,Q13565089,Saathi,Saathi,1968-01-17,156,Drama,6.5,2,IN,,,,
307884,tt0233587,Q3444187,Do Kaliyan,Do Kaliyan,1968-03-01,160,,7.0,2,IN,,,,
307222,tt0063003,Q10958469,Gauri,Gauri,1968-01-01,153,Drama|Family,6.5,2,,,,,
245015,tt0290685,Q6191189,Jhuk Gaya Aasman,Jhuk Gaya Aasman,1968-01-01,156,Romance|Drama,7.3,3,IN,,,,
307394,tt0063163,Q10976464,Juari,जुआरी,1968-01-01,155,Romance,10.0,1,IN,,,,
307199,tt0139046,Q4842485,Baharon Ki Manzil,बहारों की मंजिल,1968-01-01,160,Mystery|Thriller,8.0,3,IN,,,,
110846,tt0147925,Q897304,Brahmachari,ब्रह्मचारी,1968-04-26,157,Comedy|Drama,6.1,11,IN,,,,
232715,tt0063533,Q12456544,Sadhu Aur Shaitaan,साधू और शैतान,1968-03-02,155,,7.4,4,IN,,,,
514962,tt0320100,Q10959945,Kanyadaan,कन्यादान,1968-03-29,149,Drama|Romance,7.5,2,IN,,,,
1517290,,,Spy in Rome,Spy in Rome,1968-01-01,0,,0.0,0,,,,,
1163687,tt0293597,,Shrimanji,Shrimanji,1968-01-01,75,Family|Drama,8.0,1,,,,,
198674,tt0147811,Q4661593,Ankhen,आँखें,1968-01-11,172,Action|Mystery,9.0,1,IN,,,,
425932,tt0233255,Q10956593,Aulad,औलाद,1968-09-15,0,,7.5,2,IN,,,,
1193457,tt0290393,Q10958759,Aabroo,Aabroo,1968-10-20,170,Comedy|Crime|Drama|Romance,10.0,1,IN,,,,
48927,tt0148706,Q3423505,Saraswatichandra,Saraswatichandra,1968-01-02,156,Drama|Romance,7.3,3,IN,,,,
243826,tt0062640,Q4661141,Aadmi,Aadmi,1968-01-01,175,Music|Romance,8.0,2,IN,,,India,India
304177,tt0147843,Q3444225,Anokhi Raat,अनोखी रात,1968-01-01,120,Mystery|Crime|Drama|Family|Music,7.5,2,IN,,,,
301634,tt0290644,Q10975970,Haye Mera Dil,Haye Mera Dil,1968-01-01,170,,8.0,1,IN,,,,
306171,tt0290763,Q10959758,Mere Huzoor,Mere Huzoor,1968-10-25,165,Romance,5.8,5,IN,,,Uttar Pradesh (India),India
1244931,tt0154702,Q10972942,Kahin Aur Chal,Kahin Aur Chal,1968-01-01,0,Drama,8.0,1,IN,,,,
904238,tt1313227,,Aanchal Ke Phool,Aanchal Ke Phool,1968-01-01,143,Drama,0.0,0,IN,,,,
307434,tt0060317,Q5286002,Do Dooni Chaar,दो दूनी चार,1968-01-01,135,Comedy,7.0,1,,,,,
1463824,,,London Express,London Express,1968-01-01,0,,0.0,0,,,,,
1315789,tt0425532,Q10976879,Teri Talaash Mein,तेरी तलाश में,1968-01-01,0,Mystery|Horror,10.0,1,IN,,,,
1373103,tt3116832,,Lutera Aur Jadugar,Lutera Aur Jadugar,1968-01-01,0,Fantasy|Horror,0.0,0,IN,,,,
444948,tt0147812,Q4661606,Aansoo Ban Gaye Phool,आँसू बन गये फूल,1968-12-31,155,Romance,7.5,2,IN,,,,
300748,tt0254437,Q10958825,Izzat,Izzat,1968-01-17,0,,7.5,2,,,,,
1387517,tt0293499,Q10960094,Parivar,परीवार,1968-06-04,0,Drama,7.0,1,IN,,,,
1638517,tt0150091,,A Tale of Four Cities,Char Shaher Ek Kahani 1968,1968-01-01,16,Documentary,7.0,1,IN,,,,
262031,tt0231610,,Forms and Designs,Forms and Designs,1968-01-01,11,Documentary,5.3,6,IN,,,,
508047,tt1959335,,And I Make Short Films,And I Make Short Films,1968-01-01,16,Documentary,6.0,1,IN,,,,
310290,tt0214037,Q10959954,Raja Aur Runk,Raja Aur Runk,1968-01-05,0,,10.0,1,,,,,
442984,tt0259494,,Payal Ki Jhankar,Payal Ki Jhankar,1968-01-01,133,,10.0,1,IN,,,,
990544,tt0230176,Q12416751,Ek Kali Muskai,Ek Kali Muskai,1968-01-01,150,Drama,10.0,1,,,,,
1791855,tt0290780,,Mujrim Kaun?,Mujrim Kaun?,1968-01-01,126,Action|Crime|Drama,0.0,0,IN,,,,
210923,tt0064086,Q855141,Bhuvan Shome,भुवन शोमे,1969-05-12,96,Drama,6.9,9,IN,,,,
562719,tt0256441,,Toofan,Toofan,1969-01-01,140,,8.0,1,IN,,,,
567895,tt0302294,,Balak,Balak,1969-01-01,0,,5.5,2,IN,,,,
343390,tt0158449,Q300776,Aadmi Aur Insaan,Aadmi Aur Insaan,1969-08-08,168,Family|Drama|Music|Thriller|Romance,5.4,5,IN,,,,
307965,tt0215713,Q3423439,Dharti Kahe Pukar Ke,Dharti Kahe Pukar Ke,1969-01-01,0,,10.0,1,IN,,,,
96732,tt0065416,Q624722,Aradhana,आराधना,1969-11-07,169,Drama|Romance,7.2,18,IN,,,,
308304,tt0316521,Q7396671,Sachaai,Sachaai,1969-01-01,0,,9.0,1,IN,,,,
1464757,,,Lady Killer,Lady Killer,1969-01-01,0,,0.0,0,,,,,
107756,tt0142431,Q3423520,Khamoshi,ख़ामोशी,1969-04-25,127,Romance|Drama|Family,9.0,2,IN,,,Kolkata (India),India
166874,tt0064506,Q277557,Ittefaq,Ittefaq,1969-10-10,104,Crime|Mystery|Thriller,5.2,14,IN,,,,
306400,tt0064241,Q5286204,Do Raaste,दो रास्ते,1969-12-05,150,Drama|Romance,7.0,4,IN,,,,
307610,tt0064856,Q10956490,Pyasi Shaam,प्यासी शाम,1969-12-23,157,Drama|Romance|Thriller,8.0,1,IN,,,,
304200,tt0451048,Q5350248,Ek Shriman Ek Shrimati,Ek Shriman Ek Shrimati,1969-01-01,140,Drama|Romance,7.5,2,IN,,,,
280242,tt0158375,Q2599013,Yakeen,य़कीन,1969-12-31,150,Mystery|Action|Crime|Romance|Thriller,6.0,5,IN,,,,
904514,tt2613668,Q21647020,Soldier as Thakur Daler Singh,Soldier as Thakur Daler Singh,1969-06-06,120,,0.0,0,,,,,
306384,tt0158294,Q48674212,Tumse Achha Kaun Hai,Tumse Achha Kaun Hai,1969-01-01,0,,4.0,5,IN,,,,
48930,tt0244776,Q7426902,Satyakam,सत्यकाम,1969-01-02,175,Drama,7.5,4,IN,,,,
307612,tt0064857,Q10959581,Pyar Hi Pyar,Pyar Hi Pyar,1969-10-17,135,Romance,8.0,4,IN,,,,
307933,tt0387050,Q10958405,Badi Didi,Badi Didi,1969-01-01,0,Drama|Family,7.0,1,,,,,
307609,tt0064842,Q7243745,Prince,Prince,1969-01-01,152,Drama,6.0,6,IN,,,,
410306,tt0229950,Q4830777,Aya Sawan Jhoom Ke,आया सावन झूम के,1969-02-01,0,Drama,7.5,2,,,,,
316660,tt0371908,Q7285543,Raja Saab,राजा साब,1969-01-01,147,Romance,9.0,3,IN,,,,
316807,tt0064915,Q1378528,Saat Hindustani,सात हिन्दुस्तानी,1969-11-07,144,Drama|Adventure|Action,6.5,4,IN,,,Goa (India),India
258413,tt0064935,Q7421548,Sara Akash,सारा आकाश,1969-01-01,100,Drama,6.8,4,IN,,,Uttar Pradesh (India),India
388936,tt0155530,Q4854549,Bandhan,Bandhan,1969-01-01,159,Drama,8.0,2,IN,,,,
1276314,tt0247173,Q11166833,Anmol Moti (Precious Pearl),Anmol Moti,1969-08-30,143,Action|Romance,10.0,1,IN,,,,
1537569,,,Bombay By Nite,Bombay By Nite,1969-01-01,0,,0.0,0,,,,,
213183,tt0065064,Q15089526,Talash,तलाश,1969-08-09,186,,8.0,1,IN,,,,
904382,tt0064085,,Bhai Bahen,Bhai Bahen,1969-01-01,151,Drama|Family,7.0,1,,,,,
308089,tt0246713,Q6123054,Jahan Pyar Miley,जहां प्यार मिले,1969-01-01,138,Drama,8.0,1,IN,,,,
1150356,,,Chaos,Chaos,1969-07-10,10,Animation,0.0,0,IN,,,,
768788,tt0148519,,Nannha Farishta,Nannha Farishta,1969-01-01,133,Action|Crime|Drama,10.0,1,IN,,,,
1661298,tt1587430,,THIEF OF BAGHDAD,THIEF OF BAGHDAD,1969-01-10,139,Adventure|Fantasy,0.0,0,IN,,,,
316974,tt0300033,Q6042539,Intaquam,Intaquam,1969-01-01,148,Thriller|Drama,6.0,2,IN,,,,
307328,tt0065612,Q10974936,Darpan,Darpan,1969-01-01,0,,8.0,1,IN,,,,
543950,tt0157544,Q10958952,Do Bhai,दो भाई,1969-02-09,0,,10.0,1,IN,,,,
410852,tt0214665,Q5350231,Ek Phool Do Mali,एक फूल दो माली,1969-01-01,159,Drama|Family,8.0,5,IN,,,,
1247651,tt2878766,,Raate Ke Andhere Mein,राट की और मैं,1969-01-01,138,Horror|Mystery|Thriller,0.0,0,IN,,,,
1369953,tt0242272,Q20649225,Anjan Hai Koyee,Anjan Hai Koyee,1969-10-31,133,Mystery|Horror,9.0,1,IN,,,,
307452,tt0064244,Q10958648,Doli,डोली,1969-01-01,160,Drama|Romance,7.0,2,IN,,,,
1687628,,,Mr. Murder,Mr. Murder,1969-01-01,0,,0.0,0,,,,,
714147,tt0378751,Q39069733,Shatranj,Shatranj,1969-01-01,168,Thriller|Mystery,7.0,1,IN,,,,
665667,tt0237035,Q21646160,Beti,Beti,1969-01-01,135,Drama,6.5,2,,,,,
308293,tt0244741,Q10958883,Pyar Ka Sapna,Pyar Ka Sapna,1969-01-01,147,Comedy|Drama|Family,8.0,1,IN,Europe,Europe,,
1422996,tt0232513,,Rakhi Rakhi,राखी राखी,1969-01-01,0,,9.0,1,IN,,,,
318174,tt0064164,Q5101789,Chirag,चिराग,1969-01-31,150,Drama|Family|Music,7.0,1,IN,,,,
413610,tt0320394,Q10973290,Sajan,Sajan,1969-09-05,147,Romance|Mystery|Comedy,7.7,3,IN,,,,
442706,tt0275489,Q6732891,Mahal,Mahal,1969-01-01,147,Thriller|Crime|Mystery|Romance,7.0,3,IN,,,,
1667510,tt0154905,Q21646743,Mr.Murder,Mr.Murder,1969-01-01,120,,7.0,1,,,,,
402064,tt0252318,Q16957353,Chhoti Chhoti Baatein,Chhoti Chhoti Baatein,1969-01-02,120,Drama,9.0,1,IN,,,,
308235,tt2611422,Q27590076,Oos Raat Ke Baad,उस रात के बाद,1969-05-03,137,Mystery|Horror,8.0,1,IN,,,,
586337,tt0148353,Q1651091,Jeene Ki Raah,Jeene Ki Raah,1969-10-07,153,Drama|Romance,7.0,1,IN,,,,
322325,tt0149345,Q10958387,Waris,वारिस,1969-01-01,156,Comedy|Drama,6.3,3,IN,,,,
306446,tt0230670,Q7262859,Pyar Ka Mausam,प्यार का मौसम,1969-01-01,153,Drama|Music|Romance,7.0,4,IN,,,,
904565,tt3113910,,Ustad 420,Ustad 420,1969-07-16,136,Action|Crime|Music,0.0,0,IN,,,,
309485,tt0175788,Q6192366,Jigri Dost,Jigri Dost,1969-01-01,152,Comedy|Drama,7.5,2,,,,,
1315803,tt0176134,,Shart,शर्ट,1969-01-01,136,Horror|Mystery,7.0,1,IN,,,,
304919,tt0233220,Q4765716,Anjaana,Anjaana,1969-01-01,0,Romance,8.0,1,,,,,
1335695,tt2651948,,The Killers,The Killers,1969-01-01,128,,0.0,0,,,,,
721692,tt0466555,Q10958597,Gustakhi Maaf,Gustakhi Maaf,1969-06-18,136,Comedy,7.0,2,IN,,,,
262352,tt1464318,,Thanga Malar,Thanga Malar,1969-01-13,0,Drama,0.0,0,,,,,
325894,tt0369695,Q3444213,Man Ka Meet,Man Ka Meet,1969-02-07,0,,8.0,1,,,,,
307833,tt0850352,,Vichithra Dampathyam,Vichithra Dampathyam,1969-01-01,0,,0.0,0,,,,,
304750,,,Sree Krishna Devarya,Sree Krishna Devarya,1969-01-01,0,,0.0,0,,,,,
302192,,,Kootukudumbam,Kootukudumbam,1969-01-01,0,,0.0,0,,,,,
1770568,tt0268555,Q19895316,Pushpanjali,Pushpanjali,1970-09-25,140,Romance|Drama,0.0,0,IN,,,,
21466,tt0066070,Q1601060,Mera Naam Joker,मेरा नाम जोकर,1970-12-18,248,Drama|Romance|Music,7.343,83,IN,,,,
300337,tt0178191,Q4661605,Aansoo Aur Muskan,आँसू और मुस्कान,1970-12-31,146,Drama,10.0,1,IN,,,,
505427,tt0309005,Q7852446,Tum Haseen Main Jawan,Tum Haseen Main Jawan,1970-07-24,0,Romance|Comedy,6.5,2,IN,,,,
591920,tt0065903,Q6080595,Ishq Par Zor Nahin,Ishq Par Zor Nahin,1970-01-01,0,Romance|Drama,9.0,1,IN,,,,
1667575,,,Ilzam,Ilzam,1970-02-28,0,,0.0,0,,,,,
1335704,tt0450787,Q6038346,Inspector,Inspector,1970-01-01,126,,10.0,1,,,,,
121465,tt0178184,Q4661522,Aan Milo Sajna,आन मिलो सजना,1970-07-24,177,Music|Romance,6.0,5,IN,,,,
1667548,,,Khooni Saya,Khooni Saya,1970-01-01,0,,0.0,0,,,,,
509698,tt0213475,Q4838915,Bachpan,Bachpan,1970-01-19,133,,7.0,1,IN,,,,
1687540,,,Mangu Dada,Mangu Dada,1970-02-01,0,,0.0,0,,,,,
304557,tt0351714,Q7489387,Sharafat,शराफ़त,1970-08-01,120,Romance|Drama,4.0,3,IN,,,,
922687,tt0065758,Q5521541,Ganwaar,Ganwaar,1970-01-01,0,Drama,7.0,1,IN,,,,
306387,tt0141135,Q5584273,Gopi,गोपी,1970-01-01,143,,7.0,2,IN,,,,
317866,tt0317902,Q6784895,Mastana,मस्ताना,1970-10-16,146,Romance|Drama|Comedy|Family,10.0,1,IN,,,,
1431687,tt2448434,,Angry Young Man,Angry Young Man,1970-07-07,19,,0.0,0,IN,,,,
33103,tt0234542,Q7260792,Purab Aur Pachhim,पूरब और पश्चिम,1970-01-01,142,Drama,5.2,8,GB|IN,,,,
232790,tt0284443,Q7395706,Saas Bhi Kabhi Bahu Thi,Saas Bhi Kabhi Bahu Thi,1970-01-01,156,,9.0,1,IN,,,,
308310,tt0351790,Q7635214,Suhana Safar,Suhana Safar,1970-01-01,130,Romance,5.5,2,IN,,,,
364973,tt0148266,Q12460628,Heer Raanjha,हीर राँझा,1970-01-01,142,Romance|Drama,7.0,4,IN,,,,
306368,tt0066241,Q7240171,Prem Pujari,Prem Pujari,1970-01-28,192,War|Thriller|Romance|Drama,6.4,7,IN,,,,
232492,tt0148691,Q7396669,Sachaa Jhutha,Sachaa Jhutha,1970-05-01,157,Family|Action|Comedy|Crime|Drama|Music,6.8,8,IN,,,,
261016,tt0154685,Q739822,Johny Mera Naam,जॉनी मेरा नाम,1970-11-11,159,Thriller|Music|Action|Drama|Family,7.3,6,IN,,,,
192723,tt0246286,Q7769890,The Train,दि ट्रेन,1970-04-09,138,Drama|Action|Crime|Thriller|Mystery,7.0,2,IN,,,,
687601,tt0254354,Q10976992,Ghar Ghar Ki Kahani,Ghar Ghar Ki Kahani,1970-03-06,152,Drama|Family,8.5,2,IN,,,,
318146,tt0175756,Q5940892,Humjoli,हमजोली,1970-01-01,156,Comedy|Drama|Romance,5.7,3,IN,,,,
319955,tt0156641,Q10976583,Jeevan Mrityu,Jeevan Mrityu,1970-01-06,158,Crime|Romance|Drama,6.9,4,IN,,,,
615193,tt0276063,Q5266940,Devi,Devi,1970-01-01,146,,7.0,2,IN,,,,
304983,tt0230084,Q5105215,Choron Ka Chor,Choron Ka Chor,1970-01-01,0,,7.0,1,IN,,,,
101834,tt0442610,Q7155902,Pavitra Papi,ਪਵਿੱਤਰ ਪਾਪੀ,1970-04-17,152,Drama,7.3,3,IN,,,,
307572,tt0230498,Q6746201,Man Ki Aankhen,Man Ki Aankhen,1970-01-01,0,,10.0,1,,,,,
300918,tt0137455,Q5226866,Dastak,दस्तक,1970-12-31,145,Music|Drama,5.0,4,IN,,,,
172671,tt0148375,Q6401630,Khilona,खिलौना,1970-03-02,160,Drama,5.2,5,IN,,,,
322364,tt0268519,Q1547621,Pagla Kahin Ka,Pagla Kahin Ka,1970-01-01,0,,7.0,2,IN,,,,
581041,tt0316506,Q7366600,Rootha Na Karo,रूठा ना करो,1970-01-01,125,Drama|Romance,10.0,1,IN,,,,
499228,tt0065467,Q4900721,Bhai-Bhai,Bhai-Bhai,1970-01-01,0,,10.0,1,IN,,,,
1650535,tt7239692,,Indus Valley to Indira Gandhi,Indus Valley to Indira Gandhi,1970-01-01,240,Documentary,0.0,0,IN,,,,
590797,tt0361936,Q6945940,My Love,मेरा प्यार,1970-01-01,0,Drama|Romance,10.0,1,IN,,,,
1017690,tt0251274,,Moments with the Maestro,Ustaad ke Saath Pal,1970-01-01,0,Documentary,8.0,1,,,,,
517272,tt0155691,Q5350219,Ek Nanhi Munni Ladki Thi,Ek Nanhi Munni Ladki Thi,1970-04-08,136,Horror,8.0,1,IN,,,,
304191,tt0354503,Q5269396,Dharti,Dharti,1970-02-06,0,Action|Adventure|Drama,7.0,1,IN,,,,
311422,tt0341563,Q7428567,Sawan Bhadon,Sawan Bhadon,1970-06-12,155,Action|Romance|Thriller,6.3,3,IN,,,,
933470,tt0316529,Q7408487,Samaj Ko Badal Dalo,समाज को बदल डालो,1970-01-01,156,Drama,8.0,1,IN,,,,
1342211,tt7456806,,Suman,सुमन,1970-01-01,16,Drama,8.0,1,IN,,,,
1537577,,,Night in Calcutta,Night in Calcutta,1970-01-01,0,,0.0,0,,,,,
112053,tt0066514,Q7902021,Uski Roti,उसकी रोटी,1970-01-02,106,Drama,6.8,21,IN,,,,
48928,tt0148692,Q3423417,Journey,सफ़र,1970-10-01,137,Music|Family|Romance,7.3,3,IN,,,,
712463,tt3100304,,Sau Saal Beet Gaye,सौ साल बीत गए,1970-01-01,0,,0.0,0,IN,,,,
116854,tt0271023,Q16249872,Kab? Kyoon? Aur Kahan?,कब? क्यों? और कहाँ?,1970-05-08,136,Action|Mystery|Romance,4.8,6,IN,,,,
713834,tt0382828,,Maharaja,Maharaja,1970-01-01,0,,8.0,1,IN,,,,
370869,tt0230079,Q5094179,Chetna,Chetna,1970-11-17,138,Drama,9.0,2,IN,,,,
1078398,tt0275616,Q7278437,Raton Ka Raja,Raton Ka Raja,1970-01-01,129,Drama,10.0,1,,,,,
1369909,tt2782398,,Kaun Ho Tum,Kaun Ho Tum,1970-01-01,0,Horror|Thriller,0.0,0,IN,,,,
761997,tt0231434,Q10973928,Deedar,Deedar,1970-08-08,127,Romance|Drama,7.0,1,IN,,,,
631685,tt0246848,Q7160844,Pehchan,Pehchan,1970-04-10,150,,7.0,1,IN,,,,
985655,tt0361948,Q6983050,Naya Raasta,नया रास्ता,1970-01-14,0,,8.7,3,,,,,
144118,tt0065764,Q5529928,Geet,गीत,1970-01-01,0,Action|Crime|Music,5.8,3,IN,,,,
768402,tt0242309,Q4900673,Lord Parshuram,Bhagwan Parshuram,1970-01-01,148,Music|Adventure|Action|Fantasy,8.0,1,IN,,,,
1553091,tt2158586,,Rails for the World,Rails for the World,1970-01-01,20,Documentary,0.0,0,IN,,,,
1333023,tt0139392,Q19572282,Jawab,Jawab,1970-01-01,0,,0.0,0,,,,,
628833,tt0175735,Q10979175,Himmat,Himmat,1970-01-01,152,Action|Crime|Drama|Family|Music|Romance,9.0,1,IN,,,,
1196074,tt0269732,,Priya,Priya,1970-01-01,133,Drama,9.0,1,IN,,,,
631680,tt0414156,Q3423455,Insaan Aur Shaitan,Insaan Aur Shaitan,1970-11-27,132,Crime|Thriller|Drama,8.0,1,IN,,,,
317550,,,Yaadgar,Yaadgar,1970-01-02,0,,0.0,0,IN,,,,
304674,tt0256483,,Veer Amar Singh Rathor,Veer Amar Singh Rathor,1970-01-01,0,,9.0,1,,,,,
311336,tt0067553,Q7136305,Paraya Dhan,Paraya Dhan,1971-06-03,128,Thriller|Drama,9.0,1,IN,,,,
26237,tt0066763,Q485676,Anand,आनन्द,1971-03-12,122,Drama,7.0,163,IN,,,,
1369912,tt2611488,,Purani Pehchan,Purani Pehchan,1971-05-04,0,Horror,0.0,0,IN,,,,
554002,tt0067403,Q17040559,Maryada,Maryada,1971-07-16,140,,8.0,1,IN,,,,
317633,tt0377636,Q5094971,Chhoti Bahu,Chhoti Bahu,1971-05-22,137,Drama,7.0,1,IN,,,,
83648,tt0067421,Q3427485,Mere Apne,मेरे अपने,1971-09-10,164,Music|Drama|Family,6.7,7,IN,,,,
464315,tt0237395,Q3427497,Lal Patthar,लाल पत्थर,1971-12-31,148,Drama,7.7,3,IN,,,,
712457,tt0378073,Q5936622,Hum Tum Aur Woh,Hum Tum Aur Woh,1971-01-01,142,Drama|Mystery,10.0,1,IN,,,,
308253,tt0175904,Q6810914,Mela,Mela,1971-01-01,0,,8.0,1,,,,,
516004,tt0242832,Q7395719,Saat Sawal,Saat Sawal,1971-01-01,0,,9.0,1,IN,,,,
304701,tt0272118,Q5636575,Haathi Mere Saathi,हाथी मेरे साथी,1971-05-28,170,Drama|Family,7.067,15,IN,,,,
307349,tt0352457,Q6125790,Jal Bin Machhli Nritya Bin Bijli,Jal Bin Machhli Nritya Bin Bijli,1971-01-01,0,Music|Romance,7.0,1,IN,,,,
306162,tt0330505,Q3419786,Kal Aaj Aur Kal,Kal Aaj Aur Kal,1971-09-17,156,Family|Drama,8.3,3,IN,,,,
1179065,tt2149662,,Khilonewala,Khilonewala,1971-01-01,18,Drama,9.5,1,IN,,,,
136216,tt0175590,Q5350221,Ek Nari Ek Brahmachari,Ek Nari Ek Brahmachari,1971-10-08,152,Comedy|Drama,5.2,4,IN,,,,
306396,tt0066888,Q2937909,Caravan,कारवाँ,1971-01-01,154,Adventure|Drama|Music|Romance,7.1,7,IN,,,,
103865,tt0232081,Q6817859,Mera Gaon Mera Desh,मेरा गाँव मेरा देश,1971-04-06,155,Adventure|Drama|Action,5.1,8,IN,,,,
104350,tt0178192,Q4661613,Aap Aye Bahaar Ayee,Aap Aye Bahaar Ayee,1971-01-02,0,Romance|Comedy|Drama,7.0,3,,,,,
265326,tt0067668,Q3635561,Reshma Aur Shera,रेशमा और शेरा,1971-07-23,158,Drama|Music|Romance,6.8,9,IN,,,Rajasthan (India),India
345986,tt0451780,Q6217238,Johar Mehmood in Hong Kong,Johar Mehmood in Hong Kong,1971-01-01,0,Comedy,8.3,3,,,,,
840814,tt0155391,Q8029070,Woh Din Yaad Karo,Woh Din Yaad Karo,1971-01-01,137,Drama|Family,9.0,1,IN,,,,
945188,tt0245935,Q17008673,Haseenon Ka Devata,Haseenon Ka Devata,1971-03-10,131,Drama,9.0,1,IN,,,,
330380,tt0067742,Q7489918,Sharmeelee,शर्मीली,1971-01-01,164,Drama|Romance,5.7,7,IN,,,,
114433,tt0067183,Q379055,Haré Rama Haré Krishna,हरे रामा हरे कृष्णा,1971-12-09,149,Drama|Family,6.1,13,IN,,,Nepal,Nepal
433250,tt1284633,Q15702078,James Bond 777,James Bond 777,1971-12-01,0,Action|Thriller|Adventure,7.0,1,IN,,,,
381114,tt0266757,Q6809255,Mehboob Ki Mehndi,Mehboob Ki Mehndi,1971-01-30,151,Romance,4.0,3,IN,,,,
262868,tt0067555,Q1128519,Parwana,परवाना,1971-04-04,122,Thriller|Mystery|Romance,5.4,6,IN,,,,
268941,tt0066766,Q4753643,Andaz,Andaz,1971-05-19,166,,6.8,4,IN,,,,
435903,tt0270666,Q18209674,Shri Krishna Leela,Shri Krishna Leela,1971-01-15,131,Adventure|Drama,10.0,1,IN,,,,
317371,tt0065936,Q1269633,Kati Patang,कटी पतंग,1971-01-29,160,Drama,7.1,7,IN,,,,
242313,tt0215859,Q5935583,Hulchul,Hulchul,1971-06-18,149,Adventure|Comedy|Crime,6.8,4,IN,,,,
407815,tt0156340,Q4857042,Banphool,बनफूल,1971-12-31,0,Romance,6.5,4,IN,,,,
1537557,,,Aage Barho,Aage Barho,1971-01-01,0,,0.0,0,,,,,
276448,tt0067478,Q10978564,Naya Zamana,Naya Zamana,1971-05-07,152,,8.0,2,,,,,
1286765,tt0271166,Q7445857,Seema,Seema,1971-01-01,0,,8.0,1,,,,,
1731582,,,Gehra Raaz(गहरा राज़),Gehra Raaz(गहरा राज़),1971-12-31,133,Science Fiction|Mystery,0.0,0,IN,,,,
819829,tt0395715,Q7239763,Preetam,Preetam,1971-07-26,180,Comedy|Romance|Drama,7.5,2,IN,,,,
1614142,,,Umeed,Umeed,1971-04-28,134,Drama,0.0,0,,,,,
231449,tt0067164,Q1553017,Guddi,Guddi,1971-09-24,121,Family|Drama|Comedy,6.0,12,IN,,,,
264405,tt0066787,Q20649249,One Day Before the Rainy Season,अषाढ़ का एक दिन,1971-08-08,114,Drama,7.6,8,IN,,,,
623560,tt0157887,Q6376977,Kathputli,Kathputli,1971-08-28,160,Drama|Romance,6.7,3,IN,,,,
1186019,tt0065927,Q6319262,Jwala,ज्वाला,1971-07-01,0,,9.0,1,,,,,
402050,tt0156290,Q3427421,Anubhav,अनुभव,1971-01-07,139,Drama,9.5,2,IN,,,,
936195,tt0314487,Q7136525,Parde Ke Peechey,Parde Ke Peechey,1971-01-01,0,,10.0,1,IN,,,,
363024,tt0244443,Q10975672,Buddha Mil Gaya,बुड्ढा मिल गया,1971-03-04,138,Comedy|Mystery|Thriller,6.4,8,IN,,,,
309120,tt0067000,Q19571465,Two Drops of Water,Do Boond Pani,1971-01-01,141,Drama,8.0,1,IN,,,,
452080,tt0367695,Q5352549,Elaan,Elaan,1971-05-19,142,Action|Drama|Adventure,5.7,6,IN,,,,
418655,tt0268394,Q6109689,Jaane Anjaane,Jaane Anjaane,1971-05-16,139,Drama,8.0,3,IN,,,,
712442,tt0177486,Q4661167,Aag Aur Daag,Aag Aur Daag,1971-01-01,138,Comedy|Action|Drama,7.0,1,IN,,,,
700440,tt0370319,Q4841057,Badnam Basti,बदनाम बस्ती,1971-01-01,108,Drama,7.3,3,IN,,,,
1395173,tt0384822,Q4841058,Badnam Farishte,Badnam Farishte,1971-11-12,0,,7.0,1,IN,,,,
432523,tt0067840,Q7701712,Tere Mere Sapne,तेरे मेरे सपने,1971-05-13,175,Drama|Romance,5.5,4,IN,,,India,India
484498,tt0233604,Q5297192,Door Ka Raahi,Door Ka Raahi,1971-01-01,138,,10.0,1,IN,,,,
758393,tt0234174,Q6736184,Main Sunder Hoon,मैं सुंदर हूं,1971-04-23,147,Comedy|Drama|Romance,6.9,12,IN,,,,
509816,tt0320124,Q3430458,Nadaan,Nadaan,1971-08-20,156,Drama,10.0,1,IN,,,,
1186060,tt0434915,Q5350227,Ek Paheli,Ek Paheli,1971-02-14,131,Mystery|Horror,9.0,1,IN,,,,
322320,tt0166008,Q7898286,Uphaar,उपहार,1971-12-10,128,Drama,6.5,4,IN,,,Kolkata (India),India
772867,tt0068531,Q5350167,An Unfinished Story,एक अधूरी कहानी,1971-01-01,115,Drama,7.0,1,IN,,,,
1048523,tt0231898,Q6402035,Khoj,Khoj,1971-01-01,147,Action,10.0,1,IN,,,,
304349,tt0067651,Q7286680,Rakhwala,Rakhwala,1971-08-12,0,,10.0,1,IN,,,,
1369946,tt3234482,,Murder in Circus,Murder in Circus,1971-01-01,0,Mystery|Horror,0.0,0,IN,,,,
660415,tt2649686,,Pasand Apni Apni,Pasand Apni Apni,1971-01-01,112,,0.0,0,,,,,
514955,tt0364320,Q115805462,Duniya Kya Jane,Duniya Kya Jane,1971-01-01,0,,9.0,1,IN,,,,
405999,tt0246842,Q7135858,Paras,Paras,1971-07-11,147,Family|Drama,9.0,1,IN,,,,
1304747,tt1720091,,Ek Din Aadhi Raat,एक दिन आधी रात,1971-06-30,126,Thriller|Horror,0.0,0,IN,,,,
273853,tt0369650,,Lakhon Mein Ek,Lakhon Mein Ek,1971-01-02,155,Comedy|Drama|Music,7.0,1,IN,,,,
542740,tt0206054,Q6166040,Jawan Muhabat,Jawan Muhabat,1971-07-08,0,,3.7,3,IN,,,,
154314,tt0275363,Q5519676,Gambler,Gambler,1971-01-10,0,Mystery|Thriller,6.0,2,IN,,,,
407818,tt1988572,,Chingari,चिंगारी,1971-07-02,0,,0.0,0,,,,,
911771,tt0158292,Q16254895,The Marriage of Tulsi,Tulsi Vivah,1971-01-01,162,Adventure|Fantasy,7.5,2,IN,,,,
712462,tt0157964,Q6746218,Man Mandir,Man Mandir,1971-01-01,0,,9.0,1,IN,,,,
845732,tt0373959,Q10973452,Kangan,Kangan,1971-01-01,139,Drama,7.0,1,IN,,,,
307734,tt0283844,Q4682528,Adhikar,अधिकार,1971-04-28,152,Drama,5.0,4,IN,,,,
911607,tt0352511,,Lagan,Lagan,1971-01-01,155,Action|Drama,10.0,1,,,,,
1021515,tt0157398,Q4907391,Scattered Pearls,Bikhare Moti,1971-01-01,136,Drama,8.0,1,IN,,,,
849407,tt0208855,Q5065964,Chahat,Chahat,1971-01-01,0,,7.0,2,IN,,,,
406489,tt0067636,Q7262861,Pyar Ki Kahani,Pyar Ki Kahani,1971-05-14,150,Family|Comedy|Drama,9.0,1,IN,,,,
1342082,tt7285952,,Vilaap,Vilaap,1971-01-01,18,Drama,0.0,0,IN,,,,
305866,tt0176272,Q7898148,Upaasna,Upaasna,1971-03-15,0,,7.5,2,,,,,
1207144,tt0155397,Q21870023,Yaar Mera,Yaar Mera,1972-01-20,0,Romance|Drama|Family,6.3,3,IN,,,,
1755237,tt0950680,Q4661587,Aankh Micholi,आंख मिचौली,1972-06-30,139,Romance|Comedy,0.0,0,IN,,,,
367714,tt0178183,Q4661520,Aan Baan,आन बान,1972-01-01,138,Drama,8.0,1,,,,,
35751,tt0078222,Q1519550,Seeta and Geeta,सीता और गीता,1972-11-17,151,Comedy|Romance|Adventure,6.938,40,IN,,,,
60389,tt0068257,Q3413599,Bawarchi,बावर्ची,1972-04-07,130,Comedy|Drama|Family,7.1,25,IN,,,,
464596,tt1360204,,Pistolwali,Pistolwali,1972-01-01,124,,0.0,0,,,,,
306397,tt0157736,Q5657118,Hari Darshan,Hari Darshan,1972-01-01,0,Drama,8.0,1,,,,,
172678,tt0149814,Q82321,Be-Imaan,Be-Imaan,1972-03-02,133,Drama|Family,10.0,1,IN,,,,
257138,tt0068929,Q6796678,Maya Darpan,Maya Darpan,1972-12-12,107,Drama,7.0,8,IN,,,,
1341942,tt0158499,,Birju Maharaj,Birju Maharaj,1972-02-04,21,Documentary,10.0,1,IN,,,,
325891,tt0357710,Q5584344,Gora Aur Kala,Gora Aur Kala,1972-12-22,122,Drama|Comedy,6.0,3,IN,,,,
274591,tt0158579,Q5226860,Dastaan,दास्तान,1972-03-03,173,Drama,4.5,4,IN,,,,
29534,tt0066758,Q250418,Amar Prem,अमर प्रेम,1972-01-28,143,Drama|Romance,6.9,17,IN,,,Kolkata (India),India
1751056,tt0358267,Q10986785,Wafaa,वफ़ा,1972-03-31,110,Action|Crime|Drama,0.0,0,IN,,,,
369212,tt0268416,Q6480437,Lalkar,Lalkar,1972-05-23,0,,7.5,2,,,,Myanmar,Myanmar
319756,tt0435079,Q10977229,Jangal Mein Mangal,Jangal Mein Mangal,1972-12-27,140,Adventure|Romance,7.5,2,IN,,,,
1400612,tt3087716,,Putlibai,Putlibai,1972-01-01,0,,0.0,0,IN,,,,
82439,tt0216067,Q3465099,Parichay,परिचय,1972-10-18,145,Drama|Family,7.0,7,IN,,,,
131156,tt0358063,Q7285456,Raja Jani,राजा जानी,1972-03-07,146,Drama,6.4,11,IN,,,,
54966,tt0067546,Q851395,Pakeezah,पाक़ीज़ा,1972-02-04,153,Music|Drama|Romance,6.5,29,IN,,,Uttar Pradesh (India),India
304135,tt0069542,Q8072347,Zindagi Zindagi,Zindagi Zindagi,1972-01-01,138,Drama|Romance,8.0,1,,,,,
174061,tt0069152,Q7278428,Raaste Kaa Patthar,Raaste Kaa Patthar,1972-01-01,133,,3.8,5,IN,,,,
300921,tt0069204,Q7396460,Sabse Bada Sukh,Sabse Bada Sukh,1972-12-08,0,Comedy|Drama,8.0,1,IN,,,,
333656,tt0214042,Q7278412,Raampur Ka Lakshman,Raampur Ka Lakshman,1972-03-30,139,Drama,6.5,2,IN,,,,
362296,tt0068938,Q1921575,Mere Jeevan Saathi,मेरे जीवन साथी,1972-09-22,142,Action|Romance,7.2,4,IN,,,,
287901,tt0215911,Q6433142,Koshish,कोशिश,1972-04-01,125,Drama,7.8,10,IN,,,,
301192,tt0284419,Q7286659,Rakhi Aur Hathkadi,Rakhi Aur Hathkadi,1972-01-01,0,,7.0,1,IN,,,,
64864,tt0068305,Q4940604,Bombay to Goa,बॉम्बे टू गोआ,1972-03-03,137,Comedy|Action|Adventure|Romance|Drama,5.6,14,IN,,,,
306385,tt0139248,Q5581282,Gomti Ke Kinare,Gomti Ke Kinare,1972-11-22,0,Drama,9.0,1,IN,,,Mumbai (India),India
276864,tt0234724,Q947706,Shor,Shor,1972-12-18,170,,7.0,5,IN,,,,
304582,tt0388913,Q5350193,Ek Hasina Do Diwane,Ek Hasina Do Diwane,1972-01-01,0,,8.0,1,,,,,
240979,tt0155775,Q6166057,Jawani Diwani,जवानी दिवानी,1972-07-14,122,Drama|Romance,5.8,4,IN,,,,
1225834,tt0284039,Q5276621,Dil Ka Raaja,Dil Ka Raaja,1972-01-01,130,Comedy|Drama,7.0,1,,,,,
307534,tt0138411,Q5316887,Dushman,दुश्मन,1972-01-07,0,Drama,4.7,3,,,,,
746120,tt0215267,Q7843958,Trisandhya,Trisandhya,1972-01-01,133,,8.0,1,IN,,,,
410246,tt0158092,Q947762,Piya Ka Ghar,पिया का घर,1972-02-23,134,Drama|Family|Romance,7.0,3,IN,,,Mumbai (India),India
103429,tt0158331,Q7926893,Victoria No. 203,विक्टोरिया नम्बर २०३,1972-12-08,100,Comedy|Drama,6.0,5,IN,,,,
172681,tt0068217,Q4777860,Anuraag,अनुराग,1972-03-02,125,Family|Drama,7.5,2,IN,,,,
1040595,tt0368243,Q7429386,Sazaa,Sazaa,1972-05-18,133,Crime,6.0,2,,,,,
393615,tt0069218,Q7418581,Sanjog,संजोग,1972-02-03,153,Comedy|Drama|Family,7.0,3,IN,,,,
304625,tt0176101,Q7366358,Roop Tera Mastana,रूप तेरा मस्ताना,1972-11-04,154,Drama|Thriller,6.5,2,IN,,,,
320483,tt0231468,Q5285955,Do Bachche Dus Haath,Do Bachche Dus Haath,1972-01-01,124,Drama,9.0,1,,,,,
325889,tt0068620,Q5521906,Garam Masala,Garam Masala,1972-05-05,129,Comedy|Music|Action,7.5,2,IN,,,,
319956,tt0156651,Q6279006,Joroo Ka Ghulam,Joroo Ka Ghulam,1972-09-07,191,Comedy|Family,8.0,2,,,,,
410243,tt0284456,Q12455622,Samadhi,Samadhi,1972-01-07,0,,7.3,3,IN,,,,
1093897,tt0069534,Q8065779,Zameen Aasmaan,Zameen Aasmaan,1972-01-01,134,Drama,8.0,1,IN,,,,
319570,tt0284481,Q7492861,Shehzada,Shehzada,1972-09-08,152,Drama,9.0,1,IN,,,,
224566,tt0252385,Q5286015,Do Gaz Zameen Ke Neeche,दो गज़ ज़मीन के नीचे,1972-12-30,133,Horror,5.0,4,IN,,,,
310782,tt0175448,Q4780024,Apna Desh,Apna Desh,1972-05-26,172,Action|Drama|Comedy,4.5,4,IN,,,,
911632,tt0176133,,Shararat,Shararat,1972-01-01,129,Drama,10.0,1,IN,,,,
1081854,tt0230527,Q14948536,Milap,Milap,1972-09-12,120,Drama|Horror|Thriller,9.0,1,IN,,,,
1071271,tt0254737,Q7336946,Rivaaj,Rivaaj,1972-01-01,113,Drama,9.0,1,,,,,
301626,tt0154413,Q5276606,Dil Daulat Duniya,Dil Daulat Duniya,1972-01-01,0,,6.5,2,,,,,
1400585,tt0243149,Q48731019,Bindiya aur bandook,Bindiya aur bandook,1972-01-01,0,,7.0,1,IN,,,,
190873,tt0068532,Q5350223,Ek Nazar,Ek Nazar,1972-07-28,0,Romance,4.2,5,IN,,,,
833112,tt0255593,Q7459910,Shaadi Ke Baad,Shaadi Ke Baad,1972-05-24,134,Comedy,9.0,1,IN,,,,
618998,tt0176072,Q7262812,Pyar Diwana,Pyar Diwana,1972-01-01,0,Comedy,7.0,1,IN,,,,
758403,tt0357717,Q5636538,Haar Jeet,Haar Jeet,1972-04-14,129,Drama,9.0,1,IN,,,,
673366,tt1996213,,Chori Chori,Chori Chori,1972-01-01,0,Action,0.0,0,IN,,,,
300919,tt0068215,Q4767765,Annadata,अन्नदाता,1972-04-21,123,Family|Drama,7.0,2,IN,,,,
946462,tt0357627,Q5350177,Ek Bechara,Ek Bechara,1972-03-04,130,,9.0,1,,,,,
1159572,tt0367662,Q5286298,Do Yaar,Do Yaar,1972-01-12,124,Action|Drama,8.0,1,,,,,
819817,tt0242714,,Naag Panchami,नागपंचमी,1972-02-04,139,Adventure|Drama|Fantasy|History|Thriller,9.0,1,IN,,,,
614176,tt0284056,Q5285988,Do Chor,Do Chor,1972-03-24,0,Drama,4.5,2,IN,,,,
322340,tt0157841,Q6156201,Jaanwar Aur Insaan,Jaanwar Aur Insaan,1972-01-01,0,Action|Romance,10.0,1,IN,,,,
302136,tt0369260,Q4854322,Bandagi,Bandagi,1972-01-01,0,,10.0,1,IN,,,,
107552,tt0069522,Q8051188,Yeh Gulistan Hamara,यह गुलिस्ताँ हमारा,1972-03-12,0,Action|Drama,9.0,1,IN,,,,
301220,tt0175450,Q4781808,Apradh,Apradh,1972-01-01,128,Romance|Action|Thriller,4.8,4,IN,,,,
1163663,tt0339994,,Baazigar,Baazigar,1972-01-01,137,Music|Crime|Comedy|Adventure,8.0,1,,,,,
547015,tt38019301,,London Me Bharat,London Me Bharat,1972-01-01,20,Documentary,0.0,0,GB,,,,
911776,tt0068012,Q8066861,Zaroorat,Zaroorat,1972-03-18,140,Drama,10.0,1,IN,,,,
586183,tt0068255,Q4857134,Bansi Birju,Bansi Birju,1972-09-01,120,Drama|Romance,7.0,2,IN,,,,
822712,tt0499182,Q4769891,Anokha Milan,Anokha Milan,1972-01-01,0,,10.0,1,,,,,
911728,tt0156791,Q6818849,My Brother,Mere Bhaiya,1972-01-01,139,Drama|Family,9.0,1,IN,,,,
543728,tt0156754,Q10978818,Maalik,Maalik,1972-01-01,0,,8.0,2,,,,,
267786,tt0068741,Q846896,The Inner Eye,The Inner Eye,1972-01-01,21,Documentary,6.0,8,IN,,,,
948460,,,He is Back,He is Back,1972-10-01,20,,0.0,0,IN,,,,
1555877,,,Doctor X,Doctor X,1972-01-01,0,,0.0,0,,,,,
307380,tt0357472,Q4880109,Bees Saal Pahele,बीस साल पहले,1972-01-01,133,Horror,9.0,1,IN,,,,
303374,tt0340092,Q5350175,Ek Bar Mooskura Do,Ek Bar Mooskura Do,1972-01-01,0,,8.0,1,,,,,
307397,tt0357517,,Buniyaad,Buniyaad,1972-01-01,0,,9.0,1,,,,,
319965,tt0230479,Q6746197,Man Jaiye,Man Jaiye,1972-01-01,0,,9.0,1,,,,,
304114,tt0234261,Q6897090,Mome Ki Gudiya,Mome Ki Gudiya,1972-01-01,120,Crime|Drama|Romance,8.0,1,,,,,
304187,tt0175564,Q5269196,Dharkan,Dharkan,1972-01-01,0,,7.0,2,,,,,
894879,,,Dil Ka Raaja,Dil Ka Raaja,1972-09-14,0,,0.0,0,,,,,
302910,tt0069871,Q3427502,Chhupa Rustam,Chhupa Rustam,1973-05-07,0,,8.0,1,,,,,
96149,tt0069711,Q3427447,Anamika,अनामिक,1973-05-18,125,Drama|Mystery|Romance,7.0,5,IN,,,,
259399,tt0177473,Q4661027,Aa Gale Lag Jaa,Aa Gale Lag Jaa,1973-11-05,149,Action|Drama|Romance,7.5,6,IN,,,Himachal Pradesh (India),India
46619,tt0070935,Q3292224,Yaadon Ki Baaraat,यादों की बारात,1973-02-18,164,Music|Action|Drama,7.9,27,IN,,,,
1667532,,,Taxi Driver,Taxi Driver,1973-01-01,0,,0.0,0,,,,,
160148,tt0070434,Q3417337,Namak Haraam,Namak Haraam,1973-11-19,146,Drama|Action,6.3,18,IN,,,,
21496,tt0069810,Q888434,Bobby,Bobby,1973-09-28,169,Drama|Romance,6.1,26,IN,,,Jammu and Kashmir (India),India
1193539,tt0230561,Q6959477,Nai Duniya Naye Log,Nai Duniya Naye Log,1973-01-01,122,Drama,7.0,1,IN,,,,
103236,tt0070947,Q3417226,Zanjeer,ज़ंजीर,1973-05-11,146,Action,6.9,31,IN,,,Mumbai (India),India
103931,tt0070009,Q5317629,Duvidha,दुविधा,1973-06-30,82,Fantasy|Romance|Drama,7.0,25,IN,,,Rajasthan (India),India
391726,tt0070241,Q6191011,Jheel Ke Us Paar,Jheel Ke Us Paar,1973-08-28,142,Romance|Action|Drama,6.8,4,IN,,,,
82177,tt0177502,Q4661301,Aaj Ki Taaza Khabar,आज की ताजा खबर,1973-01-01,0,Drama|Comedy,7.0,4,IN,,,,
103558,tt0156745,Q6663406,Loafer,Loafer,1973-03-12,138,Romance,5.4,4,IN,,,,
376825,tt0237257,Q10978113,Gaddaar,गद्दार,1973-01-01,137,,9.0,3,IN,,,,
75352,tt0069671,Q3429787,Abhimaan,Abhimaan,1973-07-27,122,Drama|Romance,7.4,21,IN,,,,
170859,tt0150251,Q3417323,Daag,दाग़,1973-04-23,146,Music|Romance,7.0,2,IN,,,,
613705,tt0165816,Q5893831,Honeymoon,Honeymoon,1973-02-21,128,Comedy|Drama|Family,6.5,2,IN,,,,
180271,tt0158587,Q5269885,Dhund,धुंध,1973-02-13,124,Romance|Mystery,7.2,10,IN,,,,
884805,tt0070166,Q10983032,Heera,हीरा,1973-01-01,142,Action|Drama|Crime,10.0,1,IN,,,,
1335698,tt0378068,Q5936590,The Criminals,Hum Sab Chor Hain,1973-01-01,115,,9.0,1,,,,,
319774,tt0246800,Q17076720,Naina,Naina,1973-09-10,134,Drama|Romance,7.0,2,IN,,,,
557186,tt0327648,Q5286194,Do Phool,Do Phool,1973-03-21,139,,7.0,3,IN,,,,
121129,tt0070253,Q10986262,Jugnu,जुगनू,1973-08-29,0,Action|Drama,6.7,3,IN,,,,
968402,tt0213082,Q3411193,Mera Desh Mera Dharam,Mera Desh Mera Dharam,1973-01-05,120,Drama,10.0,1,IN,,,,
48386,tt0215466,Q3413554,Achanak,अचानक,1973-01-01,96,Crime|Drama,4.0,6,IN,,,,
275919,tt0247502,Q6747207,Manchali,Manchali,1973-10-26,131,Music|Comedy|Romance,6.2,4,IN,,,,
464441,tt0230412,Q6402282,Khoon Khoon,Khoon Khoon,1973-01-01,131,Drama|Crime,4.4,7,IN,,,,
300757,tt0206240,Q7285534,Raja Rani,Raja Rani,1973-01-15,0,Romance,7.0,1,IN,,,,
413901,tt0154578,Q3419960,Heera Panna,Heera Panna,1973-01-01,0,Romance|Drama,4.8,6,IN,,,,
509703,tt0374079,Q6958207,Nafrat,Nafrat,1973-01-01,144,Romance,7.0,1,IN,,,,
305833,tt0422775,Q10990736,Mr. Romeo,Mr. Romeo,1973-12-10,138,Romance|Comedy,7.0,1,IN,,,,
304984,tt0154591,Q5766817,Hindustan Ki Kasam,हिन्दुस्तान की कसम,1973-01-01,0,Action|Drama|War,8.8,3,,,,,
341482,tt0070637,Q3417318,Saudagar,Saudagar,1973-10-26,131,Drama|Family,6.6,8,IN,,,,
365585,tt0069751,Q4854561,Bandhe Haath,बंधे हाथ,1973-07-01,146,Crime|Romance,9.5,2,IN,,,,
464591,tt0245994,Q10980046,Keemat,Keemat,1973-01-01,133,Thriller|Action,8.0,1,IN,,,,
1667535,tt2611504,,Rocky Mera Naam,Rocky Mera Naam,1973-01-01,120,,0.0,0,,,,,
307868,tt1225875,,Chalaak,Chalaak,1973-01-01,122,Action|Crime|Drama,5.0,1,,,,,
464590,tt0355374,Q5269214,Dharma,Dharma,1973-01-01,0,,8.0,1,,,,,
420825,tt0070530,Q74341,Phagun,Phagun,1973-10-12,111,,9.0,1,IN,,,,
515694,tt0379445,Q7240165,Prem Parbat,Prem Parbat,1973-01-01,130,Drama|Romance,8.0,0,IN,,,,
464583,tt0232626,Q7489565,Shareef Budmaash,Shareef Budmaash,1973-01-01,0,,4.8,4,,,,,
307513,tt0231847,Q6441488,Kuchhe Dhaage,Kuchhe Dhaage,1973-06-18,118,Drama|Action,7.0,2,IN,,,,
1433555,,,Munshi Ji,मुंशी जी,1973-01-01,18,Comedy|Family,0.0,0,IN,,,,
499236,tt0158690,Q3417312,Joshila,Joshila,1973-10-19,137,,6.5,2,IN,,,,
743239,tt0231107,Q4693200,Agni Rekha,Agni-Rekha,1973-06-15,134,Drama,8.0,1,IN,,,,
307603,tt0070558,Q7238287,Pran Jaye Par Vachan Na Jaye,प्राण जाये पर वचन ना जाये),1973-12-29,0,Action,7.0,1,IN,,,,
951706,tt0419092,Q21646932,Rickshawala,Rickshawala,1973-03-23,150,Romance,8.0,1,IN,,,,
1026905,tt0418760,Q6124270,Jaise Ko Taisa,Jaise Ko Taisa,1973-01-01,138,,7.0,2,IN,,,,
306394,tt0154563,Q5651276,Hanste Zakhm,Hanste Zakhm,1973-01-01,0,,3.0,3,,,,,
302182,tt0367921,Q16249920,Kahani Kismat Ki,Kahani Kismat Ki,1973-12-21,0,Drama,7.0,3,IN,,,,
303347,tt0154706,Q10988767,Black Mail,ब्लैक मेल,1973-01-01,146,Drama|Romance|Thriller,5.3,6,IN,,,,
1225485,tt0298267,Q10980708,Chhalia,Chhalia,1973-05-16,110,Action,9.0,1,,,,,
763218,tt0357819,Q16249768,Jwar Bhata,Jwar Bhata,1973-11-02,0,,9.0,1,IN,,,,
305234,tt0276925,Q5299686,Double Cross,डबल क्रॉस,1973-01-01,142,Action|Thriller|Crime,7.5,2,IN,,,,
509817,tt0358184,,Sweekar,Sweekar,1973-01-01,116,Drama,9.0,2,IN,,,,
418657,tt0239362,Q5350206,Ek Kunwari Ek Kunwara,एक कुंवारी एक कुंवारा,1973-01-01,0,,8.5,2,IN,,,,
307788,tt0069759,Q4840489,Bada Kabutar,Bada Kabutar,1973-01-01,144,,10.0,1,,,,,
1040246,tt0297731,Q4764362,Anhonee,Anhonee,1973-04-26,127,Drama|Thriller|Crime,8.0,1,IN,,,,
1290226,tt0385325,Q21647310,Wohi Raat Wohi Awaaz,वही रात वही आवाज़,1973-04-25,0,Horror,7.0,1,IN,,,,
212048,tt0230177,,Ek Nao Do Kinare,Ek Nao Do Kinare,1973-10-18,120,Drama,5.8,3,IN,,,,
509709,tt0271670,Q6983041,Naya Nasha,Naya Nasha,1973-01-01,123,Crime|Drama|Thriller,8.0,1,IN,,,,
319953,tt0268395,Q6126990,Jalte Badan,Jalte Badan,1973-01-01,0,,8.0,1,IN,,,Mumbai (India),India
1511500,,,Masoom,Masoom,1973-01-01,18,,0.0,0,IN,,,,
1454397,,,Sultana Daku,Sultana Daku,1973-01-04,135,,0.0,0,,,,,
848074,tt0425362,,Prabhat,Prabhat,1973-01-01,122,,10.0,1,,,,,
307901,tt0070097,Q5530085,Gehri Chaal,Gehri Chaa,1973-07-27,140,Action|Thriller,5.0,2,IN,,,,
499718,tt0233227,Q4769899,Anokhi Ada,Anokhi Ada,1973-04-03,0,,4.5,4,,,,,
1684054,,,Rocky Mera Naam,Rocky Mera Naam,1973-10-10,0,,0.0,0,,,,,
819785,tt0367928,Q18387203,Kashmakash,Kashmakash,1973-11-24,0,,7.0,1,,,,,
894527,tt2671344,,Birbal My Brother,Birbal My Brother,1973-01-05,0,,0.0,0,,,,,
1750373,tt1286668,,Vishnu Puran,Vishnu Puran,1973-01-01,127,,0.0,0,,,,,
243855,tt0304147,Q5684676,Hawas,Hawas,1974-01-01,139,Drama|Family|Romance,5.7,3,IN,,,,
171492,tt0071145,Q1546398,Ankur,अंकुर,1974-07-20,122,Drama,6.224,29,IN,,,India,India
709267,tt0154630,Q10991829,Imaan,Imaan,1974-01-01,131,Romance,7.0,1,IN,,,,
604182,tt0072109,Q7399247,Sagina,Sagina,1974-07-15,0,Comedy|Drama|Family,8.0,2,IN,,,British Raj (British Empire),British Empire
125292,tt0072100,Q7370534,Roti Kapada Aur Makaan,रोटी कपड़ा और मकान,1974-01-01,161,Romance|Action|Drama,6.0,8,IN,,,Delhi (India),India
994826,tt0314005,Q5313394,Dulhan,Dulhan,1974-04-02,146,,7.5,2,,,,,
159365,tt0071205,Q4886782,Benaam,बेनाम,1974-10-18,117,Thriller|Drama|Mystery,7.5,2,IN,,,,
400451,tt0071436,Q5299324,Dost,दोस्त,1974-04-12,164,Drama,7.0,2,IN,,,,
108141,tt0072064,Q3418011,Rajnigandha,रजनीगन्धा,1974-09-13,110,Drama|Romance,5.9,16,IN,,,Mumbai (India),India
410237,tt0175530,Q911026,Chor Machaye Shor,चोर मचाये शोर,1974-03-18,139,Action|Romance,6.4,5,IN,,,,
109365,tt0156771,Q6753480,Manzilein Aur Bhi Hain,Manzilein Aur Bhi Hain,1974-03-11,122,Drama,10.0,1,IN,,,,
740760,tt0357720,Q5646361,Hamrahi,Hamrahi,1974-04-26,158,Comedy|Family|Romance,8.0,1,IN,,,,
104722,tt0071800,Q1886028,Majboor,मज़बूर,1974-12-06,150,Thriller|Mystery,7.2,10,IN,,,,
133583,tt0268129,Q4699916,Ajanabee,Ajanabee,1974-09-18,139,Drama|Romance|Crime,6.9,5,IN,,,,
168987,tt0175423,Q3419993,Aap Ki Kasam,आप की कसम,1974-04-17,153,Romance|Drama,7.0,11,IN,,,,
305839,tt0156833,Q3465248,Naya Din Nai Raat,Naya Din Nai Raat,1974-05-07,141,Drama,6.3,3,IN,,,,
301619,tt0268217,Q3417218,Charitraheen,Charitraheen,1974-01-01,148,Drama|Family,9.0,1,IN,,,,
304245,tt0239448,Q5636566,Haath Ki Safai,Haath Ki Safai,1974-08-30,0,Drama,7.5,2,IN,,,,
911720,tt2651878,Q140436153,"Bhagat Singh, the Immortal Martyr",Amar Saheed Bhagat Singh,1974-01-01,131,Action,0.0,0,IN,,,,
616573,tt0312836,Q6173056,Jeevan Sangram,जीवन संग्राम,1974-01-01,128,Drama,8.0,1,IN,,,,
528443,tt0358029,Q13118871,Pocket Maar,पॉकेटमार,1974-07-05,136,,7.0,2,,,,,
301662,tt0431316,Q7148500,Patthar Aur Payal,Patthar Aur Payal,1974-08-13,0,,8.0,2,,,,,
1667514,,,Ghatna,Ghatna,1974-01-01,0,,0.0,0,,,,,
47861,tt0246740,Q6431292,Kora Kagaz,कोरा कागज़,1974-05-04,125,Drama,5.0,3,IN,,,Mumbai (India),India
307405,tt0176105,Q7370533,Roti,Roti,1974-10-11,149,Drama|Romance|Action|Crime,6.3,6,IN,,,,
546314,tt0157734,,Har Har Mahadev,Har Har Mahadev,1974-01-01,150,,7.8,3,,,,,
128684,tt0071083,Q4632545,27 Down,सत्ताईस डाऊन,1974-08-01,118,Drama|Romance,6.6,9,IN,,,Mumbai (India),India
848518,tt0154653,Q3419943,Ishk Ishk Ishk,Ishk Ishk Ishk,1974-11-08,131,Drama|Romance,7.0,1,IN,,,,
109457,tt0357782,Q10981522,Imtihan,इम्तहान,1974-05-31,138,Family|Drama,7.8,4,,,,,
509712,tt0369018,,Thokar,Thokar,1974-01-01,119,Action|Drama|Family,7.0,2,IN,,,,
591943,tt0155106,Q7315365,Resham Ki Dori,रेशम की डोरी,1974-08-21,140,Drama,7.0,2,,,,,
432516,tt0072026,Q7240155,Prem Nagar,प्रेम नगर,1974-05-24,158,Drama|Romance,10.0,1,IN,,,,
1428303,,,Secret Knowledge,Gupt Gyan,1974-01-01,120,,0.0,0,,,,,
71297,tt0071714,Q10981442,Kasauti,कसौटी,1974-08-05,150,Drama|Romance,3.8,5,IN,,,,
509746,tt0370796,,Jab Andhera Hota Hai,जब अन्धेरा होता है,1974-06-03,121,Crime|Drama|Mystery|Romance|Thriller|Horror,8.0,1,IN,,,,
541865,tt0298366,Q10991044,Humshakal,हमशक्ल,1974-04-19,135,Drama,7.0,1,IN,,,,
307871,tt0246462,Q3419886,Bidaai,Bidaai,1974-10-09,145,Drama|Music|Romance,9.0,1,,,,,
346165,tt0071307,Q4635716,36 Ghante,36 Ghante,1974-06-04,0,Action|Crime|Drama|Thriller,6.7,3,,,,,
304658,tt0156258,Q4828981,Aavishkar,आविष्कार,1974-06-14,108,Drama|Romance,8.0,1,IN,,,,
618320,tt1314279,,Vachan,वचन,1974-01-01,0,Comedy,0.0,0,IN,,,,
411499,tt0233281,Q4840896,Badhti Ka Naam Dadhi,बढ़ती का नाम दाढ़ी,1974-01-01,130,Drama,8.0,1,IN,,,,
567951,tt0122162,Q6727375,Madhosh,Madhosh,1974-02-27,133,,3.8,5,,,,,
464592,tt0155805,Q6402614,Khote Sikkay,Khote Sikkay,1974-01-01,132,,4.5,6,,,,,
213851,tt0071730,Q1792723,Kunwara Baap,Kunwara Baap,1974-08-12,137,Drama|Comedy,7.0,6,IN,,,,
413493,tt0368444,Q19899249,Woh Main Nahin,वो मैं नहीं,1974-01-04,142,Mystery|Thriller,6.7,9,IN,,,,
934449,tt0266832,Q10990073,Parinay,Parinay,1974-08-08,0,Action|Drama,8.0,1,IN,,,,
300712,tt0231592,Q12412884,5 Rifles,5 Rifles,1974-08-09,134,Action|Comedy,7.0,4,IN,,,,
442996,tt0244713,Q12439670,Phir Kab Milogi,Phir Kab Milogi,1974-04-20,132,Romance,10.0,1,IN,,,,
590803,tt0298492,Q19894963,Pap Aur Punya,पाप और पुण्य,1974-06-01,139,Drama,9.0,1,IN,,,,
925268,tt0315389,Q5094967,Chhote Sarkar,Chhote Sarkar,1974-01-01,132,Crime|Drama,9.0,1,IN,,,,
307170,tt0150519,Q5436819,Faslah,Faslah,1974-01-01,0,Crime|Drama|Romance,9.0,1,IN,,,,
464018,tt0071541,Q5529957,Geetaa Mera Naam,Geetaa Mera Naam,1974-03-24,145,Action|Drama|Thriller,7.0,2,IN,,,,
894111,tt0158313,Q16255015,Us-Paar,Us-Paar,1974-01-01,125,Drama|Family|Romance,9.0,1,IN,,,,
1200173,,,Amir Khusro,Amir Khusro,1974-01-01,12,Documentary,0.0,0,IN,,,,
1228877,tt3087946,,Bhoot Mera Saathi,Bhoot Mera Saathi,1974-01-01,0,Horror,0.0,0,IN,,,,
1576544,tt1961471,,Raga - II India,Raga - II India,1974-03-01,3,Documentary,0.0,0,IN,,,,
237743,tt0232977,Q8068541,Zehreela Insaan,Zehreela Insaan,1974-04-03,131,Action,5.2,4,IN,,,,
107800,tt0071811,Q6751423,Manoranjan,Manoranjan,1974-01-11,162,Comedy|Romance,5.0,7,IN,,,,
904789,tt0357459,Q10991024,Badla,Badla,1974-01-01,112,Thriller,10.0,1,IN,,,,
563011,tt0230657,Q38805126,Prem Shastra,Prem Shastra,1974-01-01,102,Romance|Drama,4.7,3,IN,,,,
307838,tt0154108,Q4662627,Aarop,आरोप,1974-01-16,129,Drama,7.0,1,,,,,
522384,tt0298579,Q10991386,Trimurti,Trimurti,1974-08-01,147,Crime|Drama,8.0,1,IN,,,,
108384,tt0234701,Q10995428,Shandaar,Shandaar,1974-01-01,156,Drama|Family,9.0,1,,,,,
307368,tt0233202,Q4746547,Amir Garib,Amir Garib,1974-07-26,140,Action|Drama,5.5,4,IN,,,,
897613,,,Crime and Punishment,Jurm Aur Sazaa,1974-01-01,140,,0.0,0,,,,,
464020,tt0430232,Q6050025,International Crook,International Crook,1974-07-22,138,Drama,7.5,2,IN|IR,,,,
325893,tt0395602,Q16249276,Insaaniyat,Insaaniyat,1974-05-16,134,Drama,10.0,1,IN,,,,
423833,tt0276861,Q5104918,Chor Chor,Chor Chor,1974-07-11,0,Action|Adventure,8.0,1,IN,,,,
495816,tt0208686,Q10983652,Anjaan Raahen,Anjaan Raahen,1974-07-26,123,Drama|Comedy,7.0,1,IN,,,,
509702,tt0374304,Q12416049,Ujala Hi Ujala,Ujala Hi Ujala,1974-01-01,124,Drama|Family,10.0,1,IN,,,,
911724,tt0252558,Q6123450,Jai Radhe Krishna,Jai Radhe Krishna,1974-01-01,123,,10.0,1,IN,,,,
1048728,tt0867252,Q4849859,Balak Dhruv,Balak Dhruv,1974-12-30,116,,0.0,0,IN,,,,
988501,tt0429776,Q5105567,Chowkidar,Chowkidar,1974-01-01,135,Drama,7.0,1,,,,,
936197,tt0485795,Q4781810,Apradhi,Apradhi,1974-01-01,0,,10.0,0,IN,,,,
894863,tt0155668,Q5276608,Dil Diwana,Dil Diwana,1974-11-01,0,,10.0,1,,,,,
1235376,tt0156504,Q3049555,"One, Many, and Unity",Ek Anek Aur Ekta,1974-01-01,7,Animation,7.0,1,,,,India,India
320489,tt0243358,Q6402283,Khoon Ki Keemat,Khoon Ki Keemat,1974-01-01,0,,10.0,1,,,,,
519444,tt0242502,Q5651369,Hanuman Vijay,Hanuman Vijay,1974-01-04,120,,10.0,1,,,,,
1665095,tt0373685,Q10991938,Archana,Archana,1974-01-01,133,,7.0,1,,,,,
1002023,tt2626106,,Dastan-E-Laila Majnu,Dastan-E-Laila Majnu,1974-01-01,170,,0.0,0,,,,,
12259,tt0073707,Q949228,Sholay,शोले,1975-08-15,208,Action,7.075,333,IN,Ramanagara (India),India,Bengaluru (India),India
199798,tt0073391,Q1303341,Mili,Mili,1975-06-20,115,Romance|Drama,7.6,10,IN,,,,
22460,tt0072860,Q787034,Deewaar,दीवार,1975-01-24,174,Action|Crime|Drama,7.2,76,IN,,,Mumbai (India),India
551498,tt0315487,Q11004095,Dhoti Lota Aur Chowpatty,Dhoti Lota Aur Chowpatty,1975-01-01,0,,0.0,0,,,,,
21459,tt0072783,Q2491550,Chupke Chupke,Chupke Chupke,1975-04-11,129,Romance|Comedy|Drama,7.2,67,IN,,,,
1753839,tt4743380,,Mirage,Mrig Trishna,1975-01-01,0,Fantasy,0.0,0,IN,,,,
1323127,,,Avsesh,Avsesh,1975-07-17,20,,0.0,0,,,,,
306150,tt0214663,Q5350207,Ek Mahal Ho Sapno Ka,Ek Mahal Ho Sapno Ka,1975-07-09,143,,7.5,2,,,,,
1144134,tt0247015,Q7915520,Vardaan,Vardaan,1975-01-01,136,Drama,10.0,1,,,,,
59277,tt0178186,Q3420017,Aandhi,Aandhi,1975-02-13,133,Romance|Drama,7.2,9,IN,,,,
101747,tt0246493,Q5105051,Chori Mera Kaam,चोरी मेरा काम,1975-04-30,165,Romance|Comedy,5.9,5,IN,,,,
543715,tt0072642,Q4751706,Anari,अनाड़ी,1975-02-04,129,Romance|Drama,10.0,1,IN,,,,
304297,tt0175837,Q6471279,Lafange,Lafange,1975-01-01,173,,9.0,1,IN,,,,
198524,tt0073458,Q3136560,Nishant,निशांत,1975-06-06,136,Drama|Crime,7.1,14,IN,,,,
587432,tt1961434,,Naya Daur,Naya Daur,1975-03-11,9,Documentary,0.0,0,IN,,,,
1226041,tt2061666,,Ek Gaon Ki Kahani,Ek Gaon Ki Kahani,1975-01-01,139,Drama,0.0,0,,,,,
504391,tt0244457,Q5068123,Chaitali,Chaitali,1975-09-18,0,,7.0,1,IN,,,,
272668,tt0395743,Q3423422,Salaakhen,सलाखें,1975-12-26,133,Action|Thriller,7.6,5,IN,,,,
1193073,,,Kahtey Hain Mujhko Raja,Kahtey Hain Mujhko Raja,1975-11-28,126,Action|Family,0.0,0,IN,,,,
107564,tt0151511,Q10998279,Mausam,मौसम,1975-12-25,156,Drama|Romance,5.2,9,IN,,,,
1520136,,,Stree Purush,Stree Purush,1975-01-01,0,,0.0,0,,,,,
213729,tt0073924,Q5285948,Zameer,Zameer,1975-03-21,136,Family|Drama|Action,5.2,5,IN,,,,
125216,tt0187192,Q6307980,Julie,Julie,1975-03-18,145,Romance|Family|Music,6.5,2,IN,,,,
284495,tt0073191,Q6123459,Jai Santoshi Maa,जय संतोषी माँ,1975-08-15,145,Drama,7.5,2,IN,,,,
108377,tt0361505,Q5269342,Dharmatma,धर्मात्मा,1975-07-25,163,Romance|Action|Thriller,4.7,3,IN,,,Afghanistan,Afghanistan
276230,tt0155997,Q7282715,Rafoo Chakkar,Rafoo Chakkar,1975-01-01,0,,6.7,3,IN,,,,
83910,tt0215900,Q6403183,Khushboo,Khushboo,1975-05-08,132,Drama|Romance|Family,6.8,4,IN,,,,
559131,tt0368465,Q21647340,Zorro,Zorro,1975-10-31,150,Action|Adventure|Comedy|Drama|Thriller,7.6,5,IN,,,,
300717,tt0178180,Q4661349,Aakraman,Aakraman,1975-05-14,0,War|Drama,4.8,4,,,,,
505992,tt0073569,Q7240134,Prem Kahani,प्रेम कहानी,1975-02-07,149,Romance|Drama|History|Thriller,9.0,1,IN,,,,
309150,tt0073224,Q6349974,Kaala Sona,Kaala Sona,1975-07-29,137,Action|Western,10.0,1,IN,,,,
509750,tt0073112,Q5764947,Himalay Se Ooncha,Himalay Se Ooncha,1975-01-01,120,Action|Adventure|Drama,9.0,1,IN,,,,
297553,tt0073884,,Waves of Revolution,क्रांति की तरंगें,1975-01-01,30,Documentary,8.0,1,IN,,,,
117788,tt0072870,Q3419741,Dharam Karam,Dharam Karam,1975-12-01,159,Drama,8.3,3,IN,,,,
304339,tt0318584,Q7227786,Ponga Pandit,पोंगा पंडित,1975-01-01,0,Comedy|Drama|Family|Action,3.7,3,,,,,
311968,tt0157127,,Tumhara Kalloo,Tumhara Kalloo,1975-08-23,0,Drama|Romance,10.0,1,IN,,,,
1152995,tt1235441,Q48731061,Ranga Khush,Ranga Khush,1975-02-04,116,Action|Crime|Thriller|Drama,0.0,0,IN,,,,
177502,tt0073236,Q6401232,Khel Khel Mein,Khel Khel Mein,1975-05-13,0,,5.6,5,IN,,,,
396128,tt0072972,Q5434677,Faraar,Faraar,1975-11-11,136,Thriller,6.3,3,IN,,,,
407635,tt0230913,Q10989971,Uljhan,Uljhan,1975-07-22,137,Drama|Mystery,8.0,1,US,,,,
307786,tt0216110,Q3423533,Pratiggya,Pratiggya,1975-06-23,0,,5.5,4,,,,,
464430,tt0158356,Q7969938,Warrant,वारंट,1975-01-11,0,,7.0,2,,,,,
609729,tt0246190,Q7292954,Rani and Lalpari,Rani aur Lalpari,1975-01-01,135,Music,8.3,3,IN,,,,
1463831,,,Awara Ladki,Awara Ladki,1975-01-01,0,,0.0,0,,,,,
118347,tt0073657,Q3423490,Sanyasi,सन्यासी,1975-07-04,161,Drama|Family,6.6,4,IN,,,,
244455,tt0165795,Q5529932,Geet Gaata Chal,Geet Gaata Chal,1975-07-01,131,Drama|Family|Music,6.4,5,,,,,
302249,tt0276438,Q10994510,Raajaa,Raajaa,1975-01-01,0,Drama|Family,9.0,1,IN,,,,
1337748,tt0178174,Q4661338,Aakhri Daao,Aakhri Daao,1975-07-21,144,Crime,10.0,1,,,,,
1224036,tt0373683,Q4780035,Apne Dushman,Apne Dushman,1975-11-19,120,Crime|Drama|Mystery,7.0,2,IN,,,,
1667560,,,Yeh Sach Hai,Yeh Sach Hai,1975-01-01,0,,0.0,0,,,,,
1602753,,,Tan Ki Chandi Man Ka Sona,Tan Ki Chandi Man Ka Sona,1975-01-01,5,Documentary,0.0,0,IN,,,,
410849,tt0361515,Q1233040,Do Jasoos,Do Jasoos,1975-10-07,135,Comedy|Mystery,6.8,4,IN,,,,
236299,tt0824414,Q48673930,Vandana,Vandana,1975-01-02,0,,8.0,2,IN,,,,
323055,tt0359738,Q96054339,Naatak,Naatak,1975-01-01,0,Drama,10.0,1,,,,,
320116,tt0230389,Q6343267,Kaagaz Ki Nao,Kaagaz Ki Nao,1975-01-01,0,,10.0,1,IN,,,,
695835,tt0360231,Q8072323,Zinda Dil,Zinda Dil,1975-10-15,125,Action|Romance,10.0,1,,,,,
304132,tt0073923,Q8065069,Zakhmee,Zakhmee,1975-05-05,140,Crime|Drama|Music,8.0,1,IN,,,,
991196,tt0370468,Q5286087,Do Jhoot,Do Jhoot,1975-01-01,132,Romance,8.0,1,,,,,
453292,tt0155606,Q5073923,Charandas The Thief,चरणदास चोर,1975-04-21,156,Drama,9.0,1,IN,,,,
275775,tt0430561,Q7395759,Saazish,Saazish,1975-01-01,134,Action|Crime|Thriller,10.0,1,IN,,,,
1520133,,,Kaam Shastra,Kaam Shastra,1975-01-01,0,,0.0,0,,,,,
285363,tt0259854,Q4754329,Andhera,Andhera,1975-05-22,110,Horror,7.0,1,IN,,,,
432137,tt0155079,Q7265844,Qaid,कैद,1975-05-21,130,Thriller|Drama|Romance,10.0,2,IN,,,,
1071270,tt0389178,,Mounto,Mounto,1975-01-01,114,,7.0,1,,,,,
558505,tt0165991,,Toofan,Toofan,1975-01-01,0,,7.0,2,IN,,,,
1202916,tt0297738,Q4780034,Apne Rang Hazaar,Apne Rang Hazaar,1975-01-01,124,,10.0,1,,,,,
305878,tt0266086,,Zamindarugari Ammayi,Zamindarugari Ammayi,1975-01-01,0,,8.0,1,,,,,
242826,tt0074858,Q3286621,Manthan,मंथन,1976-10-01,134,Drama,6.588,17,IN,,,Gujarat (India),India
619081,tt0283934,Q4900887,Bhala Manus,Bhala Manus,1976-08-06,0,,8.0,1,IN,,,,
991468,tt0392187,Q6173041,Jeevan Jyoti,Jeevan Jyoti,1976-01-01,136,Drama,7.0,1,,,,,
280272,tt0074949,Q6958830,Nagin,Nagin,1976-01-19,180,Music|Fantasy|Horror|Thriller,6.8,10,IN,,,,
73443,tt0074730,Q953037,Kabhi Kabhie,कभी कभी,1976-02-27,177,Drama|Romance,6.375,24,IN,"Kashmir (India, Pakistan, People's Republic of China)",India|Pakistan|People's Republic of China,Jammu and Kashmir (India),India
819763,tt1227152,,Harfan Maulaa,Harfan Maulaa,1976-01-01,0,Romance|Drama,0.0,0,,,,,
1611592,tt0241742,,Murde,Murde,1976-01-01,19,Documentary,7.0,1,IN,,,,
104724,tt0074417,Q10990967,Do Anjaane,दो अनजाने,1976-11-26,162,Drama,5.5,6,IN,,,,
307906,tt0452236,Q5563181,Ginny And Johnny,जिन्नी और जॉनी,1976-10-27,125,Drama|Comedy,8.0,1,IN,,,,
1452360,tt0250733,,Sikandar,Sikandar,1976-01-01,63,Drama|Comedy,10.0,1,IN,,,,
801337,tt0074309,,Chhatrabhang,Chhatrabhang,1976-01-01,80,,8.7,3,IN,,,,
1611596,tt6046796,,A Proposal,A Proposal,1976-01-01,34,Drama,0.0,0,IN,,,,
240307,tt0237022,Q3427425,Balika Badhu,बालिका बधू,1976-08-20,116,Drama|Romance,8.3,3,IN,,,,
170645,tt0073104,Q5732479,Hera Pheri,हेरा फेरी,1976-10-01,164,Action|Comedy|Drama,6.6,13,IN,,,,
304294,tt0359565,Q6426185,Koi Jeeta Koi Haara,Koi Jeeta Koi Haara,1976-01-01,0,,8.0,1,IN,,,,
1667591,,,Gumrah,Gumrah,1976-10-30,0,,0.0,0,,,,,
304569,tt0293081,Q19891282,Deewaangee,दीवानगी,1976-06-09,168,Drama,7.0,1,IN,,,,
212045,tt0157572,Q5350241,One Better Than the Other,Ek Se Badhkar Ek,1976-09-18,158,Action|Comedy,9.0,1,IN,,,,
107736,tt0358138,Q11004276,Shankar Shambhu,Shankar Shambhu,1976-10-06,0,Action|Drama|Crime,6.0,2,,,,,
232706,tt0266712,Q1139365,Laila-Majnu,Laila-Majnu,1976-11-11,150,Romance,4.0,4,IN,,,,
410336,tt0371558,Q4848583,Bairaag,बैराग,1976-02-01,0,Family|Drama,8.3,3,IN,,,,
911634,tt1560478,Q15788443,God Is In The World,Bhagwan Samaye Sansar Mein,1976-01-01,117,Drama|Family|History,0.0,0,IN,,,,
667053,tt0360463,Q5069068,Chalte Chalte,Chalte Chalte,1976-01-01,177,Romance|Thriller,4.5,4,,,,,
1418621,,,O Parvardigar,O Parvardigar,1976-01-01,8,Music|Documentary,0.0,0,,,,,
1193040,,,Aaj Ka Mahatma,Aaj Ka Mahatma,1976-01-01,170,Action|Romance,5.0,1,IN,,,,
307814,tt0165972,Q3427471,Tapasya,Tapasya,1976-01-01,133,Drama|Family,6.5,2,IN,,,,
71756,tt0072777,Q947721,Chhoti Si Baat,छोटी सी बात,1976-01-09,123,Drama|Comedy|Romance,7.6,27,IN,,,Mumbai (India),India
647464,tt0398670,,Alibaba,Ek Tha Ali Baba,1976-11-12,123,Action,7.5,2,IN,,,,
244493,tt0381585,Q7489388,Sharafat Chod Di Maine,Sharafat Chod Di Maine,1976-01-01,117,Drama,6.1,5,IN,,,,
278577,tt1363123,Q20814656,Murder at Monkey Hill,Murder at Monkey Hill,1976-03-11,20,Mystery|Thriller,0.0,0,IN,,,,
445383,tt0157358,Q4863037,Barood,Barood,1976-03-06,0,Action|Thriller|Drama|Romance|Crime,4.6,5,IN,,,,
543721,tt0359728,Q6956499,Naach Uthe Sansaar,नाच उठे संसार,1976-07-20,133,Romance,7.5,2,IN,,,,
309151,tt0214832,Q6352529,Kalicharan,Kalicharan,1976-02-07,143,,5.3,6,IN,,,,
476933,tt0074955,Q6987856,Nehle Pe Dehla,Nehle Pe Dehla,1976-01-01,130,Drama|Action|Crime,6.0,4,IN,,,,
96162,tt0157460,Q200431,Chitchor,Chitchor,1976-01-01,105,Drama|Romance,7.5,4,IN,,,,
107964,tt0075632,Q4678520,Adalat,Adalat,1976-11-10,146,Action|Drama,6.7,3,IN,,,Mumbai (India),India
97335,tt0154265,Q11003960,Bullet,Bullet,1976-12-28,156,Thriller,4.4,5,IN,,,,
302154,tt0298327,Q3412112,Fakira,फकीरा,1976-09-06,139,Drama,7.0,2,IN,,,,
275934,tt0231226,Q4997491,Bundal Baaz,Bundal Baaz,1976-01-01,0,Fantasy|Comedy,9.0,1,IN,,,,
185123,tt0359135,Q5316847,Dus Numbri,दस नम्बरी,1976-04-17,0,Drama,6.3,3,,,,,
1427567,,,Soldier,Fauji,1976-01-01,132,,0.0,0,,,,,
300924,tt0259571,Q7489325,Shaque,Shaque,1976-12-01,121,Drama|Mystery|Thriller,8.0,2,IN,,,,
304905,tt0178194,Q4661615,Aap Beati,Aap Beati,1976-10-28,145,Romance|Drama,7.0,2,IN,,,,
277138,tt0320792,Q3423450,Zindagi,ज़िन्दगी,1976-12-31,139,,7.0,1,IN,,,,
276050,tt0243550,Q7488675,Shankar Dada,Shankar Dada,1976-07-22,130,Crime|Drama,0.0,0,IN,,,,
520764,tt0215898,Q3429686,Khaan Dost,ख़ान दोस्त,1976-03-23,157,Action|Crime|Drama,10.0,1,IN,,,,
147195,tt0276309,Q6720924,Maa,Maa,1976-08-02,137,Family|Drama,9.0,3,IN,,,,
809477,tt0154663,Q15647807,Jaaneman,Jaaneman,1976-07-30,0,Action|Crime|Romance,6.5,2,IN,,,,
242730,tt0298582,Q7877198,Udhar Ka Sindur,उधार का सिंदूर,1976-10-16,135,,8.2,2,,,,,
413892,tt0268216,Q5073945,Charas,Charas,1976-05-24,159,Action|Drama|Romance,6.0,3,IN,Malta,Malta,,
742911,tt0149708,Q4791575,Arjun Pandit,Arjun Pandit,1976-04-16,122,Drama,8.0,1,IN,,,,
87697,tt0157845,Q3423518,Bajrangbali,Bajrangbali,1976-01-01,180,Fantasy,5.5,2,IN,,,,
347839,tt0268449,Q16251645,Mehbooba,Mehbooba,1976-01-01,134,,6.0,3,IN,,,,
1193575,tt0363729,Q10996030,Kadambari,Kadambari,1976-01-01,92,Drama|Romance,9.0,1,IN,,,,
509743,tt0367918,Q6344016,Kabeela,Kabeela,1976-12-26,125,Action|Adventure|Crime|Drama,9.0,1,IN,,,,
1553119,tt0230518,,Mera Dharam Meri Maa,Mera Dharam Meri Maa,1976-03-31,107,Drama,8.0,1,IN,,,,
509707,tt0297781,Q4901056,Bhanwar,Bhanwar,1976-05-07,135,Drama|Romance,9.5,2,IN,,,,
347948,tt0420139,Q7396458,Sabse Bada Rupaiya,Sabse Bada Rupaiya,1976-01-01,0,,7.0,1,,,,,
142139,tt0076259,Q6402285,Khoon Pasina,खून पसीना,1977-01-21,210,Action|Drama,6.3,3,IN,,,,
38022,tt0075669,Q454674,Amar Akbar Anthony,अमर अकबर एन्थोनी,1977-05-27,184,Action|Comedy|Drama|Music|Crime,6.888,80,IN,,,Mumbai (India),India
80556,tt0076696,Q76582,The Chess Players,शतरंज के खिलाड़ी,1977-10-02,129,Drama,7.1,59,IN,,,Lucknow (India),India
207377,tt0076527,Q3429782,Parvarish,Parvarish,1977-10-23,162,Drama|Action|Crime,7.1,7,IN,,,Mumbai (India),India
96158,tt0075825,Q5068521,Chala Murari Hero Banne,Chala Murari Hero Banne,1977-01-01,128,Comedy,9.0,1,IN,,,Mumbai (India),India
307690,tt0150718,Q5555691,Gharaonda,Gharaonda,1977-01-01,141,Drama,7.0,6,IN,,,,
307851,tt0268146,Q4777903,Anurodh,अनुरोध,1977-02-11,0,Drama|Family,6.5,2,IN,,,,
213188,tt0213611,Q5269104,Dharam Veer,धरम वीर,1977-08-09,165,Action|Adventure|Comedy|Fantasy,7.2,12,IN,,,British Raj (British Empire),British Empire
495799,tt0280394,Q4682452,Adha Din Adhi Raat,Adha Din Adhi Raat,1977-01-01,132,Action,10.0,1,IN,,,,
197388,tt0157556,Q5306364,Dream Girl,ड्रीम गर्ल,1977-01-01,158,Romance|Thriller,5.9,8,IN,,,,
795740,tt0299078,Q7127673,Palkon Ki Chhaon Mein,Palkon Ki Chhaon Mein,1977-11-04,0,Romance,10.0,1,IN,,,,
258709,tt0300475,Q7498346,Shirdi Ke Sai Baba,शिरडी के साईं बाबा,1977-02-02,140,Drama,4.7,3,IN,,,,
464584,tt0363739,Q6401233,Khel Khilari Ka,Khel Khilari Ka,1977-04-18,0,Action|Thriller,6.5,2,IN,,,,
271915,tt0075653,Q3413574,Alaap,आलाप,1977-03-12,133,Music|Romance,8.3,3,IN,,,,
210915,tt0301215,Q11161132,Doosara Aadmi,दूसरा आदमी,1977-09-14,143,Drama|Romance,9.7,3,IN,,,,
303102,tt0178207,Q4662710,Aashiq Hoon Baharon Ka,Aashiq Hoon Baharon Ka,1977-12-16,136,,4.3,3,,,,,
78819,tt0075747,Q2900709,Bhumika,भूमिका,1977-11-11,136,Drama,6.625,20,IN,,,India|Mumbai (India),India
299139,tt0360626,Q5639777,Haiwan,Haiwan,1977-01-01,0,Thriller|Horror,10.0,1,IN,,,,
261156,tt0215907,Q6417658,Kitaab,किताब,1977-12-31,124,Drama,6.2,4,IN,,,,
822272,tt0322814,Q6126893,Jallian Wala Bagh,Jallian Wala Bagh,1977-01-30,183,Action|History,7.0,1,IN,,,,
304257,tt0076177,Q3427435,Immaan Dharam,ईमान धर्म,1977-01-07,156,Crime|Action|Drama,7.5,2,IN,,,,
515831,tt0349212,Q5104931,Chor Sipahee,चोर सिपाही,1977-04-15,138,Action|Crime|Drama,8.5,2,IN,,,,
284614,tt0074926,Q6929575,The Royal Hunt,मृगया,1977-07-01,119,Drama,7.0,3,IN,,,,
464445,tt0382825,Q6732633,Maha Badmaash,Maha Badmaash,1977-01-01,0,,6.0,2,,,,,
464443,tt0368194,Q7288435,Ram Bharose,राम भरोसे,1977-01-01,130,Action|Comedy,8.0,1,IN,,,,
302143,tt0075826,Q5073922,Charandas,Charandas,1977-10-21,137,Drama|Family,10.0,1,IN,,,,
402040,tt0152720,Q3506408,Swami,स्वामी,1977-01-06,129,Romance|Drama,4.0,2,IN,,,,
193568,tt0366616,Q6034536,Inkaar,इंकार,1977-11-07,135,Thriller|Drama,7.5,7,IN,,,,
304095,tt0357533,Q5068352,Chakkar Pe Chakkar,Chakkar Pe Chakkar,1977-07-30,109,Action,9.0,1,IN,,,,
306140,tt0271421,Q3419692,Chandi Sona,Chandi Sona,1977-03-25,148,Action|Thriller,9.0,1,IN,,,,
326486,tt0121073,,Anand Mahal,Anand Mahal,1977-01-01,0,,7.0,1,,,,,
1302473,tt3083968,,Zee Boom Ba,Zee Boom Ba,1977-01-01,0,Horror,0.0,0,IN,,,,
304160,tt0177485,Q4661145,Aadmi Sadak Ka,Aadmi Sadak Ka,1977-01-01,0,,6.0,2,IN,,,,
543723,tt0156608,Q5768772,Hira Aur Patthar,हीरा और पत्थर,1977-05-09,0,Drama,10.0,1,IN,,,,
144407,tt0158698,Q11001001,Karm,Karm,1977-04-27,146,Drama,8.0,2,IN,,,,
743234,tt0255267,Q6167286,Jay Vejay,Jai-Vijay,1977-01-24,145,Action|Adventure|Drama|History,8.0,1,IN,,,,
275877,tt0150417,Q5313398,Dulhan Wahi Jo Piya Man Bhaaye,Dulhan Wahi Jo Piya Man Bhaaye,1977-10-01,165,,10.0,1,IN,,,,
911768,tt0233965,Q16249581,Phir Janam Lenge Hum,Phir Janam Lenge Hum,1977-01-01,119,Romance,7.0,1,IN,,,,
413891,tt0268141,Q4751236,Anand Ashram,आनंद आश्रम,1977-10-14,127,Romance|Drama,8.0,1,IN,,,,
1070027,tt0178196,Q4661627,For Your Sake,Aap Ki Khatir,1977-06-07,112,Drama,7.0,2,,,,,
410269,tt0213544,Q5066074,Chacha Bhatija,Chacha Bhatija,1977-01-07,161,,6.5,4,,,,,
192535,tt0215902,Q6410386,Kinara,Kinara,1977-05-09,139,,6.7,3,IN,,,,
301066,tt0178212,Q4663026,Ab Kya Hoga,Ab Kya Hoga,1977-01-01,0,,7.0,2,IN,,,,
1717322,,,Mastan Dada,Mastan Dada,1977-01-01,0,,0.0,0,,,,,
1422976,tt9041222,Q114805559,Paradh,Paradh,1977-01-01,104,Mystery|Horror,0.0,0,IN,,,,
307483,tt0369746,Q3429749,Mukti,Mukti,1977-08-14,150,Drama,7.0,1,IN,,,,
542003,tt0154178,Q4661277,Aaina,आइना,1977-03-11,150,,4.0,3,IN,,,,
304205,tt0367723,Q5435348,Farishta Ya Qatil,फरिश्ता या कातिल,1977-09-03,127,Action,8.0,1,IN,,,,
509992,tt0419107,Q11161406,The White Elephant,सफेद हाथी,1977-01-14,0,,7.5,2,,,,,
543947,tt0154415,Q5276714,Dildaar,दिलदार,1977-01-01,165,Action|Comedy|Drama|Family,7.0,1,IN,,,,
543941,tt0381079,Q5069062,Chalta Purza,Chalta Purza,1977-06-24,150,Action|Thriller,7.3,3,IN,,,,
303966,tt0245977,Q11160875,Jadu Tona,जादू टोना,1977-01-01,112,Horror,7.0,2,IN,,,,
1530109,tt0075977,Q11000484,Ek Hi Raasta,Ek Hi Raasta,1977-06-08,0,,7.0,1,IN,,,,
300333,tt0395434,Q4661158,Aafat,आफ़त,1977-01-01,148,Crime|Drama,9.0,1,IN,,,,
911597,tt0379257,Q11160992,Dhoop Chhaon,Dhoop Chhaon,1977-03-23,128,Drama,6.0,2,IN,,,,
304273,tt0275442,Q3427415,Kalabaaz,Kalabaaz,1977-06-30,145,,7.0,1,IN,,,,
911655,tt0165613,Q4725620,Alibaba Marjinaa,Alibaba Marjinaa,1977-01-01,163,Action|Adventure,10.0,1,IN,,,,
150731,tt0076167,Q947742,Hum Kisise Kum Naheen,हम किसी से कम नहीं,1977-08-25,169,Romance,7.1,8,IN,,,,
813248,tt0276628,Q8051239,Yehi Hai Zindagi,Yehi Hai Zindagi,1977-10-03,133,,7.0,2,,,,,
847071,tt0245854,Q5210105,Daku Aur Mahatma,Daku Aur Mahatma,1977-07-13,127,Drama|Action,9.0,1,IN,,,,
514508,tt0155135,Q7399560,Saheb Bahadur,Saheb Bahadur,1977-01-01,0,,7.0,1,IN,,,,
304746,tt0298952,Q6374889,Kasam Khoon Ki,Kasam Khoon Ki,1977-01-01,0,Action|Thriller,6.0,2,IN,,,,
180614,tt0072632,Q4738978,Amaanat,अमानत,1977-01-01,135,Drama|Family,6.8,2,IN,,,,
819861,tt0157165,,Vishwasghaat,Vishwasghaat,1977-02-10,119,Crime,8.0,1,IN,,,,
833800,tt0414806,Q4691266,Agar... If,Agar... If,1977-07-28,134,Drama,9.0,1,IN,,,,
307496,tt0246433,Q4780030,Apnapan,Apnapan,1977-01-01,0,,7.0,2,IN,,,,
1194207,tt0381138,Q5285986,Do Chehere,Do Chehere,1977-01-01,114,Drama|Music,8.0,1,IN,,,,
628864,tt0275748,Q7859663,Tyaag,Tyaag,1977-02-26,157,Drama|Romance|Family,10.0,1,IN,,,,
618166,tt0244596,Q6434393,Kotwal Saab,Kotwal Saab,1977-06-01,125,Action|Crime|Drama,8.0,1,IN,,,,
353808,tt0316733,Q7689627,Taxi Taxie,Taxi Taxie,1977-08-09,123,Comedy|Adventure|Drama,8.2,2,IN,,,,
303726,tt0165610,Q4692082,Agent Vinod,एजेंट विनोद,1977-07-23,139,Action|Crime|Drama,7.0,1,IN,,,,
274586,tt0257475,Q5094752,Chhailla Babu,Chhailla Babu,1977-01-01,0,,7.0,2,,,,,
316162,tt0359528,Q6344624,Kacha Chor,Kacha Chor,1977-01-01,123,,10.0,1,,,,,
502548,tt0274086,Q7488691,Shankar Hussain,Shankar Hussain,1977-01-01,135,Drama,7.0,1,IN,,,,
991567,tt0384064,,Duniyadari,Duniyadari,1977-01-01,95,Drama,8.0,1,,,,,
365014,tt2935382,,Minoo,Minoo,1977-08-12,132,Drama,0.0,0,IN,,,,
978801,tt0482676,Q4661347,Aakhri Sajda,Aakhri Sajda,1977-01-01,110,,9.0,1,,,,,
509989,tt0373891,Q5682257,Hatyara,Hatyara,1977-07-04,138,,9.0,1,,,,,
1278832,tt0359778,Q7095383,Ooparwala Jane,Ooparwala Jane,1977-11-28,109,Romance|Thriller,7.0,1,IN,,,,
920411,tt0157199,Q8046332,Yaaron ka Yaar,Yaaron ka Yaar,1977-11-29,121,,8.0,1,,,,,
307423,tt0258520,,Devaki Nandan Gopala,Devaki Nandan Gopala,1977-01-01,0,,7.0,1,,,,,
304710,tt0428820,,Mera Vachan Geeta Ki Qasam,Mera Vachan Geeta Ki Qasam,1977-01-01,0,,7.0,1,,,,,
33104,tt0077451,Q1238847,Don,डॉन,1978-05-12,166,Action|Adventure|Comedy|Crime|Thriller,6.626,87,IN,,,Mumbai (India),India
143975,tt0078204,Q3411300,Satyam Shivam Sundaram,सत्यम शिवम सुंदरम,1978-03-24,172,Drama|Romance|Music,6.5,14,IN,,,,
173720,tt0077783,Q6314288,Junoon,जुनून,1978-12-14,141,War|Drama,5.875,8,IN,,,Lucknow (India),India
108016,tt0078418,Q3999025,Trishul,त्रिशूल,1978-05-05,167,Action|Drama|Family,6.4,25,IN,,,,
320484,tt0077789,Q6343316,Kaala Aadmi,Kaala Aadmi,1978-01-01,0,,9.0,1,IN,,,,
33461,tt0078241,Q4519698,Shalimar,शालीमार,1978-12-08,137,Crime|Action,6.1,8,IN,,,,
300925,tt0165625,Q2151105,Ankhiyon Ke Jharokhon Se,Ankhiyon Ke Jharokhon Se,1978-04-07,135,Drama|Romance|Family|Music,7.0,1,,,,,
170863,tt0154390,Q3417223,Des Pardes,देस परदेस,1978-02-23,0,Drama,3.3,3,IN,,,,
1016273,tt0374039,Q6817879,Mera Rakshak,Mera Rakshak,1978-06-02,156,,9.0,1,,,,,
172687,tt0151466,Q3444291,Main Tulsi Tere Aangan Ki,Main Tulsi Tere Aangan Ki,1978-03-02,151,Drama,7.7,3,IN,,,,
389558,tt0158845,Q2056859,Pati Patni Aur Woh,Pati Patni Aur Woh,1978-07-07,141,Comedy|Romance,6.0,9,IN,,,,
306442,tt0359830,Q10995360,Phool Khile Hain Gulshan Gulshan,Phool Khile Hain Gulshan Gulshan,1978-07-28,0,Romance,6.5,2,,,,,
128082,tt0077179,Q4802475,Arvind Desai Ki Ajeeb Dastaan,अरविन्द देसाई की अजीब दास्तान,1978-05-05,118,Drama,5.111,9,IN,,,,
493323,tt0247257,Q5146394,College Girl,College Girl,1978-08-24,140,Crime|Thriller|Romance,7.5,2,IN,,,,
307365,tt0150683,Q12423292,Gaman,गमन,1978-01-01,119,Drama,7.2,5,IN,,,Mumbai (India),India
522180,tt4782314,,Aadi Yug,Aadi Yug,1978-01-01,106,Fantasy|Horror,6.0,1,IN,,,,
464438,tt0157337,Q4831999,Azaad,Azaad,1978-06-28,154,,7.0,2,,,,,
850865,tt0156288,Q4766160,Anmol Tasveer,Anmol Tasveer,1978-08-26,77,Family|Drama,8.0,1,IN,,,,
1196110,tt0361061,Q11160902,Toote Khilone,टूटे खिलोने,1978-01-01,136,Drama,7.0,1,IN,,,,
177667,tt0077792,Q6374603,Kasme Vaade,Kasme Vaade,1978-04-20,147,Drama|Action|Crime|Romance|Music,6.3,11,IN,,,,
46622,tt0077797,Q3429812,Khatta Meetha,Khatta Meetha,1978-01-06,129,Comedy|Drama,7.0,10,IN,,,,
685807,tt0246492,Q5104920,Chor Ke Ghar Chor,Chor Ke Ghar Chor,1978-11-24,0,,10.0,1,IN,,,,
303383,tt0077596,Q5520987,Ganga Ki Saugand,Ganga Ki Saugand,1978-02-10,148,Action|Romance,6.6,4,IN,,,,
850476,tt0077392,Q5207365,Daku Aur Jawan,Daku Aur Jawan,1978-07-13,139,Action|Drama,10.0,1,IN,,,,
335273,tt0077818,Q6429052,The Sage from the Sea,कोन्दुरा,1978-01-01,137,Drama,9.125,4,IN,,,,
988251,tt2459230,Q59771131,Hungama Bombay Ishtyle,Hungama Bombay Ishtyle,1978-01-01,80,Comedy|Drama,9.7,3,IN,,,,
307501,tt0077200,Q798813,Badaltey Rishtey,Badaltey Rishtey,1978-03-11,136,Drama|Romance,4.7,6,IN,,,,
378672,tt0077609,Q3427479,Ghar,घर,1978-02-09,121,Drama|Romance,7.6,5,IN,,,,
213189,tt0215338,Q7936055,Vishwanath,विश्वनाथ,1978-08-09,0,Action|Mystery|Thriller,7.0,6,,,,,
107798,tt0230680,Q7283568,Rahu Ketu,राहु केतु,1978-06-24,134,Action|Drama,10.0,1,IN,,,,
304496,tt0237564,Q7179859,Phaansi,Phaansi,1978-03-04,0,Action|Drama,7.0,2,IN,,,,
308069,tt0376071,Q7180428,Phandebaaz,Phandebaaz,1978-07-07,0,Action|Comedy,9.5,2,,,,,
304071,tt0389759,Q4765769,Anjane Mein,Anjane Mein,1978-05-29,130,Drama|Family,10.0,1,IN,,,,
71298,tt0079590,Q1549137,Muqaddar Ka Sikandar,Muqaddar Ka Sikandar,1978-10-27,189,Romance|Drama|Action,6.2,31,IN,,,,
518954,tt0363563,Q16960346,Devata,Devata,1978-11-03,148,Drama|Family,8.0,2,IN,,,,
673369,tt0349844,Q12938637,Muqaddar,मुक़द्दर,1978-05-31,0,Drama,8.0,1,IN,,,,
249514,tt0258647,Q5698092,Heeralaal Pannalaal,Heeralaal Pannalaal,1978-10-09,145,Action|Comedy,6.7,3,IN,,,,
1060834,tt0178189,Q4766046,Aankh Ka Tara,Aankh Ka Tara,1978-01-01,112,Drama|Family,9.0,1,,,,,
407358,tt0392784,Q7560921,Sone Ka Dil Lohe Ke Haath,सोने का दिल लोहे के हाथ,1978-07-20,127,Drama|Action,8.0,2,IN,,,,
695952,tt0311401,Q6417148,Kissaa Kursee Kaa,किस्सा कुर्सी का,1978-02-16,142,Comedy|Drama,8.3,3,IN,,,,
304517,tt0236977,Q4740042,Amar Shakti,Amar Shakti,1978-09-16,0,Action|Adventure|Comedy,7.7,3,IN,,,,
515670,tt0214635,Q5286140,Do Musafir,दो मुसाफिर,1978-06-25,147,Drama|Romance,10.0,2,IN,,,,
911635,tt0262801,Q3420008,Swarg Narak,Swarg Narak,1978-01-01,164,Comedy|Drama|Romance,3.7,3,IN,,,,
46382,tt0157540,Q5276857,Dillagi,Dillagi,1978-01-01,0,Drama|Romance,7.0,2,IN,,,,
911638,tt1534389,,Anpadh,Anpadh,1978-08-03,137,Drama,0.0,0,IN,,,,
104438,tt0778877,Q3417235,Trishna,तृष्णा,1978-07-15,127,Drama,7.5,2,IN,,,,
461792,tt0077226,Q3417254,Besharam,Besharam,1978-04-14,139,Drama|Thriller,6.5,2,IN,,,,
552097,tt0244674,Q3411142,Naukri,Naukri,1978-06-02,119,Drama|Fantasy,4.4,5,IN,,,,
326053,tt0156801,Q6727416,Madhu Malti,Madhu Malti,1978-08-25,0,Drama|Romance,8.0,1,IN,,,,
590806,tt0358942,Q4780028,Apna Khoon,अपना खून,1978-07-31,0,Action|Crime|Comedy,10.0,1,IN,,,,
424246,tt0152080,Q7246519,Priyatama,Priyatama,1978-01-01,120,Romance|Comedy,9.0,1,IN,,,,
766444,tt0359941,Q7395751,Summer Rain,Sawan Ke Geet,1978-01-01,0,Drama|Family,9.0,2,IN,,,,
307853,tt0077183,Q4815858,Atithee,अतिथी,1978-07-22,138,Drama|Romance,7.0,1,IN,,,,
619431,tt0360712,Q6402284,Khoon Ki Pukaar,Khoon Ki Pukaar,1978-06-16,137,Drama,10.0,2,IN,,,,
509813,tt0367927,Q6372723,Karmayogi,Karmayogi,1978-01-01,147,Action|Drama,7.5,2,IN,,,,
464587,tt0154412,Q5276603,Dil Aur Deewaar,दिल और दीवार,1978-09-05,156,Action|Crime|Drama,10.0,1,IN,,,,
1517275,,,Khoon Ka Badla Khoon,Khoon Ka Badla Khoon,1978-01-01,130,,0.0,0,,,,,
243625,tt0077502,Q482420,An Encounter with Faces,An Encounter with Faces,1978-01-01,21,,6.4,5,,,,,
306136,tt1219315,Q118114927,Bandie,Bandie,1978-03-10,141,Drama|Family,6.0,2,IN,,,,
1324968,tt0077168,,Anjaam,Anjaam,1978-01-01,100,Mystery|Horror,9.0,1,IN,,,,
306382,tt0158293,Q3429828,Tumhare Liye,तुम्हारे लिये,1978-01-01,0,Drama|Family,8.0,1,IN,,,,
543731,tt0354416,Q4901927,Bhola Bhala,Bhola Bhala,1978-04-25,0,Romance,8.0,1,,,,,
543725,tt0177492,Q4661261,Aahuti,Aahuti,1978-04-25,0,,6.0,2,IN,,,,
509819,tt0388387,Q7395623,Saajan Bina Suhagan,Saajan Bina Suhagan,1978-01-01,121,Crime|Drama|Family,7.5,2,IN,,,,
108399,tt0158179,Q7398554,Safed Jhooth,सफ़ेद झूठ,1978-01-01,0,Comedy|Drama|Family,9.2,2,IN,,,,
745065,tt0159056,Q7852618,Tumhari Kasam,Tumhari Kasam,1978-01-01,137,,7.5,2,,,,,
482182,tt0252358,Q5225875,Darwaza,Darwaza,1978-01-21,0,Horror,6.5,2,IN,,,,
701558,tt0266324,,Bhagat Gora Kumbhar,Bhagat Gora Kumbhar,1978-01-01,0,,6.5,2,,,,,
889483,tt0405856,Q5211867,Damaad,Damaad,1978-06-17,127,Comedy|Drama,10.0,1,IN,,,,
107230,tt0157451,Q5068420,Chakravyuha,Chakravyuha,1978-05-21,0,Action|Crime|Mystery,5.1,4,IN,,,,
307607,tt0474877,Q7240258,Premi Gangaram,Premi Gangaram,1978-01-01,0,,8.0,1,IN,,,,
1241718,tt1727797,,Karwa Chouth,Karwa Chouth,1978-10-06,0,,0.0,0,,,,,
30066,tt0079221,Q5578243,Gol Maal,गोल माल,1979-04-19,144,Comedy,7.6,92,IN,,,,
619009,tt0178210,Q4662781,Aatish,Aatish,1979-02-23,145,Action,5.5,2,IN,,,,
304129,tt0360225,,Yuvraaj,युवराज,1979-10-05,154,Action|Drama|Romance,4.333,3,IN,,,,
30627,tt0079386,Q1719481,Kaala Patthar,काला पत्थर,1979-08-09,176,Drama|Action|Thriller,7.5,14,IN,,,,
161433,tt0079963,Q7635181,Suhaag,Suhaag,1979-10-29,164,Action|Crime|Comedy|Drama,5.7,12,IN,,,,
432693,tt0388389,Q7428573,Sawan Ko Aane Do,Sawan Ko Aane Do,1979-01-01,0,Family|Drama|Romance,8.1,4,IN,,,,
312539,tt0157545,Q5286105,Do Ladke Dono Kadke,Do Ladke Dono Kadke,1979-01-05,116,Comedy|Drama|Family,8.3,3,IN,,,,
304526,tt0156999,Q7395653,Saanch Ko Aanch Nahin,Saanch Ko Aanch Nahin,1979-01-01,0,Drama,8.0,1,IN,,,,
146096,tt0151285,Q11007191,Lahu Ke Do Rang,Lahu Ke Do Rang,1979-09-28,151,Action|Drama,4.9,7,IN,,,,
305906,tt0268547,Q3419878,Prem Bandhan,Prem Bandhan,1979-01-19,0,Romance,9.0,1,,,,,
241174,tt0079355,Q1676775,Jaani Dushman,Jaani Dushman,1979-05-22,154,Romance|Mystery|Action|Horror,7.1,8,IN,,,,
505072,tt0379253,Q5269734,Dhongee,Dhongee,1979-05-04,122,,9.0,1,IN,,,,
204848,tt0309926,Q7049902,Noorie,Noorie,1979-05-11,114,Romance,7.0,5,IN,,,Jammu and Kashmir (India),India
65106,tt0079236,Q7737765,The Great Gambler,सबसे बड़ा जुआरी,1979-04-06,162,Action|Crime|Romance|Thriller,4.8,11,IN,,,,
304212,tt0214707,Q3417209,Gautam Govinda,गौतम गोविंदा,1979-02-20,131,Action|Drama,8.0,1,IN,,,,
247430,tt0081147,Q3420021,Meera,मीरा,1979-05-18,139,Drama|History,7.0,1,IN,,,Rajasthan (India),India
618968,tt0436764,Q7459974,Shaayad,Shaayad,1979-01-01,0,,10.0,1,IN,,,,
276856,tt0156581,Q5609137,Griha Pravesh,Griha Pravesh,1979-07-28,144,Drama|Romance,3.3,3,IN,,,,
307755,tt0215717,Q5276622,Dil Kaa Heera,Dil Kaa Heera,1979-03-30,0,Action,9.0,1,,,,,
44059,tt0157339,Q4869458,Baton Baton Mein,Baton Baton Mein,1979-04-13,113,Comedy|Drama|Romance,6.3,10,IN,,,Mumbai (India),India
432508,tt0378350,Q6819149,Meri Biwi Ki Shaadi,Meri Biwi Ki Shaadi,1979-02-27,117,Drama|Comedy,8.0,1,IN,,,,
587126,tt0386556,Q6191171,Jhoota Kahin Ka,Jhoota Kahin Ka,1979-03-30,132,Comedy|Drama|Music|Romance,6.0,3,,,,,
308228,tt0079614,Q1678167,Nauker,Nauker,1979-12-07,122,Comedy|Drama,6.5,4,IN,,,,
302180,tt0079382,Q3420037,Jurmana,जुर्माना,1979-05-01,139,Drama,7.5,4,IN,,,,
911605,tt0378071,Q5936607,Hum Tere Ashiq Hain,Hum Tere Ashiq Hain,1979-11-30,149,Drama,7.0,1,IN,,,,
83832,tt0246914,Q7423886,Sargam,सरगम,1979-01-08,145,,5.4,6,IN,,,,
65804,tt0079584,Q6929026,Mr. Natwarlal,नटवरलाल जी,1979-09-07,148,Drama|Romance,6.3,11,IN,,,,
86291,tt0079526,Q10996691,Manzil,मंज़िल,1979-05-14,114,Drama|Romance,8.0,2,IN,,,,
602799,tt0386543,Q6109685,Jaandar,Jaandar,1979-05-18,0,Action|Drama,10.0,1,,,,,
221050,tt0357621,Q5315317,Duniya Meri Jeb Mein,दुनिया मेरी जेब में,1979-07-26,148,Action,7.0,2,IN,,,,
410241,tt0315292,Q4913786,Bin Phere Hum Tere,Bin Phere Hum Tere,1979-09-14,0,Drama|Family,9.0,1,IN,,,,
319960,tt0359544,Q3417261,Kartavya,Kartavya,1979-05-11,0,Action,10.0,1,IN,,,,
1302479,tt1510746,,Gandharvya Kanya,गन्धर्व्यै कन्या,1979-01-01,0,Fantasy|Horror,0.0,0,IN,,,,
1400591,tt0255886,Q5069495,Chambal ki rani,Chambal ki rani,1979-01-01,0,,10.0,1,IN,,,,
382613,tt0214591,Q13121968,Cinema Cinema,Cinema Cinema,1979-07-27,0,Documentary|Music,7.0,1,IN,,,,
875816,tt0367661,Q5286243,Do Shikaari,दो शिकारी,1979-01-01,120,Action|Adventure|Drama,7.0,1,IN,,,,
304909,tt0078739,Q4696337,Ahsaas,अहसास,1979-10-26,0,Romance|Drama,8.0,1,IN,,,,
991823,tt0997139,,Atmaram,Atmaram,1979-01-01,125,Drama,0.0,0,,,,,
307808,tt0165966,Q7638864,Sunayana,Sunayana,1979-01-01,131,Comedy|Drama|Romance,5.0,2,IN,,,,
850621,tt0246801,Q6959855,Naiyya,नैय्या,1979-07-14,116,Drama|Family|Romance,9.7,3,IN,,,,
304302,tt0260144,Q6668533,Lok Parlok,Lok Parlok,1979-11-23,130,,7.0,2,IN,,,,
410282,tt0392826,Q7685384,Taraana,Taraana,1979-10-19,111,Romance,7.5,2,,,,,
322366,tt0243513,Q7278399,Raakhi Ki Saugandh,Raakhi Ki Saugandh,1979-10-19,0,Action|Crime|Drama,6.0,2,IN,,,,
391101,tt0371932,Q7424189,Sarkari Mehman,Sarkari Mehman,1979-02-12,135,Drama,8.0,1,IN,,,,
272859,tt0246261,Q3429140,Surakksha,Surakksha,1979-07-22,132,Action|Thriller,6.7,3,IN,,,,
1166865,tt0234702,Q7460095,Shabbash Daddy,Shabbash Daddy,1979-01-01,135,,10.0,1,IN,,,,
766526,tt0156093,Q7558988,Solva Sawan,सोलवां सावन,1979-01-01,140,Drama,8.0,1,IN,,,,
538612,tt2710158,Q4901612,Bhayaanak,Bhayaanak,1979-09-21,125,Horror|Drama,1.0,1,IN,,,,
911642,tt0078738,Q4695117,Ahinsa,Ahinsa,1979-12-28,103,Action|Drama,10.0,1,IN,,,,
1360042,tt0158108,Q947694,Prem Vivah,Prem Vivah,1979-08-30,150,Family|Drama|Romance,7.0,1,IN,,,,
495790,tt0178188,Q4661573,Aangan Ki Kali,Aangan Ki Kali,1979-01-01,117,Drama|Family,9.0,1,IN,,,,
1379994,tt0079589,Q13564969,Muqabla,Muqabla,1979-03-26,0,,7.0,1,,,,,
1200147,tt2613212,,Prem Jaal,प्रेम जाल,1979-01-01,123,Romance,0.0,0,IN,,,,
974620,tt0159147,,Zaroorat Ki Purti,Zaroorat Ki Purti,1979-12-14,0,Documentary,8.0,1,,,,,
1076143,tt0158145,Q27964591,The Jewelled Lamp,Ratnadeep,1979-12-23,103,Drama,9.0,1,IN,,,,
850781,tt0378633,Q7278378,Raadha Aur Seeta,Raadha Aur Seeta,1979-08-10,109,Drama,10.0,1,IN,,,,
306414,tt0357809,Q6155581,Janta Hawaldar,जनता हवलदार,1979-01-01,0,Romance|Crime|Drama,6.3,3,IN,,,,
819820,tt0390291,Q6960826,Naalayak,Naalayak,1979-09-14,128,Drama|Family,8.0,1,,,,,
616210,tt0283417,Q6109625,Jaan-E-Bahaar,Jaan-E-Bahaar,1979-01-01,0,,9.0,1,IN,,,,
315244,tt0252247,Q4822036,Who Else?,Aur Kaun?,1979-01-02,136,Horror,9.0,1,IN,,,,
1441360,tt0212812,Q10995291,Strength in Devotion,Bhakti Mein Shakti,1979-03-23,140,History,9.0,1,,,,,
1480307,tt36941706,,Kaifi Azmi,Kaifi Azmi,1979-05-10,21,Documentary,0.0,0,IN,,,,
1018623,tt0359634,Q6721092,Maan Apmaan,Maan Apmaan,1979-08-31,0,,10.0,1,,,,,
304248,tt0242504,Q5653452,Har Har Gange,Har Har Gange,1979-01-01,0,,7.0,1,,,,,
306381,tt1825951,,Shaitan Mujrim,शैतान मुजरिम,1979-06-08,0,Horror,0.0,0,IN,,,,
1455052,tt0178177,Q4661344,Aakhri Kasam,Aakhri Kasam,1979-03-08,0,,10.0,1,,,,,
819838,tt2420200,,Saidan Jogan,Saidan Jogan,1979-12-31,0,,0.0,0,,,,,
819754,tt0231471,,Do Hawaldar,Do Hawaldar,1979-01-01,0,,7.0,1,,,,,
1773611,tt0246086,Q6909523,Morchha,Morchha,1980-05-16,0,Action|Adventure|Drama|Music,0.0,0,IN,,,,
911907,tt0956298,Q11006548,Jazbaat,Jazbaat,1980-01-01,124,Drama,0.0,0,IN,,,,
285753,tt0080901,Q94922,Hum Paanch,Hum Paanch,1980-11-27,163,Action|Drama,6.8,10,IN,,,,
143844,tt0080653,Q5299338,Dostana,दोस्ताना,1980-10-17,153,Drama|Action|Crime,6.0,15,IN,,,,
31235,tt0081491,Q7459924,Shaan,शान,1980-12-12,181,Action|Crime|Drama|Romance|Thriller,6.8,26,IN,,,,
1463159,tt0243352,,Kala Pani,Kala Pani,1980-04-04,122,Crime|Action|Drama,9.5,2,IN,,,,
54442,tt0080638,Q10994970,Do Aur Do Paanch,Do Aur Do Paanch,1980-02-10,154,Action|Drama|Comedy,6.8,12,IN,,,,
14478,tt0079749,Q780428,Adventures of Ali-Baba and the Forty Thieves,अलीबाबा और चालीस चोर,1980-05-29,138,Adventure|Drama|Family,6.368,19,IN|SU,,,Asia,Asia
173728,tt0079938,Q3066507,Sparsh,स्पर्श,1980-01-30,145,Drama|Romance,7.3,9,IN,,,,
320260,tt0379246,Q5268879,Dhan Daulat,Dhan Daulat,1980-01-11,146,Drama,7.5,2,,,,,
183659,tt0246879,Q7272937,Qurbani,Qurbani,1980-06-19,157,Drama|Action|Crime,6.8,13,IN,,,,
23715,tt0214841,Q3413565,Karz,कर्ज़,1980-06-11,159,Action|Thriller,7.4,22,IN,Ooty (India),India,,
338644,tt0259170,Q3429606,Abdullah,Abdullah,1980-03-07,0,Action|Drama|Romance,9.7,3,IN,,,Asia,Asia
168498,tt0158534,Q7720689,The Burning Train,दी बर्निंग ट्रेन,1980-03-20,152,Action|Thriller,6.609,23,IN,,,,
103998,tt0154201,Q4854616,Bandish,Bandish,1980-11-07,151,Action|Crime|Drama,5.5,4,IN,,,,
277032,tt0260112,Q3423432,Judaai,Judaai,1980-09-26,149,Drama|Romance,5.7,3,IN,,,,
101737,tt0081401,Q7288432,Ram Balram,राम बलराम,1980-04-12,169,Action|Comedy|Drama,4.8,11,IN,,,,
127772,tt0178195,Q4661619,Aap Ke Deewane,आप के दीवाने,1980-03-19,140,Drama|Romance,6.0,4,IN,,,,
619006,tt0178198,Q4661630,Aap To Aise Na The,Aap To Aise Na The,1980-12-05,145,Romance|Drama|Family,0.0,0,IN,,,,
307219,tt0237098,Q5105217,Choron Ki Baaraat,Choron Ki Baaraat,1980-05-23,135,Action,7.0,1,IN,,,,
1197700,tt0262918,,Yeh Kaisa Insaf?,यह कैसा इंसाफ?,1980-05-02,140,Drama,7.0,1,IN,,,,
60730,tt0244585,Q367046,Khubsoorat,खूबसूरत,1980-02-26,126,Drama|Family|Romance|Comedy,6.5,15,IN,,,,
432510,tt0371974,,Swayamvar,स्वयंवर,1980-04-28,166,Romance|Comedy|Drama,7.0,2,IN,,,,
190213,tt0080322,Q2680157,Aakrosh,आक्रोश,1980-01-01,144,Drama,7.433,15,IN,,,,
304180,tt0178204,Q303457,Aasha,आशा,1980-03-21,171,Drama|Family|Romance,6.0,3,IN,,,,
407816,tt0230028,Q4875432,Be-Reham,बेरहम,1980-08-15,147,Action|Crime|Thriller,8.0,2,IN,,,,
308200,tt0080926,Q11000078,Insaaf Ka Tarazu,Insaaf Ka Tarazu,1980-10-25,161,Crime|Drama,7.6,5,IN,,,,
325733,tt0357826,Q6352412,Kali Ghata,Kali Ghata,1980-01-25,131,Thriller|Mystery|Romance,10.0,1,IN,,,,
1280481,tt0080675,Q17052292,Ek Gunah Aur Sahi,Ek Gunah Aur Sahi,1980-05-07,117,Crime|Thriller,10.0,1,IN,,,,
501099,tt0231475,Q5286200,Do Premee,Do Premee,1980-11-07,136,Romance,8.0,1,,,,,
415403,tt0259322,Q5530081,Gehrayee,गहराई,1980-09-09,135,Horror|Drama,7.1,7,IN,,,,
306073,tt0249491,Q5350176,Ek Baar Phir,Ek Baar Phir,1980-03-07,147,Romance|Drama,8.0,1,IN,,,,
509696,tt0358108,Q7426988,Sau Din Saas Ke,Sau Din Saas Ke,1980-01-01,150,,8.0,1,IN,,,,
308023,tt0340091,Q3423463,Ek Baar Kaho,Ek Baar Kaho,1980-09-03,133,Romance|Drama,8.0,1,IN,,,,
307193,tt0157320,Q3423427,Apne Paraye,Apne Paraye,1980-08-08,123,Drama|Family|Comedy,8.0,1,IN,,,Kolkata (India),India
274753,tt0178185,Q4661548,Aanchal,Aanchal,1980-09-18,0,Action|Drama|Family,6.5,2,,,,,
504452,tt0483298,,Nazrana Pyar Ka,Nazrana Pyar Ka,1980-01-01,143,Drama,8.0,1,IN,,,,
509747,tt0157965,Q6746248,Man Pasand,Man Pasand,1980-06-11,126,Comedy|Drama,7.0,1,IN,,,Mumbai (India),India
515832,tt0080775,,Ganga Aur Suraj,गंगा और सुरज,1980-02-14,0,Action,8.5,2,IN,,,,
353813,tt0253618,Q7396287,Saboot,सबूत,1980-08-09,132,Horror,5.3,3,IN,,,,
346167,tt0370392,Q5069492,Chambal Ki Kasam,Chambal Ki Kasam,1980-08-08,0,,9.0,1,IN,,,,
557858,tt0388499,Q7884171,Unees-Bees,Unees-Bees,1980-07-04,125,Drama,8.0,1,IN,,,,
309689,tt0157418,Q4940532,Bombay 405 Miles,बॉम्बे 405 मील,1980-05-02,164,Comedy|Action,9.0,1,,,,,
307590,tt0358020,Q7186441,Phir Wahi Raat,फ़िर वही रात,1980-08-15,146,Mystery|Horror,8.5,2,IN,,,,
819803,tt0312890,,Lambhardarni,Lambhardarni,1980-06-07,0,,7.0,1,,,,,
1325080,tt0155238,Q12429892,Takkar,Takkar,1980-04-18,157,,8.0,1,,,,,
366120,tt0156014,Q7304958,Red Rose,Red Rose,1980-06-06,125,Thriller|Crime|Romance,5.5,4,IN,,,,
1271330,tt0362057,Q7262837,Pyaara Dushman,प्यारा दुश्मन,1980-10-24,0,Action|Drama,9.0,1,IN,,,,
83314,tt0347920,Q113961925,Saajan Ki Saheli,Saajan Ki Saheli,1980-11-27,150,Family|Drama,6.2,3,IN,,,,
213852,tt0260152,Q6721116,Maang Bharo Sajana,Maang Bharo Sajana,1980-10-28,151,Romance,5.0,4,,,,,
504425,tt0360650,,Humkadam,Humkadam,1980-11-07,124,Music|Drama|Family,7.0,1,IN,,,,
300312,tt0081624,Q7786619,Thodisi Bewafaii,Thodisi Bewafaii,1980-04-29,0,,5.5,2,,,,,
617831,tt0400830,Q7531676,Sitara,Sitara,1980-06-13,125,Drama|Family,10.0,1,,,,Mumbai (India),India
1200207,tt0216206,,Sahira,शायरा,1980-01-01,0,Documentary,10.0,1,IN,,,,
511746,tt0268407,Q6403395,Khwab,Khwab,1980-01-01,0,Drama,10.0,1,IN,,,,
113024,tt0239514,Q11006709,Jwalamukhi,Jwalamukhi,1980-12-26,0,Action|Romance|Drama|Family,6.3,3,IN,,,,
308056,tt0154788,Q6676068,Lootmaar,Lootmaar,1980-04-10,158,Drama|Action|Thriller,6.3,3,IN,,,,
502708,tt0230357,Q21646540,Jal Mahal,Jal Mahal,1980-07-04,133,Romance,10.0,1,,,,,
256048,tt0081453,Q4790908,Satah Se Uthata Aadmi,सतह से उठता आदमी,1980-02-17,114,Drama,6.0,8,IN,,,,
300335,tt0178176,Q4661343,Aakhri Insaaf,Aakhri Insaaf,1980-01-01,125,Action|Mystery,8.0,1,,,,,
341485,tt0156882,Q16252926,Payal Ki Jhankaar,Payal Ki Jhankaar,1980-01-01,114,Romance,5.7,3,IN,,,,
644676,tt0081219,Q7753321,The Naxalites,The Naxalites,1980-01-01,141,,9.0,1,IN,,,,
912005,tt0232050,,Manokaamnaa,Manokaamnaa,1980-04-11,110,Drama|Romance,8.0,1,IN,,,,
501094,tt0257965,Q12435856,Nishana,Nishana,1980-01-01,137,,8.0,1,IN,,,,
304209,tt0432866,Q48672511,Garam Khoon,Gharam Koon,1980-01-01,0,,6.5,2,IN,,,,
257641,tt0080383,,Aagaman,आगमन,1980-01-01,20,Documentary,5.8,4,IN,,,,
911831,tt0395687,,Oh Bewafaa,Oh Bewafaa,1980-09-19,132,Drama|Romance,3.8,4,IN,,,,
468624,tt0260060,Q55613049,Guest House,Guest House,1980-07-29,126,Horror,7.0,1,IN,,,,
1173887,tt0360228,,Zalim,Zalim,1980-01-18,0,,7.0,1,,,,,
1533231,,,Cobra,Cobra,1980-01-01,0,,0.0,0,,,,,
307567,tt0378283,,Maan Abhiman,Maan Abhiman,1980-01-01,0,,8.0,1,,,,,
504607,tt0360340,Q20649207,Agreement,Agreement,1980-08-08,123,,6.5,2,,,,,
87168,tt0080343,Q4711017,Albert Pinto Ko Gussa Kyoon Aata Hai,अल्बर्ट पिन्टो को गुस्सा क्यों आता है,1981-05-13,110,Drama|Comedy|Romance,5.545,11,IN,,,,
1766943,tt1315590,Q16253700,Roohi,Roohi,1981-02-27,135,Drama,0.0,0,IN,,,,
407824,tt0234141,Q6691345,Love Story,Love Story,1981-02-27,161,Drama|Romance,6.8,4,IN,,,,
388687,tt0080514,Q43900,Chakra,चक्र,1981-03-19,135,Drama,5.4,10,IN,,,Mumbai (India),India
506065,tt0158122,Q7248181,Professor Pyarelal,Professor Pyarelal,1981-02-18,0,Action|Crime|Thriller,8.0,2,IN,,,,
607478,tt0361770,Q6172889,Jeene Ki Arzoo,जीने की आरज़ू,1981-12-04,130,Action|Drama,6.5,2,IN,,,,
384993,tt0378069,Q5936595,Hum Se Badkar Kaun,Hum Se Badkar Kaun,1981-03-06,139,Thriller|Action|Drama,7.0,2,IN,,,,
1598761,,,Indian Talkie,Indian Talkie,1981-01-01,21,,0.0,0,IN,,,,
67605,tt0082797,Q6966659,Naseeb,नसीब,1981-05-01,197,Drama,7.3,16,IN,,,,
1781604,tt0237631,Q27959569,Raaz,राज़,1981-09-04,132,Thriller|Mystery,0.0,0,IN,,,,
573973,tt0239793,,Pehla Adhyay,Pehla Adhyay,1981-01-08,130,Drama,8.0,1,IN,,,,
543959,tt0256527,Q113669177,Yeh Rishta Na Tootay,Yeh Rishta Na Tootay,1981-07-31,139,Crime|Drama,7.5,2,IN,,,,
71303,tt0083248,Q586061,Umrao Jaan,امراؤ جان,1981-03-16,150,Drama|Music|Romance,6.0,19,IN,,,Lucknow (India),India
173726,tt0080982,Q6355050,Kalyug,कलयुग,1981-03-05,152,Drama,6.7,5,IN,,,,
413536,tt0215714,Q5269832,Dhuan,Dhuan,1981-01-02,153,Thriller,7.0,3,IN,,,,
602237,tt0359213,Q129168031,Ek Aur Ek Gyarah,Ek Aur Ek Gyarah,1981-12-04,153,Action|Thriller,8.0,1,IN,,,,
161792,tt0082314,Q1311425,Ek Duuje Ke Liye,एक दूजे के लिए,1981-06-04,163,Drama|Romance,8.0,10,IN,,,Goa (India),India
1587759,tt0364658,,Shama,Shama,1981-11-13,0,Crime|Drama|Family,8.0,1,IN,,,,
94970,tt0083018,Q717380,Sadgati,सदगति,1981-01-01,45,Drama|TV Movie,6.5,11,IN,,,,
316871,tt0368009,,Mangalsutra,Mangalsutra,1981-04-10,139,Thriller|Horror,7.0,2,IN,,,,
307500,tt0246322,Q7969099,Wardat,Wardat,1981-04-24,132,Action|Thriller,7.5,2,IN,,,,
314818,tt0262714,Q7262838,Pyaasa Sawan,Pyaasa Sawan,1981-01-01,0,Romance,6.5,2,,,,,
272334,tt0230993,Q145334,Zamaane ko Dikhana hai,Zamaane ko Dikhana hai,1981-12-30,175,Romance|Thriller,7.0,3,IN,,,,
495820,tt0300980,Q4866724,Baseraa,Baseraa,1981-01-01,139,Romance,9.0,2,IN,,,,
819811,tt0371809,Q6735917,Main Aur Mera Hathi,Main Aur Mera Hathi,1981-12-18,0,Action|Drama,6.5,2,,,,,
1157370,tt0364642,Q7409258,Sameera,Sameera,1981-01-01,125,Drama|Family,8.0,1,,,,,
71301,tt0082644,Q3427397,Laawaris,Laawaris,1981-05-22,203,Action|Drama,6.2,19,IN,,,,
121125,tt0082594,Q609943,Kaalia,कालिया,1981-12-25,175,Action|Crime,6.1,15,IN,,,,
510461,tt0359266,Q5447395,Fiffty Fiffty,Fiffty Fiffty,1981-11-13,0,,6.5,2,,,,,
305341,tt0215132,Q7355720,Rocky,रॉकी,1981-04-25,151,Action,7.1,8,IN,,,,
298552,tt0178203,Q4662677,Aas Paas,आस पास,1981-01-16,160,Drama|Romance,7.8,3,IN,,,,
82578,tt0234054,Q3816790,Kranti,Kranti,1981-02-03,187,Action|Adventure|Drama|History,6.7,6,IN,,,British Empire,British Empire
84693,tt0082796,Q1423793,Naram Garam,नरम गरम,1981-02-28,133,Drama|Comedy,6.5,11,IN,,,,
306423,tt0154749,Q11750763,Kudrat,(कुदरत),1981-04-03,164,Romance|Drama|Mystery,7.0,3,IN,,,,
303424,tt0262717,Q6377606,Katilon Ke Kaatil,Katilon Ke Kaatil,1981-12-11,0,Action|Romance,6.5,2,,,,,
60392,tt0082162,Q11008353,Chashme Buddoor,Chashme Buddoor,1981-04-30,145,Comedy|Romance,7.5,18,IN,,,Delhi (India),India
327509,tt0267924,Q7499955,Shodh,Shodh,1981-02-25,0,Horror,8.0,1,IN,,,,
271816,tt0080376,Q4864968,Barsaat Ki Ek Raat,बरसात की एक रात,1981-02-20,148,Romance|Drama|Crime|Thriller,7.5,6,IN,,,,
507412,tt0315462,Q11014398,Dard,Dard,1981-08-14,129,Crime|Drama|Family,8.0,1,,,,,
106644,tt0242635,,Mahabali Hanuman,Mahabali Hanuman,1981-08-11,136,Adventure|Fantasy|Family,7.0,1,IN,,,,
723663,tt0231442,,Desert of a Thousand Lines,Desert of a Thousand Lines,1981-01-01,72,Documentary,10.0,1,IN,,,,
590811,tt0243396,Q6721100,Maan Gaye Ustaad,Maan Gaye Ustaad,1981-01-01,0,,10.0,1,IN,,,,
413909,tt0371747,Q11013772,Itni Si Baat,इतनी सी बात,1981-05-28,0,,7.0,1,,,,,
482189,tt0260047,Q5557709,Ghungroo Ki Awaaz,Ghungroo Ki Awaaz,1981-09-29,138,Mystery|Drama|Horror,8.0,1,IN,,,,
104565,tt0359551,Q11005339,Khoon Aur Paani,खून और पानी,1981-04-10,144,Drama|Action|Thriller|Family,5.2,6,IN,,,,
768059,tt0125485,Q7429395,Death Penalty,Sazaye Maut,1981-01-01,0,Crime|Drama,7.0,1,,,,,
911843,tt0359688,Q11014572,Meri Aawaz Suno,Meri Aawaz Suno,1981-11-23,153,Action|Crime|Drama,6.8,4,IN,,,,
306039,tt0214866,Q3423434,Krodhi,क्रोधी,1981-02-03,159,Action|Thriller,6.7,3,IN,,,,
28472,tt0083081,Q1150193,Silsila,Silsila,1981-07-29,182,Drama|Romance,6.25,20,IN,,,,
509629,tt0259996,Q2920762,Ek Hi Bhool,Ek Hi Bhool,1981-10-09,145,Romance,6.0,2,,,,,
243837,tt0260077,,Hotel,होटल,1981-08-07,137,Thriller|Mystery|Horror,6.1,5,IN,,,,
912004,tt0381319,Q11014300,Khoon Ka Rishta,Khoon Ka Rishta,1981-12-11,117,Action,9.0,1,IN,,,,
911850,tt0390473,Q12453927,Shakka,Shakka,1981-11-06,121,Action,7.5,2,IN,,,,
410281,tt0266333,Q3429565,Biwi O Biwi,Biwi O Biwi,1981-05-15,0,Romance|Comedy,8.0,2,IN,,,,
304659,tt0367116,Q20814788,Tajurba,Tajurba,1981-10-09,0,,7.5,2,IN,,,,
206198,tt0341496,Q13118224,Nakhuda,Nakhuda,1981-01-01,112,Drama|Family|Romance,9.0,1,IN,,,,
495823,tt1219317,Q4875433,Be-Shaque,Be-Shaque,1981-12-18,121,Adventure|Crime|Drama,8.5,4,IN,,,,
509879,tt0231414,Q113946740,Daasi,Daasi,1981-06-26,138,Drama,10.0,1,IN,,,,
499740,tt0319121,Q19571141,Bulundi,Bulundi,1981-01-30,161,Action|Crime|Drama,6.7,3,IN,,,,
765945,tt0243471,Q55628296,Paanch Qaidi,Paanch Qaidi,1981-01-01,137,Action|Adventure|Drama,8.0,1,IN,,,,
703943,tt0359552,Q6402800,Khuda Kasam,Khuda Kasam,1981-10-09,0,,7.0,1,,,,,
1200369,tt2728258,,Chirutha,चिरुथा,1981-01-01,110,Drama,0.0,0,IN,,,,
1047739,tt0361313,Q16961980,Armaan,Armaan,1981-11-06,131,,4.0,2,IN,,,,
315243,tt0367595,Q5089618,Chehre Pe Chehra,Chehre Pe Chehra,1981-03-13,140,Science Fiction|Horror|Drama|Romance,7.0,2,IN,,,,
308212,tt0246033,Q16250712,Laparwah,Laparwah,1981-01-01,0,Action|Drama|Adventure,9.0,1,,,,,
945387,tt0178199,Q11014731,Aapas Ki Baat,Aapas Ki Baat,1981-11-20,148,Action|Romance,9.0,1,IN,,,,
159420,tt0083349,Q8046328,Yaarana,Yaarana,1981-01-10,0,Action|Romance,6.6,16,IN,,,,
1400592,tt2624520,,Kasam Bhavani Ki,Kasam Bhavani Ki,1981-01-01,0,,0.0,0,IN,,,,
107226,tt0381864,Q4695141,Ahista Ahista,Ahista Ahista,1981-10-01,0,Romance,8.0,1,,,,,
285374,tt0260344,Q7418836,Sannata,Sannata,1981-07-31,106,Romance|Horror|Mystery,10.0,1,IN,,,,
343984,tt0256065,,Guru Suleman Chela Pahelwan,Guru Suleman Chela Pahelwan,1981-01-01,0,,7.0,1,,,,,
448453,tt0246212,Q7399597,Sahhas,Sahhas,1981-09-18,133,Action,10.0,1,IN,,,,
309147,tt0392193,Q58411723,Jiyo To Aise Jiyo,जियो तो ऐसे जियो,1981-01-01,192,Drama|Family,7.0,1,IN,,,,
507292,tt0157873,Q21869479,Jyoti,Jyoti,1981-05-06,144,Drama,7.5,2,IN,,,,
315256,tt0259958,Q5208954,Dahshat,दहशत,1981-06-19,0,Horror,10.0,1,IN,,,,
731797,tt0373971,,Khwaja Ki Diwani,Khwaja Ki Diwani,1981-08-19,128,,7.0,1,IN,,,,
619002,tt0373887,Q5658056,Harjaee,Harjaee,1981-07-10,128,Romance,8.0,1,IN,,,,
308250,tt0479747,Q55632526,Sansani: The Sensation,Sansani: The Sensation,1981-01-01,0,Horror|Crime|Drama|Thriller,8.0,1,IN,,,,
55820,tt2751046,,Chhuppa Chhuppi,Chhuppa Chhuppi,1981-01-01,0,Comedy,0.0,0,IN,,,,
911908,tt0485811,Q11010529,Jwaala Daaku,Jwaala Daaku,1981-01-01,100,Action,10.0,1,IN,,,,
495806,tt0377337,Q4693195,Agni Pareeksha,Agni Pareeksha,1981-03-21,0,,8.0,1,,,,,
307869,tt1247670,,Kanhaiyaa,Kanhaiyaa,1981-01-09,0,,0.0,0,,,,,
1052104,tt0360170,Q7968337,Waqt Ki Deewar,Waqt Ki Deewar,1981-01-23,0,,7.0,1,,,,,
1020512,tt2679100,,Ehsaan Aap Ka,Ehsaan Aap Ka,1981-01-02,0,,0.0,0,,,,,
19887,tt0208903,Q1228474,Disco Dancer,डिस्को डांसर,1982-12-10,134,Music|Drama,6.1,35,IN,,,India,India
305224,tt0262359,Q5227992,Daulat,Daulat,1982-01-01,150,Action|Crime|Drama,7.5,2,IN,,,,
543965,tt0232784,Q11011532,Teri Maang Sitaron Se Bhar Doon,Teri Maang Sitaron Se Bhar Doon,1982-08-26,155,Family,8.0,1,IN,,,,
259042,tt0246456,Q4875084,Bazaar,बाजार,1982-03-11,121,Drama,7.4,7,IN,,,Hyderabad (India),India
305834,tt0256951,Q1963343,Nadiya Ke Paar,नदिया के पार,1982-01-01,149,Drama|Romance,8.2,8,IN,,,Uttar Pradesh (India),India
218788,tt0084866,Q851438,Vidhaata,Vidhaata,1982-09-03,168,Action|Drama|Family,7.6,6,IN,,,,
303372,tt0384915,,Dil... Akhir Dil Hai,Dil... Akhir Dil Hai,1982-06-26,150,,7.0,1,,,,,
383847,tt0260156,Q12447669,Main Inteqam Loonga,Main Inteqam Loonga,1982-02-01,149,Action|Drama,7.2,6,,,,,
382989,tt0216019,Q851407,Namkeen,Namkeen,1982-04-02,129,Drama|Family,8.3,3,IN,,,Himachal Pradesh (India),India
33145,tt0084630,Q3428866,Satte Pe Satta,सत्ते पे सत्ता,1982-01-22,166,Comedy,6.6,34,IN,,,,
1092664,tt0149570,Q18377846,Aagaman,Aagaman,1982-07-25,150,,7.0,1,IN,,,Lucknow (India),India
238134,tt0153545,Q7929334,Vijeta,विजेता,1982-03-04,151,Drama,9.2,3,IN,,,,
961545,tt0177480,Q11012137,Aadharshila,Aadharshila,1982-07-09,154,,10.0,1,IN,,,,
808947,tt1649101,,Sable,Sable,1982-01-01,90,,0.0,0,FR|IN,,,,
96156,tt0083578,Q3427511,Arth,अर्थ,1982-12-03,138,Drama|Romance,6.867,15,IN,,,,
81253,tt0084532,Q1404374,Prem Rog,Prem Rog,1982-07-30,172,Drama|Music|Romance,7.2,13,IN,,,,
922563,tt0083790,Q5222407,Dard Ka Rishta,Dard Ka Rishta,1982-01-01,152,Drama,8.0,1,IN,,,,
51615,tt0084385,Q6961222,Namak Halaal,नमक हलाल,1982-04-30,179,Action|Comedy|Mystery,6.4,29,IN,,,,
159487,tt0084667,Q4752749,Shakti,शक्ति,1982-09-22,165,Action|Crime,7.3,20,IN,,,Mumbai (India),India
107243,tt0156043,Q13565081,Sanam Teri Kasam,Sanam Teri Kasam,1982-05-06,0,Drama|Action|Romance|Family,5.2,4,IN,,,,
21984,tt0215517,Q4763838,Angoor,अंगूर,1982-03-05,136,Comedy,7.361,36,IN,,,,
102874,tt0157729,Q5644095,Hamari Bahu Alka,Hamari Bahu Alka,1982-01-12,145,Drama,7.0,5,IN,,,,
992309,tt0359867,Q21646906,Raaste Pyar Ke,Raaste Pyar Ke,1982-12-19,126,Romance|Drama,5.0,2,,,,,
45667,tt0397742,Q8051227,Yeh Vaada Raha,ये वादा रहा,1982-04-09,138,Drama|Romance,6.3,5,IN,,,,
543735,tt0239244,Q4804567,Ashanti,Ashanti,1982-05-07,0,Action|Adventure|Crime,8.4,5,IN,,,,
496526,tt0083608,Q4841009,Badle Ki Aag,Badle Ki Aag,1982-05-27,158,Action,6.0,2,IN,,,,
218111,tt0341554,Q7395727,Saath Saath,साथ साथ,1982-03-04,145,Comedy|Romance,8.5,4,IN,,,,
401762,tt0083636,Q4885132,Bemisal,बेमिसाल,1982-02-24,142,Family|Drama,7.3,3,IN,,,,
680301,tt0259583,Q20814758,Situm,सितुम,1982-01-01,132,Drama|Family,9.0,1,IN,,,,
303346,tt0242311,Q4901626,Bheegi Palkein,भीगी पलकें,1982-08-24,123,Romance|Drama,9.0,1,IN,,,,
520515,tt0177479,Q4661112,Aadat Se Majboor,Aadat Se Majboor,1982-07-02,105,Action|Crime|Drama,9.8,3,,,,,
514727,tt0313971,Q5276597,Dil-E-Nadaan,Dil-E-Nadaan,1982-06-04,0,,7.0,2,IN,,,,
326494,tt0083820,Q5264135,Desh Premee,देश प्रेमी,1982-04-23,174,Action|Drama,4.8,8,IN,,,,
603527,tt0082071,Q11011086,Bezubaan,Bezubaan,1982-12-24,137,Romance,7.0,1,IN,,,,
769597,tt0945604,Q7902170,Ustadi Ustad Se,Ustadi Ustad Se,1982-02-26,134,Drama|Action|Crime|Romance,0.0,0,IN,,,,
379542,tt0265690,Q7410275,Samraat,Samraat,1982-11-12,148,Adventure|Romance,8.0,4,,Malta,Malta,,
303401,tt0260107,Q6173034,Jeevan Dhaara,Jeevan Dhaara,1982-02-06,138,Family|Drama,7.0,2,IN,,,,
275835,tt0379250,Q5269095,Dharam Kanta,Dharam Kanta,1982-01-01,160,,8.0,1,,,,,
206410,tt0301810,Q3429798,Sawaal,Sawaal,1982-05-21,129,Drama,7.0,1,IN,,,,
125225,tt0249986,Q7600580,Star,Star,1982-10-22,128,Drama|Family,5.8,64,,,,,
304682,tt0260580,Q8051218,Yeh to Kamaal Ho Gaya,यह तो कमाल हो गया,1982-10-29,136,Action|Comedy|Drama,8.0,2,IN,,,,
258710,tt0379504,Q11006031,Shriman Shrimati,श्रीमान श्रीमती,1982-03-05,0,Family|Comedy|Drama,6.6,4,,,,,
966736,tt0267941,,Spandan,Spandan,1982-07-21,135,Drama,9.0,1,IN,,,,
1194578,tt0243587,,Sumbandh,Sumbandh,1982-01-01,125,Action|Drama|Romance|Thriller,7.0,0,IN,,,,
324971,tt0084199,Q6402785,Khud-Daar,Khud-Daar,1982-02-12,169,Action|Drama,7.0,4,,,,,
1010517,tt0214865,,Krishnanattam,Krishnanattam,1982-01-01,17,Documentary,10.0,1,IN,,,,
326054,tt0374016,Q21646680,Maine Jeena Seekh Liya,Maine Jeena Seekh Liya,1982-01-01,0,,9.0,1,,,,,
108343,tt0158827,Q1990009,Nikaah,Nikaah,1982-09-24,0,Drama|Romance|Family,6.0,2,IN,,,Hyderabad (India),India
214871,tt0158213,Q7490773,Shaukeen,शौकीन,1982-04-16,127,Comedy,7.0,3,IN,,,,
306417,tt0248125,Q6343388,Kaamchor,Kaamchor,1982-12-24,100,Drama|Family,6.7,3,IN,,,,
525067,tt0213206,,Rustom,Rustom,1982-01-01,139,,9.0,1,,,,,
1359871,tt0215721,Q5285998,Do Dishayen,Do Dishayen,1982-01-14,0,,7.0,2,,,,,
504404,tt0155088,Q7286400,Rajput,Rajput,1982-04-16,0,Action|Romance,8.0,3,IN,,,,
183586,tt0085776,Q3427540,Katha,कथा,1982-12-22,141,Comedy|Drama,5.2,8,IN,,,Mumbai (India),India
276231,tt0266456,Q12433765,Deedar-E-Yaar,Deedar-E-Yaar,1982-10-22,0,Drama|Romance,7.3,3,IN,,,,
385436,tt0257662,Q5436569,Farz Aur Kanoon,Farz Aur Kanoon,1982-01-01,161,Action|Drama,9.0,1,IN,,,,
543951,tt0349382,Q21646344,Dulha Bikta Hai,Dulha Bikta Hai,1982-01-01,150,Family|Drama,7.0,2,IN,,,,
304652,tt0084744,Q7653171,Swami Dada,Swami Dada,1982-12-03,161,,8.0,2,IN,,,,
302254,tt0246185,Q11012680,Raksha,रक्षा,1982-02-05,127,Action|Thriller,6.0,2,IN,,,,
142259,tt0250121,Q11108656,Yeh Nazdeekiyan,ये नज़दीकियाँ,1982-11-09,150,Drama|Romance,8.8,2,IN,,,,
306457,tt0416249,,Teri Meri Kahani,Teri Meri Kahani,1982-01-01,0,TV Movie,8.0,1,,,,,
862026,tt0233226,Q11011011,Anokha Bandhan,Anokha Bandhan,1982-12-14,134,Drama,8.0,1,IN,,,,
304323,tt0445085,Q6809227,Meharbaani,मेहरबानी,1982-05-13,140,,10.0,1,,,,,
534913,tt1715215,,Maut Ka Saya,Maut Ka Saya,1982-06-01,0,Horror|Science Fiction,0.0,0,IN,,,,
590813,tt0262866,Q3429624,Vakil Babu,Vakil Babu,1982-04-09,150,Drama|Mystery,9.0,1,IN,,,,
106093,tt0245494,Q11006345,Teesri Aankh,तीसरी आँख,1982-04-23,177,Action|Thriller,5.5,3,,,,,
1285875,tt0265599,Q7262836,Pyaas,प्यास,1982-01-01,0,,7.0,1,IN,,,,
304156,tt0268166,Q4900632,Baghavat,Baghavat,1982-08-27,0,Drama|History,10.0,1,,,,,
734378,tt0268162,Q11014260,Ayaash,Ayaash,1982-10-15,131,Romance,8.0,1,IN,,,,
402834,tt0361508,Q21646321,Dial 100,Dial 100,1982-04-02,145,Action|Comedy|Romance|Drama|Crime,10.0,1,IN,,,,
309142,tt0155759,Q6037005,Insaan,Insaan,1982-06-25,0,,10.0,1,,,,,
967986,tt0266885,,Ramnagri,Ramnagri,1982-01-01,0,,9.0,1,,,,,
451389,tt0262446,Q3429682,Gopichand Jasoos,Gopichand Jasoos,1982-02-19,150,Comedy|Thriller,6.0,2,IN,,,,
1326223,tt0230465,Q6666816,Log Kya Kahenge,Log Kya Kahenge,1982-01-01,122,Drama,9.0,1,IN,,,,
911788,tt0430647,Q7638488,Sun Sajna,Sun Sajna,1982-09-03,138,Drama|Family|Romance,9.0,1,IN,,,,
1201035,,,Islam in India,Islam in India,1982-01-01,122,Documentary,0.0,0,IN,,,,
426213,tt0242856,,Sati Naag Kanya,Sati Naag Kanya,1982-01-01,0,,8.0,1,,,,,
1166860,tt0233426,,Chalti Ka Naam Zindagi,Chalti Ka Naam Zindagi,1982-01-01,156,Drama,9.0,1,IN,,,,
543943,tt0439499,Q25302607,Chorni,Chorni,1982-02-26,149,Comedy|Drama,7.5,1,IN,,,,
618922,tt0451614,Q4661512,Aamne Samne,Aamne Samne,1982-01-29,0,Action|Crime|Drama|Music,7.0,2,IN,,,,
1400594,tt0156118,,Taaqat,Taaqat,1982-01-01,0,,7.0,1,IN,,,,
911903,tt0361681,,Gumsum,Gumsum,1982-01-01,98,Drama,9.0,1,IN,,,,
303106,tt0247933,Q21646104,Apna Bana Lo,Apna Bana Lo,1982-03-12,148,Drama,8.7,3,IN,,,,
304684,tt0370087,Q21647336,Zakhmee Insaan,Zakhmee Insaan,1982-01-01,0,Crime|Action,9.0,1,IN,,,,
304347,tt0232508,Q19895574,Raj Mahal,Raj Mahal,1982-09-01,0,,7.0,2,,,,,
303403,tt0361779,Q11023109,Johny I Love You,Johny I Love You,1982-11-19,0,,4.8,3,,,,,
819856,tt0157128,,Tumhare Bina,Tumhare Bina,1982-03-26,0,,7.0,1,,,,,
819764,tt4839786,Q5698136,Heeron Ka Chor,Heeron Ka Chor,1982-06-08,0,,0.0,0,,,,,
1014686,,,Paranoia,Paranoia,1983-04-01,40,,0.0,0,,,,,
1766354,tt0377737,,Dard-E-Dil,Dard-E-Dil,1983-08-23,149,Romance|Drama,0.0,0,IN,,,,
171004,tt0085896,Q6748044,Mandi,मंडी,1983-02-25,167,Comedy|Drama|Romance,7.0,10,IN,,,Hyderabad (India),India
529630,tt0379272,Q131321965,Ek Jaan Hain Hum,Ek Jaan Hain Hum,1983-09-16,151,,6.4,5,,,,,
25505,tt0085361,Q5167481,Coolie,कूली,1983-12-02,169,Action|Comedy|Drama,6.463,27,IN,,,,
1097084,tt0243323,,Humse Na Jeeta Koi,Humse Na Jeeta Koi,1983-04-19,120,Comedy,7.0,1,,,,,
534914,tt2739262,,Siskiyan,Siskiyan,1983-01-01,0,Thriller,0.0,0,IN,,,,
251131,tt0254179,Q4897314,Betaab,Betaab,1983-08-05,155,Romance|Drama,7.1,10,IN,,,,
25499,tt0085743,Q3071387,Jaane Bhi Do Yaaro,जाने भी दो यारों,1983-08-12,132,Comedy|Crime,7.118,72,IN,,,Mumbai (India),India
54357,tt0086230,Q7398009,Sadma,सदमा,1983-07-08,141,Drama|Romance,7.4,20,IN,Ooty (India),India,India,India
347949,tt0268169,Q4854553,Bandhan Kuchchey Dhaagon Ka,Bandhan Kuchchey Dhaagon Ka,1983-01-01,0,Romance,8.0,1,IN,,,,
213187,tt0232169,Q6981196,Naukar Biwi Ka,Naukar Biwi Ka,1983-08-09,0,Family|Drama|Comedy,6.3,3,,,,,
103073,tt0085178,Q639269,Ardh Satya,अर्ध सत्य,1983-08-19,123,Drama|Crime,7.068,22,IN,,,,
319826,tt0268373,Q5936598,Hum Se Hai Zamana,Hum Se Hai Zamana,1983-09-23,0,Action,7.0,3,,,,,
21462,tt0085913,Q660727,Masoom,मासूम,1983-01-10,138,Drama|Family,6.667,30,IN,,,Delhi (India),India
258677,tt0233264,Q4829530,Avtaar,Avtaar,1983-03-11,157,Drama,8.0,10,IN,,,,
192842,tt0348078,Q7565256,Souten,सौतन,1983-06-02,160,Drama|Romance,5.8,4,IN,,,,
62803,tt0123102,Q3428688,Hero,Hero,1983-12-16,173,Romance,7.0,17,IN,,,,
278557,tt0154857,Q6794331,Mawaali,Mawaali,1983-11-04,138,Action|Thriller,4.0,3,,,,,
300749,tt0245222,Q6480161,Laalach,Laalach,1983-01-01,135,Drama|Thriller|Action,9.8,2,,,,,
196846,tt0085165,Q4754318,Andhaa Kaanoon,Andhaa Kaanoon,1983-04-08,155,Action|Drama,7.2,13,IN,,,,
54255,tt0244590,Q6417196,Kissi Se Na Kehna,किसी से न कहना,1983-12-30,141,Comedy,7.1,8,IN,,,,
381840,tt0309632,,Godam,गोदाम,1983-04-01,140,Drama,7.8,5,IN,,,,
287711,tt0084393,Q11021387,Nastik,नास्तिक,1983-02-18,151,Action,4.2,9,IN,,,,
619096,tt0816627,Q7336081,Rishta Kagaz Ka,Rishta Kagaz Ka,1983-01-01,150,Drama|Music,5.0,1,IN,,,,
104065,tt0317117,Q4840706,Bade Dil Wala,बड़े दिल वाला,1983-09-24,144,Action|Drama|Crime,6.6,5,IN,,,,
819830,tt0262703,Q21646875,Prem Tapasya,Prem Tapasya,1983-04-15,0,,3.0,3,,,,,
87167,tt0086597,Q3071397,Woh 7 Din,वो सात दिन,1983-02-23,139,Drama|Romance,7.2,9,IN,,,,
206459,tt0085886,Q6732683,Mahaan,Mahaan,1983-08-12,176,Action,6.5,4,IN,,,,
231785,tt0187150,Q11020030,Himmatwala,Himmatwala,1983-01-15,179,Action|Comedy|Drama,4.5,6,IN,,,,
170990,tt0230294,Q5767863,Hip Hip Hurray,Hip Hip Hurray,1983-12-31,121,Drama,7.0,1,IN,,,Bihar (India),India
309630,tt0387692,Q8029072,Woh Jo Hasina,Woh Jo Hasina,1983-07-01,121,Romance,9.0,1,IN,,,,
823624,tt0260207,Q6933340,Mujhe Insaaf Chahiye,Mujhe Insaaf Chahiye,1983-09-25,0,Drama,8.3,3,,,,,
413911,tt0187195,,Kalakaar,Kalakaar,1983-12-09,0,Drama|Music|Family,9.0,1,IN,,,,
82186,tt0158071,Q7141593,Pasand Apni Apni,Pasand Apni Apni,1983-01-01,135,Drama|Comedy|Romance,5.7,3,IN,,,,
725031,tt0237437,Q104854257,Mangal Pandey,Mangal Pandey,1983-01-13,136,Crime|Drama|Action,7.5,2,,,,,
934446,tt0246942,Q17081898,Sookha,Sookha,1983-07-22,119,Drama,9.0,1,IN,,,Karnataka (India),India
938083,tt0361532,Q5297271,Doosri Dulhan,दूसरी दुल्हन,1983-10-14,153,Drama|Family,10.0,2,IN,,,,
274714,tt0271432,Q5104930,Chor Police,Chor Police,1983-01-01,0,Drama|Action|Music,7.0,1,,,,,
307402,tt0268585,Q7362379,Romance,Romance,1983-01-01,0,Romance,8.0,1,IN,,,,
590815,tt0085456,Q18125056,Durdesh,Durdesh,1983-03-31,0,,7.5,2,IN,,,Canada,Canada
54256,tt0086170,Q3429741,Rang Birangi,Rang Birangi,1983-04-23,121,Comedy|Drama|Romance,5.7,5,IN,,,,
303387,tt0356666,Q5636461,Haadsaa,Haadsaa,1983-01-01,0,Action|Thriller|Drama,8.8,3,IN,,,,
307577,tt0158768,Q6798383,Mazdoor,Mazdoor,1983-10-14,167,,7.0,2,,,,,
1014682,tt5049906,,Subah Subah,Subah Subah,1983-06-08,19,Comedy,0.0,0,IN,,,,
523793,tt0187193,Q21646572,Justice Chaudhury,Justice Chaudhury,1983-07-15,156,Drama|Action|Comedy,4.7,3,IN,,,,
306409,tt0349488,,Ghungroo,Ghungroo,1983-07-15,0,,10.0,1,IN,,,,
627037,tt0361869,Q6735923,Main Awara Hoon,Main Awara Hoon,1983-12-09,148,Drama|Family,6.0,2,,,,,
300316,tt0155408,Q8066541,Zara Si Zindagi,ज़रा सी ज़िन्दगी,1983-01-07,0,Drama,9.0,2,IN,,,,
800022,tt0155840,Q18127535,Lovers,Lovers,1983-05-06,156,Comedy|Drama|Romance,8.0,3,IN,,,,
476674,tt0368079,Q7040258,Nishaan,Nishaan,1983-02-04,150,Romance|Action|Drama|Family,9.7,3,IN,,,,
215334,tt0366928,Q7267210,Qayamat,Qayamat,1983-08-18,139,,7.5,2,IN,,,,
321936,tt0158259,Q7684907,Taqdeer,Taqdeer,1983-02-04,155,Adventure|Drama,9.0,2,,,,,
304713,tt0187176,Q6109703,Jaani Dost,Jaani Dost,1983-05-27,0,,10.0,1,,,,,
107233,tt1964832,Q16250263,Kaun? Kaisey?,Kaun? Kaisey?,1983-05-13,125,Mystery,8.0,1,IN,,,,
109037,tt0247936,Q4795724,Arpan,अर्पण,1983-04-01,145,Drama|Romance|Family,6.0,4,IN,,,,
249720,tt0083575,Q4795482,Arohan,आरोहण,1983-01-30,144,Drama,9.0,1,IN,,,,
603052,tt0361601,Q5434761,Faraib,Faraib,1983-08-19,131,Drama|Thriller,8.0,1,,,,,
543936,tt0244380,Q4673642,Achha Bura,Achha Bura,1983-09-17,135,Drama,9.0,1,IN,,,,
304656,tt0364688,,Sweekar Kiya Maine,स्वीकार किया मैंने,1983-09-30,137,Comedy|Drama,5.9,9,IN,,,,
563015,tt0361617,,Film Hi Film,Film Hi Film,1983-05-13,143,Comedy|Drama|Music,7.0,1,IN,,,,
1623897,,,During Holidays,किन्ही छुट्टियों में,1983-01-01,42,Drama,0.0,0,IN,,,,
315173,tt0361793,Q13564688,Karate,Karate,1983-08-05,127,,6.2,3,,,,,
633223,tt0417131,Q11014914,Shubh Kaamna,Shubh Kaamna,1983-01-01,138,Comedy|Drama,8.0,1,,,,,
309114,tt0366295,Q19891141,Chatpati,Chatpati,1983-01-07,130,Comedy,7.0,1,IN,,,,
136050,tt0085436,Q21512451,Dhrupad,ध्रुपद,1983-10-04,72,Documentary|Music,6.8,5,IN,,,,
307812,tt0373965,Q12457881,Sun Meri Laila,Sun Meri Laila,1983-01-01,0,,6.5,2,IN,,,,
894509,tt0312445,Q4881585,Bekaraar,Bekaraar,1983-06-03,0,,9.0,1,,,,,
1359639,tt4417556,,Atript Atma,Atript Atma,1983-01-01,0,Horror,0.0,0,IN,,,,
304342,tt2779638,,Poster,Poster,1984-01-01,0,Drama,0.0,0,IN,,,,
305339,tt0366939,Q18392994,Raavan,Raavan,1984-09-28,0,Drama|Family,9.0,1,IN,,,,
1115722,tt0363002,Q7265852,Qaidi,Qaidi,1984-05-18,0,,5.7,3,,,,,
132338,tt0088031,Q3417248,Saaransh,Saaransh,1984-05-25,137,Drama,6.824,17,IN,,,Mumbai (India),India
1017589,tt0277024,,Hum Rahe Na Hum,Hum Rahe Na Hum,1984-06-06,0,Drama,7.0,1,IN,,,,
159630,tt0087417,Q5880282,Holi,Holi,1984-08-15,120,Drama,6.4,5,IN,,,,
131318,tt0248289,Q7140882,Party,पार्टी,1984-04-01,113,Drama,7.4,12,IN,,,Mumbai (India),India
337497,tt0087736,Q1942797,Mohan Joshi Hazir Ho!,Mohan Joshi Hazir Ho!,1984-01-01,130,Drama,7.0,1,IN,,,,
826709,tt0154143,Q4751237,Anand aur Anand,Anand aur Anand,1984-01-01,0,,4.5,4,IN,,,,
347580,tt0260928,Q11009971,Giddh: The Vulture,Giddh,1984-01-01,113,Drama,6.8,2,IN,,,,
743243,tt0087536,Q11016307,Kanoon Kya Karega,What the Law Will Do,1984-07-19,127,Action|Crime|Drama|Thriller,7.0,2,IN,,,,
129652,tt0357812,Q6191179,Jhutha Sach,Jhutha Sach,1984-11-16,0,Drama,7.6,4,,,,,
305260,tt0316190,Q20649434,Lorie,लोरी,1984-06-06,123,Drama,7.0,2,IN,,,,
895431,tt0232080,Q6817895,Meraa Dost Meraa Dushman,Meraa Dost Meraa Dushman,1984-11-25,129,Action,8.0,1,IN,,,,
420827,tt0301231,Q5315311,Duniya,दुनिया,1984-10-12,169,Action|Drama,7.3,8,IN,,,,
238547,tt0088335,Q3417220,Utsav,उत्सव,1984-08-22,145,Romance,5.0,8,IN,,,,
543961,tt0277446,Q8051197,Yeh Ishq Nahin Aasaan,Yeh Ishq Nahin Aasaan,1984-12-21,138,Romance,10.0,1,IN,,,,
331309,tt0086892,Q4753603,Andar Baahar,अंदर बाहर,1984-09-07,144,Action|Thriller,4.2,6,IN,,,,
588062,tt0362303,Q7968136,Wanted: Dead or Alive,Wanted: Dead or Alive,1984-01-06,0,Action|Western,7.0,1,IN,,,,
312007,tt0230269,,Hum Do Hamare Do,Hum Do Hamare Do,1984-07-20,0,Drama|Family,9.0,1,IN,,,,
263205,tt0362798,Q6373983,Kasam Paida Karne Wale Ki,कसम पैदा करने वाले की,1984-04-04,178,Action|Drama,7.6,7,IN,,,,
206202,tt0085912,Q11023873,Mashaal,Mashaal,1984-01-12,162,Action,7.8,8,IN,,,,
265357,tt0158465,Q4754336,Blind Alley,अंधी गली,1984-04-01,152,Drama|Thriller,7.0,1,,,,,
216969,tt0152509,Q7554740,Sohni Mahiwal,Sohni Mahiwal,1984-06-28,160,Romance|Drama|Action,5.4,16,IN|SU,,,,
442532,tt0157844,Q4208855,Jagir,जागीर,1984-10-26,166,Adventure|Romance,8.2,9,IN,,,India,India
306336,tt0158451,Q4661299,Aaj Ki Awaz,Aaj Ki Awaz,1984-09-07,133,Action|Drama,6.0,2,IN,,,,
1359651,tt4411880,,Kala Devta,Kala Devta,1984-01-01,0,Horror,0.0,0,IN,,,,
308205,tt0366663,Q55615661,Kanoon Meri Mutthi Mein,Kanoon Meri Mutthi Mein,1984-01-01,0,Action,9.0,1,IN,,,,
215336,tt0362674,Q5521274,Gangvaa,गंगवा,1984-09-14,146,Action|Romance|Thriller,7.5,5,IN,,,,
204146,tt0087868,Q745334,The Crossing,पार,1984-09-14,141,Drama,6.5,9,IN,,,Kolkata (India),India
143421,tt0086925,Q4837198,Baazi,बाज़ी,1984-04-27,125,Action,9.7,3,IN,,,,
721072,,,Auspicious Wedding,Shubh Vivah,1984-01-01,5,,0.0,0,,,,,
618985,tt0232018,,Maati Maangey Khoon,Maati Maangey Khoon,1984-01-01,0,Drama,7.0,1,IN,,,,
1484258,,,Paapi Pet Ka Sawaal Hai,Paapi Pet Ka Sawaal Hai,1984-01-01,156,,0.0,0,IN,,,,
115612,tt0087678,Q6753476,Manzil Manzil,मंज़िल मंज़िल,1984-09-26,160,Family|Drama,4.6,6,IN,,,,
338122,tt0154531,Q5555646,Ghar Ek Mandir,Ghar Ek Mandir,1984-03-09,156,Family|Drama|Action|Romance,7.0,3,IN,,,,
187787,tt0087474,Q11019674,Inquilaab,Inquilaab,1984-01-25,152,Action,6.1,7,IN,,,,
1198024,tt0268520,Q11016031,Pakhandee,पाखंडी,1984-01-06,0,,9.0,1,,,,,
911847,tt0358067,,Ram Tera Desh,Ram Tera Desh,1984-08-01,140,Drama,8.0,1,IN,,,,
509705,tt0262913,Q8046274,Yaadgaar,यादगार,1984-07-20,163,Action|Drama|Comedy,7.0,2,IN,,,,
304666,tt0358971,Q11056433,Bad Aur Badnaam,Bad Aur Badnaam,1984-01-01,135,Family|Thriller,6.0,2,,,,,
213195,tt0087975,Q7278393,Raaj Tilak,राज तिलक,1984-08-09,185,Action|Drama,6.7,3,IN,,,,
304125,tt0260579,Q8051179,Yeh Desh,यह देश,1984-02-24,151,Action|Drama,8.0,4,IN,,,,
1359665,tt0481897,Q7262874,Pyasa Shaitan,प्यासा शैतान,1984-08-13,100,Horror,8.0,1,IN,,,,
533722,tt0379249,Q5269202,Dharm Aur Qanoon,Dharm Aur Qanoon,1984-08-03,149,,9.0,1,,,,,
747789,tt0877649,Q6371082,Karishmaa,करिश्मा,1984-11-30,130,Crime|Thriller,5.0,1,IN,,,,
192750,tt0087586,Q11027433,Laila,Laila,1984-09-06,131,Romance,5.0,5,IN,,,,
922583,tt0356602,Q126889456,Farishta,Farishta,1984-03-23,130,Drama,7.0,1,IN,,,,
71304,tt0088099,Q7489351,Sharaabi,शराबी,1984-10-27,180,Drama|Romance,6.4,22,IN,,,,
107737,tt0087908,,Pet Pyar Aur Paap,पेट प्यार और पाप,1984-11-23,153,Family|Drama,8.0,1,,,,,
447165,tt0268160,Q4829647,Awaaz,Awaaz,1984-11-01,150,,6.4,6,,,,,
82207,tt0178211,Q16057902,Ab Ayega Mazaa,Ab Ayega Mazaa,1984-04-12,129,Comedy,8.2,3,IN,,,,
260655,tt0088227,Q16254637,Tarang,तरंग,1984-01-01,171,Drama,6.2,4,IN,,,,
535455,tt0088442,Q8065778,Zameen Aasmaan,Zameen Aasmaan,1984-06-01,133,,8.0,1,,,,,
603532,tt0125556,Q3417232,Tohfa,Tohfa,1984-02-03,160,Romance|Drama,5.3,3,IN,,,,
386455,tt0296702,Q6358690,Kamla,Kamla,1984-08-03,122,Drama,10.0,1,IN,,,Delhi (India),India
304175,tt0154844,Q6754283,Maqsad,Maqsad,1984-04-26,0,,7.0,1,,,,,
304324,tt0359684,Q6817857,Mera Faisla,Mera Faisla,1984-04-06,0,,7.0,1,,,,,
221028,tt0085785,Q1276819,The Ruins,खंडहर,1984-06-08,106,Drama,6.4,6,IN,,,,
331389,tt0268456,Q6819134,Meri Adalat,Meri Adalat,1984-01-13,132,Action|Thriller,6.0,3,IN,,,,
538615,tt0315319,Q4951674,Boxer,बॉक्सर,1984-02-17,164,Action|Drama|Adventure,6.0,2,IN,,,,
869313,tt0262933,Q8065077,Zakhmi Sher,Zakhmi Sher,1984-09-28,140,Action|Thriller,9.7,3,IN,,,,
1368820,tt0371637,,Divorce,Divorce,1984-01-01,193,Drama|Romance,10.0,1,IN,,,,
872873,tt2784992,Q43227657,Seepeeyan,Seepeeyan,1984-01-01,0,Drama,0.0,0,IN,,,,
306076,tt0262458,Q21646462,Haisiyat,हैसियत,1984-08-17,145,Action|Drama|Romance,8.0,1,,,,,
819767,tt0359443,Q18125778,Hum Hain Lajawab,Hum Hain Lajawab,1984-08-21,0,,7.0,1,,,,,
303376,tt0154446,Q5350218,Ek Nai Paheli,Ek Nai Paheli,1984-06-29,146,Romance|Family|Drama,6.7,3,IN,,,,
543864,tt0087492,Q6109541,Jaag Utha Insan,Jaag Utha Insan,1984-07-06,135,Romance|Drama|Family,9.0,1,IN,,,,
463318,tt0373041,Q18377953,Jawaani,Jawaani,1984-01-01,0,Romance|Drama,7.0,1,IN,,,,
683182,tt1523412,,Bandh Honth,Bandh Honth,1984-01-01,0,Drama,9.7,3,IN,,,,
331556,tt0354671,Q6241629,John Jani Janardhan,John Jani Janardhan,1984-10-25,0,Action|Drama,6.6,5,,,,,
1166986,tt0313596,Q7489422,Sharara,Sharara,1984-01-01,135,,7.0,1,,,,,
912013,tt0359875,Q7286792,Raktha Bandhan,Rakta Bandhan,1984-01-01,126,Action|Comedy|Crime|Drama,8.0,1,IN,,,,
476661,tt0232734,Q7640622,Sunny,Sunny,1984-09-28,0,Drama|Romance,6.0,7,IN,,,,
1706395,tt0374343,,Yahan Wahan,Yahan Wahan,1984-08-08,134,Romance|Comedy,7.0,1,IN,,,,
309146,tt0231816,Q6172894,Jeene Nahi Doonga,Jeene Nahi Doonga,1984-01-01,0,Action|Drama,7.5,2,,,,,
543954,tt1252292,Q5651278,Hanste Khelte,Hanste Khelte,1984-03-09,108,Crime,6.5,2,,,,,
495807,tt0186806,Q4700220,Akalmand,Akalmand,1984-01-01,132,Comedy|Romance|Thriller,10.0,1,IN,,,,
605853,tt0090581,Q4668206,Abodh,Abodh,1984-08-10,132,Family|Drama,7.5,2,IN,,,,
304300,tt0157917,Q6479587,Lakhon Ki Baat,Lakhon Ki Baat,1984-07-06,136,Comedy,9.0,2,IN,,,,
607871,tt0240082,Q11019569,Teri Baahon Mein,Teri Baahon Mein,1984-06-24,0,Romance,8.0,4,,,,,
657612,tt0319165,Q5071475,Chandrawal,चंद्रावल,1984-03-01,109,,9.0,1,IN,,,,
1021511,tt0262242,Q4804501,Asha Jyoti,Asha-Jyoti,1984-05-25,142,Thriller,10.0,1,IN,,,,
922694,tt0246229,,Shapath,Shapath,1984-01-01,128,Action,10.0,1,IN,,,,
619094,tt0187344,Q6983034,Naya Kadam,Naya Kadam,1984-10-05,128,Drama|Family|Romance,8.0,1,IN,,,,
1290766,tt0234138,Q11026949,Love Marriage,Love Marriage,1984-12-14,138,,6.5,2,,,,,
303103,tt0178209,Q4662733,Aasmaan,Aasmaan,1984-04-13,145,Drama|Mystery,7.0,1,IN,,,,
619004,tt0246661,,Grahasthi,Grahasthi,1984-05-13,133,,10.0,1,IN,,,,
1200689,tt0214794,,Inquilab Ke Baad,Inquilab Ke Baad,1984-01-01,105,,7.0,1,,,,,
559919,,,Gift,तोफा,1984-01-01,0,,0.0,0,,,,,
322268,tt0351552,Q54772282,Phulwari,Phulwari,1984-09-04,0,Drama|Family,9.0,1,IN,,,,
1288614,tt0088231,,Portrait of an Average Man,तसवीर अपनी अपनी,1984-12-07,66,TV Movie|Drama,7.0,1,IN,,,,
1141209,tt0178182,Q21645998,Aan Aur Shaan,Aan Aur Shaan,1984-01-06,0,,7.0,1,,,,,
630422,tt0177496,Q4661289,Aaj Ka M.L.A. Ram Avtar,Aaj Ka M.L.A. Ram Avtar,1984-03-23,0,,6.5,2,,,,,
819752,tt0367546,Q4914022,Bindiya Chamkegi,Bindiya Chamkegi,1984-01-20,0,,6.0,2,,,,,
1628215,tt2613516,,Kunwari Bahu,Kunwari Bahu,1984-07-10,0,Drama,0.0,0,,,,,
304148,tt0233182,Q4729292,All Rounder,All Rounder,1984-01-01,128,,9.0,1,,,,,
122895,tt0253514,Q7260826,Purana Mandir,पुराना मन्दिर,1984-10-15,144,Horror,6.0,13,IN,,,,
331557,tt0262890,Q7959412,Wafadaar,वफ़ादार,1985-09-01,150,,7.0,2,IN,,,,
331388,tt0363787,Q6732813,Mahaguru,महागुरु,1985-04-26,138,Action|Drama,6.5,2,IN,,,,
783885,tt0359685,Q6817896,Meraa Ghar Mere Bachche,Meraa Ghar Mere Bachche,1985-08-23,150,Family|Drama|Music,10.0,1,IN,,,,
173735,tt0152139,Q7288607,Ram Teri Ganga Maili,Ram Teri Ganga Maili,1985-08-16,178,Drama|Music|Romance,5.9,13,IN,,,Kolkata (India),India
263284,tt0244567,Q20814585,Jhoothi,Jhoothi,1985-09-23,139,Drama|Comedy,5.8,4,IN,,,,
319586,tt0350195,Q7702389,Teri Meherbaniyan,Teri Meherbaniyan,1985-08-09,150,Action|Crime|Drama,6.8,9,,,,,
992900,tt0359167,Q5285999,Do Dilon Ki Dastaan,Do Dilon Ki Dastaan,1985-02-15,0,Romance,7.5,2,IN,,,,
192534,tt0089119,Q5427561,Faasle,फासले,1985-09-17,146,Drama|Family,8.0,1,IN,,,,
1019683,tt0363732,Q21646586,Kaala Sooraj,Kaala Sooraj,1985-07-01,136,Action,9.0,1,IN,,,,
674834,tt0240849,Q18164270,Rao Saheb,Rao Saheb,1985-01-01,123,Comedy|Drama,7.0,1,IN,,,Maharashtra (India),India
284506,tt0089337,,India Cabaret,India Cabaret,1985-01-02,60,Documentary,6.5,8,FR|GB|CA,,,,
54654,tt0084324,Q2061053,Meri Jung,मेरी जंग,1985-08-11,164,Drama,7.5,11,IN,,,,
285381,tt0260947,,Haveli,Haveli,1985-01-01,119,Horror|Crime|Thriller,6.0,3,IN,,,,
107237,tt0961069,Q20814667,Nasoor,Nasoor,1985-05-28,0,Drama,0.0,0,,,,,
223091,tt0089552,Q6758599,Mard,Mard,1985-10-09,177,Action|Drama|History,6.0,20,IN,,,,
272666,tt0090202,Q7841943,Trikal,Trikal,1985-08-30,137,Drama|History,8.8,3,IN,,,Goa (India),India
232794,tt0089201,Q5557680,Ghulami,Ghulami,1985-03-02,171,Action|Drama,7.2,4,IN,,,Rajasthan (India),India
441793,tt0087958,Q7262816,Pyar Jhukta Nahin,Pyar Jhukta Nahin,1985-01-11,135,,8.0,5,IN,,,,
365017,tt0157518,Q17051465,Child God,देवशिशु,1985-10-04,97,Drama,7.0,1,IN,,,,
154311,tt0089194,Q5548792,Geraftaar,Geraftaar,1985-09-13,167,Action|Drama,6.273,11,IN,,,,
257573,tt0089566,Q105677151,Mati Manas,माटी मानस,1985-03-27,91,Drama|Documentary,6.0,8,IN,,,,
246931,tt0408734,Q19571570,Ek Chitthi Pyar Bhari,Ek Chitthi Pyar Bhari,1985-01-02,140,,7.5,3,,,,,
180564,tt0364049,Q16058140,Adventures of Tarzan,एडवेंचर्स ऑफ टार्जन,1985-12-13,145,Adventure,4.3,3,IN,,,,
630828,tt0358068,Q19581298,Ram Tere Kitne Nam,Ram Tere Kitne Nam,1985-02-15,158,Drama,10.0,1,IN,,,,
144672,tt0152256,Q7395614,Saagar,सागर,1985-08-09,186,Romance|Drama,6.6,16,IN,,,,
107588,tt0245525,Q7880077,Ulta Seedha,Ulta Seedha,1985-04-26,0,Comedy,8.5,2,,,,,
823629,tt0158047,Q7095365,Oonche Log,Oonche Log,1985-11-08,0,,9.0,1,,,,,
82274,tt0177490,Q4692328,Aghaat,अघाट,1985-08-29,0,Crime,8.1,9,IN,,,,
232783,tt0090358,Q8060226,Yudh,Yudh,1985-05-03,159,,5.5,7,,,,,
314865,tt0184339,,Cheekh,Cheekh,1985-01-01,128,Horror|Thriller,9.0,1,IN,,,,
286949,tt0270091,Q8046276,Yadon Ki Kasam,Yadon Ki Kasam,1985-05-17,0,,7.0,4,,,,,
462571,tt0186850,Q12440889,Balidaan,Balidaan,1985-04-26,0,Thriller|Action,10.0,1,IN,,,,
82193,tt0089952,Q11023042,Saaheb,साहेब,1985-01-31,139,Drama,7.8,4,IN,,,,
912020,tt0390666,Q38805049,Zulm Ka Badla,Zulm Ka Badla,1985-01-01,119,Action|Crime|Drama,7.0,1,IN,,,,
1060510,tt0384074,Q5350245,Ek Se Bhale Do,Ek Se Bhale Do,1985-05-17,0,,9.0,1,,,,,
495789,tt0247910,Q11024439,Aakhir Kyon?,Aakhir Kyon?,1985-08-30,159,Drama,4.4,5,IN,,,,
274302,tt0321421,Q4890903,Bepanaah,Bepanaah,1985-09-06,156,Drama|Family,8.3,3,,,,,
485383,tt0196213,,The Wisdom Tree,Bodhivriksha,1985-01-01,33,Drama,10.0,1,IN,,,,
302731,tt0359143,Q5252811,Dekha Pyar Tumhara,देखा प्यार तुम्हारा,1985-12-20,138,Comedy|Drama,10.0,1,IN,,,,
543736,tt0087434,Q5936492,Hum Dono,Hum Dono,1985-03-22,0,Comedy|Romance|Music,8.0,1,IN,,,,
473075,tt0376887,Q11028416,Shiva Ka Insaaf,शिवा का इन्साफ,1985-03-15,136,Action,6.0,3,IN,,,Mumbai (India),India
482199,tt0260418,,Telephone,Telephone,1985-08-14,116,Thriller,7.0,1,IN,,,,
352331,tt0090138,Q947732,Tawaif,तवाइफ़,1985-01-01,160,Drama|Romance,4.0,3,IN,,,,
1016071,tt0374122,,Phir Aayee Barsat,Phir Aayee Barsat,1985-07-10,0,,10.0,1,,,,,
315694,tt0088687,Q112329,Aitbaar,Aitbaar,1985-03-22,133,Thriller|Crime,5.0,7,IN,,,,
318765,tt0243395,Q6720949,Maa Kasam,Maa Kasam,1985-11-26,0,,8.0,1,IN,,,,
351159,tt0448392,Q17150607,Bond 303,बॉन्ड ३०३,1985-06-19,137,Thriller|Action,10.0,1,IN,,,,
96112,tt0266260,Q4791549,Arjun,Arjun,1985-04-20,154,Drama|Action|Romance|Crime,5.3,11,IN,,,,
546442,tt0230991,Q8063439,Zabardast,Zabardast,1985-06-21,0,Drama|Action,7.0,5,,,,,
528368,tt0496523,Q6371088,Karishma Kudrat Kaa,Karishma Kudrat Kaa,1985-12-06,0,Action|Drama,5.3,6,,,,,
304079,tt0360399,Q4838034,Babu,Babu,1985-10-04,148,Drama|Family,7.3,3,,,,,
991579,tt0424490,,Teri Pooja Kare Sansaar,Teri Pooja Kare Sansaar,1985-01-01,133,Drama,10.0,1,,,,,
590819,tt0268990,Q11023075,Bhavani Junction,Bhavani Junction,1985-11-22,0,Action|Adventure,6.0,2,IN,,,,
331560,tt0362445,Q4899705,Bewafai,Bewafai,1985-09-20,0,Romance|Drama,5.5,2,IN,,,,
302747,tt0243333,Q16249260,Insaaf Main Karoonga,Insaaf Main Karoonga,1985-11-22,0,,7.5,2,,,,,
514963,tt1010439,Q11027227,Pighalta Aasman,Pighalta Aasman,1985-03-01,0,Romance,10.0,2,,,,,
463321,tt0187271,Q6785373,Masterji,Masterji,1985-05-31,178,Romance|Music,7.7,3,IN,,,,
782364,tt0154105,Q21645987,Aaj Ka Daur,Aaj Ka Daur,1985-12-06,168,Action|Drama,9.0,2,IN,,,,
819824,tt0419005,Q16252740,Paisa Yeh Paisa,Paisa Yeh Paisa,1985-10-11,169,,9.0,1,,,,,
819836,tt0389309,Q11028769,Ramkali,Ramkali,1985-04-25,0,,5.5,2,IN,,,,
703953,tt0089465,Q6502238,Lava,Lava,1985-01-18,0,,7.0,1,,,,,
850473,tt1192370,,Bahu Ki Awaaz,Bahu Ki Awaaz,1985-03-15,147,Drama,0.0,0,IN,,,,
305325,tt0089610,Q12448064,Mohabbat,Mohabbat,1985-06-14,134,,7.6,4,,,,,
405029,tt0260335,Q11274304,3D Saamri,थ्री डी सामरी,1985-01-01,102,Music|Mystery|Horror|Fantasy|Romance,6.5,2,IN,,,,
604188,tt0302058,Q8065601,Zamana,Zamana,1985-11-11,154,,10.0,1,,,,,
887914,tt0237565,Q11017581,Phaansi Ke Baad,Phaansi Ke Baad,1985-01-15,141,Drama|Thriller,8.8,3,,,,,
1100989,tt0431315,,Paththar,Paththar,1985-01-01,0,,7.5,2,,,,,
316195,tt0349645,Q58356684,Jawaab,Jawaab,1985-04-10,0,Romance|Thriller,10.0,1,IN,,,,
414225,tt0377496,Q16245368,Bhago Bhoot Aayaa,Bhago Bhoot Aayaa,1985-06-21,126,Horror|Comedy,9.0,1,IN,,,,
759428,tt0362797,Q6372642,Karamyudh,Karamyudh,1985-01-04,130,Action|Drama,9.5,3,,,,,
529523,tt0178187,Q4661560,Aandhi-Toofan,Aandhi-Toofan,1985-03-22,143,Drama,9.0,1,IN,,,,
911812,tt0260064,Q5653388,Haqeeqat,Haqeeqat,1985-04-06,138,Crime|Drama,7.0,1,IN,,,,
1400601,tt0378396,,Mujhe kasam hai,Mujhe kasam hai,1985-01-01,0,,9.0,1,IN,,,,
505785,tt0339998,Q12441378,Baadal,Baadal,1985-08-07,130,Family|Drama,9.6,5,IN,,,,
994287,tt0187485,Q7423872,Sarfarosh,Sarfarosh,1985-03-15,157,Romance,9.0,1,,,,Indian independence movement (India),India
107927,tt1244864,,Surkhiyaan,Surkhiyaan,1985-02-21,0,Action|Romance|Drama|Crime,0.0,0,IN,,,,
308088,tt0359492,Q6109711,Jaanoo,Jaanoo,1985-11-22,145,,10.0,2,,,,,
603257,tt0154998,Q7144136,Pataal Bhairavi,Pataal Bhairavi,1985-05-03,148,Fantasy|Drama,9.0,1,,,,,
409249,tt0156632,Q6150743,Janam,Janam,1985-12-04,120,Drama,6.5,2,IN,,,,
551493,tt0089959,Q7418580,Sanjog,Sanjog,1985-01-01,0,Drama,6.3,3,IN,,,,
626073,tt0268117,Q4661651,Aar Paar,Aar Paar,1985-12-31,125,Action|Romance,9.5,2,IN,,,,
528299,tt0420196,Q7531642,Sitamgar,Sitamgar,1985-06-21,0,Romance,10.0,1,,,,,
265652,tt0088986,Q5212990,Damul,दामुल,1985-10-04,106,Drama,7.2,4,IN,,,Bihar (India),India
322397,tt0360050,Q113540725,Sur Sangam,Sur Sangam,1985-09-11,146,,7.2,2,IN,,,,
286179,tt0089582,Q6817863,Mera Jawaab,Mera Jawaab,1985-02-15,152,,6.5,2,IN,,,,
107259,tt0230739,,Sautela Pati,Sautela Pati,1985-11-09,0,Romance|Drama,9.0,1,,,,,
608064,tt0155985,Q16253365,Pyari Behna,Pyari Behna,1985-07-12,136,Action|Comedy|Drama,7.0,2,,,,,
543940,tt4807378,Q16247381,Chaar Maharathi,Chaar Maharathi,1985-09-27,137,Action,0.0,0,IN,,,,
1095229,tt0257763,Q11023507,Hoshiyar,Hoshiyar,1985-01-18,0,,7.0,2,,,,,
1400598,tt2325905,Q39071096,Kahani Phoolan Ki,Kahani Phoolan Ki,1985-01-01,0,,0.0,0,IN,,,,
96154,tt0249358,Q4765948,The Unspoken,अनकही,1985-01-01,135,Drama,10.0,1,IN,,,,
1270519,tt0363786,Q6732665,Maha Shaktimaan,Maha Shaktimaan,1985-08-02,0,,9.0,1,IN,,,,
1163683,tt0454229,,Piya Milan,Piya Milan,1985-01-01,143,Drama,9.0,1,,,,,
320551,tt0446158,Q18127991,Mera Damad,Mera Damad,1985-03-08,127,Comedy|Drama,4.5,2,IN,,,,
653617,tt1225874,,Bhagwan Shri Krishna,Bhagwan Shri Krishna,1985-01-01,138,Action|Adventure|Fantasy,0.0,0,IN,,,,
548078,tt0361761,Q11026738,Jaan Ki Baazi,Jaan Ki Baazi,1985-10-25,0,,9.0,2,IN,,,,
633540,tt0092599,Q4829817,Awara Baap,Awara Baap,1985-12-27,0,Drama|Family,8.0,1,IN,,,,
1439206,tt1334015,,Lallu Ram,Lallu Ram,1985-09-20,135,,0.0,0,,,,,
303408,tt0292036,Q30632444,Kabhi Ajnabi The,Kabhi Ajnabi The,1985-03-01,0,Romance|Drama,10.0,1,IN,,,,
1359742,tt0364627,Q85795643,Rahi Badal Gaye,Rahi Badal Gaye,1985-04-05,135,,7.0,1,,,,,
335447,tt0155153,,The Seer Who Walks Alone,The Seer Who Walks Alone,1985-04-01,50,Documentary,5.2,6,IN,,,,
819759,tt0449922,,Ek Daku Saher Mein,Ek Daku Saher Mein,1985-08-25,0,,8.0,1,,,,,
1400946,tt8851308,,Mahara Pihar Sasra,Mahara Pihar Sasra,1985-07-15,111,,0.0,0,,,,,
303384,tt0231645,Q21646436,Ghar Dwaar,Ghar Dwaar,1985-01-01,0,,5.0,2,,,,,
1399198,tt4782248,,Chhora Haryane Ka,छोरा हरियाणे का,1985-06-04,139,,0.0,0,,,,,
851674,tt2804896,,Toofan Rani,Toofan Rani,1985-01-01,126,,5.0,1,IN,,,,
1658089,tt2649912,,Tulsi,Tulsi,1985-01-04,134,,0.0,0,,,,,
1631303,tt0245881,,Duty,Duty,1986-09-19,134,Action,9.0,1,IN,,,,
331563,tt0358950,Q4807364,Asli Naqli,असली नकली,1986-10-17,128,Action|Drama,7.5,3,IN,,,,
55658,tt0157571,Q5350236,Ek Ruka Hua Faisla,एक रुका हुआ फैसला,1986-07-23,127,Drama,8.0,20,IN,,,,
300437,tt0374117,Q50821724,Peechha Karro,Peechha Karro,1986-06-17,125,Comedy|Thriller,9.0,1,IN,,,,
1166551,tt0234739,Q11029822,Singhasan,Singhasan,1986-03-14,162,Action|Adventure|Romance,6.5,2,IN,,,,
412888,tt0093518,Q12447676,Main Balwaan,Main Balwaan,1986-11-28,130,Action,7.0,1,IN,,,,
301226,tt0157316,Q4766113,Ankush,Ankush,1986-07-21,149,Action,7.1,7,IN,,,Mumbai (India),India
308616,tt0091806,Q7262862,Pyar Kiya Hai Pyar Karenge,Pyar Kiya Hai Pyar Karenge,1986-07-03,0,,9.5,2,,,,,
143889,tt0091601,Q3335094,Nagina,नगीना,1986-10-15,138,Romance|Fantasy|Action|Horror|Mystery,7.1,22,IN,,,,
1628931,tt1281940,Q21647284,Vikram Vetal,Vikram Vetal,1986-01-01,0,Fantasy,0.0,0,IN,,,,
277258,tt0092026,Q7636787,Sultanat,Sultanat,1986-03-11,0,Adventure|Romance,7.3,9,IN,,,,
528025,tt0156052,Q11024743,Saveray Wali Gaadi,Saveray Wali Gaadi,1986-03-07,135,Drama,7.0,3,IN,,,,
503577,tt0239495,Q6109605,Jaal,Jaal,1986-02-14,159,Action|Drama,5.4,7,IN,,,,
553749,tt0363993,Q20649927,Shart,Shart,1986-02-21,135,Drama|Mystery|Thriller|Horror,10.0,1,IN,,,,
170845,tt0091328,Q3411155,Karma,Karma,1986-08-08,192,Action|Adventure|Drama|Thriller,7.2,16,IN,,,,
1013335,tt0364551,Q6967069,Nasihat,Nasihat,1986-07-25,155,Drama,7.5,2,IN,,,,
495787,tt0154104,Q4661168,Fire and Flames,Aag Aur Shola,1986-01-01,147,Action|Drama|Romance,7.0,1,IN,,,,
27640,tt0091284,Q11030911,Janbaaz,Janbaaz,1986-06-20,175,Action|Romance|Crime,5.6,13,IN,Ooty (India),India,,
473052,tt0361773,Q6173012,Jeeva,जीवा,1986-12-06,124,Music|Thriller|Action,5.5,2,IN,,,,
298557,tt0090674,,Aurat,Aurat,1986-01-01,0,Drama|Crime,9.0,1,IN,,,,
966787,tt4810632,,Antaheen,Antaheen,1986-01-01,0,Drama,0.0,0,IN,,,,
275777,tt0233206,Q4748650,Amrit,Amrit,1986-06-27,190,,10.0,1,IN,,,,
306451,tt0419116,,Sasti Dulhan Mahenga Dulha,Sasti Dulhan Mahenga Dulha,1986-01-31,148,,8.0,1,IN,,,,
40475,tt0155227,Q7653837,Swarag Se Sunder,Swarag Se Sunder,1986-01-01,163,Family|Drama,7.5,2,IN,,,,
495821,tt0962716,,Babul,Babul,1986-01-01,162,Drama,0.0,0,IN,,,,
520517,tt0358053,Q11028692,Pyar Ke Do Pal,Pyar Ke Do Pal,1986-08-15,153,Action|Drama,8.0,4,IN,,,,
1416627,tt0386551,Q19892203,Fire,Jhanjhaar,1986-10-10,0,,10.0,1,,,,,
823618,tt0827765,Q5350172,Ek Aur Sikander,Ek Aur Sikander,1986-10-01,0,Action|Drama,9.2,2,,,,,
232820,tt0091598,Q6956537,Naam,Naam,1986-09-29,180,Crime|Drama,7.25,8,IN,,,Emirate of Dubai (United Arab Emirates),United Arab Emirates
267504,tt0090575,Q4661332,Aakhree Raasta,आखिरी रास्ता,1986-06-02,164,Crime|Action|Drama,7.1,18,IN,,,,
466434,tt0091320,Q11109202,Kala Dhanda Goray Log,काला धंधा गोरे लोग,1986-05-19,159,Drama|Family,5.3,3,IN,,,,
106596,tt0377845,Q5350178,Ek Chadar Maili Si,एक चादर मैली सी,1986-08-28,155,,7.8,4,IN,,,,
232818,tt0424339,Q13564905,Palay Khan,Palay Khan,1986-01-02,147,,8.5,2,IN,,,,
104302,tt0366182,Q4769893,Anokha Rishta,अनोखा रिश्ता,1986-08-29,140,Drama|Romance,5.3,3,IN,,,,
280240,tt0154532,Q5555671,Ghar Sansar,घर संसार,1986-07-11,144,Drama|Family|Comedy,6.7,3,,,,,
110865,tt0158574,Q5208877,Dahleez,दहलीज़,1986-10-06,161,Drama|Action|Romance,3.7,3,IN,,,,
96159,tt0090812,Q11036438,Chameli Ki Shaadi,चमेली की शादी,1986-02-21,137,Comedy|Drama|Romance,6.8,6,IN,,,,
528028,tt0092033,Q7654035,Swati,Swati,1986-05-02,156,Romance,10.0,1,IN,,,,
457361,tt0359619,Q6690287,Love 86,Love 86,1986-02-14,145,Romance|Drama,4.5,4,IN,,,,
301612,tt0090611,Q4730310,Allah Rakha,Allah Rakha,1986-08-22,165,,4.2,4,IN,,,,
198462,tt0091105,Q3100549,Genesis,Genesis,1986-06-02,105,Drama,6.5,4,IN|BE|FR|CH,,,,
463307,tt0091258,Q6001699,Ilzaam,Ilzaam,1986-02-18,165,Family|Drama,6.0,2,IN,,,,
455574,tt0260222,Q6966663,Naseeb Apna Apna,नसीब अपना अपना,1986-01-31,140,Comedy,6.0,8,IN,,,,
333978,tt0186799,Q18351529,Dharm Adhikari,Dharm Adhikari,1986-04-10,152,,3.5,4,IN,,,,
740123,tt0091439,Q16250849,Love and God,Qais Aur Laila,1986-05-27,141,Drama|Romance,9.0,1,IN,,,,
535110,tt0266926,Q7413063,Samundar,Samundar,1986-09-03,0,Crime|Adventure|Romance,6.6,8,,,,,
102467,tt0239246,Q4828870,Avinash,अविनाश,1986-12-12,145,Action|Crime|Drama,7.0,1,IN,,,,
442293,tt0089678,Q7006847,New Delhi Times,न्यू देहली टाइम्स,1986-01-01,123,Drama|Mystery|Thriller,7.3,3,IN,,,Delhi (India),India
446192,tt0092049,Q7681999,Tan-Badan,तन बदन,1986-04-24,115,Drama,7.0,2,IN,,,,
228650,tt0260411,Q15040745,Tahkhana,तहखाना,1986-12-11,125,Horror,6.3,5,IN,,,,
543935,tt0090577,Q4661622,Aap Ke Saath,Aap Ke Saath,1986-01-01,0,,4.8,5,,,,,
337486,tt0374292,,Trikon Ka Chauta Kon,Trikon Ka Chauta Kon,1986-01-01,110,Drama,7.0,1,IN,,,,
305255,tt0157899,Q6414871,Kirayadar,Kirayadar,1986-05-19,112,Comedy|Drama,7.0,2,IN,,,,
212047,tt0233635,Q107719427,Ek Pal,एक पल,1986-11-01,135,Drama,7.0,1,IN,,,,
680430,tt0091267,Q6036991,Insaaf Ki Awaaz,Insaaf Ki Awaaz,1986-11-14,162,Action|Drama,7.8,3,IN,,,,
312634,tt0158215,Q7492517,Sheesha,Sheesha,1986-10-03,129,Drama,8.3,3,IN,,,,
1503854,tt0829104,,Badkaar,Badkaar,1986-01-01,137,,0.0,0,,,,,
1427562,,,Aadamkhor,Aadamkhor,1986-01-01,144,Horror|Thriller,0.0,0,,,,,
499249,tt0363567,Q5277091,Dilwaala,Dilwaala,1986-02-07,135,Romance,9.3,3,IN,,,,
304527,tt0367499,Q4761903,Angaaray,Angaaray,1986-01-01,139,Adventure|Crime|Romance,9.0,1,IN,,,,
1365046,tt2106581,,Om,Om,1986-01-01,0,Horror,0.0,0,IN,,,,
188719,tt0089413,Q6399989,Khamosh,Khamosh,1986-03-14,102,Mystery|Thriller,7.4,7,IN,,,,
331565,tt0090958,Q5299344,Dosti Dhushmani,Dosti Dhushmani,1986-10-31,0,Action|Drama,7.5,5,,,,,
329784,tt2699356,,What Has Happened to This City?,Kya Hua Is Shahar Ko?,1986-02-14,95,Documentary,5.0,3,IN,,,,
743820,tt0232016,Q11026768,Maa Beti,Maa Beti,1986-01-01,0,Family|Drama|Music,6.0,2,,,,,
310737,tt0154909,Q11025169,Muddat,Muddat,1986-06-20,0,Action|Drama,9.0,2,IN,,,,
308107,tt0363773,Q11032403,Locket,Locket,1986-04-11,0,,5.3,3,,,,,
739838,tt0252974,,Car Thief,Car Thief,1986-12-31,150,Action,9.0,1,IN,,,,
505682,tt0426059,Q6368318,Karamdaata,कराम्दाता,1986-05-20,134,Drama|Romance,9.5,4,,,,,
261020,tt0270219,Q4837187,Baat Ban Jaye,Baat Ban Jaye,1986-01-01,135,Romance|Comedy,8.0,1,IN,,,,
306133,tt0149674,Q11109177,Anjuman,Anjuman,1986-04-14,127,Drama,10.0,1,IN,,,Lucknow (India),India
1245596,tt2188086,,Var Var Vari,Var Var Vari,1986-01-01,25,,0.0,0,IN,,,,
305323,tt0091512,Q6817856,Mera Dharam,Mera Dharam,1986-05-02,145,Action|Thriller,8.5,2,,,,,
504403,tt0376768,Q16251772,Mohabbat Ki Kasam,Mohabbat Ki Kasam,1986-01-01,0,,10.0,1,IN,,,,
252073,tt0395453,Q25217471,Anubhav,अनुभव,1986-12-19,139,Romance|Comedy|Drama,4.5,4,IN,,,,
941690,tt0251283,Q115517021,Musafir,Musafir,1986-01-01,0,Drama|Documentary|History,7.0,1,IN|SE,,,,
308002,tt0302955,Q7267172,Qatl,क़त्ल,1986-01-24,141,Action|Thriller,7.3,6,,,,,
272176,tt0186871,Q4900665,Bhagwaan Dada,भगवान दादा,1986-04-25,154,Action,3.5,4,IN,,,,
1200566,tt0386566,,Kahan Kahan Se Guzar Gaya,कहाँ कहाँ से गुज़र गए,1986-03-02,0,Drama,10.0,1,IN,,,,
922860,tt0234856,Q11025486,Teesra Kinara,Teesra Kinara,1986-08-08,0,Romance,10.0,1,IN,,,,
610417,tt0280398,Q4682530,Adhikar,Adhikar,1986-04-25,0,,10.0,1,,,,,
541030,tt1986775,,Azaadi Ki Ore,Azaadi Ki Ore,1986-08-01,104,Documentary|Comedy,8.0,1,,,,,
1120679,tt2609722,,Maqaar,Maqaar,1986-01-01,0,Action,0.0,0,IN,,,,
276378,tt0242838,,Samay Ki Dhaara,Samay Ki Dhaara,1986-01-01,0,Drama,8.0,1,IN,,,,
491116,tt0260337,Q7397462,Sadaa Suhagan,Sadaa Suhagan,1986-03-15,150,,7.0,1,IN,,,,
617785,tt0390657,Q11032189,Zindagani,Zindagani,1986-07-03,135,Action|Drama,7.0,1,,,,,
465641,tt0234211,Q6784621,Massey Sahib,Massey Sahib,1986-04-29,119,Drama,8.0,1,IN,,,British Raj (British Empire),British Empire
833105,tt0359677,Q6798614,Mazloom,Mazloom,1986-09-19,0,Action|Crime|Drama,8.0,1,IN,,,,
1556301,tt2009443,Q5065970,Chaalbaaz,Chaalbaaz,1986-12-15,0,,0.0,0,,Ooty (India),India,,
307937,tt0366656,Q6343427,Kaanch Ki Deewar,Kaanch Ki Deewar,1986-01-31,0,Drama|Family,9.5,3,IN,,,,
1400573,tt2655702,,Daku Bijlee,Daku Bijlee,1986-08-22,0,,0.0,0,IN,,,,
267112,tt1704145,Q55615452,Jungle Love,Jungle Love,1986-01-13,130,Action|Adventure|Drama,0.0,0,IN,,,,
721144,,,Warli Walking Picture,Warli Walking Picture,1986-01-01,0,Documentary|Animation,0.0,0,IN,,,,
819788,tt0247455,Q16250451,Kismetwala,Kismetwala,1986-07-01,0,,9.0,1,,,,,
819786,tt1517205,,Kee Banu Duniyan Daa,Kee Banu Duniyan Daa,1986-01-01,0,,0.0,0,,,,,
307351,tt0356770,,Jumbish: A Movement - The Movie,Jumbish: A Movement - The Movie,1986-10-24,0,,10.0,1,,,,,
391728,tt0154821,Q6737393,Majaal,मजाल,1987-04-24,158,Romance,10.0,1,IN,,,,
41903,tt0093578,Q4296485,Mr. India,मिस्टर इंडिया,1987-05-25,179,Action|Science Fiction|Drama,6.886,118,IN,,,Mumbai (India),India
404404,tt0093293,Q11036229,Jalwa,Jalwa,1987-06-30,134,Thriller|Action,6.3,3,IN,,,Goa (India),India
180608,tt0158381,Q11033944,Zevar,ज़ेवर,1987-01-01,0,,8.5,2,,,,,
670643,tt0363876,Q7135095,Param Dharam,Param Dharam,1987-11-13,125,Action|Drama,9.0,3,IN,,,,
333944,tt0315893,Q11039132,Ghar Mein Ram Gali Mein Shyam,Ghar Mein Ram Gali Mein Shyam,1987-12-30,136,Drama|Family|Action,9.0,1,,,,,
1276657,tt0476273,Q19892314,Kachchi Kali,Kachchi Kali,1987-07-12,130,Drama,8.0,1,,,,,
304113,tt0405864,Q5251026,Deewana Tere Naam Ka,Deewana Tere Naam Ka,1987-01-01,0,Action|Drama,7.0,1,,,,,
895261,tt0095432,Q6378791,Kaun Jeeta Kaun Haara,Kaun Jeeta Kaun Haara,1987-10-23,0,Comedy|Drama,9.0,3,IN,,,,
819765,tt0154589,Q5765381,Himmat Aur Mehanat,Himmat Aur Mehanat,1987-11-27,0,Action|Drama|Comedy,4.3,3,IN,,,,
118133,tt0091256,Q3635106,Ijaazat,इजाज़त,1987-10-24,137,Romance|Drama,6.333,12,IN,,,,
507404,tt0231796,Q6037113,Insaniyat Ke Dushman,Insaniyat Ke Dushman,1987-01-02,145,Action|Drama,9.0,1,IN,,,,
922910,tt0317063,,Ahsaan,Ahsaan,1987-08-10,150,,8.0,1,IN,,,,
819844,tt2619696,,Tera Karam Mera Dharam,Tera Karam Mera Dharam,1987-04-07,120,,0.0,0,,,,,
863963,tt0368022,Q6817892,Mera Yaar Mera Dushman,Mera Yaar Mera Dushman,1987-05-15,0,Action|Drama,8.0,1,,,,,
301614,tt0186838,Q4821712,Aulad,औलाद,1987-04-08,151,Romance,8.2,5,IN,,,,
591916,tt0260097,Q6037016,Insaf Ki Pukar,Insaf Ki Pukar,1987-12-25,146,Action|Drama,10.0,1,IN,,,,
232791,tt0089599,Q3411185,Mirch Masala,मिर्च मसाला,1987-02-18,121,Drama|Thriller,7.857,21,IN|GB,,,British Raj (British Empire),British Empire
809389,tt0230346,Q6109636,Jaan Hatheli Pe,Jaan Hatheli Pe,1987-08-14,0,Action|Drama,10.0,1,,,,,
381899,tt0266439,Q5207574,Dacait,डकैत,1987-04-10,158,Action|Crime|Drama,5.4,5,IN,,,,
272665,tt0156691,Q6343590,Kaash,Kaash,1987-09-04,140,Drama,8.5,2,IN,,,,
311404,,Q7972980,Watan Ke Rakhwale,Watan Ke Rakhwale,1987-08-14,154,Action|Thriller|Drama,7.2,4,IN,,,,
631785,tt0158107,Q18211291,Pratighaat,Pratighaat,1987-03-17,164,Drama,7.5,2,IN,,,,
604175,tt0215987,Q6817864,Mera Karam Mera Dharam,Mera Karam Mera Dharam,1987-07-02,125,Drama,10.0,1,IN,,,,
109586,tt0248135,Q6402829,Khudgarz,खुदगर्ज़,1987-07-31,171,Drama|Family,5.2,6,IN,,,,
1346658,tt0359549,Q6401123,Khazana,Khazana,1987-01-01,124,,9.0,1,,,,,
371091,tt0095300,Q5753364,Hifazat,Hifazat,1987-09-18,138,Action|Romance,7.0,2,IN,,,,
167595,tt0297416,Q11037107,Superman,Superman,1987-12-31,124,Action|Adventure|Science Fiction,5.0,17,IN,,,,
331566,tt0359473,Q6036988,Insaaf Kaun Karega,इंसाफ कौन करेगा,1987-06-19,156,Action|Drama,8.4,4,IN,,,,
334549,tt0369063,Q11034644,This Is Not Our Destination,Yeh Woh Manzil To Nahin,1987-01-01,132,Drama,9.0,1,IN,,,,
473047,tt0230737,Q7426920,Satyamev Jayate,सत्यमेव जयते,1987-06-18,144,Action|Drama|Music,6.0,2,IN,,,Mumbai (India),India
1276660,tt2983672,,Kachhi Jawani,Kachhi Jawani,1987-01-01,95,Thriller|Drama,0.0,0,IN,,,,
180761,tt0239682,Q6937136,Muqaddar Ka Faisla,Muqaddar Ka Faisla,1987-06-26,172,,8.5,2,IN,,,,
296884,tt0363914,Q7262824,Pyaar Karke Dekho,Pyaar Karke Dekho,1987-02-27,0,Family|Romance|Music,8.5,2,,,,,
103045,tt0350005,Q7262860,Pyar Ki Jeet,Pyar Ki Jeet,1987-04-19,152,Comedy|Drama,6.3,3,IN,,,,
465634,tt0359990,Q7522311,Sindoor,Sindoor,1987-07-31,166,Family|Drama,5.7,3,IN,,,,
312609,tt0234207,Q6774213,Marte Dam Tak,Marte Dam Tak,1987-07-17,155,Action|Drama,7.6,5,IN,,,,
321963,tt0093604,Q6983550,Nazrana,Nazrana,1987-01-27,0,,8.5,2,IN,,,,
131146,tt0317312,Q4451333,Dance Dance,Dance Dance,1987-05-15,153,Action|Music,6.316,19,IN,,,,
639895,tt0374151,,Raat Ke Andhere Mein,Raat Ke Andhere Mein,1987-01-01,110,Horror|Mystery,8.0,1,IN,,,,
331314,tt0096355,Q7903322,Uttar Dakshin,Uttar Dakshin,1987-11-13,0,,6.5,4,IN,,,,
558571,tt1002683,Q5768811,Hiraasat,Hiraasat,1987-06-26,140,Action,4.0,1,,,,,
347573,tt0350177,Q11037013,Sutradhar,Sutradhar,1987-01-31,124,Drama,9.0,1,IN,,,,
304680,tt0157192,Q11034855,Woh Din Aayega,Woh Din Aayega,1987-01-01,122,Drama,7.0,1,IN,,,,
507399,tt0094132,Q11274071,Thikana,Thikana,1987-10-18,123,Drama,6.5,2,IN,,,,
413916,tt0359614,Q11037847,Loha,लोहा,1987-01-23,0,,7.6,4,IN,,,,
302422,tt0177487,Q4661171,Aag Hi Aag,Aag Hi Aag,1987-04-03,171,,6.5,4,,,,,
517699,tt0391720,,7 Saal Baad,7 Saal Baad,1987-07-30,127,Horror|Music,7.0,2,IN,,,,
819002,tt0156256,Q18109318,Aaj,Aaj,1987-11-23,116,Drama,6.0,2,IN,,,,
304255,tt0359457,Q11033765,Imaandaar,Imaandaar,1987-09-03,152,Action|Crime|Drama,5.3,3,IN,,,,
734570,tt0094081,Q7649130,Susman,सुस्मान,1987-01-01,140,Drama,8.0,3,IN,,,,
268000,tt0383875,Q4754315,Andhaa Yudh,Andhaa Yudh,1987-01-01,138,Action|Drama|Thriller,8.0,2,IN,,,,
405813,tt2361493,,The Eight Column Affair,The Eight Column Affair,1987-01-01,30,,6.2,3,IN,,,,
302546,tt0154846,Q6758602,Mard Ki Zabaan,Mard Ki Zabaan,1987-02-14,0,,10.0,1,IN,,,,
241156,tt0359573,Q11034019,Kudrat Ka Kanoon,कुदरत का कानून,1987-10-23,0,,6.8,4,,,,,
393363,tt0359808,Q7137543,Parivaar,Parivaar,1987-06-12,144,Drama|Romance,8.0,3,IN,,,,
819737,tt0313213,Q21999889,Apne Apne,Apne Apne,1987-03-05,0,Romance,9.0,2,,,,,
347712,tt0361746,Q6013234,Inaam Dus Hazaar,Inaam Dus Hazaar,1987-02-27,0,,7.7,5,,,,,
819832,tt0366935,Q11037474,Raahee,Raahee,1987-05-29,0,Action|Crime|Drama|Romance,8.0,1,IN,,,,
630593,tt0243561,Q7531666,Sitapur Ki Geeta,Sitapur Ki Geeta,1987-05-08,0,Action|Crime|Drama,0.0,0,IN,,,,
443366,tt0427524,Q6817866,Mera Lahoo,मेरा लहू,1987-03-13,135,Drama,8.0,2,IN,,,,
819772,tt0093299,Q11037292,Jawab Hum Denge,Jawab Hum Denge,1987-01-01,135,Crime|Drama|Romance,8.2,2,IN,,,,
304310,tt2624392,,Mahananda,महानंदा,1987-01-01,130,Romance,0.0,0,IN,,,,
321441,tt0361941,Q6956544,Naam O Nishan,Naam O Nishan,1987-01-01,0,Action|Thriller,6.5,2,IN,,,,
331567,tt0270299,Q5210106,Daku Hasina,Daku Hasina,1987-03-06,140,,6.3,3,IN,,,,
401709,tt0158477,Q4829762,Awam,आवाम,1987-08-31,160,Action|Mystery|Thriller,9.0,1,IN,,,,
302984,tt0093263,Q6036981,Insaaf,Insaaf,1987-06-19,147,Drama|Action,6.8,4,IN,,,,
583237,tt0215185,Q11034959,Sher Shivaji,Sher Shivaji,1987-01-01,0,History,8.4,4,,,,,
685043,tt0362999,Q7262854,Pyar Ke Kabil,Pyar Ke Kabil,1987-02-21,0,Romance|Drama|Family,10.0,1,IN,,,,
258697,tt0260345,Q11035174,Sansar,Sansar,1987-04-03,114,Drama,6.3,3,,,,,
1369903,tt2894106,,Ek Aur Khoon,Ek Aur Khoon,1987-01-01,0,Horror,0.0,0,IN,,,,
1104457,tt0092888,Q11035228,Diljalaa,Diljalaa,1987-08-07,0,,6.0,2,,,,,
988839,tt1534448,,Kudmai,Kudmai,1987-01-01,126,Action|Comedy|Crime,0.0,0,,,,,
362167,tt0363972,Q7397515,Sadak Chhap,Sadak Chhap,1987-01-01,0,,9.0,3,IN,,,,
1200692,tt0240565,,Hamidabai Ki Kothi,Hamidabai Ki Kothi,1987-01-01,90,,7.0,1,,,,,
1017614,tt0398285,,Rajlakshmi,Rajlakshmi,1987-08-31,0,Drama,10.0,1,,,,,
482214,tt0260838,Q5209892,Dak Bangla,Dak Bangla,1987-05-14,109,Horror,4.8,4,IN,,,,
803005,tt0319623,Q6355262,Kamagni,Kamagni,1987-01-01,134,Drama,4.3,3,IN,,,,
608062,tt0317637,Q5684657,Hawalaat,Hawalaat,1987-06-17,140,Action|Crime|Drama,8.2,4,,,,,
701065,tt0093555,Q6894342,Mohre,मोहरे,1987-01-01,104,,6.3,3,IN,,,,
1124493,tt0231648,,Ghar Ka Sukh,Ghar Ka Sukh,1987-01-01,0,,8.0,1,,,,,
507398,tt0359440,Q11039915,Hukumat,Hukumat,1987-03-27,155,Action|Drama,6.5,2,IN,,,,
480478,tt0381324,Q21646606,Khooni Mahal,Khooni Mahal,1987-05-27,126,Horror,10.0,1,IN,,,,
819863,tt0454579,,Yaari Jatt Di,Yaari Jatt Di,1987-06-11,0,,9.0,1,,,,,
1384583,,,Megha Aa,मेघा आ,1987-09-30,123,,0.0,0,IN,,,,
625636,tt0307982,,The Sacrifice of Babulal Bhuiyan,Babulal Bhuiya Ki Kurbani,1987-01-01,64,Documentary,10.0,1,IN,,,,
213854,tt0242568,Q11034052,Kalyug Aur Ramayan,Kalyug Aur Ramayan,1987-08-12,0,,7.0,1,,,,,
683048,tt0093287,Q11034168,Itihaas,Itihaas,1987-03-27,138,,9.0,1,IN,,,,
1470846,tt2953026,Q55615950,Khooni Darinda,Khooni Darinda,1987-01-01,0,Horror,0.0,0,IN,,,,
62201,tt0093949,Q7461598,Shahenshah,शहँशाह,1988-01-29,180,Action,6.532,31,IN,,,,
41968,tt0094979,Q4171430,The Deceivers,The Deceivers,1988-09-02,102,Adventure,5.2,35,IN|GB,,,India,India
45129,tt0096028,Q1637390,Salaam Bombay!,Salaam Bombay!,1988-08-24,113,Crime|Drama,7.3,131,FR|IN,,,Mumbai (India),India
1738838,tt0096140,Q11038827,Soorma Bhopali,Soorma Bhopali,1988-07-01,153,,0.0,0,,,,,
207901,tt0094958,Q5243078,Dayavan,दयावान,1988-10-19,174,Action|Crime|Drama,6.2,8,IN,,,Mumbai (India),India
705203,tt0395535,Q12439569,Falak,Falak,1988-04-01,166,Drama|Action|Crime,8.5,2,,,,,
98122,tt0260494,Q7918167,Veerana,वीराना,1988-05-06,135,Action|Drama|Horror,5.9,19,IN,,,,
27964,tt0095936,Q777296,Qayamat Se Qayamat Tak,क़यामत से क़यामत तक‎,1988-07-09,162,Drama|Romance,6.817,60,IN,Delhi (India),India,Delhi (India),India
305853,tt0423100,Q2353572,Rukhsat,Rukhsat,1988-06-10,0,Romance,9.8,3,IN,,,,
515629,tt0259541,Q7333896,Rihaee,रिहाई,1988-08-31,145,Drama,9.5,2,IN,,,,
338126,tt0361772,Q6172998,Jeete Hain Shaan Se,Jeete Hain Shaan Se,1988-01-01,0,Drama|Action,7.3,3,,,,,
338161,tt0384403,Q7121457,Paap Ko Jalaa Kar Raakh Kar Doonga,Paap Ko Jalaa Kar Raakh Kar Doonga,1988-09-24,0,Action|Drama,6.0,2,,,,,
262034,tt0093182,Q1613757,Hero Hiralal,हीरो हीरालाल,1988-10-21,154,Action|Comedy|Drama,5.0,3,IN,,,Hyderabad (India),India
48390,tt0095198,Q5521010,Gangaa Jamunaa Saraswathi,गंगा जमुना सरस्वती,1988-12-23,187,Action|Drama|Romance,5.4,8,IN,,,,
462655,tt0096139,Q7560923,Sone Pe Suhaaga,सोने पे सुहागा,1988-08-26,154,Romance,6.5,2,,,,,
265651,tt0300575,Q17061044,Trishagni,तृषाग्नि,1988-04-01,114,Drama|Romance,7.0,5,IN,,,,
78165,tt0363525,Q5152230,Commando,कमांडो,1988-12-01,144,Drama|Action|Romance,6.6,7,IN,,,,
61271,tt0096252,Q2486250,Tezaab,Tezaab,1988-11-11,174,Drama,6.0,20,IN,,,Maharashtra (India),India
319840,tt0364048,Q7680521,Tamacha,Tamacha,1988-03-26,165,Action|Romance,5.0,3,IN,,,,
124595,tt0151206,Q2614494,Khoon Bhari Maang,खून भरी माँग,1988-09-08,146,Romance,7.4,12,IN,,,,
1017624,tt0249492,Q11039542,Ek Naya Rishta,Ek Naya Rishta,1988-06-17,0,Romance,8.0,2,IN,,,,
374949,tt0359309,Q5521007,Ganga Tere Desh Mein,Ganga Tere Desh Mein,1988-10-21,0,Action,8.0,3,IN,,,,
848318,tt0254462,Q17199004,Kab Tak Chup Rahungi,कब तक चुप रहूँगी,1988-01-01,136,Drama,8.0,1,IN|US,,,,
1400576,tt0261064,Q6817891,Mera Shikaar,Mera Shikaar,1988-01-01,0,,10.0,1,IN,,,,
631656,tt0363735,Q11035549,Kanwarlal,Kanwarlal,1988-07-29,150,,6.0,2,,,,,
310735,tt0239654,Q6890805,Mohabbat Ke Dushman,Mohabbat Ke Dushman,1988-05-20,0,,8.1,4,,,,,
474084,tt0177505,Q4661334,Aakhri Adaalat,आखिरी अदालत,1988-06-10,148,Action|Crime,5.3,7,IN,,,,
125223,tt0095955,Q7288414,Ram-Avtar,राम-अवतार,1988-05-20,0,Drama|Adventure,4.9,7,IN,,,,
452690,tt0376886,Q7499218,Shiva Shakti,Shiva Shakti,1988-03-25,146,Drama|Action|Crime,4.5,2,IN,,,,
542187,tt0216171,Q11039851,Sagar Sangam,सागर संगम,1988-02-02,120,Drama|Action,9.0,4,IN,,,,
302520,tt0231646,Q11184222,Ghar Ghar Ki Kahani,Ghar Ghar Ki Kahani,1988-06-30,155,Comedy|Drama|Family,4.7,6,IN,,,,
923152,tt0366593,Q11165974,Hum Farishte Nahin,Hum Farishte Nahin,1988-01-19,0,Action|Thriller,9.0,1,IN,,,,
1400602,tt0978627,,Khoon Bahaa Ganga Mein,Khoon Bahaa Ganga Mein,1988-01-01,0,,0.0,0,IN,,,,
249914,tt0095857,Q1415663,Pestonjee,पेस्तनजी,1988-03-01,125,Comedy|Drama,4.9,8,IN,,,Mumbai (India),India
860526,tt0243294,Q5618484,Gunahon Ka Faisla,Gunahon Ka Faisla,1988-08-26,169,,8.0,1,,,,,
586462,tt0388748,Q4822151,Aurat Teri Yehi Kahani,Aurat Teri Yehi Kahani,1988-01-01,130,Drama,10.0,1,,,,,
376541,tt0154311,Q5086568,Charanon Ki Saugandh,Charanon Ki Saugandh,1988-04-22,0,,9.0,2,,,,,
366395,tt0366739,Q6733565,Mahaveera,Mahaveera,1988-07-15,0,,10.0,1,,,,,
103820,tt0096415,Q7968336,Waqt Ki Awaz,वक्त की आवाज़,1988-07-01,155,Action|Crime|Drama,6.7,6,IN,,,,
859513,tt0232564,Q7395761,Saazish,Saazish,1988-07-22,140,Action,9.5,3,,,,,
576957,tt0448812,Q7813266,Tohfa Mohabbat Ka,Tohfa Mohabbat Ka,1988-07-01,0,Drama,9.0,1,,,,,
155141,tt0377738,Q11034732,Dariya Dil,Dariya Dil,1988-01-08,146,Drama,5.7,5,IN,,,,
529526,tt0156663,Q6344563,Kabzaa,Kabzaa,1988-05-20,135,Action|Crime|Drama,7.0,2,IN,,,,
101728,tt0096390,Q7929084,Vijay,विजय,1988-08-12,172,Drama|Action|Romance,4.4,6,IN,,,,
1200131,tt0230978,Q20650050,Woh Phir Aayegi,वह फिर आएगी,1988-09-23,139,Horror|Mystery|Thriller,7.0,3,IN,,,,
1738636,tt0250200,,Angutha Chhap,अंगूठा छाप,1988-05-06,50,Comedy,0.0,0,,,,,
1175034,,,New Delhi,New Delhi,1988-12-16,143,,8.0,1,,,,,
1021502,tt2010889,,Gone to Waste,Anjaam Kuda Jaane,1988-01-01,136,Action|Crime,0.0,0,IN,,,,
585575,tt0247915,Q11040114,Agnee,Agnee,1988-11-18,135,Family|Action|Drama,7.7,3,IN,,,,
499729,tt0469826,Q124672672,Shukriyaa,शुक्रिया,1988-04-04,139,Drama|Romance,10.0,1,IN,,,,
426180,tt0364135,Q3574650,Zakhmi Aurat,ज़ख्मी औरत,1988-09-01,0,Action,6.7,3,IN,,,,
618990,tt0270820,Q4661177,Aag Ke Sholay,Aag Ke Sholay,1988-10-14,138,Action|Thriller,8.0,1,IN,,,,
331192,tt0363666,Q5682248,Hatya,Hatya,1988-06-03,0,Drama|Action,6.8,5,IN,,,,
301094,tt0309261,Q4700304,Akarshan,Akarshan,1988-02-21,135,Romance|Drama,4.0,3,IN,,,,
543932,tt0095429,Q11033299,Kasam,Kasam,1988-04-15,159,Action|Drama,6.0,2,,,,,
528297,tt0095375,Q11038530,Intaqaam,Intaqaam,1988-11-11,138,Drama,7.0,2,,,,,
445995,tt0359324,Q12425234,Gharana,घराना,1988-12-02,169,Drama|Family|Romance,8.3,3,IN,,,,
912010,tt0427525,,Mera Muqaddar,Mera Muqaddar,1988-06-22,138,Action,10.0,1,IN,,,,
318115,tt0187060,Q11038431,Sherni,शेरनी,1988-05-13,146,Drama|Action,7.7,3,IN,,,,
1033562,tt0123370,Q11033479,Today's Robin Hood,आज का रबिन हुड,1988-02-19,111,History|Comedy,8.8,2,IN,,,,
636952,tt0367214,Q11035354,Waaris,Waaris,1988-05-06,150,Drama,8.4,4,,,,,
165058,tt0168516,Q879199,Biwi Ho To Aisi,बीवी हो तो ऐसी,1988-08-22,155,Comedy|Drama,6.1,10,IN,,,,
311383,tt0359496,,Janam Janam,Janam Janam,1988-09-09,144,,7.0,2,,,,,
347711,tt0095440,Q6400947,Khatron Ke Khiladi,Khatron Ke Khiladi,1988-05-27,0,Action,5.2,4,IN,,,,
107196,tt0243472,Q7121455,Paap Ki Duniya,Paap Ki Duniya,1988-03-18,145,Adventure,6.7,5,,,,,
991573,tt0397740,,Yeh Pyar Nahin,Yeh Pyar Nahin,1988-01-01,151,Drama,8.0,1,,,,,
786656,tt0154820,Q16251128,Main Tere Liye,Main Tere Liye,1988-04-15,0,Romance|Drama,7.0,1,IN,,,,
473080,tt0363407,Q21645990,Aaj Ke Angaarey,Aaj Ke Angaarey,1988-05-09,128,Music|Action,0.0,0,IN,,,,
419432,tt0096477,Q8050190,Yateem,Yateem,1988-12-02,173,Drama|Action,5.8,7,IN,,,,
305903,tt0359978,,Shoorveer,Shoorveer,1988-05-20,0,,9.0,1,IN,,,,
340771,tt0363832,Q11040493,Mulzim,Mulzim,1988-03-14,156,Drama,8.0,1,,,,,
274788,tt0155074,Q7262821,Pyar Ka Mandir,प्यार का मंदिर,1988-03-24,0,Drama|Family,8.0,4,IN,,,,
1202055,tt0405025,Q85846106,Hum To Chale Pardes,हम तो चले परदेस,1988-07-29,137,Drama,8.0,1,IN,,,,
1360142,tt0377481,,Bedroom Story,Bedroom Story,1988-01-01,0,Horror|Drama,10.0,1,IN,,,,
414911,tt0443742,,Gharwali Baharwali,Gharwali Baharwali,1988-01-01,0,Family,6.3,3,IN,,,,
499238,tt0359374,Q12459667,Hamara Khandaan,Hamara Khandaan,1988-06-21,154,Drama|Romance,9.3,3,IN,,,,
528019,tt0157974,Q6758695,Mardon Wali Baat,Mardon Wali Baat,1988-01-22,0,,10.0,1,,,,,
409222,tt2404155,,A Ship Aground,A Ship Aground,1988-01-08,26,Drama,5.0,1,IN,,,,
1023209,tt2620202,,7 Bijliyan,7 Bijliyan,1988-01-01,180,Action,0.0,0,IN,,,,
1441999,tt3505814,,Khooni Aankhen,Khooni Aankhen,1988-01-01,102,Horror,0.0,0,,,,,
994835,tt0215931,Q3419997,Libaas,Libaas,1988-01-01,137,Drama,9.0,1,,,,,
477116,tt0440530,Q11038454,Graveyard,Kabrastan,1988-06-10,135,Horror,5.5,2,IN,,,,
618988,tt0095010,Q11162578,Dharamyudh,Dharamyudh,1988-11-25,132,Mystery,6.5,2,IN,,,,
912008,tt0363799,,Mardangi,Mardangi,1988-01-01,130,Action|Thriller,8.0,1,IN,,,,
528021,tt0358302,Q17089044,Zalzala,Zalzala,1988-05-13,0,Western,10.0,1,IN,,,,
891865,tt0446395,Q16251133,Main Zinda Hoon,मैं जिन्दा हूँ,1988-06-05,114,Drama,7.3,9,IN,,,,
1200697,tt0150446,Q5350165,Ek Aadmi,Ek Aadmi,1988-01-01,0,,7.0,1,,,,,
1201719,tt0157389,,Bhopal: Beyond Genocide,Bhopal: Beyond Genocide,1988-09-29,0,Documentary,7.0,1,IN,,,,
242618,tt0246825,Q7089319,Om Dar-B-Dar,ओम-दर-ब-दर,1988-02-23,101,Drama|Fantasy|Comedy,7.0,12,IN,,,Rajasthan (India),India
1563995,tt2624502,,Padosi Ki Biwi,Padosi Ki Biwi,1988-01-01,135,,0.0,0,,,,,
711187,tt0244670,Q11162825,Namumkin,Namumkin,1988-01-01,0,Drama|Mystery,10.0,1,IN,Houston (United States),United States,,
366814,tt0359859,Q25095760,Qatil,Qatil,1988-01-01,0,,9.0,1,,,,,
260540,tt0154142,,The Unending Flow,Anadi-Dhara,1988-01-01,60,Documentary,8.0,1,IN,,,,
955983,tt0359170,Q5286276,Do Waqt Ki Roti,Do Waqt Ki Roti,1988-12-31,143,Action,9.0,1,IN,,,,
702375,tt3508198,,Vasundhara,Vasundhara,1988-01-01,120,Drama,0.0,0,IN,,,,
1020507,tt0390669,Q11033004,Zulm Ko Jala Doonga,Zulm Ko Jala Doonga,1988-06-10,0,,9.0,1,,,,,
343111,tt0231073,Q4661210,Aage Ki Soch,आगे की सोच,1988-01-01,137,Comedy,3.6,5,IN,,,,
1563535,tt0358052,,Pyaasi Atma,Pyaasi Atma,1988-04-22,128,Horror,7.0,1,,,,,
1399183,,,Lamberdar,लम्बरदार,1988-07-28,104,,0.0,0,,,,,
1734243,,,Andha Yug,अंधा युग,1989-10-09,90,Drama|War|History,0.0,0,IN,,,,
159636,tt0290820,Q3419903,Raakh,राख,1989-04-21,153,Action|Crime|Drama|Thriller,6.8,4,IN,,,,
304082,tt0096896,Q4873377,Batwara,Batwara,1989-07-14,181,Action|Drama,8.9,4,IN,,,,
566319,tt0097926,Q2353591,Mujrim,मुजरिम,1989-07-28,162,Drama|Action,8.1,6,IN,,,,
159634,tt0097784,Q4271790,Love Love Love,Love Love Love,1989-08-04,146,Romance,6.6,5,IN,,,,
58045,tt0102636,Q1241447,Parinda,Parinda,1989-11-03,154,Action|Crime|Drama,7.2,28,IN,,,Mumbai (India),India
128677,tt0241914,Q7404567,Salim Langde Pe Mat Ro,Salim Langde Pe Mat Ro,1989-05-29,111,Crime|Drama,6.2,11,IN,,,,
228979,tt0098491,Q7824004,Toofan,Toofan,1989-08-10,174,,6.1,12,IN,,,,
143895,tt0187351,Q7032164,Nigahen: Nagina Part II,Nigahen: Nagina Part II,1989-07-19,140,Drama|Fantasy|Horror,6.6,8,IN,,,,
988049,tt0374046,Q6850323,Mil Gayee Manzil Mujhe,मिल गई मंज़िल मुझे,1989-01-12,135,,8.7,3,IN,,,,
671978,tt2354560,Q7181203,Pheka Pheki,Pheka Pheki,1989-12-28,154,,6.0,2,,,,,
27641,tt0100816,Q1738476,Tridev,त्रिदेव,1989-07-07,173,Crime|Action,6.3,21,IN,,,,
72127,tt0098168,Q3413655,Ram Lakhan,Ram Lakhan,1989-01-27,174,Action|Drama,6.6,24,IN,,,,
819813,tt0097813,Q16251123,Main Tera Dushman,Main Tera Dushman,1989-02-03,155,Drama|Action,7.8,4,IN,,,,
112887,tt0275466,Q11044476,Lashkar,लश्कर,1989-09-01,0,,6.0,3,IN,,,,
27624,tt0100095,Q1798105,Maine Pyar Kiya,मैंने प्यार किया,1989-12-29,192,Romance|Drama|Comedy,6.007,141,IN,,,,
363022,tt0097264,Q3420533,Eeshwar,Eeshwar,1989-02-24,147,Drama|Family,7.0,4,IN,,,,
32680,tt0097045,Q1061735,Chandni,चाँदनी,1989-09-14,180,Drama|Romance,7.0,19,IN,Mumbai (India),India,Mumbai (India),India
1017640,tt0249931,,Sach,Sach,1989-06-22,0,Drama,10.0,1,,,,,
683189,tt0364050,Q7828840,Touhean,Touhean,1989-04-26,0,,7.0,1,IN,,,,
819826,tt0232276,Q18386649,Paraya Ghar,Paraya Ghar,1989-06-09,0,,9.0,1,,,,,
338138,tt0424298,Q18378920,Nache Nagin Gali Gali,Nache Nagin Gali Gali,1989-01-01,131,Horror,7.0,2,IN,,,,
304121,tt0095810,Q7121453,Paap Ka Ant,Paap Ka Ant,1989-12-08,0,Action|Drama,5.5,2,,,,,
424248,tt0157882,Q11040692,Kamla Ki Maut,कमला की मौत,1989-01-01,95,Drama,8.143,7,IN,,,Mumbai (India),India
331295,tt0187043,Q5517319,Gair Kanooni,गैर कानूनी,1989-03-17,150,Drama|Action|Comedy,5.0,3,IN,,,,
569669,tt0363824,Q11042322,Mitti Aur Sona,Mitti Aur Sona,1989-07-28,163,,6.5,2,,,,,
302953,tt0363605,Q5436570,Farz Ki Jung,Farz Ki Jung,1989-03-17,0,Action,7.8,4,,,,,
482234,tt0094720,Q4880110,Bees Saal Baad,Bees Saal Baad,1989-02-03,141,Horror,5.7,3,IN,,,,
118841,tt0102705,Q7240169,Prem Pratigyaa,Prem Pratigyaa,1989-05-02,157,Action|Drama|Romance,8.0,3,,,,,
265466,tt0363740,Q18393037,Khooni Murdaa,खुनी मुरदा,1989-02-23,127,Mystery|Horror|Fantasy,5.0,2,IN,,,,
749845,tt0097513,Q5772230,Hisaab Khoon Ka,Hisaab Khoon Ka,1989-07-21,135,Thriller|Action,9.8,4,IN,,,,
369370,tt0319787,Q6732681,Mahaadev,Mahaadev,1989-05-05,135,Action|Drama,7.0,2,IN,,,,
311332,tt0359546,Q6373984,Kasam Suhag Ki,Kasam Suhag Ki,1989-01-27,0,Drama,6.0,2,,,,,
302753,tt2699940,Q6480052,Laal Dupatta Malmal Ka,Laal Dupatta Malmal Ka,1989-01-01,0,Romance,0.0,0,,,,,
809126,tt1648944,,Fire,Agni,1989-01-01,135,,0.0,0,FR|IN,,,,
302905,tt0097812,Q12447667,Main Azaad Hoon,Main Azaad Hoon,1989-12-15,160,,6.4,5,,,,,
302533,tt0373935,Q6124280,Jaisi Karni Waisi Bharni,Jaisi Karni Waisi Bharni,1989-06-02,168,Drama,7.0,5,,,,,
265660,tt0230622,Q7137126,Parinati,Parinati,1989-03-31,125,Drama,8.0,1,IN,,,,
98126,tt0260303,Q7260844,Purani Haveli,Purani Haveli,1989-07-19,145,Horror,5.9,7,IN,,,,
168497,tt0261001,Q11040249,Khoj,Khoj,1989-07-21,119,,6.2,4,,,,,
347634,tt0246727,Q16250342,The Khayal Saga,ख्याल गाथा,1989-01-26,103,Drama|Music,6.6,5,IN,,,,
309494,tt0097642,Q3408714,Kanoon Apna Apna,Kanoon Apna Apna,1989-10-27,162,Action|Drama|Crime,6.5,2,IN,,,,
683192,tt0427400,Q24905242,Jaaydaad,Jaaydaad,1989-01-01,129,Crime|Drama,4.8,4,IN,,,,
232488,tt0359169,Q5286199,Do Qaidi,Do Qaidi,1989-02-14,158,Action|Romance,6.9,7,IN,,,,
476935,tt0233990,Q6312556,Jung Baaz,Jung Baaz,1989-06-16,144,Action|Crime,8.3,3,IN,,,,
443042,tt2637696,,Sau Saal Baad,Sau Saal Baad,1989-01-01,123,Horror,0.0,0,IN,,,,
168430,tt0122427,Q5065965,Chaalbaaz,Chaalbaaz,1989-12-08,155,Action|Comedy|Drama,6.0,11,IN,,,,
274686,tt0233146,Q4807391,Asmaan Se Ooncha,आसमान से ऊँचा,1989-02-24,140,Family|Action|Drama,5.7,3,IN,,,,
649176,tt0096748,Q4661179,Aag Se Khelenge,Aag Se Khelenge,1989-09-15,150,,8.6,4,,,,,
528011,tt0097563,Q5996889,Ilaaka,Ilaaka,1989-04-19,155,Action|Drama,6.0,8,IN,,,,
357833,tt0360051,Q7647391,Suryaa: An Awakening,Suryaa: An Awakening,1989-01-01,0,Action|Romance,8.8,3,,,,,
833108,tt0232160,,Naqab,नकाब,1989-05-24,138,Drama|Mystery,8.0,1,,,,,
352847,tt0363644,Q17007297,Gola Barood,गोला बारूद,1989-08-31,0,,7.0,1,IN,,,,
128567,tt0097609,Q11045019,Jaadugar,जादूगर,1989-08-25,173,Comedy,3.4,10,IN,,,,
604767,tt0098243,Q7395753,Saaya,Saaya,1989-01-01,180,Horror,5.5,2,IN,,,,
410266,tt0362213,Q11041812,Taaqatwar,Taaqatwar,1989-06-16,0,,7.7,3,,,,,
391548,tt0177489,Q4661175,Aag Ka Gola,Aag Ka Gola,1989-12-29,180,,4.3,6,,,,,
221026,tt0097268,Q5350188,Ek Din Achanak,एक दिन अचानक,1989-09-14,102,Drama,6.8,10,IN,,,Kolkata (India),India
442774,tt0242314,Q4912026,Billoo Baadshah,Billoo Baadshah,1989-04-28,148,Drama|Action|Crime,9.0,1,IN,,,,
426177,tt0359215,Q5352547,Elaan-E-Jung,Elaan-E-Jung,1989-08-17,0,,6.0,2,IN,,,,
465140,tt0359442,Q11045452,Hum Bhi Insaan Hain,हम भी इंसान हैं,1989-02-23,149,Action|Crime|Drama,8.5,2,,,,,
597190,tt0089382,Q6289563,Joshilaay,Joshilaay,1989-01-10,157,Action|Drama|Western,6.0,4,IN,,,,
109393,tt0097640,Q6349933,Kala Bazaar,काला बाज़ार,1989-09-27,160,Action|Drama,6.5,5,IN,,,,
391549,tt0231214,Q4840710,Bade Ghar Ki Beti,Bade Ghar Ki Beti,1989-04-07,0,,10.0,4,,,,,
501976,tt0260336,Q7396674,Sachai Ki Taqat,Sachai Ki Taqat,1989-06-23,127,Drama|Action,5.0,2,IN,,,,
1221060,tt2649892,Q4667374,Abhi To Main Jawan Hoon,Abhi To Main Jawan Hoon,1989-01-01,0,,5.6,21,,,,,
642507,tt6289244,,Mahan Karz,Mahan Karz,1989-01-01,17,Drama,0.0,0,IN,,,,
304664,tt0395784,Q11041976,Tere Bina Kya Jeena,Tere Bina Kya Jeena,1989-06-09,0,,10.0,1,,,,,
505426,tt0359965,Q7492856,Shehzaade,Shehzaade,1989-10-20,0,,6.0,2,IN,,,,
923165,tt0315875,Q11182884,Galiyon Ka Badshah,Galiyon Ka Badshah,1989-09-01,135,Drama|Action|Crime,8.0,1,IN,,,,
528098,tt0234309,Q6958209,Nafrat Ki Aandhi,Nafrat Ki Aandhi,1989-03-10,0,,8.5,3,,,,,
343987,tt0373778,Q5214804,Dana Paani,Dana Paani,1989-06-15,0,Drama,9.5,2,,,,,
671236,tt0357693,Q5523305,Garibon Ka Daata,Garibon Ka Daata,1989-05-26,135,Drama|Action,9.0,1,,,,,
118987,tt0178171,Q4661336,Aakhri Baazi,आखिरी बाज़ी,1989-04-14,0,Action|Crime|Drama,6.5,2,,,,,
683185,tt0359777,Q18357522,Oonch Neech Beech,Oonch Neech Beech,1989-07-28,126,Drama|Family,7.0,1,IN,,,,
1322311,tt0380383,,Ghabrahat,घबराहट,1989-01-01,0,Horror,7.0,1,IN,,,,
482335,tt2674160,,Wohi Bhayanak Raat,वही भयानक रात,1989-01-01,82,Horror,0.0,0,IN,,,,
346068,tt0098167,Q11043787,Rakhwala,Rakhwala,1989-05-06,0,,6.0,2,,,,,
106862,tt0100857,Q11048731,Vardi,Vardi,1989-01-06,164,Action,5.8,4,IN,,,,
170992,tt0137943,Q7417903,Meeting a Milestone,Sang-e-Meel Se Mulaqat,1989-07-12,88,Documentary,10.0,1,IN,,,,
683180,tt0231166,,Apna Ghar,Apna Ghar,1989-01-01,0,Family|Drama,9.0,1,IN,,,,
542177,tt0373801,Q3417275,Dost,दोस्त,1989-08-04,163,Drama,5.5,2,,,,,
230433,tt0097143,Q3011754,Daddy,Daddy,1989-01-02,135,TV Movie|Drama,4.8,4,IN,,,,
604108,tt0097466,Q5620324,Guru,Guru,1989-02-24,174,Crime|Action|Drama,6.8,4,IN,,,,
333940,tt0363632,Q16248540,Gentleman,Gentleman,1989-07-28,0,Comedy|Action|Drama,5.5,2,,,,,
372339,tt0359935,Q7420648,Santosh,Santosh,1989-02-28,145,Drama|Family,7.0,1,,,,,
819802,tt0366696,Q6469238,Ladaai,Ladaai,1989-11-03,0,Action|Drama,8.0,1,,,,,
620474,tt0215789,Q5528405,Gawaahi,Gawaahi,1989-08-01,111,Drama|Mystery|Crime,7.0,1,IN,,,,
244736,tt0364015,Q12459044,Souten Ki Beti,Souten Ki Beti,1989-06-27,136,,9.3,3,,,,,
326804,tt0214751,Q5681562,Hathyar,Hathyar,1989-01-06,180,,7.6,5,IN,,,,
969484,tt0261035,Q24998187,Mahal,Mahal,1989-01-01,116,Horror,7.0,1,IN,,,,
823622,tt0172509,Q18125189,Goonj,Goonj,1989-03-07,0,,7.0,1,,,,Goa (India),India
833103,tt0363691,Q5936523,Hum Intezaar Karenge,Hum Intezaar Karenge,1989-05-24,140,,8.5,2,,,,,
617135,tt0243416,Q16251708,Meri zabaan,Meri zabaan,1989-01-06,140,Action|Drama|Thriller,9.5,2,,,,,
911853,tt0096751,Q4667410,Abhimanyu,Abhimanyu,1989-06-08,168,Action|Comedy|Drama,7.0,2,IN,,,,
331569,tt0096922,Q4902071,Bhrashtachar,Bhrashtachar,1989-11-22,153,Action|Crime|Drama,3.4,5,IN,,,,
683193,tt0233464,Q5131852,Clerk,Clerk,1989-03-27,0,,3.2,5,IN,,,,
848312,tt0926204,Q11270242,Jurrat,जुर्रत,1989-12-29,140,Action|Crime,4.0,1,IN,,,,
1504694,tt0231899,Q18388046,Khol De Meri Zuban,Khol De Meri Zuban,1989-01-01,148,,7.0,1,,,,,
274301,tt0349122,Q17332544,Bahurani,Bahurani,1989-12-18,147,Drama|Family,7.5,2,IN,,,,
683179,tt0482673,Q24905448,Akhri Muqabla,Akhri Muqabla,1989-01-01,0,,9.0,1,IN,,,,
499666,tt0260158,Q6737430,Majboor,Majboor,1989-03-17,143,,5.3,3,IN,,,,
507645,tt0405852,Q5207392,Daata,Daata,1989-06-23,163,Action|Drama|Romance,7.8,5,IN,,,,
363506,tt0231242,,Before My Eyes,Before My Eyes,1989-01-01,26,Documentary,6.2,11,IN,,,,
522387,tt0482672,Q4661337,Aakhri Badla,Aakhri Badla,1989-01-01,0,Adventure|Action,10.0,2,,,,,
1355270,tt2710482,,Ajnabi Saaya,Ajnabi Saaya,1989-01-01,0,Horror,0.0,0,IN,,,,
1318257,tt12758046,,Khooni Saaya,Khooni Saaya,1989-01-01,0,Horror,0.0,0,IN,,,,
819781,tt0378177,Q11031588,Kaanoon Ki Awaaz,Kaanoon Ki Awaaz,1989-05-09,0,,7.0,1,IN,,,,
1252022,tt2710364,Q124694139,Wasta,Wasta,1989-01-01,0,,0.0,0,IN,,,,
1020949,tt0363634,Q16248559,Ghar Ka Chiraag,Ghar Ka Chiraag,1989-12-22,0,,6.0,2,,,,,
668237,tt2958972,,The Unusual Hospital,Anokha Aspatal,1989-06-26,0,,0.0,0,IN,,,,
819816,tt0234302,Q11036860,Na-Insaafi,Na-Insaafi,1989-06-30,0,,6.0,2,,,,,
37403,tt0098999,Q4692983,Agneepath,अग्निपथ,1990-02-16,174,Action|Crime|Drama,6.4,67,IN,,,Mumbai (India),India
65683,tt0099429,Q905399,Dil,दिल,1990-06-22,172,Drama|Comedy|Romance,6.461,37,IN,,,,
109001,tt14984074,Q7499225,Shiva,शिवा,1990-12-07,161,Drama|Action|Crime,6.7,14,IN,,,Hyderabad (India),India
153170,tt0259877,Q4854541,Bandh Darwaza,Bandh Darwaza,1990-05-07,145,Action|Drama|Horror,4.8,4,IN,,,,
243839,tt0363915,Q7262855,Pyar Ke Naam Qurban,प्यार के नाम कुर्बान,1990-01-05,134,Action|Crime|Drama,6.6,6,,,,,
159637,tt0101742,Q12928138,Deewana Mujh Sa Nahin,Deewana Mujh Sa Nahin,1990-07-20,130,Drama,5.111,9,IN,,,,
161392,tt0099080,Q797455,Baaghi: A Rebel for Love,Baaghi: A Rebel for Love,1990-12-11,157,Action|Drama|Romance,5.5,11,IN,,,,
241180,tt0173283,Q7653862,Swarg,Swarg,1990-05-02,151,Drama|Family,6.6,16,IN,,,,
34369,tt0149573,Q2820108,Aashiqui,आशिकी,1990-07-23,152,Drama|Romance|Music,5.569,29,IN,Ooty (India),India,,
331362,tt0099651,Q5555652,Ghar Ho To Aisa,Ghar Ho To Aisa,1990-04-27,155,Drama,6.3,6,IN,,,,
71308,tt0099652,Q5555971,Ghayal,घायल,1990-06-22,163,Action|Crime|Drama,6.917,24,IN,,,Mumbai (India),India
159650,tt0173369,Q7852448,Tum Mere Ho,तुम मेरे हो,1990-05-25,129,Fantasy|Horror|Romance,5.5,6,IN,,,,
307490,tt0098976,Q4661284,Aaj Ka Arjun,Aaj Ka Arjun,1990-08-03,164,Action|Crime|Drama,6.6,7,,,,,
351865,tt0172622,Q8064754,Zahreelay,Zahreelay,1990-01-26,0,,3.8,6,,,,,
125297,tt0099943,Q1557461,Kishen Kanhaiya,किशन कन्हैया,1990-03-09,160,Drama|Family,6.8,16,IN,,,,
482233,tt0359444,Q5936603,Hum Se Na Takrana,Hum Se Na Takrana,1990-06-01,145,Horror|Action|Crime|Drama,8.0,1,IN,,,,
604062,tt0330019,Q4832000,Azaad Desh Ke Gulam,Azaad Desh Ke Gulam,1990-04-06,150,Action|Drama,7.0,3,,,,,
1444556,,,Morning,Morning,1990-04-05,23,Drama,0.0,0,IN,,,,
338164,tt0359971,Q21869810,Sheshnaag,Sheshnaag,1990-07-25,0,Thriller|Fantasy,5.3,3,IN,,,,
145426,tt0250043,Q7786612,Thodasa Roomani Ho Jaayen,Thodasa Roomani Ho Jaayen,1990-11-18,143,,6.0,2,IN,,,,
311405,tt0363810,Q11044084,Mera Pati Sirf Mera Hai,Mera Pati Sirf Mera Hai,1990-01-01,143,,5.5,2,,,,,
1307895,tt2881776,Q20649575,College Girl,College Girl,1990-01-01,141,Drama,0.0,0,IN,,,,
1434307,,,Reconnaissance,Reconnaissance,1990-01-01,29,,0.0,0,IN,,,,
425744,tt0395519,Q5296977,Doodh Ka Karz,Doodh Ka Karz,1990-08-21,168,Action|Drama|Fantasy,4.7,10,IN,,,,
305251,tt0104548,Q6173036,Jeevan Ek Sanghursh,Jeevan Ek Sanghursh,1990-08-03,159,Romance,5.0,2,IN,,,,
544675,tt0494953,Q5618480,Gunahon ka devta,Gunahon ka devta,1990-07-06,149,Action,9.0,1,,,,,
304137,tt0100401,Q7238679,Pratibandh,Pratibandh,1990-09-28,0,,6.0,3,IN,,,,
46372,tt0099081,Q4837170,Baap Numbri Beta Dus Numbri,Baap Numbri Beta Dus Numbri,1990-01-26,147,Comedy,6.5,8,,,,,
603537,tt0395464,Q18356124,Bahaar Aane Tak,Bahaar Aane Tak,1990-12-07,145,Family,7.0,3,,,,,
238553,tt0099467,Q5307809,Drishti,दृष्टि,1990-08-30,171,Drama,7.3,5,IN,,,,
159647,tt0337650,Q6166061,Jawani Zindabad,Jawani Zindabad,1990-07-17,160,,6.8,5,,,,,
345141,tt0099076,Q4829646,Awaargi,Awaargi,1990-01-26,149,Drama,8.5,4,IN,,,,
773584,tt0482034,Q4780020,Apmaan Ki Aag,Apmaan Ki Aag,1990-12-21,0,Action|Drama,8.0,1,,,,,
118807,tt0099869,Q6103149,Izzatdaar,Izzatdaar,1990-03-16,165,Action|Crime,6.5,2,,,,,
159645,tt0154183,Q4830155,Awwal Number,Awwal Number,1990-05-11,138,,6.2,9,,,,,
1480342,,,Hamari Shaadi,Hamari Shaadi,1990-01-01,0,,0.0,0,,,,,
491120,tt0404843,Q5006125,C.I.D.,C.I.D.,1990-05-25,147,Drama|Action,4.0,3,IN,,,,
212051,tt0345177,Q959250,Death of a Doctor,एक डॉक्टर की मौत,1990-01-01,133,Drama,6.433,15,IN,,,,
103401,tt0242509,Q5681623,Haatim Tai,Haatim Tai,1990-04-20,140,Fantasy|Drama|Romance,7.0,6,IN,,,,
358966,tt0156659,Q11047430,Jurm,Jurm,1990-07-05,142,Crime|Romance|Action,7.0,1,IN,,,,
242696,tt0382604,Q11274646,Chor Pe Mor,चोर पे मोर,1990-07-06,150,,8.8,2,,,,,
213855,tt0102148,Q6127239,Jamai Raja,Jamai Raja,1990-10-19,166,Drama|Comedy,6.2,6,IN,,,,
826176,tt0313462,Q7144902,Pati Parmeshwar,Pati Parmeshwar,1990-06-06,0,,7.0,1,IN,,,,
896590,tt0099025,Q4740927,Amba,अम्बा,1990-08-10,153,Family|Crime|Drama,8.0,1,IN,,,,
568215,tt2637518,Q16251702,Meri Lalkaar,Meri Lalkaar,1990-02-28,0,,0.0,0,IN,,,,
476417,tt0360693,Q6172887,Jeene Do,जीने दो,1990-01-01,113,,9.3,5,,,,,
591954,tt0099953,Q6438705,Kroadh,Kroadh,1990-03-23,0,,5.8,6,IN,,,,
648497,tt0484186,,Pyasi Nigahen,Pyasi Nigahen,1990-01-01,127,Horror|Thriller,10.0,2,IN,,,,
230431,tt0098461,Q7710251,Thanedaar,थानेदार,1990-12-10,151,Action|Crime|Drama,5.6,7,,,,,
619074,tt0175422,Q4661563,Aandhiyan,Aandhiyan,1990-06-08,145,Romance,10.0,1,,,,,
438821,tt0099437,Q5282194,Disha,दिशा,1990-01-01,135,,9.0,1,IN,,,,
305876,tt0100384,Q7209492,Police Public,Police Public,1990-05-11,0,,6.5,2,,,,,
501153,tt0363921,Q11046952,Raiszaada,Raiszaada,1990-12-28,149,Drama,5.5,2,IN,,,,
591932,tt0187338,Q6956520,Naaka Bandi,Naaka Bandi,1990-05-04,164,Action|Crime|Drama|Romance,7.4,5,,,,,
128772,tt0232641,Q20649201,Siddheshwari,सिद्धेश्वरी,1990-02-15,92,Documentary,5.5,8,IN,,,,
457554,tt0978726,Q7684910,Taqdeer Ka Tamasha,तकदीर का तमाशा,1990-01-12,171,Action|Romance,0.0,0,,,,,
335843,tt0173188,Q7487894,Shandaar,Shandaar,1990-03-02,135,Action|Drama,6.4,5,IN,,,,
1109550,tt0271827,,Triyatri,Triyatri,1990-01-05,120,Drama,6.5,2,IN,,,,
267500,tt0155073,Q7262820,Pyar Ka Karz,Pyar Ka Karz,1990-03-02,143,Action|Comedy|Drama,6.6,4,,,,,
309671,tt0100539,Q7400161,Sailaab,Sailaab,1990-08-31,0,Action|Romance,5.6,5,IN,,,,
1207836,tt0369212,,Abu Kaliya,Abu Kaliya,1990-01-01,127,Action|Crime|Mystery,7.0,1,,,,,
303356,tt0100441,Q12438974,Pyar Ka Devta,प्यार का देवता,1990-01-01,0,Family|Drama|Action,7.8,4,IN,,,,
615413,tt0363959,Q7370535,Roti Kee Keemat,Roti Kee Keemat,1990-10-26,130,Action|Crime|Drama,7.0,1,,,,,
423874,tt0100092,Q6732624,Maha-Sangram,Maha-Sangram,1990-12-01,150,Romance|Action|Crime|Drama,6.3,3,IN,,,,
1400578,tt0099916,Q6352406,Kali Ganga,Kali Ganga,1990-01-01,0,,10.0,1,IN,,,,
1154585,tt2637732,,Jaan Lada Denge,Jaan Lada Denge,1990-01-05,0,,0.0,0,,,,,
532158,tt0187395,Q7144711,Pathar Ke Insan,Pathar Ke Insan,1990-01-15,140,,7.3,3,IN,,,,
1097123,tt2737000,,Vidrohi,Vidrohi,1990-03-15,0,,0.0,0,,,,,
496553,tt0493354,Q48672517,Kafan,Kafan,1990-08-01,147,Horror,9.0,1,IN,,,,
612990,tt0096775,Q4692981,Agneekaal,Agneekaal,1990-10-19,161,Action|Crime|Drama,5.3,3,IN,,,,
1212644,tt0361796,Q11048250,Khatarnaak,Khatarnaak,1990-01-19,141,,7.0,1,,,,,
238534,tt0100002,Q6520619,Lekin...,लेकिन...,1990-04-03,171,Romance|Drama,8.8,4,IN,,,Rajasthan (India),India
619086,tt0268273,Q5316888,Dushman,Dushman,1990-01-01,146,Drama,8.3,3,,,,,
480459,tt2719606,Q43302310,Amavas Ki Raat,Amavas Ki Raat,1990-01-01,128,Horror,0.0,0,IN,,,,
819758,tt2038259,,Dushmani Dee Agg,Dushmani Dee Agg,1990-07-06,0,,7.5,1,,,,,
437271,tt0362223,Q7695179,Tejaa,Tejaa,1990-01-25,0,Drama|Action,8.4,7,,,,,
819783,tt0363737,,Karishma Kali Kaa,Karishma Kali Kaa,1990-08-03,0,Thriller|Drama|Crime|Mystery,7.0,1,,,,,
301671,tt0261296,Q7462499,Shaitani Ilaaka,Shaitani Ilaaka,1990-04-13,128,Horror,8.0,1,IN,,,,
620268,tt0370088,Q12427728,Zakhmi Zameen,Zakhmi Zameen,1990-09-20,139,Action|Drama,7.5,2,,,,,
304676,tt0360145,Q7918223,Veeru Dada,Veeru Dada,1990-01-01,0,,7.0,1,,,,,
232788,tt0359967,Q18378315,Sherdil,Sherdil,1990-09-06,148,,5.5,2,,,,,
466502,tt0252072,,In Memory of Friends,ऊना मित्रं दी याद प्यारी,1990-04-01,61,Documentary,7.5,2,IN,,,,
1361305,tt0424491,,Teri Talash Mein,Teri Talash Mein,1990-12-14,134,Horror,9.0,1,IN,,,,
1223457,,,Reincarnation Case of Suresh Verma,Reincarnation Case of Suresh Verma,1990-01-01,17,Documentary,0.0,0,IN,,,,
723931,tt2207477,,Eyes of Stone,Eyes of Stone,1990-03-01,94,Documentary,0.0,0,IN,,,,
1787033,tt2960738,,Nai Raat Nai Baat,Nai Raat Nai Baat,1990-01-01,0,Horror,0.0,0,IN,,,,
1007584,tt0396768,Q18355511,Nyay Anyay,Nyay Anyay,1990-08-02,0,,7.0,2,,,,,
895673,tt2741948,,Yaadon Ke Mausam,Yaadon Ke Mausam,1990-07-05,0,Romance,0.0,0,,,,,
697076,tt3516830,,Aag Aur Shabab,Aag Aur Shabab,1990-01-05,101,,0.0,0,,,,,
307763,tt0363657,,Haar Jeet,Haar Jeet,1990-01-01,0,,8.0,1,IN,,,,
819739,tt0358955,,Atishbaz,Atishbaz,1990-01-01,0,,8.0,1,,,,,
1028291,tt0420706,,Kaafila,Kaafila,1990-09-21,0,,10.0,1,,,,,
1081422,tt3544548,,Kunwari Dulhan,Kunwari Dulhan,1991-01-01,78,Thriller|Drama,0.0,0,,,,,
421701,tt0267130,Q12448514,Yodha,Yodha,1991-02-22,142,Drama|Action,4.8,4,IN,,,,
198343,tt0102513,Q6966377,Narsimha,Narsimha,1991-07-05,186,Action,5.4,8,IN,,,,
888839,tt0214815,,Jumma Chumma In London,Jumma Chumma In London,1991-01-01,0,,9.0,1,,,,,
1765849,tt1029115,Q11052545,Ganga Jamuna Ki Lalkaar,Ganga Jamuna Ki Lalkaar,1991-11-08,125,,0.0,0,,,,,
55627,tt0101244,Q665022,100 Days,100 Days,1991-05-31,161,Romance|Thriller,5.9,13,IN,,,,
107745,tt0102825,Q174454,Saajan,साजन,1991-08-30,181,Drama|Romance,6.488,41,IN,Ooty (India),India,,
312558,tt0102001,Q5653424,Haque,Haque,1991-01-01,120,Thriller,10.0,1,,,,,
912384,tt0363658,Q20649436,Hafta Bandh,Hafta Bandh,1991-01-01,145,Action,4.0,2,IN,,,,
537169,tt0359962,Q7488712,Shankra,Shankra,1991-03-29,0,,5.0,3,,,,,
137439,tt0101733,Q3413628,Dil Hai Ke Manta Nahin,दिल है कि मानता नहीं,1991-07-12,154,Romance|Comedy,6.893,28,IN,Ooty (India),India,,
298556,tt0155499,Q4771052,Inner voice,Antarnaad,1991-01-01,168,,10.0,1,,,,,
462349,tt0186857,Q13564925,Banjaran,बंजारन,1991-11-08,0,Drama|Romance,7.0,4,IN,,,,
380593,tt0101284,Q4700379,Akayla,Akayla,1991-11-08,180,Thriller|Action|Drama,5.2,9,IN,,,,
604053,tt0156982,Q7395729,Saathi,Saathi,1991-09-03,175,Action|Romance|Drama,6.0,5,,,,,
314401,tt0410134,Q6191177,Jhoothi Shaan,Jhoothi Shaan,1991-12-13,141,Drama|Action|Adventure,10.0,1,IN,,,,
230437,tt0254683,Q7187334,Phool Aur Kaante,फूल और काँटे,1991-11-22,180,Action|Romance|Drama,6.447,19,,,,,
260519,tt0102515,Q11790336,Nazar,नज़र,1991-03-06,84,Drama,6.0,13,IN,,,,
140883,tt0102701,Q7237709,Prahaar,प्रहार,1991-01-01,166,,7.1,15,IN,,,,
543907,tt0404797,Q12414771,Aayee Milan Ki Raat,Aayee Milan Ki Raat,1991-04-26,0,,5.0,2,,,,,
1018837,tt0284218,,Jeevan Daata,Jeevan Daata,1991-12-27,120,,7.0,1,,,,,
528100,tt0363583,Q5316889,Dushman Devta,Dushman Devta,1991-03-29,0,,7.0,1,,,,,
161401,tt0392360,Q4271757,Love,Love,1991-11-15,153,Action|Romance,6.2,20,,,,,
166017,tt0102844,Q2054362,Saudagar,सौदागर,1991-08-09,213,Drama,6.3,16,IN,,,,
230435,tt0156985,Q7397517,Sadak,सड़क,1991-12-06,127,Romance|Thriller|Action,5.667,27,IN,Mumbai (India),India,Mumbai (India),India
75987,tt0327403,Q4690362,Afsana Pyar Ka,Afsana Pyar Ka,1991-04-26,145,Drama|Romance,6.1,7,IN,,,,
496380,tt0437280,Q24807849,Khooni Raat,Khooni Raat,1991-01-01,0,Horror,10.0,1,IN,,,,
64879,tt0102258,Q1801544,Lamhe,लम्हे,1991-11-04,187,Drama|Romance,6.704,27,IN,London (United Kingdom),United Kingdom,Rajasthan (India),India
118843,tt0155072,Q7262850,Pyar Hua Chori Chori,Pyar Hua Chori Chori,1991-01-01,155,,8.7,3,IN,,,,
65954,tt0102071,Q3429938,Hum,Hum,1991-02-01,184,Romance|Action,5.988,42,IN,Ooty (India),India,Tamil Nadu (India),India
161398,tt0102746,Q1792965,Kurbaan,कुर्बान,1991-05-31,192,Family|Action,5.8,5,,,,,
383656,tt0259842,Q4699935,Ajooba Kudrat Ka,Ajooba Kudrat Ka,1991-01-01,0,Adventure|Fantasy|Horror,5.3,3,IN,,,,
426376,tt0214775,Q24807845,House No. 13,House No. 13,1991-08-16,112,Horror,9.0,1,IN,,,,
391730,tt0395779,Q7653864,Swarg Yahan Narak Yahan,Swarg Yahan Narak Yahan,1991-08-02,125,,7.5,2,IN,,,,
331570,tt0363887,Q7187337,Phool Bane Angaray,Phool Bane Angaray,1991-07-12,166,Action,6.8,4,IN,,,,
311862,tt0102160,Q6192284,Jigarwala,जिगरवाला,1991-01-04,132,Drama|Action,7.8,4,,,,,
161395,tt0102645,Q4211233,Patthar Ke Phool,पत्थर के फूल,1991-02-12,161,Romance|Action,5.3,11,IN,,,,
161396,tt0102835,Q2220230,Sanam Bewafa,सनम बेवफ़ा,1991-01-11,161,Drama|Family,5.2,12,IN,,,,
1400606,tt2617830,,Kasam Kali Ki,Kasam Kali Ki,1991-01-01,0,,0.0,0,IN,,,,
570341,tt0170416,Q7496543,Shikari,शिकारी,1991-04-12,162,Action|Drama,5.8,7,IN|SU,,,,
304088,tt0101432,Q4886784,Benaam Badsha,बेनाम बादशाह,1991-04-05,0,Action,5.0,6,IN,,,,
992439,tt2676204,Q18209835,Baharon Ke Manzil,Baharon Ke Manzil,1991-08-23,135,Music,0.0,0,IN,,,,
331311,tt0187004,Q5435349,Farishtay,Farishtay,1991-02-22,0,,5.5,6,IN,,,,
146255,tt0101283,Q4699937,Ajooba,Ajooba,1991-04-12,178,Action|Adventure|Fantasy,5.6,18,IN|SU,,,,
1068843,tt0360911,Q7272938,Qurbani Rang Layegi,Qurbani Rang Layegi,1991-05-17,0,,9.0,1,,,,,
903425,,,Taru,Taru,1991-03-27,20,Animation,0.0,0,IN,,,,
557187,tt0359168,Q5286111,Do Matwale,Do Matwale,1991-05-03,0,,10.0,1,,,,,
347951,tt0481241,Q7842348,Trinetra,Trinetra,1991-07-26,0,Action,9.7,3,IN,,,,
303897,tt0101887,Q5453230,First Love Letter,First Love Letter,1991-09-13,165,Drama|Romance,7.0,1,IN,,,,
619091,tt1571204,Q18352657,Izzat,Izzat,1991-06-21,156,Action,4.5,1,IN,,,,
536892,tt0172175,Q4900482,Bhabhi,Bhabhi,1991-08-23,0,Romance,4.8,4,,,,,
564320,tt3547304,,Pyasi Apsara,Pyasi Apsara,1991-01-01,105,Horror,0.0,0,IN,,,,
606242,tt0363967,Q7380218,Rupaye Dus Karod,Rupaye Dus Karod,1991-11-29,0,Action|Drama,8.0,1,,,,,
168495,tt0121352,Q5714757,Henna,Henna,1991-06-28,184,Drama|Romance|Music,5.8,12,IN,Austria|India|Manali (India)|Murree (Pakistan)|Switzerland,Austria|India|Pakistan|Switzerland,Attock District (Pakistan)|Jammu and Kashmir (India)|Jhelum (Pakistan)|Srinagar (India),India|Pakistan
198324,tt0104098,Q5269174,Dharavi,धारावी,1991-09-30,111,Drama|Crime,7.4,5,IN,,,Mumbai (India),India
916447,tt0359151,Q24807841,Deshwasi,Deshwasi,1991-04-04,145,Action|Crime|Drama,10.0,1,IN,,,,
239746,tt0172646,Q6373886,Karz Chukana Hai,Karz Chukana Hai,1991-04-26,165,Drama,9.8,2,IN,,,,
617779,tt0102702,Q7238688,Pratigyabadh,Pratigyabadh,1991-07-19,125,Action|Drama,6.2,4,,,,,
305879,tt0102706,Q3401589,Prem Qaidi,Prem Qaidi,1991-06-21,157,Romance|Action,5.5,2,IN,,,,
473081,tt0399530,Q7262823,Pyaar Ka Saaya,प्यार का साया,1991-11-29,133,Music|Drama|Thriller,3.8,4,,,,,
329782,tt0307481,Q7560133,Something Like a War,Something Like a War,1991-01-01,63,Documentary,10.0,1,IN|GB|CA,,,,
331387,tt0102201,Q6402280,Khoon Ka Karz,Khoon Ka Karz,1991-03-01,0,,5.5,2,IN,,,,
480654,tt0259831,Q24807837,Aakhri Cheekh,Aakhri Cheekh,1991-05-03,0,Horror,6.5,2,IN,,,,
1375688,tt33476210,,Suno Re Kissa,Suno Re Kissa,1991-01-01,124,TV Movie,0.0,0,IN,,,,
604044,tt0376620,Q5555669,Ghar Parivaar,Ghar Parivaar,1991-01-01,130,Drama,7.0,1,IN,,,,
916811,tt0389296,,Pyar Bhara Dil,Pyar Bhara Dil,1991-11-15,147,Drama|Romance,10.0,1,IN,,,,
491117,tt0359582,Q6479849,Lakshmanrekha,Lakshmanrekha,1991-12-27,0,,8.3,6,,,,,
1515149,tt0260098,Q20900122,Inspector Dhanush,Inspector Dhanush,1991-12-20,150,Action|Drama,9.0,1,IN,,,,
814128,tt0399911,Q8046323,Yaara Dildara,यारा दिलदारा,1991-12-13,150,Romance|Drama|Family,9.0,1,IN,,,,
1515594,tt0157082,,Swayam,Swayam,1991-01-01,121,Drama,8.0,1,IN,,,,
819828,tt0105161,Q11047917,Pratikar,Pratikar,1991-08-16,0,Action|Drama,4.0,3,IN,,,,
212049,tt0231520,Q5350192,Ek Ghar,एक घर,1991-01-01,98,Drama,8.0,1,IN,,,,
340775,tt0102119,Q13115896,Indrajeet,Indrajeet,1991-08-02,0,Action|Crime|Drama|Family,4.2,5,IN,,,,
590216,,,"Raman Raghav - A City, A Killer","Raman Raghav - A City, A Killer",1991-01-01,92,,10.0,1,IN,,,,
276498,tt0246567,Q5276572,Diksha,दीक्षा,1991-01-01,120,Drama,6.5,6,IN,,,,
257587,tt0102191,Q11273989,Kasba,कस्बा,1991-01-01,121,Drama,6.0,5,IN,,,,
161417,tt0102846,Q7427194,Saugandh,सौगंध,1991-01-25,148,Drama,4.833,6,,,,,
529525,tt0340112,Q5437382,Fateh,Fateh,1991-01-01,0,,5.0,2,,,,,
302925,tt0155147,Q7426987,Sau Crore,Sau Crore,1991-12-20,0,,5.0,2,,,,,
437113,tt0455140,Q39058219,Khooni Panja,Khooni Panja,1991-01-01,130,Horror,6.0,3,IN,,,,
473061,tt0363838,,Nachnewale Gaanewale,Nachnewale Gaanewale,1991-07-26,161,Music,10.0,1,IN,,,,
161420,tt0289686,Q5215390,Dancer,Dancer,1991-08-22,153,Action,6.0,2,,,,,
794098,tt0248307,Q20649404,Pita,Pita,1991-01-01,150,Drama,10.0,1,IN,,,,
304333,tt0363851,Q7069615,Numbri Aadmi,Numbri Aadmi,1991-01-01,155,,7.5,3,,,,,
703444,tt0363747,Q6426139,Kohraam,Kohraam,1991-10-18,0,,9.0,3,IN,,,,
553480,tt0248384,Q20649724,Rukmavati's Mansion,रुक्मावती की हवेली,1991-01-01,132,Drama,7.0,1,IN,,,,
414224,tt0791260,,Roohani Taaqat,Roohani Taaqat,1991-01-01,119,Horror,1.0,1,IN,,,,
529114,tt0234412,Q7121454,Paap Ki Aandhi,Paap Ki Aandhi,1991-03-18,0,,6.0,2,,,,,
481126,tt0271138,Q7289499,Ramgarh Ke Sholay,Ramgarh Ke Sholay,1991-06-21,123,Action|Comedy|Crime,8.0,2,IN,,,,
311562,tt0099929,Q6401601,Khilaaf,Khilaaf,1991-01-18,0,,8.0,2,,,,,
722784,tt2720586,,Hatyarin,Hatyarin,1991-03-29,129,Horror,0.0,0,IN,,,,
544261,tt1454012,Q6378792,Kaun Kare Kurbanie,Kaun Kare Kurbanie,1991-08-19,0,Action|Drama,1.0,1,,,,,
1428304,,,Lahu Luhan,Lahu Luhan,1991-01-01,136,,0.0,0,,,,,
820265,tt0156506,,Ek Saas Zindagi,Ek Saas Zindagi,1991-07-25,0,,10.0,1,IN,,,,
1276203,tt0363727,,Jungle Beauty,Jungle Beauty,1991-08-29,135,Action|Adventure|Music,7.0,1,IN,,,,
1447872,tt0234225,,Meet Mere Man Ke,Meet Mere Man Ke,1991-11-18,150,Action|Drama,10.0,1,,,,,
819860,tt0358261,Q7935964,Vishnu-Devaa,Vishnu-Devaa,1991-02-08,0,,5.7,3,,,,,
819842,tt4068286,,Subedaar,Subedaar,1991-01-01,0,,0.0,0,,,,,
819821,tt0482240,Q24807879,Naamcheen,Naamcheen,1991-12-16,0,,3.0,3,,,,,
819776,tt0398134,Q18359223,Jeena Teri Gali Mein,Jeena Teri Gali Mein,1991-05-06,0,,8.5,2,,,,,
819768,tt0395609,Q11047531,Iraada,Iraada,1991-03-08,0,,10.0,1,,,,,
651856,tt0371631,Q11052997,Dharam Sankat,Dharam Sankat,1991-09-06,0,,10.0,1,,,,,
987453,tt1977844,Q21646630,Laal Paree,Laal Paree,1991-01-04,107,,0.0,0,,,,,
931193,,,Ranbhoomi,Ranbhoomi,1991-08-16,139,,0.0,0,,,,,
914936,tt0950703,,Meena Bazar,Meena Bazar,1991-12-12,0,,0.0,0,,,,,
1741031,,,Shiv Ram,Shiv Ram,1991-07-19,0,,0.0,0,,,,,
45001,tt0126871,Q1659542,Deewana,दीवाना,1992-06-25,163,Action|Comedy|Crime|Drama|Romance,6.755,47,IN,,,Mumbai (India),India
45002,tt0126234,Q1060540,Chamatkar,चमत्कार,1992-07-08,171,Romance|Comedy,6.5,60,IN,,,Mumbai (India),India
141166,tt0101732,Q1183244,Dil Aashna Hai,दिल आशना है,1992-10-23,164,Romance,7.0,15,IN,,,,
916477,tt0104854,Q11055612,Mere Sajana Saath Nibhana,Mere Sajana Saath Nibhana,1992-01-01,141,Drama|Music,5.0,4,IN,,,,
33202,tt0104561,Q3235297,Jo Jeeta Wohi Sikandar,जो जीता वही सिकन्दर,1992-05-22,174,Drama,7.209,103,IN,,,,
103015,tt0105394,Q7500201,Shola Aur Shabnam,Shola Aur Shabnam,1992-01-23,167,Action|Romance,6.8,11,IN,,,,
79731,tt0108256,Q7645326,Suraj Ka Satvan Ghoda,Suraj Ka Satvan Ghoda,1992-12-31,130,Drama|Romance,7.594,16,IN,,,,
214393,tt0407274,Q11057944,Umar 55 Ki Dil Bachpan Ka,Umar 55 Ki Dil Bachpan Ka,1992-08-14,151,,4.5,4,IN,,,,
499241,tt0113527,Q6372639,Karm Yodha,Karm Yodha,1992-01-01,157,Thriller,8.0,1,IN,,,,
302941,tt0404537,Q11057479,Vansh,Vansh,1992-01-24,160,Action|Crime|Drama,8.0,4,IN,,,,
357131,tt0130350,Q7936066,Vishwatma,विश्वात्मा,1992-01-24,173,Action|Drama|Thriller,5.6,12,IN,,,Kenya,Kenya
912386,tt1095011,,Lambu Dada,Lambu Dada,1992-01-01,142,Action|Crime|Drama,0.0,0,IN,,,,
161436,tt0104605,Q6401604,Khiladi,Khiladi,1992-06-04,159,Thriller|Romance,6.221,34,IN,,,,
642566,tt2009481,Q5555653,Ghar Jamai,Ghar Jamai,1992-10-01,148,Comedy|Family,4.5,2,,,,,
310390,tt0157003,Q11051382,Saatwan Aasman,सातवाँ आसमान,1992-04-07,0,Romance|Drama,8.5,2,IN,,,,
51725,tt0104607,Q6402794,Khuda Gawah,ख़ुदागवाह,1992-05-08,193,Romance|Action|Adventure,6.1,24,AF|IN,,,Afghanistan,Afghanistan
118809,tt0267617,Q2362442,Jigar,Jigar,1992-01-01,172,Action|Drama|Romance,5.1,9,IN,Ooty (India),India,,
159654,tt0304204,Q11057956,Isi Ka Naam Zindagi,इसी का नाम ज़िन्दगी,1992-08-28,140,,6.4,7,,,,,
72568,tt0291883,Q1322137,Ek Ladka Ek Ladki,एक लड़का एक लड़की,1992-06-19,162,Comedy|Romance|Drama,6.8,9,IN,,,,
45003,tt0173102,Q1248795,Raju Ban Gaya Gentleman,राजू बन गया जेंटलमैन,1992-11-13,161,Drama|Comedy|Romance,7.103,34,IN,,,Mumbai (India),India
519443,tt0193122,Q11057917,Dushman Zamana,Dushman Zamana,1992-10-02,0,,6.7,3,IN,,,,
159653,tt0172300,Q5227994,Daulat Ki Jung,Daulat Ki Jung,1992-01-17,138,Western,6.7,9,,,,,
1444558,,,Veg. Non-Veg,Veg. Non-Veg,1992-03-03,30,Crime|Comedy|Romance|Drama,0.0,0,IN,,,,
168489,tt0172188,Q4938866,Bol Radha Bol,बोल राधा बोल,1992-07-03,164,Comedy|Thriller|Romance,5.4,13,IN,,,,
442290,tt0104595,,Kamlabai,Kamlabai,1992-01-01,47,Documentary,9.0,1,IN,,,,
269621,tt0106724,Q16248063,Dil Hi To Hai,दिल ही तो है,1992-09-17,164,,6.2,4,IN,,,,
302705,tt0247909,Q4661287,Aaj Ka Goonda Raaj,आज का गुंडाराज,1992-07-10,147,Thriller|Action,4.5,4,IN,,,Hyderabad (India),India
161404,tt0107249,Q502363,Jaagruti,जागृति,1992-07-03,149,Action,4.8,5,,,,,
612806,tt0104404,Q12460627,Heer Ranjha,हीर राँझा,1992-08-07,159,Drama|Romance,10.0,2,IN,,,,
161403,tt0105007,Q492498,Nishchaiy,निश्चैय,1992-07-17,153,Action|Crime,5.7,3,IN,,,,
161434,tt0104927,Q6928467,Mr. Bond,मिस्टर बॉन्ड,1992-04-15,132,,3.5,4,,,,,
507212,tt0105315,Q3473180,Sapne Saajan Ke,Sapne Saajan Ke,1992-07-24,170,Romance,5.0,2,,,,,
143879,tt0193246,Q6109662,Jaan Se Pyara,Jaan Se Pyara,1992-05-06,150,Action,5.9,4,IN,,,,
404918,tt0823607,,Mehboob Mere Mehboob,महबूब मेरे महबूब,1992-07-04,145,Drama|Romance,0.0,0,IN,,,,
331370,tt0395582,Q11057506,Honeymoon,Honeymoon,1992-07-09,0,Comedy|Drama,6.0,2,,,,,
619097,tt0105313,Q7417909,Sangeet,Sangeet,1992-09-18,144,Romance,7.4,5,IN,,,,
161402,tt0105500,Q2368775,Suryavanshi,सूर्यवंशी,1992-02-14,174,Fantasy|Action,5.2,9,IN,,,,
320714,tt0397741,Q21870028,Yeh Raat Phir Na Aayegi,Yeh Raat Phir Na Aayegi,1992-10-15,117,Horror,7.0,1,IN,,,,
232827,tt0105866,Q8047458,Yalgaar,Yalgaar,1992-10-23,185,Action|Drama,4.6,7,IN,,,,
227957,tt0102200,Q582992,Khel,Khel,1992-10-14,145,Comedy,6.4,13,,,,,
228012,tt0266875,Q7278432,Raat,रात,1992-02-07,127,Drama|Horror|Thriller,6.733,15,IN,,,,
345988,tt0423313,Q7675398,Tahalka,Tahalka,1992-06-26,0,,6.8,6,,,,,
108372,tt0158694,Q6349885,Kal Ki Awaz,कल की आवाज़,1992-08-21,0,Action,6.5,2,IN,,,,
491114,tt0267830,Q3394113,Police Officer,Police Officer,1992-06-05,157,Action,4.2,4,IN,,,,
320752,tt0172170,Q815020,Bekhudi,Bekhudi,1992-07-16,0,Action|Crime|Drama,8.5,2,,,,,
274812,tt0470381,Q6109663,Jaan Tere Naam,जान तेरे नाम,1992-01-30,150,Romance|Drama,5.3,3,,,,,
619078,tt0103709,Q4781811,Apradhi,Apradhi,1992-10-28,159,Action|Crime|Drama,6.7,3,IN,,,,
786561,tt0101262,Q85739375,Aasmaan Se Gira,Aasmaan Se Gira,1992-09-04,88,Adventure|Comedy|Romance,8.0,1,IN,,,,
603164,tt0464990,Q11057364,Jaanam,Jaanam,1992-11-26,127,Romance|Drama,5.8,5,IN,,,,
268305,tt0105897,Q3419931,Zindagi Ek Juaa,ज़िन्दगी एक जुआ,1992-05-15,174,,8.3,5,,,,,
111394,tt0193102,Q5276620,Dil Ka Kya Kasoor,दिल का क्या कसूर,1992-01-14,157,Romance|Drama,6.4,5,IN,,,,
162066,tt0255401,Q16251955,Muskurahat,Muskurahat,1992-10-30,180,,7.667,9,,,,,
925661,tt2895742,,Let's Be Friends,Mujhse Dosti Karoge,1992-01-01,95,Drama,0.0,0,IN,,,,
107747,tt0101437,Q4897244,Beta,Beta,1992-04-03,155,Drama|Family,5.929,21,IN,Ooty (India),India,,
161437,tt0104072,Q3021114,Deedar,Deedar,1992-08-13,120,,7.0,3,,,,,
331571,tt0364720,Q11051242,Tyagi,त्यागी,1992-05-29,142,Drama,5.0,4,IN,,,,
302445,tt0103763,Q4853120,Balwaan,Balwaan,1992-09-11,142,Action|Crime,3.7,6,IN,,,,
343986,tt0363698,Q21869445,Insaaf Ki Devi,Insaaf Ki Devi,1992-01-31,150,,8.5,2,,,,,
1444560,,,You Can't Give Any Reason,You Can't Give Any Reason,1992-01-01,31,Drama,0.0,0,IN,,,,
480644,tt0455129,Q50821708,Insaan Bana Shaitan,Insaan Bana Shaitan,1992-01-01,149,Horror,10.0,1,IN,,,,
107595,tt0344301,Q7424520,Sarphira,सरफिरा,1992-04-10,0,Drama|Action,9.0,1,,,,,
603542,tt2011178,Q7129744,Panaah,Panaah,1992-02-07,156,,6.0,1,,,,,
465958,tt0105209,Q7280175,Radha Ka Sangam,Radha Ka Sangam,1992-07-01,156,Drama,8.0,1,IN,,,,
880065,tt0362766,,Inteha Pyar Ki,Inteha Pyar Ki,1992-04-13,159,Drama|Family,5.0,2,IN,,,,
23799,tt0273513,Q11056977,Current,करन्ट,1992-02-14,119,Drama,7.0,4,IN,,,,
357830,tt0105166,Q7240126,Prem Deewane,Prem Deewane,1992-01-01,167,Action|Romance,7.2,4,IN,,,,
101820,tt0156658,Q6314286,Junoon,Junoon,1992-09-18,129,Horror|Drama|Thriller,6.1,8,IN,,,,
333936,tt2015304,Q18355897,Baaz,Baaz,1992-11-06,137,Drama|Action,2.0,1,,,,,
528586,tt0105762,Q7934851,Virodhi,Virodhi,1992-04-03,0,,4.0,2,IN,,,,
447251,tt0374342,Q8046271,Yaad Rakhegi Duniya,Yaad Rakhegi Duniya,1992-03-01,0,,7.0,4,,,,,
819855,tt0963204,,Tilak,Tilak,1992-10-30,0,,0.0,0,,,,,
308272,tt0390667,Q8075173,Zulm Ki Hukumat,Zulm Ki Hukumat,1992-07-17,162,Action|Romance,10.0,1,IN,,,,
307986,tt0102073,Q5940897,Humlaa,Humlaa,1992-05-29,0,,10.0,1,IN,,,,
499251,tt0231765,Q5941873,Humshakal,Humshakal,1992-07-31,138,Action|Comedy|Drama,8.0,1,IN,,,,
543938,tt0149850,Q21646162,Bewaffa Se Waffa,Bewaffa Se Waffa,1992-09-11,172,Romance,6.5,2,IN,,,,
141557,tt0246766,Q6720926,Maa,Maa,1992-01-01,146,Horror,4.5,6,IN,,,,
884795,tt0154720,Q17064204,Kasak,Kasak,1992-01-03,0,Drama|Romance,9.0,1,IN,,,,
504407,tt0416890,Q6402906,Khule-Aam,Khule-Aam,1992-04-23,0,,9.0,1,IN,,,,
510840,tt0369623,,Bloody Dracula,Khooni Dracula,1992-01-01,109,Horror,7.0,1,IN,,,,
864406,,,Diamonds in a Vegetable Market,Diamonds in a Vegetable Market,1992-04-22,68,,0.0,0,DE|IN,,,,
451826,tt2459460,Q17076295,Naach Govinda Naach,Naach Govinda Naach,1992-08-04,140,Action,0.0,0,IN,,,,
1479856,,,To My First Husband,To My First Husband,1992-01-01,6,,0.0,0,IN,,,,
534197,tt0231348,Q96374852,Cheluvi,ಚೆಲುವಿ/चेलुवी,1992-06-11,102,Drama|Family,9.7,3,IN,,,,
260669,tt0105208,Q18750458,In the Name of God,राम के नाम,1992-09-18,75,Documentary,8.7,14,IN,,,,
819833,tt2437560,Q7286372,Rajoo Dada,Rajoo Dada,1992-02-28,0,,0.0,0,,,,,
1198302,,,Chanchalo,चंचलो,1992-01-01,58,Romance|Music,0.0,0,IN,,,,
651857,tt0251346,Q7209422,Police Aur Mujrim,Police Aur Mujrim,1992-07-24,0,,9.0,1,IN,,,,
778679,,,Pandit Bhimsen Joshi,Pandit Bhimsen Joshi,1992-04-01,74,,0.0,0,IN,,,,
887709,tt0400365,Q5277093,Dilwale Kabhi Na Hare,Dilwale Kabhi Na Hare,1992-01-01,0,,7.0,2,,,,,
819823,tt0105116,Q12437687,Paayal,Paayal,1992-06-02,0,,10.0,1,,,,,
1609965,tt0778604,,Ajeeb Dastaan Hai Yeh,Ajeeb Dastaan Hai Yeh,1992-01-03,0,,0.0,0,,,,,
499231,tt0104323,Q5529929,Geet,गीत,1992-11-20,151,,3.2,4,IN,,,,
19657,tt0106333,Q603082,Baazigar,बाज़ीगर,1993-11-12,181,Crime|Thriller,6.888,139,IN,,,Mumbai (India),India
227211,tt0108001,Q3413642,Rudaali,रुदाली,1993-01-11,128,Drama,4.909,11,IN,,,Rajasthan (India),India
35053,tt0109555,Q1166556,Darr,डर,1993-09-01,179,Thriller|Action|Romance,6.93,93,IN,,,,
54814,tt0107166,Q2060167,Hum Hain Rahi Pyar Ke,हम हैं राही प्यार के,1993-07-05,163,Family|Comedy|Romance|Drama,6.989,45,IN,,,,
170991,tt0137100,Q1700308,Maya Memsaab,माया मेमसाब,1993-07-02,126,Drama|Mystery|Romance,5.7,25,IN,,,,
312956,tt0172980,Q5233845,Pehla Nasha,पहला नशा,1993-10-13,137,Thriller|Romance|Drama,5.5,4,IN,,,,
401772,tt0106270,Q4751708,Anari,Anari,1993-05-26,159,Family|Drama|Comedy|Romance,6.1,7,IN,,,,
345980,tt0107986,Q7366352,Roop Ki Rani Choron Ka Raja,Roop Ki Rani Choron Ka Raja,1993-04-16,190,Action|Drama,5.7,15,IN,,,,
301129,tt0481107,Q5680193,Hasti,Hasti,1993-05-21,0,,5.0,2,,,,,
591926,tt0364466,,Kundan,Kundan,1993-03-05,0,,8.2,4,,,,,
532160,tt0108023,Q7399613,Sahibaan,Sahibaan,1993-07-16,0,,9.7,3,,,,,
32295,tt0107311,Q3111804,Khal Nayak,खलनायक,1993-08-06,190,Action|Music,6.7,35,IN,,,,
364525,tt0104645,Q6440779,Kshatriya,क्षत्रिय,1993-03-26,180,,5.1,9,IN,,,,
96147,tt0106204,Q4661594,Aankhen,Aankhen,1993-09-09,170,Comedy|Action|Crime|Thriller|Drama,6.1,22,IN,,,,
462656,tt0267905,Q3472228,Sangram,Sangram,1993-06-18,156,Drama|Romance,7.0,4,,,,,
359865,tt0107440,Q11058736,Lootere,लुटेरे,1993-04-02,0,,4.7,6,,,,,
215321,tt0317680,Q11058815,Hum Hain Kamaal Ke,Hum Hain Kamaal Ke,1993-09-21,0,,8.8,4,,,,,
1613996,tt0363481,Q19882413,Bomb Blast,Bomb Blast,1993-05-21,153,,0.0,0,,,,,
414125,tt0156891,Q7186437,Phir Teri Kahani Yaad Aayee,Phir Teri Kahani Yaad Aayee,1993-07-30,105,Drama|Romance,6.8,4,IN,,,,
302950,tt0106799,Q5350196,Ek Hi Raasta,Ek Hi Raasta,1993-10-22,0,Action,5.3,7,IN,,,,
421703,tt0360224,Q8060336,Yugandhar,Yugandhar,1993-01-01,141,Action,7.0,1,IN,,,,
161439,tt0290429,Q4804524,Ashaant,Ashaant,1993-11-26,147,,4.0,5,IN,,,,
270916,tt0106986,Q5522558,Gardish,गर्दिश,1993-05-21,171,Drama,8.1,8,IN,,,,
161406,tt0106541,Q1061778,Chandra Mukhi,चन्द्र मुखी,1993-10-22,163,,6.2,5,,,,,
493821,tt0172617,Q11055562,Izzat Ki Roti,Izzat Ki Roti,1993-08-13,0,Drama,5.3,3,,,,,
138934,tt0106655,Q2650447,Damini,Damini,1993-04-30,175,Drama|Crime,7.478,23,IN,,,,
161410,tt0106725,Q1225389,Dil Tera Aashiq,दिल तेरा आशिक़,1993-10-22,145,Action|Crime|Comedy,6.0,7,,,,,
161442,tt0290331,Q7968334,Waqt Hamara Hai,Waqt Hamara Hai,1993-06-22,148,,6.0,7,,,,,
159655,tt0107777,Q7135389,Parampara,Parampara,1993-05-14,155,Action|Drama,6.2,10,IN,,,,
81551,tt0107321,Q1311363,King Uncle,किंग अंकल,1993-02-05,171,Comedy|Family,5.9,30,IN,,,,
331375,tt0353555,Q6037109,Insaniyat Ke Devta,इंसानियत के देवता,1993-02-12,152,Action|Crime|Drama|Romance,7.7,3,IN,,,,
819847,tt0424489,Q7702393,Teri Payal Mere Geet,Teri Payal Mere Geet,1993-12-24,0,Romance,9.0,1,,,,,
588489,tt0359157,Q12433677,Dil Hai Betaab,Dil Hai Betaab,1993-08-27,0,,4.7,3,,,,,
340445,tt0240879,Q7423672,Sardar,Sardar,1993-01-07,175,Drama|History,7.143,7,IN,,,Indian independence movement (India),India
446796,tt0337613,Q5284708,Divya Shakti,दिव्य शक्ति,1993-02-19,180,Drama|Action,6.4,7,IN,,,,
161440,tt0290179,Q5276629,Dil Ki Baazi,दिल की बाज़ी,1993-05-06,140,,7.0,3,IN,,,,
431959,tt0280832,Q12921071,Khal-Naaikaa,Khal-Naaikaa,1993-08-06,146,Thriller,7.7,3,IN,,,,
171000,tt0108144,Q7525891,Sir,Sir,1993-07-09,151,Drama|Romance,6.4,6,IN,,,,
333931,tt0106206,Q4662706,Aashik Aawara,आशिक आवारा,1993-05-28,153,Romance|Comedy,6.0,12,,,,,
138369,tt0267424,Q3025693,Dhanwaan,धनवान,1993-12-10,143,Comedy|Drama|Romance,5.3,3,IN,,,,
161444,tt0290839,Q7400497,Sainik,Sainik,1993-06-30,137,Action|Drama|Romance,6.1,9,,,,,
227345,tt0193449,Q12448525,Rang,रंग,1993-04-02,151,Drama|Romance,7.0,4,IN,,,,
165076,tt0107060,Q16248726,Gumrah,Gumrah,1993-08-03,149,Drama|Action|Crime,7.0,11,IN,,,Hong Kong (People's Republic of China),People's Republic of China
342162,tt0187109,Q11057119,Gurudev,गुरुदेव,1993-09-03,180,Action|Drama|Romance,6.8,4,IN,,,,
748390,tt0448413,Q5104916,Chor Aur Chand,Chor Aur Chand,1993-08-11,137,Drama|Crime|Action|Adventure|Romance,9.5,2,IN,,,,
1103297,,,Ek Thi Maria,Ek Thi Maria,1993-01-01,43,,0.0,0,,,,,
343983,tt0106221,Q4661144,Aadmi Khilona Hai,Aadmi Khilona Hai,1993-07-30,158,Drama|Romance,7.8,4,IN,,,,
647501,tt0106287,Q4766154,Anmol,अनमोल,1993-08-27,163,Drama|Family|Romance,7.0,1,IN,,,,
110619,tt0268326,Q11058105,Geetanjali,Geetanjali,1993-01-01,0,Drama,5.5,1,IN,,,,
713894,tt0106205,Q4662740,Aasoo Bane Angaarey,Aasoo Bane Angaarey,1993-12-31,151,Action,7.0,3,,,,,
1019645,tt2690590,,Birjoo,Birjoo,1993-06-18,0,,0.0,0,,,,,
807091,tt0209083,,Kisses on a Train,Kisses on a Train,1993-01-01,30,Romance,9.0,1,IN|US,,,,
43971,tt0106203,Q4661273,Aaina,आईना,1993-06-18,143,Drama|Romance,7.4,7,IN,,,,
302929,tt0227496,Q12944232,Shreemaan Aashique,Shreemaan Aashique,1993-03-05,0,,5.7,3,,,,,
331490,tt0107821,Q7187332,Phool Aur Angaar,Phool Aur Angaar,1993-08-02,0,,7.5,4,IN,Ooty (India),India,,
1281424,tt0121388,,I Live in Behrampada,I Live in Behrampada,1993-01-01,46,Documentary,7.0,1,,,,,
1408635,tt1046978,,Sadhna,Sadhna,1993-09-01,142,Drama,0.0,0,IN,,,,
537571,tt0448790,Q12431820,Tahqiqaat,तहकीकात,1993-12-18,139,Crime|Mystery,10.0,1,,,,,
916438,tt0364196,Q4661303,Aaj Kie Aurat,Aaj Kie Aurat,1993-03-19,152,Action|Drama,4.3,3,IN,,,,
272662,tt0105599,Q7809129,Tirangaa,तिरंगा,1993-01-29,168,Drama|Crime|Action|Thriller,6.2,16,,,,,
274515,tt0104941,Q3327966,Muqabla,Muqabla,1993-05-14,0,Action|Romance,4.2,5,IN,,,,
888103,tt0389715,,15th August,15th August,1993-09-17,168,Drama,5.2,4,IN,,,,
888847,tt6405220,,Bulund,Bulund,1993-01-01,0,,5.0,1,,,,,
529217,tt0358992,Q2893530,Bedardi,Bedardi,1993-11-12,100,,5.7,3,IN,,,,
305877,tt0360227,Q8065079,Zakhmo Ka Hisaab,Zakhmo Ka Hisaab,1993-08-20,0,,9.0,1,IN,,,,
1095223,tt0156585,Q5618465,Gunaah,Gunaah,1993-10-08,117,Action|Thriller,5.0,3,,,,,
685121,tt0107543,Q6809473,Meherbaan,Meherbaan,1993-01-01,0,Drama|Action|Romance|Family,6.7,3,IN,Ooty (India),India,,
331188,tt0450577,Q4900719,Bhagyawan,भाग्यवान,1993-12-10,136,Action|Drama|Comedy,7.0,1,IN,,,,
1090831,tt0453367,Q39079189,Game,Game,1993-02-05,131,Action|Crime|Drama,7.0,1,IN,,,,
241490,tt0251320,Q7160841,Pehchaan,पहचान,1993-10-03,136,Action|Crime|Drama,4.1,8,,,,,
619336,tt0376182,Q739533,Shaktiman,Shaktiman,1993-07-09,155,Action|Crime|Drama,4.7,3,,,,,
395030,tt0110794,Q17199147,The Kite,पतंग,1993-01-01,104,Drama,8.0,1,,,,Bihar (India),India
563775,tt0490440,Q11264404,Krishan Avtaar,Krishan Avtaar,1993-06-25,180,Action,7.5,2,IN,Ooty (India),India,,
302928,tt0108109,Q7490659,Shatranj,Shatranj,1993-12-17,140,Action|Comedy|Drama|Romance,10.0,2,,,,,
811212,tt2959044,,Sunday,Sunday,1993-08-30,58,Comedy,8.0,1,IN,,,,
709039,tt0391547,Q55638191,Zakhmi Rooh,ज़ख़्मी रूह,1993-01-01,125,Horror,9.0,2,IN,,,,
916815,tt2782720,Q114663348,Shabnam,Shabnam,1993-01-01,134,Romance,0.0,0,IN,,,,
633219,tt0376080,Q7202266,Platform,Platform,1993-04-23,150,Action|Crime|Drama,4.2,4,,,,,
481135,tt0107820,Q7187329,Phool,Phool,1993-07-29,163,Romance,10.0,1,IN,,,,
786370,tt0271458,Q5269403,Dhartiputra,Dhartiputra,1993-08-20,173,Action|Drama,6.0,1,IN,,,,
487228,tt2454134,,Karamati Coat,Karamati Coat,1993-01-01,86,Comedy,4.3,3,IN,,,,
429994,tt0155075,Q11058716,The Melody of Love,Pyaar Ka Tarana,1993-09-02,136,Drama|Music,9.3,3,DK|IN,,,,
1099988,tt0358972,,Badi Bahen,Badi Bahen,1993-07-02,130,,7.0,1,,,,,
1057400,tt0137960,,Moksha,Moksha,1993-01-01,80,Documentary,9.0,1,IN,,,,
1479863,,,Batein,Batein,1993-01-01,8,,0.0,0,,,,,
496536,tt2924518,,Rampur Ka Raja,Rampur Ka Raja,1993-01-01,0,Adventure|Action,0.0,0,IN,,,,
619098,tt0243639,Q7918221,Veerta,Veerta,1993-09-10,129,Action|Drama|Romance,7.3,3,IN,,,,
161441,tt0296705,Q6380498,Kayda Kanoon,Kayda Kanoon,1993-06-10,150,Action,5.0,3,,,,,
827770,tt0107867,Q11056943,Prateeksha,Prateeksha,1993-05-07,0,Action,7.0,1,,,,,
311833,tt0262747,Q7419995,Santaan,Santaan,1993-11-03,162,Drama|Family,7.0,1,IN,,,,
420350,tt0177483,Q4661142,Aadmi,Aadmi,1993-09-07,153,Action|Crime|Drama,8.2,4,IN,Ooty (India),India,,
817990,tt0440044,,Antim Nyay,Antim Nyay,1993-07-23,138,Action|Crime|Drama,6.5,2,IN,,,,
304231,tt1326149,Q16249655,Jeevan Ki Shatranj,Jeevan Ki Shatranj,1993-01-01,0,,0.0,0,IN,Ooty (India),India,,
128631,tt0106653,Q5210148,Dalaal,दलाल,1993-01-01,161,Action|Drama,4.8,4,,Ooty (India),India,,
899687,,,Papeeha,पपीहा,1993-01-01,150,Romance,0.0,0,IN,,,,
638901,tt2924480,,Shaitani Badla,Shaitani Badla,1993-01-01,0,Horror,0.0,0,IN,,,,
1557035,tt0231377,,Colours of Absence,Colours of Absence,1993-06-01,30,Documentary,10.0,1,IN,,,,
948313,tt2677080,,Apaatkaal,Apaatkaal,1993-03-08,137,,0.0,0,IN,,,,
301073,tt0404806,Q4852327,Balmaa,Balmaa,1993-12-24,0,Romance,7.0,1,,,,,
865527,tt2655740,Q21646584,Kaise Kaise Rishte,Kaise Kaise Rishte,1993-11-05,0,Romance,0.0,0,,,,,
306422,tt0373976,Q85774797,Kohra,Kohra,1993-01-01,151,,8.0,1,,,,,
888092,tt0363896,Q55630175,Police Wala,Police Wala,1993-08-01,0,,10.0,1,,,,,
1480340,,,Pratimurti,Pratimurti,1993-01-01,0,,0.0,0,,,,,
625929,tt0395620,Q114663349,Kasam Teri Kasam,Kasam Teri Kasam,1993-12-24,0,,10.0,1,,,,,
618973,tt2011180,Q7136550,Pardesi,Pardesi,1993-08-20,0,,5.0,1,,Ooty (India),India,,
865012,tt3720210,,Junglee Bahar,Junglee Bahar,1993-06-17,121,,0.0,0,IN,,,,
854366,tt0395622,,Khoon Ka Sindoor,Khoon Ka Sindoor,1993-09-17,0,,9.0,1,,,,,
1717331,,,Kala Coat,Kala Coat,1993-01-01,0,,0.0,0,,,,,
1480338,,,Baarish,Baarish,1993-01-01,0,,0.0,0,,,,,
886082,tt1068660,Q21646896,Pyar Pyar,Pyar Pyar,1993-01-01,0,Action|Drama|Romance,0.0,0,,,,,
46387,tt0110076,Q1497594,Hum Aapke Hain Koun..!,हम आपके हैं कौन...!,1994-08-05,207,Drama|Romance|Music|Family,6.6,132,IN,Ooty (India),India,,
114436,tt0109134,Q551343,Anjaam,अंजाम,1994-04-22,146,Crime|Drama|Thriller|Romance,6.919,37,IN,,,,
138155,tt0267246,Q2820113,Aatish,Aatish,1994-06-17,143,Action|Crime,6.0,12,IN,,,,
159164,tt0337611,Q5277094,Dilwale,Dilwale,1994-01-29,180,Action|Drama|Romance,6.421,19,IN,,,,
14785,tt0109206,Q2762808,Bandit Queen,बैंडिट क्वीन,1994-01-26,119,Action|Crime|Drama|History,6.567,66,IN|GB,,,,
58128,tt0109117,Q283481,Andaz Apna Apna,अंदाज़ अपना अपना,1994-04-11,160,Comedy|Romance|Family,6.806,258,IN,Ooty (India),India,,
15419,tt0110222,Q606493,Kabhi Haan Kabhi Naa,कभी हाँ कभी ना,1994-02-25,158,Romance|Comedy|Drama,6.727,66,IN,,,,
161447,tt0111793,Q2066387,Yeh Dillagi,Yeh Dillagi,1994-05-05,155,Comedy|Drama|Romance,6.2,14,IN,,,,
425070,tt0112269,Q4661612,Aao Pyaar Karen,Aao Pyaar Karen,1994-11-25,141,Romance,6.5,4,IN,,,,
161454,tt0290940,Q8063397,Zaalim,Zaalim,1994-12-09,150,,5.8,4,IN,,,,
261421,tt0112694,Q7723492,The Cloud Door,बादल द्वार,1994-09-28,29,Drama|Romance,5.188,16,DE|IN,,,,
103800,tt0111625,Q7929319,Vijaypath,Vijaypath,1994-07-01,163,Action|Drama|Romance,5.7,10,IN,,,,
555017,tt0173156,Q12456491,Saajan Ka Ghar,Saajan Ka Ghar,1994-04-29,153,Drama,6.0,3,IN,,,,
109028,tt0110546,Q6894320,Mohra,Mohra,1994-07-01,177,Action|Thriller,6.207,46,IN,,,,
478474,tt3658908,Q136800685,Jai Maa Vaishno Devi,Jai Maa Vaishno Devi,1994-09-20,147,,0.0,0,IN,,,,
99106,tt0260155,Q6732856,Mahakaal,महाकाल,1994-02-11,132,Horror|Action|Comedy,5.5,12,IN,,,,
374639,tt0440199,Q5089447,Cheetah,Cheetah,1994-05-10,135,Action|Drama,7.0,5,IN,Ooty (India),India,,
33124,tt0109010,Q207494,1942: A Love Story,१९४२: ए लव स्टोरी,1994-04-15,157,Action|Drama|Romance,6.0,30,IN,,,British Raj (British Empire),British Empire
152370,tt0444983,Q8029068,Woh Chokri,Woh Chokri,1994-04-01,150,Drama,7.0,4,IN,,,Delhi (India),India
211819,tt0110942,Q7285399,Raja Babu,Raja Babu,1994-01-10,161,Comedy|Drama|Romance,6.0,24,IN,,,,
304157,tt0111780,Q8046320,Yaar Gaddar,Yaar Gaddar,1994-11-04,147,Crime|Action,6.0,5,IN,Ooty (India),India,,
622497,tt0111595,,Air,Vayu,1994-01-01,59,,9.0,1,FR|IN,,,,
1561219,tt0110945,,The Travelling Song,Rasayatra,1994-06-01,47,Documentary,9.0,1,IN,,,,
161455,tt0290213,Q5936510,Hum Hain Bemisaal,Hum Hain Bemisaal,1994-12-16,160,,5.9,8,,,,,
338163,tt0110881,Q7135106,Paramaatma,Paramaatma,1994-04-15,152,Drama,9.5,4,,Ooty (India),India,,
1049568,tt1252544,Q4663079,Ab To Aaja Saajan Mere,Ab To Aaja Saajan Mere,1994-01-01,127,Drama|Romance,0.0,0,IN,,,,
140860,tt0339936,Q11058671,Zamane Se Kya Darna,Zamane Se Kya Darna,1994-01-14,172,Action|Drama|Romance,5.3,3,IN,,,,
112967,tt0135140,Q4771448,Anth,Anth,1994-06-10,0,Action,5.0,5,IN,,,,
930443,tt0363455,Q21646127,Baali Umar Ko Salaam,Baali Umar Ko Salaam,1994-02-18,138,Romance|Comedy|Drama,0.0,1,,,,,
347576,tt0452878,Q17127735,Triyacharitra,त्रियाचरित्र,1994-01-01,120,Drama,7.0,4,IN,,,,
143881,tt0111308,Q746919,Suhaag,Suhaag,1994-10-20,160,,5.588,17,IN,,,,
197483,tt0187227,Q6466533,Laadla,Laadla,1994-03-17,169,Drama|Romance|Family,5.4,21,IN,,,,
303930,tt0225013,Q2819993,Aa Gale Lag Jaa,Aa Gale Lag Jaa,1994-07-22,158,Romance,4.0,5,IN,,,,
568278,tt0113933,Q6956607,Naaraaz,नाराज़,1994-08-19,125,Drama|Action,6.2,4,IN,Ooty (India),India,,
143980,tt0110280,Q6436130,Krantiveer,Krantiveer,1994-07-22,159,Action|Crime|Drama,8.2,16,IN,,,,
458113,tt0172487,Q11270582,The Gentleman,The Gentleman,1994-11-18,0,Action|Drama,5.4,5,IN,,,,
242821,tt0178392,Q5308220,Drohkaal,द्रोह काल,1994-08-31,162,Drama|Thriller,7.4,11,IN,,,,
495825,tt0109246,Q12442441,Beta Ho To Aisa,Beta Ho To Aisa,1994-10-21,160,Drama,7.0,1,IN,,,,
161415,tt0109391,Q1058181,Chaand Kaa Tukdaa,चाँद का टुकड़ा,1994-08-19,158,Action|Crime|Comedy,5.7,7,,,,,
463001,tt0338690,Q4661166,Aag,Aag,1994-07-27,151,Drama|Action|Mystery,4.2,12,IN,,,,
310646,tt0317699,Q5350458,Ekka Raja Rani,Ekka Raja Rani,1994-01-01,0,,6.7,3,,,,,
302876,tt0109116,Q2846082,Andaz,Andaz,1994-04-08,167,Action|Comedy|Music|Romance,5.0,8,IN,,,,
318562,tt0109922,Q3110789,Gopi Kishan,Gopi Kishan,1994-12-02,163,Action|Comedy|Drama,5.2,10,IN,,,,
46403,tt0110438,Q6735993,Main Khiladi Tu Anari,मैं खिलाड़ी तू अनाड़ी,1994-09-23,175,Action|Comedy,6.041,49,IN,,,,
606015,tt0361764,Q6155583,Janta Ki Adalat,Janta Ki Adalat,1994-07-29,125,Action|Drama|Romance,5.9,4,IN,Ooty (India),India,,
463421,tt0317985,Q12437454,Pehla Pehla Pyar,Pehla Pehla Pyar,1994-05-06,152,Drama|Romance|Comedy,6.9,5,IN,,,,
303335,tt0375890,Q11268981,Kanoon,Kanoon,1994-04-01,152,Action|Drama,4.4,7,IN,,,,
260508,tt0110449,Q338310,Mammo,मम्मो,1994-06-08,130,Drama,5.75,8,IN,,,Mumbai (India),India
345984,tt0110140,Q6037107,Insaniyat,Insaniyat,1994-03-11,169,Action|Crime|Drama,6.8,5,IN,,,,
366628,tt0110254,Q3196237,Khuddar,खुद्दार,1994-03-16,175,Action|Drama,4.2,8,IN,,,,
78263,tt0107199,Q6009257,In Custody,In Custody,1994-04-15,126,Drama|Comedy,5.0,6,IN,,,,
726772,tt0402739,Q4661164,Aag Aandhi Aur Toofan,Aag Aandhi Aur Toofan,1994-12-02,119,Action|Thriller,8.0,1,,,,,
161450,tt0110105,Q11058544,Ikke Pe Ikka,इक्के पे इक्का,1994-10-10,135,,3.7,6,,,,,
302939,tt0109710,Q5347094,Eena Meena Deeka,Eena Meena Deeka,1994-08-12,0,Comedy,6.7,6,,,,,
161449,tt0109091,Q4739497,Amaanat,अमानत,1994-09-26,164,Action|Drama,6.0,4,IN,,,,
1453963,,,Gangapur Ki Geeta,Gangapur Ki Geeta,1994-01-01,123,,0.0,0,,,,,
647531,,,Yuhi Kabhi,यूँही कभी,1994-01-01,0,Comedy|Drama,0.0,0,IN,,,,
106123,tt0290183,Q5352550,Elaan,Elaan,1994-01-21,160,Drama|Action|Thriller|Crime,5.7,10,IN,,,,
331390,tt0110584,Q6928386,Mr Azaad,Mr Azaad,1994-12-23,0,,4.0,3,,,,,
499453,tt0390652,Q11058167,Zid,Zid,1994-01-07,129,Drama|Romance,10.0,1,IN,,,,
442295,tt0106882,Q123288272,Fearless: The Hunterwali Story,Fearless: The Hunterwali Story,1994-02-15,62,Documentary,8.0,1,DE|IN,,,,
354945,tt0111537,Q1514029,Udhaar Ki Zindagi,उधार की ज़िन्दगी,1994-01-01,159,Drama,8.0,2,IN,,,,
591923,tt0395614,Q6207820,Juaari,Juaari,1994-07-08,0,,8.0,1,,,,,
499240,tt0398170,Q6727374,Madhosh,Madhosh,1994-02-04,146,Romance|Drama|Music|Action,5.8,4,IN,,,,
827057,tt0363405,Q4661165,Aag Aur Chingari,Aag Aur Chingari,1994-01-28,133,Action,0.0,0,IN,,,,
161453,tt0292742,Q8065074,Zakhmi Dil,Zakhmi Dil,1994-11-25,154,Action|Drama|Romance,3.2,5,,,,,
338119,tt0121232,Q3041106,Dulaara,Dulaara,1994-01-28,174,Mystery|Crime|Thriller,6.0,4,IN,,,,
1085527,tt0363784,Q19572773,Madam X,Madam X,1994-01-01,119,Thriller|Crime,6.5,2,,,,,
1197914,tt0442601,Q5651275,Hanste Khelte,हँसते खेलते,1994-01-01,145,Comedy|Fantasy,7.0,1,IN,,,,
161412,tt0111067,Q1724973,Sangdil Sanam,संगदिल सनम,1994-02-02,155,Action|Crime,5.0,4,,,,,
445988,tt0267845,Q3401590,Prem Shakti,प्रेम शक्ति,1994-02-25,140,Romance|Action|Drama|Fantasy,5.0,3,IN,,,,
819800,tt0205189,Q6436118,Kranti Kshetra,Kranti Kshetra,1994-08-26,127,Action|Comedy|Drama,8.0,3,IN,Ooty (India),India,,
465638,tt0305241,Q16246762,Aranyaka,Aranyaka,1994-01-01,90,,4.7,6,IN,,,,
320133,tt0348187,,Tejasvini,Tejasvini,1994-01-01,0,,7.3,3,IN,,,,
916468,tt0400577,Q6402815,Khudai,Khudai,1994-01-01,133,Drama,10.0,1,IN,,,,
306407,tt0172488,Q21869371,Ghar Ki Izzat,Ghar Ki Izzat,1994-10-23,133,Drama,4.5,2,IN,,,,
382543,tt0112485,Q12442467,Betaaj Badshah,Betaaj Badshah,1994-04-08,0,Action|Drama,4.0,2,IN,,,,
161448,tt0110177,Q6123413,Jai Kishen,Jai Kishen,1994-06-09,129,,4.8,4,,,,,
833104,tt0349618,Q24807860,Insaaf Apne Lahoo Se,Insaaf Apne Lahoo Se,1994-03-18,140,,9.0,1,IN,,,,
318872,tt0363170,Q12452390,Vaade Iraade,Vaade Iraade,1994-10-10,0,Drama|Family|Romance,7.0,1,IN,,,,
669842,,,Prem Yog,Prem Yog,1994-09-09,147,Drama|Family,0.0,0,IN,,,,
713271,tt1065313,,Purush,Purush,1994-12-18,128,Drama,10.0,1,,,,,
539009,tt0111384,Q7694570,Teesra Kaun?,तीसरा कौन,1994-12-23,156,Thriller|Mystery,5.8,5,IN,Ooty (India),India,,
613040,tt0121659,Q18809224,Professor Ki Padosan,Professor Ki Padosan,1994-07-22,138,,10.0,1,,,,,
1371466,tt0448586,Q25217558,Karan,Karan,1994-10-15,140,,9.0,1,,,,,
603548,tt0403475,Q7403357,Salaami,Salaami,1994-03-18,0,Action|Adventure,8.0,2,IN,,,,
302933,tt0111303,Q7628813,Stuntman,Stuntman,1994-10-21,0,Action|Drama|Romance,10.0,1,,,,,
333937,tt0109325,Q4955484,Brahma,Brahma,1994-09-02,0,Drama|Action,6.5,2,,,,,
273384,tt0110839,Q18809312,"Father, Son and Holy War","पितृ, पुत्र और धर्मयुद्ध",1994-01-02,120,Documentary,7.7,3,IN,,,,
433706,tt0275364,Q11058835,Gangster,Gangster,1994-05-08,170,Action|Drama|Thriller,6.5,2,IN,,,,
342187,tt0346733,Q12427283,Chauraha,Chauraha,1994-04-08,162,,2.8,5,IN,,,,
495788,tt0482671,,Aaja Sanam,Aaja Sanam,1994-01-01,0,,10.0,1,IN,,,,
304327,tt0347566,Q12448066,Mohabbat Ki Arzoo,Mohabbat Ki Arzoo,1994-05-13,0,,7.0,1,,,,,
1005722,tt2579176,Q7286681,Rakhwale,Rakhwale,1994-09-09,135,,8.0,1,,,,,
306440,tt0110795,Q7144851,Pathreela Raasta,Pathreela Raasta,1994-01-01,0,,8.0,1,,,,,
888099,tt0362056,Q12438977,Pyar Ka Rog,Pyar Ka Rog,1994-03-29,0,Comedy|Drama|Romance,10.0,1,,,,,
1009204,tt0346870,Q25204513,Dilbar,Dilbar,1994-06-02,180,Drama|Romance,7.0,2,,,,,
19404,tt0112870,Q849343,Dilwale Dulhania Le Jayenge,दिलवाले दुल्हनिया ले जायेंगे,1995-10-20,190,Comedy|Drama|Romance,8.5,4631,IN,India|London (United Kingdom)|Switzerland,India|Switzerland|United Kingdom,India|London (United Kingdom),India|United Kingdom
93519,tt0113526,Q979279,Karan Arjun,कारन अर्जुन,1995-01-13,175,Action|Thriller,6.71,124,IN,,,,
376371,tt0112916,Q5316892,Dushmani: A Violent Love Story,Dushmani: A Violent Love Story,1995-04-24,156,Action|Romance,7.0,6,IN,,,,
916819,tt0398360,,Teenmoti,Teenmoti,1995-03-26,137,Action,9.0,1,IN,,,,
1609198,tt0395511,,Dance Party,Dance Party,1995-07-21,124,,9.0,1,,,,,
21570,tt0114234,Q1587154,Rangeela,रंगीला,1995-09-08,175,Drama|Romance,6.889,72,IN,,,,
160242,tt0114231,Q1974609,Ram Jaane,राम जाने,1995-11-29,172,Action|Crime,5.216,37,IN,,,,
504389,tt1297447,Q17052795,Fauji,Fauji,1995-10-13,0,,0.0,0,IN,,,,
205075,tt0114230,Q3235309,Raja,राजा,1995-06-02,168,Action|Romance,5.286,14,IN,,,,
274188,tt0114225,Q11058519,Raghuveer,Raghuveer,1995-05-19,151,Action,7.0,4,,,,,
603448,tt0113237,Q5618708,Gunehgar,Gunehgar,1995-01-05,145,Action|Thriller,5.5,2,IN,Ooty (India),India,,
253708,tt0113913,Q3334649,Naajayaz,नाजायज़,1995-03-17,157,Action|Drama,5.5,10,IN,,,,
159660,tt0172089,Q4662761,Aatank Hi Aatank,Aatank Hi Aatank,1995-08-18,155,Action|Crime|Drama,5.1,8,IN,,,,
16894,tt0112313,Q58619,Akele Hum Akele Tum,अकेले हम अकेले तुम,1995-11-30,160,Drama,6.522,45,IN,,,,
168488,tt0115009,Q8049203,Yaraana,Yaraana,1995-10-20,125,Action|Drama|Music,6.2,5,IN,,,,
161459,tt0267703,Q945304,Maidan-E-Jung,Maidan-E-Jung,1995-04-13,150,Action|Drama,6.7,6,,,,,
296527,tt0286672,Q12459486,Haqeeqat,हकीकत,1995-12-29,166,Drama|Action|Crime,5.1,6,IN,,,,
303923,tt0114316,Q12456492,Saajan Ki Baahon Mein,Saajan Ki Baahon Mein,1995-07-28,143,Drama|Family|Romance,4.0,6,,,,,
160247,tt0115042,Q145331,Zamaana Deewana,ज़माना दीवाना,1995-07-28,180,Drama|Romance,6.0,16,IN,,,,
63345,tt0101616,Q2996544,Coolie No. 1,Coolie No. 1,1995-06-30,143,Comedy|Romance,6.083,42,IN,,,,
245690,tt0172574,Q537670,Hulchul,Hulchul,1995-01-01,147,Action|Romance|Comedy,7.3,9,IN,,,,
160243,tt0114031,Q3180946,Oh Darling! Yeh Hai India!,ओह डार्लिंग यह है इंडिया!,1995-08-11,153,Comedy,4.7,18,IN,,,,
670217,,,Mohini,Mohini,1995-01-01,154,Drama|Thriller,0.0,0,IN,,,,
102358,tt0114726,Q998048,Trimurti,त्रिमूर्ति,1995-12-22,187,Action|Drama,5.6,22,IN,,,,
425741,tt0375791,Q1554566,Gundaraj,Gundaraj,1995-09-06,140,,7.714,7,IN,,,,
108366,tt0361721,Q5643871,Hum Sab Chor Hain,Hum Sab Chor Hain,1995-10-27,0,,7.0,2,IN,,,,
46375,tt0112459,Q4864967,Barsaat,Barsaat,1995-09-29,165,Romance|Action,5.2,21,IN,,,,
309593,tt0114317,Q7396454,Sabse Bada Khiladi,Sabse Bada Khiladi,1995-06-09,162,Action|Crime,5.684,19,IN,,,,
80931,tt0112738,Q5185521,Criminal,Criminal,1995-07-21,142,Action|Thriller|Crime|Drama,7.0,3,IN,,,,
160251,tt0172519,Q1553024,Guddu,गुड्डू,1995-08-11,160,Romance|Drama,7.4,5,IN,,,,
647543,,,Milan,मिलन,1995-09-01,123,Action|Crime|Romance,0.0,0,IN,,,,
124639,tt0114618,Q7685845,Target,Target,1995-08-01,122,Drama,10.0,1,IN,,,,
161457,tt0290258,Q7121443,Paandav,पांडव,1995-03-03,150,,4.7,5,,,,,
538834,tt0112884,Q7730623,The Don,द डॉन,1995-04-28,135,Action|Drama,7.0,2,IN,Ooty (India),India,,
453423,tt2451894,Q4667333,Abhay,अभय,1995-01-01,127,,0.0,0,,,,,
591910,tt0109031,Q4662842,Aazmayish,Aazmayish,1995-04-21,0,Action|Drama|Romance,7.0,2,IN,,,,
159657,tt0121989,Q4837199,Baazi,Baazi,1995-04-05,183,Crime|Drama|Action,6.8,19,IN,,,,
71833,tt0395802,Q1479947,Veergati,वीरगति,1995-09-29,165,Action,5.2,9,IN,,,,
988941,tt2452456,,Incomplete,Adhura,1995-10-10,90,,0.0,0,,,,,
306412,tt0113457,Q6150747,Janam Kundli,Janam Kundli,1995-05-12,157,Action|Drama,5.2,4,IN,,,,
1691866,,,Memories of Fear,Memories of Fear,1995-01-01,57,Documentary,0.0,0,,,,,
581683,tt0204823,Q4763913,Angrakshak,Angrakshak,1995-11-17,116,,7.3,3,,,,,
101774,tt0114615,Q11268900,Taqdeerwala,तकदीरवाला,1995-05-12,162,Comedy|Fantasy|Action,6.4,13,IN,,,,
138896,tt0337625,Q12424234,Gambler,Gambler,1995-10-20,163,Action|Comedy|Comedy,6.167,9,IN,,,,
683177,tt2147281,,Faisla Main Karungi,Faisla Main Karungi,1995-04-01,0,,4.0,1,IN,,,,
455985,tt0112359,Q4754523,Andolan,Andolan,1995-02-21,158,Drama|Action|Comedy,3.8,5,IN,,,,
161451,tt0292606,Q6983241,Nazar Ke Samne,Nazar Ke Samne,1995-06-02,134,,3.3,7,,,,,
232728,tt0135666,Q7678424,Takkar,Takkar,1995-07-13,147,Action|Crime|Drama|Romance|Thriller,5.0,5,IN,,,,
538513,tt0114236,Q7296315,Ravan Raaj: A True Story,रावण राज,1995-06-23,153,Action|Crime|Mystery|Thriller,8.2,4,IN,Ooty (India),India,,
625060,tt0112309,Q4694965,Ahankaar,Ahankaar,1995-08-25,145,Drama,8.7,3,,Ooty (India),India,,
311496,tt0343850,Q6123482,Jai Vikraanta,Jai Vikraanta,1995-03-24,186,Action,7.5,7,,,,,
706060,tt0274764,Q21646935,Rock Dancer,रॉक डांसर,1995-11-03,168,Crime|Drama|Music,10.0,2,IN,,,,
616434,tt0405873,Q21646325,Dil Ka Doctor,Dil Ka Doctor,1995-01-01,130,Comedy,10.0,1,,,,,
647554,tt0400170,Q11167922,Anokha Andaaz,अनोखा अंदाज़,1995-05-05,147,Romance,8.0,1,IN,,,,
304758,tt0316112,Q6416783,Kismat,किस्मत,1995-05-29,149,Action|Family|Drama,7.0,1,IN,,,,
391811,tt0114175,Q12439305,Prem,Prem,1995-04-28,167,Drama|Romance,4.5,4,,,,,
538599,tt0113455,Q12428400,Jallaad,जल्लाद,1995-09-15,161,Action|Drama,5.8,5,IN,Ooty (India),India,,
346911,tt0112876,Q5285010,Diya Aur Toofan,दिया और तूफ़ान,1995-10-27,125,Crime|Drama|Thriller|Action,8.3,3,IN,Ooty (India),India,,
302934,tt0173301,Q2386196,Taaqat,Taaqat,1995-06-23,0,,6.3,3,,,,,
232704,tt0260066,Q5681533,Haathkadi,Haathkadi,1995-03-31,155,Action|Comedy,6.2,4,IN,,,,
606003,tt0112272,Q4662988,Ab Insaf Hoga,Ab Insaf Hoga,1995-01-05,125,Action|Drama,5.5,2,IN,Ooty (India),India,,
777143,tt0113185,Q5575989,God and Gun,God and Gun,1995-05-05,139,Drama,9.0,1,IN,,,,
499244,tt0114232,Q7288587,Ram Shastra,Ram Shastra,1995-11-10,0,,7.5,2,IN,,,,
552935,tt0343048,Q7645359,Surakshaa,Surakshaa,1995-03-03,148,Action|Crime|Romance|Drama,4.1,7,IN,,,,
318566,tt0113528,Q2723607,Kartavya,Kartavya,1995-07-29,158,Action|Drama|Thriller,7.3,7,,,,,
108199,tt0241753,Q3595446,Naseem,नसीम,1995-10-02,85,Drama,7.0,9,IN,,,Mumbai (India),India
616685,tt0314938,Q8065078,Zakhmi Sipahi,Zakhmi Sipahi,1995-05-25,150,Action,7.0,1,IN,Ooty (India),India,,
996010,tt0482246,,Rani Hindustani,रानी हिन्दुस्तानी,1995-01-01,129,Crime,8.0,1,IN,,,,
305894,tt0395745,,Sanam Harjai,Sanam Harjai,1995-08-25,0,Drama|Romance,6.0,2,,,,,
302537,tt0267613,Q3163189,Jawab,Jawab,1995-01-25,0,Action|Drama|Romance,4.0,3,,,,,
304643,tt0395748,Q7427058,Sauda,सौदा,1995-02-03,132,Romance|Drama,8.0,1,IN,,,,
499253,tt0114153,Q7209627,Policewala Gunda,Policewala Gunda,1995-05-19,146,,7.0,2,,,,,
777141,tt1027867,Q56275049,Veer,Veer,1995-09-01,0,Action,0.0,0,IN,,,,
804312,tt0114337,Q18809339,Sarhad,Sarhad,1995-08-31,134,Action|Crime,6.5,2,,,,,
353807,tt0278761,Q15214706,Tarpan,तर्पण,1995-08-09,140,Drama,7.0,2,IN,,,Rajasthan (India),India
304283,tt3005366,,Karmon Kee Sazaa,Karmon Kee Sazaa,1995-01-01,0,,0.0,0,IN,,,,
1427588,,,Police Lock-Up,Police Lock-Up,1995-01-01,126,,0.0,0,,,,,
591939,tt0347722,Q7121461,Paappi Devataa,Paappi Devataa,1995-05-12,0,Action|Drama,9.2,4,IN,,,Mumbai (India),India
463316,tt0439464,Q4899703,Bewafa Sanam,Bewafa Sanam,1995-01-01,0,,6.5,2,,,,,
887602,tt2626088,,Meri Mohabbat Mera Naseeba,Meri Mohabbat Mera Naseeba,1995-01-01,0,,0.0,0,,,,,
118632,tt0116407,Q11055371,Ghatak,Ghatak,1996-11-08,158,Action|Drama,7.6,18,IN,,,,
308285,tt0117374,Q7240129,Prem Granth,प्रेम ग्रंथ,1996-05-24,156,Romance,5.2,8,IN,,,,
102353,tt0172234,Q1058193,Chaahat,चाहत,1996-06-06,155,Drama|Romance,6.692,26,IN,,,,
168490,tt0116024,Q5222008,Daraar,Daraar,1996-07-05,145,Thriller|Drama|Romance,7.6,5,IN,,,,
21566,tt0117437,Q2698933,Raja Hindustani,Raja Hindustani,1996-11-15,177,Drama|Romance,6.411,74,IN,Ooty (India),India,,
528016,tt0400617,Q6729473,Mafia,Mafia,1996-05-24,0,Action,7.0,1,,,,,
160255,tt0136153,Q1342796,English Babu Desi Mem,इंग्लिश बाबु देसी मेम,1996-01-26,172,Romance,5.386,22,IN,,,,
333583,tt0117983,Q7850509,Tu Chor Main Sipahi,Tu Chor Main Sipahi,1996-05-10,153,Action|Comedy,5.4,21,IN,,,,
391729,tt0116726,Q6312552,Jung,Jung,1996-04-19,125,Drama|Action|Crime,8.0,3,,Ooty (India),India,,
302897,tt0135515,Q6437365,Krishna,Krishna,1996-08-02,0,Action|Drama|Romance,3.444,9,,,,,
499660,tt0117623,Q18378290,Shastra,Shastra,1996-10-04,144,Action|Comedy|Drama,5.7,3,IN,,,,
491111,tt0117825,,Talaashi,Talaashi,1996-02-02,161,Thriller,8.0,1,IN,,,,
463422,tt0115603,Q4940863,BOMgAY,BOMgAY,1996-12-22,12,Documentary,4.0,3,IN,,,,
499239,tt0116730,Q6315308,Jurmana,Jurmana,1996-01-05,135,Action|Drama,9.0,2,,Ooty (India),India,,
368600,tt0344098,Q6961220,Namak,Namak,1996-12-20,0,,6.7,3,IN,,,,
1342060,tt0379318,,Hypnothesis,Hypnothesis,1996-01-01,24,Comedy|Crime,8.0,1,IN,,,,
169456,tt0116153,Q996307,Dushman Duniya Ka,दुश्मन दुनिया का,1996-09-20,159,Drama,9.0,4,IN,,,,
1571334,tt0149609,Q24807869,Aisi Bhi Kya Jaldi Hai,Aisi Bhi Kya Jaldi Hai,1996-05-03,132,Comedy|Romance,7.0,1,,,,,
160261,tt0115568,Q1659322,Army,आर्मी,1996-06-28,169,Action|Drama,4.4,14,IN,,,,
230454,tt0246729,Q1740639,Khiladiyon Ka Khiladi,Khiladiyon Ka Khiladi,1996-06-15,162,Action|Crime|Thriller,5.429,21,IN,,,United States,United States
141613,tt0116690,Q493089,Jeet,जीत,1996-08-23,170,Action|Romance,6.417,25,IN,,,,
1198362,,,Chakrachaal,चक्रचाल,1996-01-01,140,Action|Drama,0.0,0,IN,,,,
305899,tt0135641,Q7421007,Sapoot,सपूत,1996-11-08,0,Action|Crime,4.929,14,IN,,,,
206573,tt0286942,Q3423512,Sardari Begum,Sardari Begum,1996-05-23,117,Drama|Music,8.4,4,IN,,,,
166872,tt0117878,Q7701713,Tere Mere Sapne,Tere Mere Sapne,1996-06-12,146,Action|Comedy|Romance,5.2,6,IN,,,,
142136,tt0117099,Q12446876,Mr. Bechara,Mr. Bechara,1996-08-29,140,,6.4,5,IN,,,,
97449,tt0116763,Q1740519,Khamoshi: The Musical,Khamoshi: The Musical,1996-08-09,159,Drama|Romance,6.783,23,IN,,,Goa (India),India
413170,tt0135621,Q281687,Rakshak,Rakshak,1996-11-23,120,Action|Thriller,5.8,6,IN,,,,
166229,tt0246839,Q12437665,Papa Kahte Hain,Papa Kahte Hain,1996-05-17,0,,7.0,1,,,,Seychelles,Seychelles
458151,tt0116035,Q5226867,Dastak,दस्तक,1996-11-29,141,Romance|Drama,6.2,4,IN,,,,
765107,tt0115541,Q4761901,Angaara,Angaara,1996-03-08,127,Action|Crime|Drama,9.0,1,IN,Ooty (India),India,,
166871,tt0246905,Q3460429,Saajan Chale Sasural,Saajan Chale Sasural,1996-04-11,134,Comedy|Romance,6.2,13,IN,,,,
325555,tt0116898,Q6663408,Loafer,मवाली एमएलए,1996-06-09,160,Romance|Action|Comedy,3.9,8,IN,,,,
302882,tt0172163,Q805925,Bambai Ka Babu,Bambai Ka Babu,1996-01-01,0,,7.2,4,IN,,,,
525491,tt0455084,Q55605351,Bhayaanak Panjaa,Bhayaanak Panjaa,1996-08-16,0,Horror,8.0,1,IN,,,,
769934,tt0358960,Q4822149,Aurat Aurat Aurat,Aurat Aurat Aurat,1996-02-16,0,Crime|Drama,7.5,2,IN,,,,
304574,tt0322027,Q5276643,Dil Tera Diwana,Dil Tera Diwana,1996-01-01,0,,6.7,3,,,,,
512570,tt0151090,Q11273801,Jaan,Jaan,1996-05-17,170,Action|Romance,6.1,8,,,,,
127768,tt0446889,Q4662760,Aatank,Aatank,1996-07-10,113,Thriller|Horror,4.7,3,IN,,,,
328842,tt0308417,Q6075477,Is Raat Ki Subah Nahin,इस रात की सुबह नहीं,1996-06-07,135,Thriller,4.5,6,IN,,,Mumbai (India),India
66292,tt0115484,Q4693205,Agni Sakshi,Agni Sakshi,1996-03-14,142,Drama|Thriller,6.9,10,IN,,,,
243595,tt0286593,Q5276831,Diljale,Diljale,1996-09-21,160,Action|Drama|Romance,7.4,14,IN,,,Jammu and Kashmir (India),India
1538692,,,Jai Dhakshineshwari Kali Maa,Jai Dhakshineshwari Kali Maa,1996-06-13,140,,0.0,0,IN,,,,
21460,tt0116950,Q6720983,Maachis,माचिस,1996-10-25,160,Action|Crime|Thriller|Music,7.5,11,IN,,,,
695829,tt0341639,Q7936063,Vishwasghaat,Vishwasghaat,1996-01-19,128,Action,9.0,1,,,,,
348052,tt0267813,Q7132795,Papi Gudia,Papi Gudia,1996-02-16,130,Thriller|Horror,4.8,6,IN,,,,
306377,tt0338960,Q5350250,Ek Tha Raja,Ek Tha Raja,1996-01-12,157,,8.3,3,,,,,
375845,tt0117436,Q7286289,Rajkumar,Rajkumar,1996-03-22,0,,6.8,4,IN,,,,
561339,tt0294492,Q5207382,Daanveer,Daanveer,1996-09-20,140,Action|Drama|Crime,8.3,3,IN,Ooty (India),India,,
895675,tt0115620,Q12439936,Bandish,बंदिश,1996-02-23,141,Romance|Thriller,6.0,2,IN,,,,
303105,tt0267252,Q654190,Ajay,Ajay,1996-12-20,0,,7.1,4,,,,,
211129,tt0446148,Q114663353,Laalchee,लालची,1996-01-01,150,,10.0,1,IN,,,,
318563,tt0319500,Q5765379,Himmat,Himmat,1996-01-05,171,Action,4.3,3,,,,,
302718,tt0350604,Q12442412,Beqabu,Beqabu,1996-10-13,0,Action|Drama,8.2,4,IN,,,,
232699,tt0338855,Q5094968,Chhote Sarkar,Chhote Sarkar,1996-11-21,147,Romance,5.2,5,IN,,,,
494255,tt0378281,Q12446662,Maahir,Maahir,1996-07-26,0,Family,8.0,1,,,,,
795309,tt0115668,Q4901828,Bhishma,Bhishma,1996-07-26,125,Action|Thriller,4.7,3,,Ooty (India),India,,
214064,tt0978642,Q6783849,Masoom,Masoom,1996-08-13,0,,5.3,3,,,,,
346166,tt0339864,Q12452693,Vijeta,Vijeta,1996-01-26,0,,10.0,1,,,,,
232724,tt0117470,Q7317178,Return of Jewel Thief,Return of Jewel Thief,1996-11-01,163,Thriller,7.3,3,IN,,,,
1252699,tt0117027,,A Mermaid Called Aida,A Mermaid Called Aida,1996-01-01,52,Documentary,9.0,1,,,,,
887156,tt0117111,Q6937135,Muqaddar,Muqaddar,1996-07-12,0,Crime,9.0,1,IN,Ooty (India),India,,
348752,tt0117672,Q7546606,Smuggler,Smuggler,1996-01-12,0,,7.8,3,,,,,
727225,tt0115616,Q4849629,Bal Bramhachari,Bal Bramhachari,1996-09-06,163,Action|Drama,4.8,4,,,,,
480656,tt0455139,,Khoon Ki Pyasi,Khoon Ki Pyasi,1996-01-01,117,Horror,9.0,1,IN,,,,
161416,tt0115019,Q1679294,Majhdhaar,मझधार,1996-03-29,140,Romance,6.5,2,,,,,
347575,tt0827202,Q12944425,Sanshodhan,संशोधन,1996-01-01,165,Drama,5.5,2,IN,,,,
305649,tt0295294,Q5643305,Halo,Halo,1996-02-07,92,Drama|Family,6.8,5,IN,,,,
338125,tt0404097,Q18348659,Hasina Aur Nagina,हसीना और नगीना,1996-01-01,123,Horror,8.0,1,IN,,,,
306120,tt0116002,Q5207398,The Square Circle,Daayraa,1996-09-12,107,Drama|Music|Romance,4.8,4,IN,,,,
544266,tt0286620,Q5434917,Fareb,Fareb,1996-06-28,0,Thriller,4.3,3,IN,,,,
1236085,tt0117186,Q17072625,Nirbhay,Nirbhay,1996-02-26,135,Action|Thriller,9.0,1,,Ooty (India),India,,
619100,tt0405499,Q8074448,Zordaar,Zordaar,1996-10-11,0,Action|Romance,9.0,1,IN,,,,
712921,tt0297001,Q4822034,Aur Ek Prem Kahani,और एक प्रेम कहानी,1996-06-21,101,Romance|Drama,8.0,1,IN,,,,
627964,tt0115558,Q4780031,Apne Dam Par,Apne Dam Par,1996-01-01,155,Action|Drama,6.0,2,,Ooty (India),India,,
1069880,tt3768540,,Kasak,कसक,1996-01-01,119,Drama|Thriller,0.0,0,IN,,,,
857481,tt0286505,Q56276946,Bhairavi,Bhairavi,1996-05-31,145,Drama|Romance,9.0,1,IN,,,,
1020495,tt0813410,Q18209632,Sautela Bhai,Sautela Bhai,1996-06-21,0,,0.0,0,,,,,
887717,tt0483786,Q15682168,Ram Aur Shyam,Ram Aur Shyam,1996-12-20,0,,7.0,2,,,,,
898623,tt0405313,Q12944113,Shohrat,Shohrat,1996-06-28,0,Drama|Romance,7.5,2,,,,,
1115816,tt2145753,,Jagannath,Jagannath,1996-01-01,0,,0.0,0,,,,,
819013,tt2589006,Q21646049,Agni Prem,Agni Prem,1996-04-26,0,,0.0,0,,,,,
683882,tt0861703,Q11104722,Dil Kitna Nadan Hai,Dil Kitna Nadan Hai,1996-02-20,0,Drama|Music|Romance,0.0,0,,,,,
887597,tt0400520,,Hum Hain Premi,Hum Hain Premi,1996-09-27,0,,10.0,1,,,,,
306428,tt0267742,Q16251623,Megha,Megha,1996-03-29,0,,9.5,2,,,,,
33125,tt0118751,Q3292215,Border,सीमा,1997-06-13,176,History|Action|War|Drama,6.516,92,IN,,,,
13986,tt0118983,Q905417,Dil To Pagal Hai,दिल तो पागल है,1997-10-30,179,Drama|Romance|Comedy,6.902,198,IN,,,,
25519,tt0119861,Q1445622,Pardes,परदेस,1997-08-08,191,Drama|Romance,6.783,99,IN,,,United States,United States
1747117,tt0455070,Q55603046,Aakhri Sanghursh,Aakhri Sanghursh,1997-01-24,139,,0.0,0,,,,,
1560427,,,Boat Song,Nauka Caritramu,1997-06-06,66,Documentary,0.0,0,IN,,,,
21906,tt0119239,Q688906,Gupt: The Hidden Truth,Gupt: The Hidden Truth,1997-07-04,155,Thriller|Action|Romance,6.397,39,IN,,,,
619075,tt0112308,Q4693191,Agnichakra,Agnichakra,1997-02-26,0,Action,7.0,1,,,,,
160265,tt0136352,Q965313,Koyla,कोयला,1997-04-18,170,Action,6.514,74,IN,,,,
1571325,tt0122173,Q13564977,Mere Sapno Ki Rani,Mere Sapno Ki Rani,1997-08-15,157,Drama|Romance,9.0,1,,,,,
161238,tt0119428,Q500612,Judwaa,जुड़वा,1997-02-07,148,Romance|Comedy|Action,6.0,45,IN,,,,
79982,tt0120540,Q1423563,Yes Boss,हां बॉस,1997-07-18,165,Comedy|Drama|Romance,6.086,99,IN,,,,
165016,tt0225029,Q4689279,Aflatoon,Aflatoon,1997-12-19,153,Crime|Action|Drama,4.9,14,IN,,,,
29988,tt0133024,Q1296280,Ishq,Ishq,1997-11-28,161,Comedy|Romance|Drama|Action,6.403,76,IN,Ooty (India),India,Mumbai (India),India
134446,tt0233422,Q5066084,Chachi 420,चाची ४२०,1997-12-19,165,Comedy|Drama|Family,6.97,82,IN,,,,
915996,tt0130197,Q7245957,Prithvi,Prithvi,1997-08-29,136,Action|Mystery|Thriller,6.8,5,IN,,,,
393255,tt0251194,Q6732685,Mahaanta,Mahaanta,1997-05-23,181,Drama|Action|Crime,7.0,4,IN,,,,
30537,tt0118525,Q4822037,...Aur Pyar Ho Gaya,और प्यार हो गया,1997-08-15,153,Family|Romance|Drama,5.7,15,IN,,,,
170838,tt0162480,Q6929341,Mr. & Mrs. Khiladi,Mr. & Mrs. Khiladi,1997-10-09,133,Comedy|Romance,6.0,35,IN,,,,
342876,tt0251107,Q5618563,Gundagardi,Gundagardi,1997-06-06,0,,7.0,1,,,,,
993123,tt0273695,Q6207933,Jodidar,Jodidar,1997-03-01,157,,9.5,2,,Ooty (India),India,,
375620,tt0217660,Q6890800,Mohabbat,Mohabbat,1997-09-19,180,Romance,6.5,6,IN,,,,
936626,tt0420707,Q11108224,Kaalia,Kaalia,1997-02-07,0,,8.0,4,,Ooty (India),India,,
1727248,tt0286706,,Humko Ishq Ne Maara,Humko Ishq Ne Maara,1997-12-20,124,Romance,0.0,0,IN,,,,
108368,tt0119427,Q3187923,Judaai,जुदाई,1997-02-28,167,Drama|Romance|Family,5.7,30,IN,,,,
143976,tt0120551,Q8071487,Ziddi,ज़िद्दी,1997-04-11,170,Drama|Action,5.8,10,IN,,,,
242716,tt0229193,Q4662745,Aastha: In the Prison of Spring,आस्था,1997-01-28,210,Drama,4.2,4,,,,,
599969,tt0337749,Q8065783,Zameer: The Awakening of a Soul,Zameer: The Awakening of a Soul,1997-05-16,148,Action,5.0,2,IN,,,Mumbai (India),India
1296667,,,Ek Phool Teen Kante,Ek Phool Teen Kante,1997-08-29,139,,0.0,0,IN,,,,
30613,tt0119285,Q3134302,Hero No. 1,Hero No. 1,1997-02-21,134,Drama|Comedy|Romance,6.1,37,IN,,,,
142673,tt0118957,Q492170,Deewana Mastana,दीवाना मस्ताना,1997-10-24,142,Comedy|Romance,6.3,26,IN,,,,
462966,tt0251143,Q6036985,Insaaf: The Final Justice,Insaaf: The Final Justice,1997-05-30,155,Action|Comedy,5.5,6,IN,,,,
1310154,tt0290231,Q12451121,Lav Kush,लव कुश,1997-07-25,165,Drama,8.0,1,IN,,,,
318560,tt0251053,Q5285947,Do Ankhen Barah Hath,Do Ankhen Barah Hath,1997-07-11,0,Drama,5.0,2,IN,,,,
427131,tt0379459,,Private Detective: Two Plus Two Plus One,Private Detective: Two Plus Two Plus One,1997-01-01,130,Mystery,10.0,1,IN,,,,
462964,tt0289685,Q5207395,Daava,दावा,1997-07-18,162,Action|Drama|Romance,6.0,3,,,,,
628820,tt0234530,,Abhaas,Abhaas,1997-01-01,105,Drama,9.0,1,IN,,,,
166259,tt0120456,Q7933652,Virasat,Virasat,1997-05-30,168,Drama|Family,7.342,19,IN,,,,
465074,tt0119295,Q12460563,Himalay Putra,Himalay Putra,1997-04-04,135,Romance|Drama,6.5,6,,,,,
161237,tt0118660,Q789741,Auzaar,औज़ार,1997-02-28,133,Action,6.2,12,IN,,,,
302471,tt0135393,Q11264616,Dhaal,Dhaal,1997-11-28,148,Action|Drama,8.3,5,IN,,,,
272565,tt0119720,Q6929606,Mrityudand,Mrityudand : Death Sentence,1997-07-11,150,Action|Drama,5.2,8,,,,Bihar (India),India
165069,tt0172534,Q688886,Hameshaa,Hameshaa,1997-02-23,138,Drama|Romance,7.2,6,IN,,,,
361992,tt0135161,Q4900722,Bhai,Bhai,1997-01-01,0,,5.6,8,,,,,
34017,tt0118546,Q4661650,Aar Ya Paar,आर या पार,1997-05-31,0,Thriller|Crime,4.6,7,IN,,,,
210730,tt0286664,Q3031312,Gudgudee,गुदगुदी,1997-04-04,144,Romance,7.5,2,IN,,,,
111978,tt0185335,Q5557537,Ghulam-E-Musthafa,Ghulam-E-Musthafa,1997-01-01,162,Drama|Action|Crime,6.0,11,IN,,,,
276014,tt0251356,Q7265830,Qahar,Qahar,1997-12-05,161,,6.4,7,,,,,
322345,tt0187202,Q11183675,Kaun Sachcha Kaun Jhootha,कौन सच्चा कौन झूठा,1997-04-11,0,Action|Thriller,9.0,2,IN,,,,
685112,tt0286938,Q12456107,Salma Pe Dil Aa Gaya,Salma Pe Dil Aa Gaya,1997-03-07,0,Drama,7.5,2,IN,,,,
563126,tt0251395,Q7489205,Shapath,Shapath,1997-12-12,140,Action,10.0,2,IN,Ooty (India),India,,
372626,tt0118924,Q5215277,Swara Mandal,Dance of the Wind,1997-12-14,82,Drama|Music,6.2,6,IN,,,Delhi (India),India
54969,tt0118931,Q5227836,Daud,दौड़,1997-08-22,180,Action|Adventure,5.7,14,IN,,,,
653291,tt0271243,Q11170727,Uff! Yeh Mohabbat,Uff! Yeh Mohabbat,1997-12-13,134,Comedy|Drama|Family,9.0,1,IN,,,,
348166,tt0119721,Q6929608,Mrityudaata,Mrityudaata,1997-06-06,167,Action|Drama,6.5,4,IN,,,,
823420,tt0368870,,Mohabbat Ki Aag,Mohabbat Ki Aag,1997-01-01,127,Romance,10.0,1,,,,,
215335,tt0269758,Q2128633,Raja Ki Ayegi Baraat,राजा की आयेगी बारात,1997-08-18,158,Drama|Romance,4.4,5,IN,,,,
455432,tt0152278,Q12455415,Sanam,Sanam,1997-04-19,156,Romance|Drama,4.3,3,,,,,
178532,tt0170704,Q14947321,Train to Pakistan,Train to Pakistan,1997-01-01,107,Drama,4.8,4,IN|GB,,,Punjab (India),India
302450,tt0286503,Q12442466,Betaabi,Betaabi,1997-09-05,188,Romance,7.0,3,IN,,,,
809618,tt2006049,Q4692978,Agnee Morcha,Agnee Morcha,1997-04-04,0,,0.0,0,,,,,
493625,tt0978599,,Ghoonghat,Ghoonghat,1997-07-25,120,,6.0,2,,,,,
1193405,tt5195744,,For Maya,For Maya,1997-01-01,38,Documentary,0.0,0,IN,,,,
540313,tt0287065,Q7876846,Udaan,Udaan,1997-10-03,128,Action|Drama|Crime|Thriller,6.8,4,,,,,
1193372,,,Jam Invalid,Jam Invalid,1997-01-01,20,Documentary,0.0,0,IN,,,,
274527,tt0286724,Q11165970,Itihaas,Itihaas,1997-06-02,0,Action|Drama|Romance,8.5,2,,,,,
105052,tt0251426,Q7685628,Tarazu,Tarazu,1997-08-01,144,Action|Crime|Drama,5.9,10,IN,,,,
462573,tt0119491,Q6473501,Lahoo Ke Do Rang,लहू के दो रंग,1997-03-21,152,Action,4.7,11,IN,,,,
197658,tt0119234,Q5614606,Gudia,गुड़िया,1997-03-24,139,Drama|Thriller,8.0,1,,,,,
215553,tt0118680,Q4853932,Banarasi Babu,Banarasi Babu,1997-08-19,126,Comedy,4.6,5,IN,,,,
274062,tt0339233,Q12924404,Judge Mujrim,जज मुज़रिम,1997-09-12,137,Crime|Action,8.0,1,IN,,,,
1338900,tt2857084,,Pret Atma,Pret Atma,1997-01-01,0,Horror,0.0,0,IN,,,,
727268,tt0952685,Q7645320,Suraj,Suraj,1997-06-27,130,Action|Drama,10.0,1,,Ooty (India),India,,
370645,tt0250122,Q8052906,Yeshwant,Yeshwant,1997-02-07,145,Action|Crime|Drama,5.8,12,IN,,,,
382544,tt0440590,Q6667922,Loha,लोहा,1997-07-10,133,Action,6.4,6,IN,Ooty (India),India,,
404406,tt0809515,Q16249640,Jeeo Shaan Se,Jeeo Shaan Se,1997-06-30,130,Drama|Romance|Comedy,1.0,2,IN,,,,
651223,tt0317301,Q5207352,Daadagiri,Daadagiri,1997-08-08,138,Action|Drama|Comedy,9.0,1,,Ooty (India),India,,
564985,tt0351126,Q11104755,Jeevan Yudh,Jeevan Yudh,1997-07-25,136,Action|Drama|Family,10.0,2,,Ooty (India),India,,
653700,tt0286576,Q5224059,Darmiyaan: In Between,Darmiyaan: In Between,1997-01-01,128,Drama,9.0,1,IN,,,,
695817,tt0368825,Q11183598,Kaun Rokega Mujhe,Kaun Rokega Mujhe,1997-12-12,123,Action|Thriller,10.0,1,,,,,
618797,,,Golden Jubilee,Golden Jubilee,1997-01-01,27,Documentary,0.0,0,IN,,,,
337155,tt0442831,Q20814731,Rui Ka Bojh,रुई का बोझ,1997-01-01,117,Drama,8.8,5,IN,,,,
569670,tt0482037,Q13564944,Bhai Bhai,Bhai Bhai,1997-01-01,172,,7.0,1,,,,,
209927,tt0122233,Q7395758,Saaz,साज़,1997-01-01,148,Drama|Music,4.5,2,IN,,,,
634134,tt0286545,Q12426770,Chupp,Chupp !,1997-02-14,115,,5.5,6,IN,,,,
647564,tt0118982,Q5276627,Dil Ke Jharoke Main,दिल के झरोखे में,1997-04-10,0,Romance,6.1,11,IN,,,,
304074,tt0250937,Q4766053,Ankhon Mein Tum Ho,आँखों में तुम हो,1997-12-26,151,Romance|Drama|Thriller,8.5,2,IN,,,,
480649,tt2690632,,Daayan,Daayan,1997-01-01,0,Horror,0.0,0,IN,,,,
500101,tt2722816,,Darawani Haveli,Darawani Haveli,1997-01-24,0,Horror,0.0,0,IN,,,,
267516,tt2656940,,Allah Meharban To Gadha Pehalwan,Allah Meharban To Gadha Pehalwan,1997-01-01,0,,0.0,0,,,,,
849621,tt0286761,Q21646614,Koi Kisise Kum Nahin,Koi Kisise Kum Nahin,1997-11-21,0,,8.0,1,,,,,
1342238,,,Jee Karta Tha,Jee Karta Tha,1997-01-01,19,,0.0,0,,,,,
810574,,,Desire,Chaahat,1997-08-09,4,Romance,0.0,0,CA,,,,
11854,tt0172684,Q623336,Kuch Kuch Hota Hai,कुछ कुछ होता है,1998-10-16,185,Romance|Drama|Comedy,7.472,452,IN,Ooty (India),India,India,India
159090,tt0164550,Q1121918,Duplicate,डुप्लीकेट,1998-05-08,165,Action|Comedy,6.108,82,IN,Czech Republic|Switzerland,Czech Republic|Switzerland,,
51216,tt0190419,Q692023,Ghulam,ग़ुलाम,1998-06-19,162,Crime|Drama|Action,6.254,66,IN,,,,
21210,tt0164538,Q944356,Dil Se..,दिल से..,1998-08-22,163,Drama|Romance,6.9,204,IN,Delhi (India)|Ooty (India),India,Delhi (India),India
60397,tt0173081,Q1250759,Pyaar To Hona Hi Tha,प्यार तो होना ही था,1998-07-15,156,Comedy|Romance,6.558,26,IN,,,,
353809,tt0454314,Q7653273,Swami Vivekananda,Swami Vivekananda,1998-08-09,166,Drama,10.0,1,IN,,,India,India
505927,tt0264210,Q8074290,Zor,Zor,1998-02-13,125,Action|Drama|Thriller,6.3,3,IN,,,,
21502,tt0195231,Q7426859,Satya,सत्या,1998-07-03,170,Crime|Drama,7.3,80,IN,,,Mumbai (India),India
166234,tt0262527,Q6191173,Jhooth Bole Kauwa Kaate,Jhooth Bole Kauwa Kaate,1998-11-23,148,,6.6,12,,,,,
653300,tt0238591,Q21646987,Sham Ghansham,Sham Ghansham,1998-01-01,160,Action|Drama,8.7,3,IN,,,,
132260,tt0168529,Q2909643,Bombay Boys,Bombay Boys,1998-09-14,105,Drama|Comedy,5.7,9,IN,,,Mumbai (India),India
46373,tt0118673,Q4840709,Bade Miyan Chote Miyan,Bade Miyan Chote Miyan,1998-10-06,142,Action|Comedy,5.762,42,IN,,,,
888852,tt0376158,Q7421525,Sar Utha Ke Jiyo,Sar Utha Ke Jiyo,1998-09-25,0,,8.0,1,,,,,
103048,tt0210609,Q594519,China Gate,China Gate,1998-11-27,179,Action|Adventure|Western,6.711,19,IN,,,,
302761,tt0273804,Q6809687,Mehndi,Mehndi,1998-11-13,153,Drama,3.9,7,IN,,,,
346940,tt0287111,Q7960724,Wajood,Wajood,1998-12-11,145,Drama,6.7,3,,,,,
166260,tt0207415,Q5289004,Doli Saja Ke Rakhna,डोली सजा के रखना,1998-11-27,172,Romance,7.3,10,IN,,,,
297213,tt0118654,Q4822018,Aunty No. 1,Aunty No. 1,1998-05-01,160,Comedy,5.2,15,IN,,,,
662698,tt4887312,,Meri Zindagi Ek Agneepath,Meri Zindagi Ek Agneepath,1998-01-01,0,,0.0,0,,,,,
161236,tt0182251,Q1676793,Jab Pyaar Kisise Hota Hai,जब प्यार किसीसे होता है,1998-05-22,164,Drama|Family|Comedy,5.565,23,IN,Ooty (India),India,Mumbai (India),India
54959,tt0211634,Q7557263,Soldier,फोजी,1998-10-12,156,Action|Thriller,5.8,30,IN,,,Sydney (Australia),Australia
7504,tt0150433,Q2561440,Earth,1947: Earth,1998-09-16,101,Drama|Romance|History,6.568,44,CA|IN,,,Lahore (Pakistan),Pakistan
626708,tt0288427,Q4761904,Angaaray,Angaaray,1998-07-24,141,Drama|Action|Crime,3.7,6,IN,,,,
161229,tt0273452,Q806302,Bandhan,बंधन,1998-10-02,154,Family,5.0,15,,,,,
45533,tt0173080,Q1433549,Pyaar Kiya To Darna Kya,प्यार किया तो डरना क्या,1998-03-27,162,Comedy|Drama|Romance,6.227,44,IN,,,,
218263,tt0205968,Q5555802,Gharwali Baharwali,Gharwali Baharwali,1998-09-01,138,Comedy|Romance,5.3,10,IN,,,Nepal,Nepal
267529,tt0286416,Q4661353,Aakrosh: Cyclone Of Anger,Aakrosh: Cyclone Of Anger,1998-04-03,144,,4.7,3,,,,,
131775,tt0205445,Q9355401,Tamanna,Tamanna,1998-04-13,123,,7.9,5,IN,,,India,India
495785,tt0273045,Q4598408,2001: Do Hazaar Ek,2001: Do Hazaar Ek,1998-02-20,0,Drama,4.7,6,IN,,,,
155308,tt0211126,Q4023742,Zakhm,Zakhm,1998-12-14,125,Drama,7.474,19,IN,,,,
276863,tt0818603,Q5872017,Hitler,हिटलर,1998-05-13,135,Crime|Action|Drama,10.0,1,,Ooty (India),India,,
84321,tt0172761,Q3635506,Major Saab,मेज़र साब,1998-06-26,165,Action|Drama|Romance,5.605,19,IN,,,,
588993,tt0395827,Q8075175,Zulm-O-Sitam,Zulm-O-Sitam,1998-09-19,0,,9.0,1,,,,,
618996,tt0286936,Q7403340,Salaakhen,Salaakhen,1998-04-24,166,Action|Drama,6.9,7,IN,,,,
1631311,tt0317355,Q20649780,Dhoondte Reh Jaaoge!,Dhoondte Reh Jaaoge!,1998-10-09,133,Comedy|Family|Drama,9.0,1,IN,,,,
133307,tt0116737,Q6344095,Kabhi Na Kabhi,Kabhi Na Kabhi,1998-04-17,171,Crime,7.2,5,IN,,,,
529939,tt0395463,Q12440340,Badmaash,Badmaash,1998-01-23,120,Action,7.0,3,IN,,,,
97442,tt0189633,Q3627421,Kareeb,करीब,1998-07-17,155,Drama|Romance,6.091,11,IN,,,,
361408,tt0483288,Q21646708,Mere Do Anmol Ratan,Mere Do Anmol Ratan,1998-01-01,0,,7.0,1,IN,,,,
253546,tt0286683,Q5742679,Hero Hindustani,Hero Hindustani,1998-10-23,152,Action|Comedy|Drama,6.5,6,IN,,,,
302424,tt0286421,Q2822991,Achanak,अचानक,1998-06-12,164,Thriller,7.3,3,IN,,,,
165068,tt0189492,Q846633,Dushman,दुश्मन,1998-07-13,145,Action|Thriller,5.8,20,IN,,,,
238531,tt0178562,Q3423458,Mother of 1084,हज़ार चौरासी की माँ,1998-03-20,152,Drama,7.9,10,IN,,,Kolkata (India),India
232808,tt0119596,Q12937899,Maharaja,Maharaja,1998-09-03,150,Adventure|Romance,5.2,11,IN,,,,
1338251,tt0488315,,Maut,Maut,1998-07-17,98,,8.0,1,,,,,
143540,tt0286752,Q6382842,Keemat,कीमत,1998-04-10,170,Action|Comedy,7.2,8,IN,,,,
276286,tt0446118,Q21646279,Dand Nayak,Dand Nayak,1998-01-01,0,Action,8.0,1,,,,,
54971,tt0210659,Q5313400,Dulhe Raja,दूल्हे राजा,1998-07-10,155,Comedy|Romance,6.268,41,IN,,,,
401739,tt0339997,Q4840500,Bada Din,बड़ा दिन,1998-06-11,116,Romance|Drama,8.0,1,IN,,,Kolkata (India),India
819812,tt0286803,Q6736054,Main Solah Baras Ki,Main Solah Baras Ki,1998-08-07,0,,10.0,1,,,,,
141603,tt0497915,Q5618552,Gunda,Gunda,1998-09-04,129,Action,5.8,24,IN,Ooty (India),India,,
801103,tt0455199,Q7494586,Sher-E-Hindustan,Sher-E-Hindustan,1998-01-16,140,Action|Drama,8.0,1,IN,Ooty (India),India,,
713204,tt0369748,,Murdaa,मुर्दा,1998-08-14,125,Horror,9.0,1,IN,,,,
461786,tt0119862,Q3423420,Pardesi Babu,परदेसी बाबु,1998-11-13,161,Comedy|Drama|Romance,5.9,10,IN,,,,
376495,tt0119760,Q6966660,Naseeb,Naseeb,1998-12-18,133,Comedy|Drama|Romance,4.6,8,IN,,,,
274532,tt0396255,Q7809159,Tirchhi Topiwale,Tirchhi Topiwale,1998-09-11,144,Comedy|Drama|Music,7.3,3,IN,,,,
375624,tt0286772,Q11268682,Kudrat,कुदरत,1998-12-11,151,Romance,5.5,4,IN,,,,
272532,tt0349635,Q6109696,Jaane Jigar,Jaane Jigar,1998-02-01,0,,6.7,3,,,,,
524329,tt0120545,Q8060435,Yugpurush,Yugpurush,1998-03-27,0,Drama,9.0,2,,,,,
916355,tt0287081,Q7902172,Ustadon Ke Ustad,Ustadon Ke Ustad,1998-03-20,139,Action|Drama,10.0,2,IN,Ooty (India),India,,
302943,tt0130348,Q7931363,Vinashak,Vinashak,1998-01-30,159,,4.3,7,,,,,
442880,tt3711202,,Qatil Chandalini,क़तील चाण्डालिनी,1998-01-01,101,Horror,0.0,0,IN,,,,
291889,tt0210920,Q7240119,Prem Aggan,Prem Aggan,1998-10-30,169,,3.0,5,,,,,
464515,tt0286907,Q7267725,Qila,Qila,1998-04-10,160,Drama,5.8,4,IN,,,,
943443,,,Ribbons for Peace,Ribbons for Peace,1998-01-01,5,Documentary,0.0,0,IN,,,,
347574,tt0116687,Q6167393,Jaya Ganga,Jaya Ganga,1998-11-25,94,Drama|Romance,6.5,2,FR|IN,,,India,India
433030,tt2008498,Q5286170,Do Numbri,Do Numbri,1998-01-01,0,Action|Drama,10.0,1,IN,Ooty (India),India,,
887713,tt1849067,Q7395760,Saazish,Saazish,1998-02-20,0,,0.0,0,,Ooty (India),India,,
463317,tt0286488,Q4863038,Barood,Barood,1998-08-07,166,Drama|Action,6.9,8,IN,,,,
571293,tt4053580,Q5070907,Chandaal,Chandaal,1998-03-13,0,Action,8.3,3,IN,Ooty (India),India,,
303891,tt2008493,Q5267966,Devta,Devta,1998-10-02,0,Action,0.0,0,,Ooty (India),India,,
272204,tt1265654,Q21646435,Ghar Bazar,Ghar Bazar,1998-01-01,130,Action|Drama|Crime,0.0,0,IN,,,,
480661,tt2726740,Q50821717,Khofnak Mahal,Khofnak Mahal,1998-01-01,0,Horror,0.0,0,IN,,,,
303911,tt0395668,Q6875963,Miss 420,Miss 420,1998-01-23,135,Action|Comedy|Crime,4.6,5,IN,,,,
499245,tt0287152,Q8048101,Yamraaj,Yamraaj,1998-07-31,0,,7.0,1,,Ooty (India),India,,
425749,tt2742196,Q6729486,Mafia Raaj,Mafia Raaj,1998-12-10,0,,0.0,0,IN,Ooty (India),India,,
887720,tt0495848,Q12422727,Khote Sikkey,Khote Sikkey,1998-01-01,0,,7.5,2,IN,,,,
781179,tt3713300,Q43302293,Purani Kabar,पुरानी कबर,1998-10-05,118,Horror|TV Movie,0.0,0,IN,,,,
819762,tt0319480,Q5638471,Hafta Vasuli,Hafta Vasuli,1998-01-30,0,,9.0,1,,,,,
887650,tt0364519,Q6852141,Military Raaj,Military Raaj,1998-02-27,0,,9.0,1,,Ooty (India),India,,
819770,tt0286723,Q6081338,Iski Topi Uske Sarr,Iski Topi Uske Sarr,1998-07-17,0,,8.0,1,,,,,
819766,tt2008530,Q5765404,Himmatwala,Himmatwala,1998-12-12,0,,10.0,1,,Ooty (India),India,,
887641,tt0364228,Q12440653,Barsaat Ki Raat,Barsaat Ki Raat,1998-03-13,0,Music,8.0,1,,,,,
886067,tt4201936,,Mahatma,Mahatma,1998-01-01,0,,0.0,0,,,,,
62883,tt0216817,Q1636437,Hum Saath Saath Hain,हम साथ - साथ हैं,1999-11-05,177,Romance|Family|Drama,6.085,100,IN,,,Rajasthan (India),India
39347,tt0233856,Q492502,Hello Brother,Hello Brother,1999-08-26,131,Comedy|Romance,5.555,55,IN,,,,
5319,tt0150992,Q1326725,Hum Dil De Chuke Sanam,हम दिल दे चुके सनम,1999-06-18,178,Comedy|Drama|Romance,6.4,130,IN,,,Italy,Italy
41902,tt0211934,Q678761,Baadshah,बादशाह,1999-08-27,175,Action|Comedy,6.55,120,IN,,,Mumbai (India),India
213565,tt0278315,Q4791576,Arjun Pandit,Arjun Pandit,1999-08-11,150,Action|Crime|Romance,5.8,11,,,,Mumbai (India),India
31524,tt0200087,Q1335471,Sarfarosh,सरफरोश,1999-04-30,174,Action|Drama,6.858,113,IN,,,,
159664,tt0206921,Q369413,Mann,मन,1999-07-09,174,Drama|Romance,5.977,44,IN,,,,
319920,tt0220594,Q6373582,Kartoos,Kartoos,1999-05-07,126,Action|Crime|Thriller,5.1,7,IN,,,,
166013,tt0244794,Q4460079,Sirf Tum,सिर्फ़ तुम,1999-06-11,170,Romance|Music|Drama,5.969,16,IN,,,,
400392,tt0226786,Q5936626,Hum Tum Pe Marte Hain,Hum Tum Pe Marte Hain,1999-09-24,165,Romance,5.8,9,,,,,
199979,tt0286478,Q4840707,Bade Dilwala,Bade Dilwala,1999-01-22,152,Romance|Comedy|Drama,3.3,6,,,,,
482337,tt0315816,Q4886781,Benaam,Benaam,1999-01-01,0,Horror|Action|Drama,9.0,2,IN,Ooty (India),India,,
142412,tt0195002,Q13479270,Kaun?,कौन,1999-02-26,90,Thriller|Mystery,6.7,39,IN,,,,
146270,tt0220832,Q7907842,Vaastav,Vaastav,1999-10-07,150,Action|Crime|Drama,7.111,62,IN,,,Mumbai (India),India
411832,tt0213775,Q6426140,Kohram,Kohram,1999-08-13,150,Action|Drama|Thriller|Crime,6.8,9,IN,,,,
912392,tt0198364,Q5069028,Chalo America,Chalo America,1999-08-01,93,Comedy,7.0,1,IN,,,,
20929,tt0152836,Q604533,Taal,ताल,1999-08-13,177,Drama|Romance,6.6,55,IN,Niagara Falls (United States)|Toronto (Canada),Canada|United States,Canada,Canada
441139,tt0207513,Q5766820,Hindustan Ki Kasam,हिन्दुस्तान की कसम,1999-07-23,159,Drama|Action,5.333,6,IN,,,,
52860,tt0189592,Q753136,Hum Aapke Dil Mein Rehte Hain,हम आपके दिल में रहते हैं,1999-01-22,168,Family|Drama|Romance,5.8,18,IN,,,,
1369918,tt3715686,,Tower House,Tower House,1999-01-01,140,Horror,0.0,0,IN,,,,
227832,tt0281913,Q12460936,Hogi Pyaar Ki Jeet,Hogi Pyaar Ki Jeet,1999-05-07,146,Action|Comedy|Drama,5.455,11,IN,,,,
194136,tt0214178,Q7562756,Sooryavansham,Sooryavansham,1999-05-21,182,Action|Drama|Family,6.105,43,IN,,,,
543875,tt0267928,Q3483939,Silsila Hai Pyar Ka,Silsila Hai Pyar Ka,1999-04-08,150,Comedy|Drama,3.7,3,IN,,,,
30321,tt0267548,Q3128070,Haseena Maan Jaayegi,Haseena Maan Jaayegi,1999-06-25,150,Action|Comedy,5.917,42,IN,,,,
166012,tt0111068,Q7417985,Sangharsh,संघर्ष,1999-09-03,127,Thriller,5.067,30,IN,,,India,India
353429,tt0230347,Q3157001,Jaanwar,Jaanwar,1999-12-24,120,Action,6.35,20,IN,Mumbai (India),India,Mumbai (India),India
702351,tt2531988,,Kabhi Paas Kabhi Fail,Kabhi Paas Kabhi Fail,1999-01-01,0,Comedy|Family,10.0,1,IN,,,,
146846,tt4228400,,Sar Ankhon Par,Sar Ankhon Par,1999-10-15,0,Drama|Romance|Music|Comedy,0.0,0,IN,,,,
467365,tt0275608,Q12933081,Pyaar Mein Kabhi Kabhi...,Pyaar Mein Kabhi Kabhi...,1999-06-25,173,Drama,9.0,1,IN,,,,
161226,tt0207341,Q879204,Biwi No.1,बीवी नं 1,1999-05-28,140,Comedy|Drama|Romance,5.836,76,IN,,,,
165066,tt0216707,Q1225385,Dil Kya Kare,Dil Kya Kare,1999-09-24,158,Drama|Romance,5.786,14,,,,,
499225,tt1294665,Q5207866,Dada,Dada,1999-01-01,133,Action,3.5,1,IN,Ooty (India),India,,
1484547,tt35487694,,Ghunghat Ke Pat Khol,Ghunghat Ke Pat Khol,1999-01-01,90,,0.0,0,,,,,
211276,tt0217351,Q5208790,Dahek A Burning Passion,Dahek A Burning Passion,1999-07-31,155,Romance,4.6,5,,,,,
985444,,,Bhoron Ne Khilaya Phool,Bhoron Ne Khilaya Phool,1999-07-17,44,,0.0,0,IN,,,,
499735,tt3713626,,Aadhi Raat,Aadhi Raat,1999-10-22,0,Horror,0.0,0,IN,,,,
783598,tt0287463,Q39074408,The Goal,The Goal,1999-12-30,90,Drama,7.0,2,IN,,,,
75253,tt0149568,Q4661023,Aa ab Laut Chalen,आ अब लौट चलें,1999-01-22,178,Drama|Romance,5.6,23,IN,,,United States,United States
357133,tt0272062,Q5207356,Daag: The Fire,दाग,1999-02-01,152,Thriller|Action|Drama,5.7,9,,,,,
232708,tt0284811,Q4662666,Aarzoo,Aarzoo,1999-03-18,163,Action|Music|Drama,5.667,15,IN,,,,
211275,tt0206067,Q944363,Kachche Dhaage,कच्चे धागे,1999-07-31,142,Action|Drama|Romance,5.711,19,,,,,
316686,tt0206020,Q935032,Hote Hote Pyar Hogaya,Hote Hote Pyar Hogaya,1999-06-10,140,,7.3,3,IN,,,,
305337,tt0209263,Q7262829,Pyaar Koi Khel Nahin,प्यार कोई खेल नहीं,1999-07-23,165,Romance|Drama,4.6,8,IN,,,,
966938,tt0495794,Q4662818,Aaya Toofan,आया तूफान,1999-08-27,115,Action|Drama,10.0,1,IN,Ooty (India),India,,
117345,tt0214931,Q6784853,Mast,मस्त,1999-10-15,150,Drama|Fantasy|Romance,5.3,12,IN,,,,
356993,tt0338264,Q16251833,Mother,Mother,1999-01-01,142,Comedy|Drama,3.8,6,IN,,,,
647580,tt0286728,Q12428152,Jai Hind,जय हिन्द,1999-04-23,148,Action|Romance,7.9,4,IN,,,,
457714,tt0225515,Q5276858,Dillagi,Dillagi,1999-11-08,188,Family|Drama|Romance,5.533,15,IN,,,,
117335,tt0196635,Q6051662,International Khiladi,International Khiladi,1999-03-26,160,Action|Thriller|Crime|Romance,5.3,16,IN,,,Canada,Canada
350962,tt0217608,Q6466620,Laawaris,Laawaris,1999-03-05,0,,5.6,5,,,,,
458939,tt0172704,Q6480009,Lal Baadshah,Lal Baadshah,1999-03-05,180,Action|Drama,5.2,14,IN,,,,
919820,tt4995644,Q7513555,Sikandar Sadak Ka,Sikandar Sadak Ka,1999-01-01,144,Action|Drama,10.0,1,IN,Ooty (India),India,,
1400613,tt1661866,,Putlibai,Putlibai,1999-01-01,0,,0.0,0,IN,,,,
332910,tt0246687,Q5924759,Hu Tu Tu,Hu Tu Tu,1999-01-22,172,,5.4,8,,,,,
118631,tt0281656,Q2749710,Bhopal Express,भोपाल एक्सप्रेस,1999-01-01,98,Drama|Romance,6.8,5,IN,,,,
170998,tt0220757,Q7500461,Shool,शूल,1999-11-04,142,Action|Crime,7.1,20,IN,,,India,India
336104,tt0286640,Q5517323,Gair,Gair,1999-10-10,0,Action|Drama,8.6,4,,,,,
532018,tt0286934,Q19630563,Safari,Safari,1999-06-11,0,Adventure,5.7,3,IN,,,,
496562,tt2660626,Q55632553,Sar Kati Laash,Sar Kati Laash,1999-10-08,105,Horror,0.0,0,IN,,,,
819760,tt2167753,Q5520985,Ganga Ki Kasam,Ganga Ki Kasam,1999-06-04,140,,10.0,1,,Ooty (India),India,,
73110,tt0215245,Q3413682,Thakshak,तक्षक,1999-12-03,161,Action|Drama,6.375,8,IN,,,Mumbai (India),India
161227,tt0226847,Q494772,Jaanam Samjha Karo,जानम समझा करो,1999-04-02,156,Drama|Romance,4.444,18,IN,,,,
297016,tt0286910,Q7285654,Rajaji,Rajaji,1999-05-21,150,Comedy|Romance,5.6,10,IN,,,,
71257,tt0220597,Q6402276,Khoobsurat,Khoobsurat,1999-11-06,153,Comedy|Romance|Family,5.0,16,,,,,
914939,tt0286891,Q7187331,Phool Aur Aag,Phool Aur Aag,1999-05-14,0,Action|Drama,9.0,2,IN,Ooty (India),India,,
395026,tt0233808,Q5576752,Godmother,Godmother,1999-10-15,150,,7.8,4,IN,,,Gujarat (India),India
278533,tt0200435,Q4751711,Anari No. 1,अनाड़ी नम्बर वन,1999-04-09,153,Comedy,5.8,11,IN,,,,
1667955,tt3715050,,Chamunda,Chamunda,1999-01-01,76,Horror,0.0,0,,,,,
606677,tt0256534,,Long Live Life,Zindagi Zindabad,1999-06-26,140,Drama,8.0,1,IN,,,,
360108,tt2494558,,Son of Dracula,Son of Dracula,1999-01-01,94,Horror,4.0,1,IN,,,,
276929,tt0940881,Q5313395,Dulhan Banoo Main Teri,Dulhan Banoo Main Teri,1999-01-01,0,,0.0,0,,,,,
499727,tt2677108,Q55607602,Chudail No. 1,Chudail No. 1,1999-07-16,92,Horror,0.0,0,IN,,,,
308059,tt0217632,Q16250866,Love You Hamesha,Love You Hamesha,1999-07-07,130,Romance,5.5,2,,,,,
143538,tt0282275,Q8075182,Zulmi,Zulmi,1999-04-16,0,,6.8,11,IN,,,Mumbai (India),India
257622,tt0207626,Q20649887,Naukar Ki Kameez,नौकर की कमीज,1999-09-30,104,Drama,6.0,4,IN,,,,
1267662,,,A Minute of Silence,Ek Minute Ka Maun,1999-10-01,63,Documentary,10.0,1,,,,,
239582,tt0262625,Q138784460,My Little Devil,Bas Yaari Rakho,1999-11-25,87,Drama|Family,7.0,2,IN|CA,,,,
500058,tt3717774,,Shaitan Khopdi,Shaitan Khopdi,1999-01-01,0,Horror,0.0,0,IN,,,,
916463,tt3429816,,Jaalsaaz,Jaalsaaz,1999-01-01,114,Thriller,0.0,0,IN,,,,
503040,tt0214049,,Ray: Life and Work of Satyajit Ray,रे: सत्यजीत रे का जीवन और कार्य,1999-09-10,105,Documentary,10.0,1,IN,,,,
986484,,,Sharma v/s State,Sharma v/s State,1999-07-17,50,,0.0,0,,,,,
496587,tt3717748,,Shaitan Tantrik,Shaitan Tantrik,1999-10-15,109,Fantasy|Horror,0.0,0,IN,,,,
496400,tt2660538,,Zameen Ke Neeche,Zameen Ke Neeche,1999-01-01,0,Horror,0.0,0,IN,,,,
833115,tt2008644,Q7672850,Tabaahi: The Destroyer,Tabaahi: The Destroyer,1999-01-01,133,,0.0,0,,Ooty (India),India,,
477174,tt0253177,,Shadows in the Dark,Karvaan,1999-09-21,104,,9.5,2,FR|IN,,,,
688272,tt3713712,Q55605364,Bhoot Ka Darr,Bhoot Ka Darr,1999-04-02,83,Horror,0.0,0,IN,,,,
809619,tt0489530,Q7070960,Nyaydaata,Nyaydaata,1999-06-18,0,,8.0,1,,,,,
985438,tt36600084,,First Kill,First Kill,1999-09-24,43,Crime|Drama,0.0,0,IN,,,,
496542,tt1661847,Q55615953,Khopdi: The Skull,Khopdi: The Skull,1999-07-30,91,Horror,0.0,0,IN,,,,
627967,tt1233213,Q16250944,Maa Kasam,Maa Kasam,1999-10-25,132,Action,10.0,1,,Ooty (India),India,,
327556,tt0259547,Q7408772,Samar,समर,1999-02-27,126,Drama,10.0,1,IN,,,,
461278,tt1027835,Q48731154,Munnibai,Munnibai,1999-09-18,135,Action,4.0,1,,,,,
496577,tt2663746,Q50821728,Khoonkar Darinde,Khoonkar Darinde,1999-10-22,0,Horror,0.0,0,IN,,,,
723186,tt1319563,,Dracula,Dracula,1999-05-19,92,Horror,7.0,2,IN,,,,
1047641,tt3715218,,Haveli Ke Peeche,Haveli Ke Peeche,1999-10-15,0,Horror,0.0,0,IN,,,,
986486,,,Zebra 2,Zebra 2,1999-10-15,45,,0.0,0,,,,,
730851,tt2660560,,Madam Don,Madam Don,1999-01-01,133,,1.0,1,,,,,
500062,tt3715394,,Kissa Maut Ka,Kissa Maut Ka,1999-01-01,0,Horror,0.0,0,IN,,,,
986061,,,Tripti,Tripti,1999-07-16,46,,0.0,0,,,,,
986058,,,Shuruat,Shuruat,1999-08-20,43,,0.0,0,,,,,
1278845,tt3715358,,Dulhan Bani Daayan,Dulhan Bani Daayan,1999-09-24,98,Horror,0.0,0,IN,,,,
1681387,,,Gupt Gyan,Gupt Gyan,1999-01-01,112,Romance|History,0.0,0,IN,,,,
619695,,,Fishing: In the Sea of Greed,Fishing: In the Sea of Greed,1999-10-01,42,Documentary,0.0,0,IN,,,,
986055,,,Prayas,Prayas,1999-09-17,44,,0.0,0,,,,,
887626,tt2491654,,Sasta Jingi Mahag Senur,Sasta Jingi Mahag Senur,1999-01-01,157,Drama|Family,0.0,0,,,,,
819779,tt0339239,Q11183606,Kaala Samrajya,Kaala Samrajya,1999-03-12,0,,3.8,4,,,,,
304044,tt0410809,Q7844033,Trishakti,Trishakti,1999-08-10,0,,10.0,1,,,,,
1129871,tt0325128,,Buddha Weeps in Jadugoda,"Ragi, Kanam Ko Bonga Buru",1999-10-01,55,Documentary,7.0,1,IN,,,,
1193709,,,Baba Nagarjun,Baba Nagarjun,1999-02-26,30,Documentary,0.0,0,IN,,,,
895670,tt3715150,,Do Jism Ek Jaan Hain Hum,Do Jism Ek Jaan Hain Hum,1999-01-01,0,,0.0,0,,,,,
365763,tt0254927,Q4661235,Aaghaaz,आगाज़,2000-10-06,0,Action|Thriller,3.4,5,IN,,,,
11518,tt0213890,Q1135349,Mohabbatein,मोहब्बतें,2000-10-27,216,Drama|Romance,7.1,310,IN,England (United Kingdom),United Kingdom,,
21614,tt0242519,Q5732486,Hera Pheri,Hera Pheri,2000-03-31,156,Comedy|Crime,7.143,328,IN,,,,
166231,tt0250690,Q459833,Refugee,रिफ्यूजी,2000-06-30,210,Romance|Drama,5.4,19,IN,,,Gujarat (India),India
16987,tt0234000,Q1645003,Kaho Naa... Pyaar Hai,कहो ना प्यार है,2000-01-14,172,Romance|Drama|Action|Comedy,6.7,168,IN,New Zealand,New Zealand,Mumbai (India),India
35064,tt0255111,Q2059136,Dhadkan,Dhadkan,2000-08-11,171,Drama|Romance,6.346,52,IN,,,,
97351,tt0222270,Q1255514,Phir Bhi Dil Hai Hindustani,फिर भी दिल है हिंदुस्तानी,2000-01-21,160,Romance|Comedy|Crime,6.559,94,IN,,,India,India
302466,tt0384917,,Dil Hi Dil Mein,Dil Hi Dil Mein,2000-04-21,147,Romance,7.3,3,IN,,,,
159666,tt0232079,Q6810921,Mela,Mela,2000-01-07,156,Action|Adventure|Comedy|Drama|Romance,4.553,38,IN,,,,
131940,tt0151150,Q1427204,Josh,जोश,2000-06-09,157,Romance|Drama,6.012,81,IN,,,India,India
81782,tt0255309,Q6447354,Kurukshetra,Kurukshetra,2000-10-03,129,Action|Crime|Drama,6.7,10,IN,,,,
41381,tt0218533,Q920943,Pukar,पुकार,2000-02-04,165,Action|Drama|Thriller|Romance,6.395,20,IN,,,,
232496,tt0252277,Q16453,Bichhoo,बिच्छू,2000-07-07,162,Action|Crime|Thriller,4.6,21,IN,,,,
165573,tt0250483,Q936427,Kya Kehna,Kya Kehna,2000-05-18,155,Drama|Romance,5.739,23,IN,,,,
75217,tt0255212,Q5644089,Hamara Dil Aapke Paas Hai,Hamara Dil Aapke Paas Hai,2000-08-24,165,Drama|Romance,5.553,19,IN,,,,
1465402,tt0409821,,Choo Lenge Akash,Choo Lenge Akash,2000-01-01,80,Family,10.0,1,IN,,,,
277700,tt0250774,Q3518276,Tera Jadoo Chal Gayaa,Tera Jadoo Chal Gayaa,2000-08-18,0,Romance,5.0,3,IN,,,,
56666,tt0248012,Q3073136,Fiza,फ़िज़ा,2000-09-08,170,Drama|Romance,5.905,36,IN,,,Mumbai (India),India
383281,tt0271748,Q2128981,Raju Chacha,राजू चाचा,2000-12-21,163,Action|Comedy|Family,5.9,24,IN,Ooty (India),India,,
986488,,,Witness,Witness,2000-07-09,40,Romance|Drama,0.0,0,IN,,,,
161223,tt0247992,Q492134,Dulhan Hum Le Jayenge,दुल्हन हम ले जाएँगे,2000-03-20,141,Comedy|Romance,5.455,33,IN,,,,
276846,tt0247944,Q798808,Badal,बादल,2000-02-11,173,Action|Crime|Romance,5.824,17,IN,,,,
157800,tt0250415,Q1500930,Har Dil Jo Pyar Karega,हर दिल जो प्यार करेगा,2000-08-04,168,Comedy|Drama,5.531,49,IN,,,,
993011,tt2663808,,Champakali,Champakali,2000-01-01,139,Action,0.0,0,,,,,
211277,tt0255112,Q767542,Dhaai Akshar Prem Ke,ढाई अक्षर प्रेम के,2000-07-29,167,Romance|Drama,5.9,16,,,,,
1458037,,,Aakhir Kaun Thi Woh?,Aakhir Kaun Thi Woh?,2000-01-01,110,,0.0,0,,,,,
159067,tt0253194,Q6445147,Kunwara,Kunwara,2000-07-14,134,Comedy|Romance,5.3,15,IN,New Zealand,New Zealand,,
306132,tt0402796,Q4765718,Anjaane,Anjaane,2000-01-01,0,Drama,7.0,1,,,,,
617026,tt0255120,Q18351808,Dil Pe Mat Le Yaar!!,Dil Pe Mat Le Yaar!!,2000-09-29,148,Comedy|Drama|Crime,10.0,1,IN,,,,
407311,tt0495893,Q12454115,Shikaar,Shikaar,2000-07-19,135,Action|Crime|Music,6.5,2,IN,,,,
476914,,,Bhooth Haveli,Bhooth Haveli,2000-09-01,86,Horror,0.0,0,IN,,,,
46385,tt0244528,Q851445,Hadh Kar Di Aapne,Hadh कर दी आपने,2000-04-14,134,Romance|Comedy,5.065,31,IN,,,,
348762,tt0263491,Q12428942,Jis Desh Mein Ganga Rehta Hai,Jis Desh Mein Ganga Rehta Hai,2000-10-13,149,Comedy|Drama|Family,5.5,23,IN,,,Mumbai (India),India
325140,tt0249588,Q3143099,Hum To Mohabbat Karega,Hum To Mohabbat Karega,2000-05-26,148,Romance|Thriller,4.7,3,,,,,
1591090,tt0292798,,Govind Aur Ganesh,गोविंद और गणेश,2000-02-02,45,Thriller,7.0,1,IN,,,,
363105,tt0255097,Q5251030,Deewane,Deewane,2000-08-11,164,,5.3,7,,,,,
46406,tt0248185,Q766020,Mission Kashmir,मिशन कश्मीर,2000-10-27,151,Action|Drama|Thriller,6.315,54,IN,,,Jammu and Kashmir (India),India
238876,tt2013784,Q6494730,Last Train To Mahakali,Last Train To Mahakali,2000-01-25,47,Drama|Crime|Mystery,6.2,5,,,,,
232696,tt0250452,Q6279031,Joru ka Ghulam,Joru ka Ghulam,2000-06-15,162,,5.8,20,IN,,,,
423976,tt0221982,Q187863,Gaja Gamini,गज गामिनी,2000-12-01,122,Drama|Fantasy,6.6,8,IN,,,,
97356,tt0261545,Q935399,Astitva,अस्तित्व,2000-10-06,109,Drama,5.938,9,IN,,,,
919608,tt1236202,Q6343363,Kaali Topi Lal Rumaal,Kaali Topi Lal Rumaal,2000-09-15,130,Action|Crime|Drama,0.0,0,IN,Ooty (India),India,,
704634,tt4896960,,Scribbles on Akka,Scribbles on Akka,2000-01-01,60,Documentary,0.0,0,IN,,,,
985443,tt2452148,,Fursat Mein,Fursat Mein,2000-01-14,44,Drama,0.0,0,IN,,,,
161221,tt0245825,Q1059378,Chal Mere Bhai,Chal Mere Bhai,2000-05-04,136,Romance|Comedy,5.1,29,IN,,,India,India
920127,,,Street 13,Street 13,2000-01-01,90,Horror,0.0,0,IN,,,,
303406,tt0289725,Q11268920,Jung,जंग,2000-05-12,147,Action,4.1,12,,,,,
137164,tt0230055,Q4987214,Bulandi,Bulandi,2000-01-07,175,Drama,5.6,9,IN,,,,
161219,tt0268401,Q1721150,Kahin Pyaar Na Ho Jaaye,कहीं प्यार न हो जाए,2000-11-17,165,Romance|Family|Comedy,5.321,28,IN,,,,
413121,tt0213677,Q9267724,Ghaath,Ghaath,2000-12-01,158,Thriller|Crime|Drama,9.0,1,IN,,,,
1697908,tt0488307,,Kabrastan,Kabrastan,2000-06-21,109,Horror,0.0,0,IN,,,,
819020,tt2008444,Q4693262,Agniputra,Agniputra,2000-01-01,122,Action,10.0,1,IN,Ooty (India),India,,
166255,tt0251756,Q3190019,Jungle,Jungle,2000-07-14,162,Romance|Action|Thriller,6.182,11,IN,,,,
407312,tt0120117,Q3482089,Shikari,शिकारी,2000-10-06,156,Thriller,5.25,8,ZA|IN,,,,
1090823,tt3746376,,Rahasya,Rahasya,2000-01-01,125,Action,0.0,0,IN,,,,
433918,tt2567704,Q114664341,Jai jwala maa,जय ज्वाला माँ,2000-02-01,165,,9.5,1,IN,,,,
985440,tt2452080,,Ek Shaam Ki Mulakaat,Ek Shaam Ki Mulakaat,2000-04-04,45,Drama,0.0,0,IN,,,,
633558,tt0462041,Q7636572,Sultaan,Sultaan,2000-02-02,0,,9.5,2,,Ooty (India),India,,
579396,tt0116748,Q6373003,Karobaar,Karobaar,2000-09-15,180,Drama|Romance,7.8,4,,,,,
491916,tt0270880,Q11274271,Champion,Champion,2000-12-22,160,Action|Comedy|Crime|Drama,3.6,8,IN,,,,
630669,tt2844724,,Ek Ajooba,Ek Ajooba,2000-07-28,71,Family,9.5,2,,,,,
647585,tt0255543,Q7285470,Raja Ko Rani Se Pyar Ho Gaya,राजा को रानी से प्यार हो गया,2000-12-22,149,Comedy|Romance,7.0,1,IN,,,,
1556602,,,Lokapriya,Lokapriya,2000-06-01,28,Documentary,0.0,0,IN,,,,
1420735,,,Ronnie,Ronnie,2000-04-01,20,Drama,0.0,0,,,,,
304755,tt0255305,Q11263801,Khiladi 420,Khiladi 420,2000-12-29,168,Thriller|Comedy|Crime,4.8,20,IN,,,Canada,Canada
986066,,,Vikrut,Vikrut,2000-01-11,40,,0.0,0,,,,,
819460,,,Fenugreek,मेथी,2000-01-01,11,,0.0,0,IN,,,,
636956,tt2679070,,Bhootni,Bhootni,2000-01-01,80,Horror,3.0,1,IN,,,,
302309,tt0326745,Q4837113,Baaghi,बाग़ी,2000-04-07,156,Romance|Crime,5.7,6,IN,,,,
442869,tt0116391,Q5520900,Gang,Gang,2000-04-14,165,Drama|Action|Crime,5.7,3,IN,,,Mumbai (India),India
410286,tt0272651,Q5657092,Hari-Bhari,Fertility,2000-01-07,134,Family|Drama,6.0,2,IN,,,,
232711,tt0220596,Q6400992,Khauff,Khauff,2000-03-02,127,Action|Thriller,4.2,8,IN,,,,
433979,tt2009503,Q6319273,Jwalamukhi,Jwalamukhi,2000-01-02,135,,10.0,1,,Ooty (India),India,,
612521,tt2663796,,Mere Aagosh Mein,Mere Aagosh Mein,2000-01-01,142,Thriller,2.0,2,IN,,,,
271484,tt0286504,Q4898128,Beti No. 1,Beti No. 1,2000-11-10,142,Comedy|Drama|Family|Romance,4.8,5,IN,,,India,India
500520,tt0395701,Q12437666,Papa the Great,Papa the Great,2000-03-18,143,Family,6.3,3,IN,,,,
477400,tt2662760,Q56277790,Daku Ganga Jamuna,Daku Ganga Jamuna,2000-09-15,94,Action,4.0,1,IN,,,,
80064,tt0280465,Q16237216,Bawandar,Bawandar,2000-11-17,125,Drama,6.2,4,,,,Rajasthan (India),India
433912,,,Sant Gyaneshwar,Sant Gyaneshwar,2000-03-10,149,,8.0,1,IN,,,,
333582,tt0252038,Q7686270,Tarkieb,Tarkieb,2000-06-23,0,,5.5,4,,,,,
477091,tt2662796,,Kaala Mandir,Kaala Mandir,2000-07-21,0,Horror,0.0,0,IN,,,,
1360387,tt0778824,Q13117867,The Revenge: Geeta Mera Naam,The Revenge: Geeta Mera Naam,2000-09-01,108,Action,0.0,0,,,,,
1565769,,,Shamshaan,Shamshaan,2000-01-01,0,Horror,0.0,0,IN,,,,
496462,tt3745790,,Maut Ki Raat,Maut Ki Raat,2000-01-01,0,Horror,0.0,0,IN,,,,
1458029,,,Ganga Dacait,Ganga Dacait,2000-01-01,135,,0.0,0,,,,,
258220,tt12133588,,Bamboo Flute,Birah Bhariyo Ghar Aangan Kone,2000-01-01,64,,0.0,0,IN,,,,
1453652,,,Basanti,Basanti,2000-01-01,110,,0.0,0,,,,,
401765,tt0271996,Q4900772,Bhai Thakur,Bhai Thakur,2000-06-11,118,Drama,9.0,1,IN,,,,
1342231,,,Do Hafte Guzarte Do Hafte Nahin Lagte,Do Hafte Guzarte Do Hafte Nahin Lagte,2000-01-01,20,,0.0,0,,,,,
1167379,tt3005470,,Khooni Kangan,खुनी कंगन,2000-01-01,100,Horror,0.0,0,IN,,,,
948106,tt0450967,,The Magic Pearl,अनोखा मोती,2000-02-09,0,,6.5,2,IN,,,,
1453430,,,Daku Rani,Daku Rani,2000-01-01,106,,0.0,0,,,,,
304228,tt2667340,,Jai Bhavani,Jai Bhavani,2000-01-01,81,,0.0,0,,,,,
788751,,,When Four Friends Meet,Jahaan Char Yaar Mil Jaayein,2000-03-02,43,,0.0,0,,,,,
272287,tt0437058,Q4661291,Aaj Ka Ravan,Aaj Ka Ravan,2000-09-29,125,,10.0,2,,Ooty (India),India,,
819858,tt0339825,,Tune Mera Dil Le Liyaa,Tune Mera Dil Le Liyaa,2000-02-23,0,,7.0,1,,,,,
605730,tt0343064,Q124515883,Tapish,Tapish,2000-01-01,0,,7.0,1,,,,,
1367320,tt2009571,Q7396452,Sabse Bada Beimaan,Sabse Bada Beimaan,2000-12-01,140,Action|Drama,0.0,0,,Ooty (India),India,,
10757,tt0248126,Q466443,Kabhi Khushi Kabhie Gham,कभी ख़ुशी कभी ग़म,2001-12-14,209,Comedy|Drama,7.7,638,IN|GB,,,India|London (United Kingdom),India|United Kingdom
166233,tt0297241,Q6451857,Kyo Kii... Main Jhuth Nahin Bolta,क्योंकि... मैं झूठ नहीं बोलता,2001-09-21,149,Comedy,5.308,39,IN,,,,
461789,tt0272607,Q5436571,Farz,फर्ज़,2001-01-12,157,Action|Crime|Drama|Thriller,4.0,11,IN,,,,
19666,tt0169102,Q843949,Lagaan: Once Upon a Time in India,लगान,2001-06-15,233,Adventure|Drama|History,7.3,676,IN,,,India,India
480,tt0265343,Q945586,Monsoon Wedding,Monsoon Wedding,2001-08-30,114,Comedy|Drama|Romance,6.8,227,US|FR|DE|IT,Delhi (India),India,Delhi (India),India
569671,tt0288273,,Uljhan,Uljhan,2001-05-04,141,Drama|Mystery|Thriller,7.5,2,,,,,
304111,tt0301179,Q5251018,Deewaanapan,दीवानापन,2001-11-16,153,Action|Romance,6.2,4,IN,,,,
4435,tt0249371,Q734008,Aśoka,अशोक,2001-09-13,175,Action|Adventure|Drama|History|Romance|War,6.563,175,IN,,,,
14752,tt0292490,Q370313,Dil Chahta Hai,दिल चाहता है,2001-07-24,183,Drama|Romance,6.913,355,IN,Sydney (Australia),Australia,Australia|India|Mumbai (India),Australia|India
20916,tt0306855,Q7629386,Style,Style,2001-12-28,159,Comedy|Thriller,6.3,16,IN,,,,
305819,tt0292740,Q8051208,Yeh Raaste Hain Pyaar Ke,Yeh Raaste Hain Pyaar Ke,2001-08-10,150,,4.769,13,,,,,
22316,tt0278291,Q4225691,Ajnabee,अजनबी,2001-09-21,165,Action|Crime|Drama|Thriller,5.564,55,IN,,,India|Switzerland,India|Switzerland
132744,tt0227194,Q1192353,One 2 Ka 4,वन २ का ४,2001-03-30,178,Action|Drama|Comedy,5.6,59,IN,Malaysia,Malaysia,,
271574,tt0301240,Q6895589,Moksha: Salvation,Moksha: Salvation,2001-11-30,148,Drama,6.1,5,IN,,,,
56317,tt0293342,Q1163010,Lajja,लज्जा,2001-08-31,185,Drama|Crime,7.139,19,IN,,,,
391552,tt0275381,Q5593445,Grahan,Grahan,2001-02-16,140,,10.0,1,,,,,
386449,tt0297983,Q11170739,Ittefaq,Ittefaq,2001-06-30,138,Thriller,8.0,1,IN,,,,
39837,tt0248617,Q879029,Yaadein,यादें,2001-07-27,193,Drama,5.337,43,IN,London (United Kingdom),United Kingdom,England (United Kingdom)|India|London (United Kingdom),India|United Kingdom
33457,tt0291376,Q239601,Nayak: The Real Hero,नायक,2001-09-07,187,Drama|Thriller|Action,7.108,120,IN,,,,
80156,tt0284137,Q780886,Gadar: Ek Prem Katha,ग़दर: एक प्रेम कथा,2001-06-15,182,Action|Drama|Romance|History,6.753,83,IN,,,Punjab (India),India
410738,tt1213855,,Dial 100,Dial 100,2001-10-05,180,Drama|Crime,0.0,0,IN,,,,
491109,tt0279021,Q5094989,Chhupa Rustam: A Musical Thriller,Chhupa Rustam: A Musical Thriller,2001-03-23,127,Thriller|Romance,4.0,5,IN,,,,
46430,tt0278522,Q12429457,Jodi No. 1,Jodi No. 1,2001-04-13,140,Comedy|Romance,5.4,34,IN,,,Mumbai (India),India
302936,tt0301250,Q663834,Tera Mera Saath Rahen,Tera Mera Saath Rahen,2001-11-07,148,Music|Drama,5.8,4,IN,,,,
64880,tt0290326,Q7852442,Tum Bin,तुम बिन,2001-06-25,158,Romance|Drama,7.5,23,IN,,,Canada,Canada
1093074,tt0466208,Q4900796,Bhairav,Bhairav,2001-01-26,125,Action,10.0,1,IN,Ooty (India),India,,
46418,tt0299108,Q7309828,Rehnaa Hai Terre Dil Mein,रहना है तेरे दिल में,2001-10-19,168,Drama|Romance,6.467,46,IN,,,,
32222,tt0203289,Q4743611,American Desi,American Desi,2001-01-01,100,Comedy|Romance|Drama,5.9,10,US|IN,New Jersey (United States),United States,New Jersey (United States),United States
107548,tt0256692,Q874521,Chori Chori Chupke Chupke,चोरी चोरी चुपके चुपके,2001-03-09,160,Drama|Romance,5.94,85,IN,,,,
174059,tt0284083,Q2362979,Ek Rishtaa: The Bond of Love,एक रिश्ता: प्यार का बंधन,2001-05-18,174,Drama|Family,6.25,12,IN,,,,
136615,tt0272688,Q6374620,Kasoor,Kasoor,2001-02-02,151,Drama|Mystery|Thriller,5.789,19,IN,,,,
25801,tt0305173,Q4661445,Aamdani Atthanni Kharcha Rupaiya,Aamdani Atthanni Kharcha Rupaiya,2001-12-21,161,Comedy,4.879,29,IN,,,,
948103,tt0372854,Q100329013,Daughters of This Century,Daughters of This Century,2001-03-14,180,Drama,9.0,1,IN,,,,
253705,tt0298607,Q12448284,Yeh Zindagi Ka Safar,Yeh Zindagi Ka Safar,2001-11-16,146,,7.0,1,IN,,,,
210068,tt0284328,Q11786533,Mujhe Kucch Kehna Hai,मुझे कुछ कहना है,2001-05-25,137,Romance,5.065,23,IN,,,,
919661,tt4961370,,Malkin,Malkin,2001-01-01,96,Drama|Thriller,0.0,0,IN,,,,
1019679,tt1027821,Q42915873,Jagira,Jagira,2001-02-16,139,,3.0,3,,,,,
97472,tt0285958,Q7262815,Pyaar Ishq Aur Mohabbat,प्यार इश्क और मोहब्बत,2001-08-03,132,Romance|Drama,5.2,11,IN,,,,
20769,tt0267363,Q5071224,Chandni Bar,चांदनी बार,2001-09-28,150,Crime|Drama,6.633,30,IN,,,Mumbai (India),India
262120,tt0255713,Q779318,Zubeidaa,ज़ुबेदा,2001-01-19,150,Romance|Drama|History|Music,5.206,18,IN,,,Rajasthan (India),India
755997,tt1176141,,Zahreela,Zahreela,2001-03-05,0,Action|Drama|Thriller,5.0,2,IN,,,,
554138,tt2009524,Q6819165,Meri Pyaari Bahania Banegi Dulhania,Meri Pyaari Bahania Banegi Dulhania,2001-08-31,131,Family,10.0,2,IN,Ooty (India),India,,
32429,tt0295603,,Shirdi Sai Baba,Shirdi Sai Baba,2001-01-01,120,Drama|Mystery,9.0,1,IN,,,,
152035,tt0289845,Q2829147,Aks,अक्स,2001-07-13,184,Crime|Thriller|Horror,5.357,14,IN,,,,
142631,tt0287537,Q4854991,Love Ke Liye Kuch Bhi Karega,लव के लिये कुछ भी करेगा,2001-06-21,139,Comedy,5.636,22,IN,,,,
234562,tt0299027,Q6796649,Maya,Maya,2001-09-07,105,Drama,6.333,3,IN,,,,
496550,tt3807752,,Bhayanak Bhootani,Bhayanak Bhootani,2001-01-01,0,Horror,0.0,0,IN,,,,
404930,tt0446159,Q19573025,Mitti,Mitti,2001-10-26,155,Thriller|Action|Crime,7.0,2,IN,,,,
82575,tt0300028,Q6019764,Indian,Indian,2001-10-26,178,Action|Crime|Drama,5.167,18,IN,,,,
891919,tt1262868,,Bub,Bub,2001-12-01,114,Drama,0.0,0,IN,,,,
165065,tt0271604,Q938782,Kuch Khatti Kuch Meethi,कुछ खट्टी कुछ मीठी,2001-01-19,120,Family|Drama,6.1,10,IN,,,,
401769,tt3807734,,Bholi Bhali Ladki,Bholi Bhali Ladki,2001-06-11,121,Crime|Thriller,0.0,0,IN,,,,
1062251,tt0273535,Q12433675,Dil Ne Phir Yaad Kiya,दिल ने फिर याद किया,2001-09-07,120,Drama|Romance|Music,6.2,4,IN,,,,
496571,tt3844806,,Main Hoon Qatil Jaadugarni,Main Hoon Qatil Jaadugarni,2001-01-01,88,Thriller|Horror,0.0,0,IN,,,,
1000111,tt2499632,,Ek Aur Jung,Ek Aur Jung,2001-03-03,133,Action|Crime,0.0,0,,,,,
419052,tt0348190,Q7701705,Tere Liye,Tere Liye,2001-12-14,138,Music|Drama|Family,7.0,2,,,,,
302990,tt0317811,Q6373982,Kasam,कसम,2001-10-12,134,Action|Drama,5.0,2,,,,,
362100,tt0273406,Q2820106,Aashiq,Aashiq,2001-01-26,160,Action|Romance,4.8,8,IN,,,,
1725846,tt10173088,,Fauladi No.1,Fauladi No.1,2001-01-01,0,,0.0,0,,,,,
166253,tt0281102,Q3411165,Pyaar Tune Kya Kiya,प्यार तूने क्या किया...,2001-05-09,120,Thriller,6.083,12,IN,,,,
1369935,tt2666394,,Woh Kaun Thi,Woh Kaun Thi,2001-01-01,143,Horror,0.0,0,IN,,,,
64049,tt0298606,Q12448457,Yeh Teraa Ghar Yeh Meraa Ghar,ये तेरा घर ये मेरा घर,2001-10-12,159,Comedy|Drama|Romance,5.4,15,IN,,,,
411636,tt0283911,Q809728,Bas Itna Sa Khwaab Hai,बस इतना सा ख्वाब है,2001-07-06,169,Romance,5.7,9,IN,,,Mumbai (India),India
277429,tt0847758,Q12438981,Pyaar Zindagi Hai,Pyaar Zindagi Hai,2001-09-07,157,Romance|Thriller,0.0,0,IN,,,,
411970,tt0292552,Q16249037,Hum Ho Gaye Aap Ke,हम हो गये आपके,2001-08-03,157,Romance|Drama|Music,9.0,4,IN,,,,
232795,tt0118578,Q4709483,Albela,Albela,2001-04-19,156,,4.0,10,,Austria,Austria,,
295129,tt0341323,Q5179183,Cover Story,Cover Story,2001-08-19,140,Thriller|Action|Family,7.0,2,IN,,,,
294088,tt0302524,Q9251686,Ehsaas: The Feeling,Ehsaas,2001-01-11,0,Drama,5.3,3,IN,,,,
125809,tt0286887,Q7148606,A Dog's Day,Pattiyude Divasam,2001-05-16,74,Drama,9.0,1,IN,,,,
927936,tt2437584,Q16250337,Khatron Ke Khiladi,खतरों के खिलाड़ी,2001-05-04,156,Action,0.0,0,IN,Ooty (India),India,,
543332,tt0265452,Q7079441,Officer,Officer,2001-03-21,159,Action|Crime|Drama,4.2,5,IN,,,,
1058477,tt1291626,Q55605363,Bhookha Sher,Bhookha Sher,2001-08-31,109,,5.0,0,,,,,
712840,tt2519208,,Daku Bhairav Singh,Daku Bhairav Singh,2001-08-06,128,Action,4.0,1,,,,,
304139,tt0277981,Q7283577,Rahul,Rahul,2001-03-23,151,Drama,5.0,3,,,,,
565696,tt0273164,Q5211939,Daman: A Victim of Marital Violence,Daman,2001-05-04,130,Drama,4.8,4,IN,,,,
571294,tt0477574,Q4887660,Bengal tiger,Bengal tiger,2001-06-08,121,Action,9.0,2,IN,Ooty (India),India,,
311480,tt0284999,Q20814492,Dattak,Dattak,2001-11-01,125,Drama,7.0,1,IN,,,,
496582,tt3840036,,Maut Ki Haveli,Maut Ki Haveli,2001-11-09,0,Horror,0.0,0,IN,,,,
885005,tt0926187,Q4791558,Arjun Devaa,Arjun Devaa,2001-11-23,133,Action|Crime,0.0,0,CA,Ooty (India),India,,
496413,tt3813116,,Kunwari Chudail,Kunwari Chudail,2001-01-01,86,Horror,0.0,0,IN,,,,
1178512,tt3170618,,Kaam Granth,Kaam Granth,2001-01-01,0,Drama,0.0,0,,,,,
500060,tt3848476,,Tahkhana,Tahkhana,2001-06-01,90,Horror,0.0,0,IN,,,,
1453437,,,Ramgadh Ki Ramkali,Ramgadh Ki Ramkali,2001-01-01,115,,0.0,0,,,,,
1197833,,,Smita,Smita,2001-12-30,16,Documentary,0.0,0,IN,,,,
642077,tt1764230,,Chandni Bani Chudail,Chandni Bani Chudail,2001-01-01,77,Horror|Drama,0.0,0,IN,,,,
652243,tt1144441,,Qatil Haseeno Ka,Qatil Haseeno Ka,2001-04-02,110,Crime|Horror,0.0,0,IN,,,,
664541,tt3851672,,Heroine No.1,Heroine No.1,2001-01-01,0,Drama|Thriller,0.0,0,IN,,,,
113172,tt0285319,Q7121415,Paagalpan,Paagalpan,2001-06-08,146,Romance,8.5,2,IN,,,,
500064,tt2457382,,Dafan,Dafan,2001-03-15,100,Horror,0.0,0,IN,,,,
819775,tt2567820,,Jaydev,Jaydev,2001-05-25,0,,5.0,1,,,,,
1110362,,,Aage Maut Peeche Maut,आगे मौत पीछे मौत,2001-03-02,78,Horror,0.0,0,IN,,,,
1480547,tt0350612,,Bhaago Bhoot,Bhaago Bhoot,2001-01-01,0,,0.0,0,,,,,
819839,tt2006229,,Saugandh Geeta Ki,Saugandh Geeta Ki,2001-10-01,0,,0.0,0,,,,,
496580,tt4544340,,Prem Jaal,Prem Jaal,2001-01-01,0,Thriller,0.0,0,IN,,,,
476930,,,Devi Tere Roop Anek,Devi Tere Roop Anek,2001-01-01,114,,0.0,0,IN,,,,
165404,tt0326576,Q3787612,Humraaz,हमराज़,2002-07-26,173,Action|Romance|Thriller,6.135,26,IN,,,,
21982,tt0306434,Q4661603,Aankhen,आँखें,2002-03-27,165,Crime|Thriller,6.5,77,IN,,,,
15917,tt0238936,Q247854,Devdas,देवदास,2002-07-11,185,Drama|Romance,7.5,394,IN,,,Kolkata (India),India
26277,tt0272736,Q263006,Mujhse Dosti Karoge!,मुझसे दोस्ती करोगे!,2002-08-08,149,Romance|Comedy|Drama,6.2,99,IN,London (United Kingdom),United Kingdom,London (United Kingdom),United Kingdom
161179,tt0331639,Q1762413,Shakti: The Power,Shakti: The Power,2002-09-20,185,Action|Drama,6.409,22,IN,,,,
366169,tt0342624,Q6373885,Karz: The Burden of Truth,Karz: The Burden of Truth,2002-12-06,173,Action|Crime|Drama,4.5,10,IN,,,,
78827,tt0337971,Q5251032,Deewangee,दीवानगी,2002-10-25,156,Crime|Drama|Mystery|Thriller|Romance,6.526,19,IN,,,,
618977,tt2009559,Q7265853,Qaidi,Qaidi,2002-05-03,101,Action,0.0,0,IN,Ooty (India),India,,
90634,tt0222024,Q1656251,Hum Tumhare Hain Sanam,हम तुम्हारे हैं सनम,2002-05-24,174,Romance|Drama|Comedy,5.563,64,IN,,,,
175614,tt0328998,Q1225387,Dil Hai Tumhaara,दिल है तुम्हारा,2002-09-05,185,Drama|Romance,5.7,36,IN,,,,
31525,tt0319736,Q644351,The Legend of Bhagat Singh,द लीज़ेंड ऑफ़ भगत सिंह,2002-06-07,155,Crime|Drama|History,7.2,76,IN,,,British Raj (British Empire),British Empire
117096,tt0321067,Q4663011,Ab Ke Baras,Ab Ke Baras,2002-05-10,169,Adventure|Fantasy|Drama|Thriller|Romance,6.0,7,IN,,,,
15761,tt0296574,Q225093,Company,Company,2002-04-15,156,Action|Crime|Drama,7.012,82,IN,,,Mumbai (India),India
20656,tt0330843,Q1471937,Saathiya,साथिया,2002-12-20,143,Romance|Drama,6.161,62,IN,,,,
159436,tt0326983,Q6109704,Jaani Dushman: Ek Anokhi Kahani,Jaani Dushman: Ek Anokhi Kahani,2002-08-16,179,Action|Fantasy|Thriller|Horror,4.586,35,IN,,,,
35907,tt0294662,Q3812382,Kaante,कांटे,2002-12-20,152,Crime|Thriller|Action,5.5,54,IN,Los Angeles (United States),United States,United States,United States
97437,tt0320097,Q5936551,Hum Kisi Se Kum Nahin,हम किसी से कम नहीं,2002-05-31,161,Comedy|Action|Romance|Drama,5.6,20,IN|CA,,,,
20731,tt0307873,Q1813348,Raaz,राज़,2002-02-01,152,Thriller|Horror,5.813,48,IN,,,,
317039,tt0337633,Q5681567,Hathyar,Hathyar: Face to Face with Reality,2002-10-18,140,,4.5,14,IN,,,,
115124,tt0319020,Q4829820,Awara Paagal Deewana,आवारा पागल दीवाना,2002-06-21,169,Comedy|Action,5.661,60,IN,,,India|United States,India|United States
465164,tt0309087,Q8051205,Yeh Mohabbat Hai,Yeh Mohabbat Hai,2002-02-08,94,Romance|Action,7.0,1,UZ|IN,,,,
165979,tt0308347,Q3125250,Haan Maine Bhi Pyaar Kiya,Haan Maine Bhi Pyaar Kiya,2002-02-15,174,Romance|Music,4.382,17,IN,,,,
498713,tt0324951,Q4631657,23rd March 1931: Shaheed,23rd March 1931: Shaheed,2002-06-07,185,Drama|History,6.0,6,IN,,,Lahore (Pakistan),Pakistan
83902,tt0248216,Q378296,Na Tum Jaano Na Hum,ना तुम जानो ना हम,2002-05-10,159,Romance|Drama,5.125,15,IN,,,,
161218,tt0328671,Q2599979,Yeh Hai Jalwa,ये है जलवा,2002-07-25,142,Romance|Drama|Comedy,5.556,18,IN,,,,
139656,tt0322653,Q6818889,Mere Yaar Ki Shaadi Hai,Mere Yaar Ki Shaadi Hai,2002-06-07,158,Comedy|Romance,6.105,19,IN,,,Mumbai (India),India
117142,tt0331479,Q5350180,Ek Chhoti Si Love Story,Ek Chhoti Si Love Story,2002-09-06,145,Romance|Drama,5.0,9,IN,,,,
545339,tt0311411,Q6436115,Kranti,Kranti,2002-03-08,142,Action|Drama,7.0,3,,,,,
49518,tt0247911,Q301012,Aap Mujhe Achche Lagne Lage,आप मुझे अच्छे लगने लगे,2002-04-19,166,Action|Romance|Drama,4.857,21,IN,,,,
166870,tt0307866,Q5448415,Filhaal...,फ़िलहाल,2002-02-01,151,Drama|Romance,10.0,1,IN,,,,
234179,tt0325041,Q2878617,Badhaai Ho Badhaai,Badhaai Ho Badhaai,2002-11-08,149,Comedy|Music|Drama,5.3,11,,,,Delhi (India),India
459079,tt0339878,Q7958567,Waah! Tera Kya Kehna,Waah! Tera Kya Kehna,2002-11-01,142,Comedy,6.0,5,IN,,,,
819735,tt0338721,Q4768014,Annarth,Annarth,2002-11-01,0,Action|Thriller,5.3,3,,,,,
158723,tt0331421,Q4700753,Akhiyon Se Goli Maare,Akhiyon Se Goli Maare,2002-08-02,146,Comedy|Romance,5.571,21,IN,,,,
59372,tt0332766,Q7645250,Sur: The Melody of Life,Sur: The Melody of Life,2002-09-13,143,Drama,7.167,6,IN,,,,
389245,tt0312883,Q6450619,Kya Yehi Pyaar Hai,Kya Yehi Pyaar Hai,2002-04-10,145,Romance|Comedy|Music,6.2,7,IN,,,,
277751,tt0326600,Q6736356,Maine Dil Tujhko Diya,Maine Dil Tujhko Diya,2002-08-23,154,Action|Drama|Romance,5.2,13,IN,,,,
295735,tt3098392,,Khajuraho,Khajuraho,2002-01-11,0,History|Drama,0.0,0,IN,,,,
929391,,,Bibhatsa,Bibhatsa,2002-01-01,0,,0.0,0,,,,,
33146,tt0327071,Q3351801,Om Jai Jagadish,Om Jai Jagadish,2002-07-08,172,Drama,5.261,23,AE|IN|NZ,,,,
210614,tt0313395,Q6418257,Kitne Door Kitne Paas,Kitne Door... Kitne Paas,2002-05-01,146,Comedy|Romance,5.8,5,,,,,
312216,tt0338566,Q8051202,Yeh Kya Ho Raha Hai?,Yeh Kya Ho Raha Hai?,2002-10-11,0,Romance|Comedy,5.5,4,IN,,,,
309386,tt0331216,Q5104927,Chor Machaaye Shor,चोर मचाए शोर,2002-08-23,145,Comedy,4.2,8,IN,,,,
404394,tt0311337,,Inth Ka Jawab Patthar,Inth Ka Jawab Patthar,2002-01-04,160,Action|Music,9.0,1,IN,,,,
1548759,,,Bhagat Singh,Bhagat Singh,2002-01-01,178,History|TV Movie,0.0,0,IN,,,,
55212,tt0310254,Q495113,Tumko Na Bhool Paayenge,तुमको ना भूल पाएँगे,2002-02-24,160,Action|Drama|Mystery,5.917,30,IN,,,,
134841,tt0341455,Q6738864,Makdee,मकड़ी,2002-11-22,90,Family|Horror|Fantasy,6.84,25,IN,,,,
370112,tt0327004,Q6441390,Kuch Tum Kaho Kuch Hum Kahein,Kuch Tum Kaho Kuch Hum Kahein,2002-06-28,173,Family|Action|Drama|Romance,7.05,10,IN,,,,
273579,tt0274019,Q1389733,Pyaar Diwana Hota Hai,Pyaar Diwana Hota Hai,2002-05-06,148,,5.6,8,,,,,
554503,tt0391187,Q11263974,The Wound,Ghaav,2002-12-27,124,Action|Crime|Drama,7.0,1,IN,,,,
46369,tt0313844,Q4552054,16 December,16 December,2002-03-22,158,Action|Thriller|Crime,5.9,13,IN,,,,
817132,tt0337256,,The Little Republic,Swaraaj,2002-08-28,90,,9.0,1,,,,,
214066,tt0335044,Q5276648,Dil Vil Pyar Vyar,दिल विल प्यार व्यार,2002-10-18,159,Romance|Drama,5.6,7,IN,,,,
496583,tt3918496,,Chalu Aunty,Chalu Aunty,2002-01-01,0,Thriller,7.5,1,IN,,,,
302926,tt0284479,Q737678,Shararat,Shararat,2002-07-12,0,,7.6,6,IN,,,,
248202,tt0318956,Q3627489,Tum Se Achcha Kaun Hai,Tum Se Achcha Kaun Hai,2002-04-26,150,Music|Romance,7.2,4,IN,,,,
166258,tt0315632,Q1306876,Road,Road,2002-09-27,144,Thriller,5.615,13,IN,,,Rajasthan (India),India
1712623,tt2660848,,Rang Mahal,Rang Mahal,2002-01-01,0,Drama,0.0,0,IN,,,,
712747,tt3914354,,Aadamkhor Haseena,Aadamkhor Haseena,2002-06-21,126,Horror,0.0,0,IN,,,,
302539,tt0322936,Q6383509,Kehtaa Hai Dil Baar Baar,Kehtaa Hai Dil Baar Baar,2002-11-15,119,Comedy|Romance|Drama,7.0,4,IN,,,United States,United States
499110,tt0327005,Q6450621,Kyaa Dil Ne Kahaa,Kyaa Dil Ne Kahaa,2002-06-28,149,Romance|Comedy|Drama,5.7,3,IN,,,,
295811,tt0331256,Q5618467,Gunaah,Gunaah,2002-01-03,135,Drama,4.7,10,IN,,,,
309467,tt0315777,Q21646098,Ansh,Ansh,2002-04-02,180,Crime|Thriller,6.667,3,,,,,
302895,tt0306840,Q3423473,Koi Mere Dil Se Poochhe,Koi Mere Dil Se Poochhe,2002-01-11,165,Thriller|Music|Romance,4.6,5,IN,,,,
358794,tt0341458,Q6782947,Maseeha,Maseeha,2002-01-01,118,Drama,7.0,2,,,,,
215322,tt0341549,Q3433136,Rishtey,Rishtey,2002-08-18,156,Action|Drama,6.0,17,,,,,
158807,tt0348824,Q1060164,Chalo Ishq Ladaaye,चलो इशक़ लड़ायें,2002-11-07,141,,4.2,16,IN,,,,
311469,tt0305455,Q7198591,Pitaah,Pitaah,2002-01-04,127,Drama|Action,6.125,8,IN,,,,
451396,tt0307682,Q8051182,Yeh Dil Aashiqanaa,Yeh Dil Aashiqanaa,2002-01-18,152,Romance|Action,6.167,6,IN,,,,
257620,tt0410149,Q6352444,Kali Salwar,काली सलवार,2002-02-01,112,Drama,6.8,4,IN,,,Mumbai (India),India
1549881,,,Kaun Karega Insaaf,Kaun Karega Insaaf,2002-01-01,126,,0.0,0,IN,,,,
1691874,,,Made in India,Made in India,2002-01-01,38,Documentary,0.0,0,IN,,,,
596171,tt0440446,,Guru Mahaaguru,Guru Mahaaguru,2002-12-13,130,Action|Crime,10.0,1,IN,,,,
309074,tt0337652,Q12428988,Jeena Sirf Merre Liye,जीना सिर्फ़ मेरे लिए,2002-11-20,137,Action|Drama,4.778,10,IN,,,,
914057,tt5182784,,A Night of Prophecy,A Night of Prophecy,2002-01-01,77,Documentary,0.0,0,,,,,
303288,tt0490434,,Kaaboo,Kaaboo,2002-01-01,135,Action,7.0,1,IN,,,,
424491,tt0329620,Q7550351,Soch,Soch,2002-08-23,0,Thriller,10.0,1,IN,,,,
1556303,tt0315767,,Angaar: The Fire,Angaar: The Fire,2002-01-01,0,,7.0,1,,,,,
321335,tt0307116,Q13564956,Maa Tujhhe Salaam,Maa Tujhhe Salaam,2002-01-25,160,Action|Drama,3.7,7,,,,,
304165,tt0316154,Q19580530,Lal Salaam,Lal Salaam,2002-05-03,131,Action|Drama|Music,6.5,2,,,,,
97350,tt0326722,Q4693210,Agni Varsha,अग्नि वर्षा,2002-08-30,130,Drama|Fantasy,3.6,5,IN,,,,
277015,tt0317153,,Bharat Bhagya Vidhata,Bharat Bhagya Vidhata,2002-04-19,0,Drama|Thriller,10.0,1,,,,,
404901,tt1577844,,Lovers Like Us,Lovers Like Us,2002-07-04,141,Drama|Romance,0.0,0,IN,,,,
513537,tt2431608,,Neel Parbat Ke Paar,Neel Parbat Ke Paar,2002-03-07,77,Drama,10.0,2,IN,,,,
224260,tt0313743,Q110933254,Vadh,Vadh,2002-03-29,132,Mystery|Thriller,7.0,9,IN,,,,
310905,tt0375733,Q5375566,Encounter: The Killing,Encounter: The Killing,2002-08-09,150,Crime,7.0,1,IN,,,,
476894,tt0483282,Q16251452,Marshal,Marshal,2002-09-13,125,Action,10.0,2,IN,Ooty (India),India,,
304144,tt1206654,,Aakheer,Aakheer,2002-01-25,135,Crime|Action|Drama,0.0,0,IN,,,,
143795,tt0311356,Q16255280,War and Peace,War and Peace,2002-04-14,148,Documentary,6.8,4,IN,,,Japan,Japan
1199824,,,A Few Things I Know About Her,A Few Things I Know About Her,2002-03-07,29,Documentary,0.0,0,IN,,,,
920109,tt1062967,,Sindoor Ki Saugandh,Sindoor Ki Saugandh,2002-01-01,112,Action,0.0,0,IN,,,,
920272,tt0323415,Q20814669,Nishad,Nishad,2002-09-01,118,Drama,9.0,1,IN,,,,
606019,tt0391099,Q5316006,Duplicate Sholay,Duplicate Sholay,2002-04-26,147,Comedy,4.0,2,IN,,,,
709031,tt3918848,,Mahal,Mahal,2002-12-31,0,Horror,0.0,0,IN,,,,
1196925,,,Dhrupad in the Time of Liberalisation,Dhrupad in the Time of Liberalisation,2002-01-01,31,Documentary,0.0,0,IN,,,,
1557063,,,Narayan Gangaram Surve,Narayan Gangaram Surve,2002-06-01,49,Drama,0.0,0,IN,,,,
1453505,,,Shola Bai,Shola Bai,2002-08-16,92,,0.0,0,,,,,
476720,tt0488287,Q42320653,Darwaza,Darwaza,2002-09-27,80,Horror,9.0,1,IN,,,,
767771,tt0340464,Q8072343,Zindagi Khoobsoorat Hai,Zindagi Khoobsoorat Hai,2002-10-04,148,Drama|Family,10.0,2,IN,,,,
501173,tt3949018,,Shaitan Mantrik,Shaitan Mantrik,2002-01-01,89,Horror,0.0,0,,,,,
685237,tt0396057,Q5936577,Hum Pyar Tumhi Se Kar Baithe,Hum Pyar Tumhi Se Kar Baithe,2002-11-08,138,,5.0,2,IN,,,,
355186,tt1082043,,Manjuben Truck Driver,Manjuben Truck Driver,2002-01-01,52,Documentary,0.0,0,,,,,
499242,tt0335592,Q16253356,Pyaasa,Pyaasa,2002-01-01,137,Drama|Romance,5.0,2,IN,,,,
1281432,tt0325644,,Jari Mari: Of Cloth and Other Stories,Jari Mari: Of Cloth and Other Stories,2002-01-27,75,Documentary,7.0,1,,,,,
887152,tt2677146,,Badmaash No.1,Badmaash No.1,2002-01-01,0,Action,0.0,0,,,,,
886435,tt0400478,,The Great Target,The Great Target,2002-01-01,0,,10.0,1,,,,,
165402,tt0265148,Q746388,Main Prem Ki Diwani Hoon,मैं प्रेम की दीवानी हूँ,2003-06-26,197,Romance|Music,5.206,63,IN,,,,
4254,tt0347304,Q507490,Kal Ho Naa Ho,कल हो ना हो,2003-11-27,187,Comedy|Drama|Romance,7.5,462,IN,Mumbai (India),India,India,India
25516,tt0254481,Q1094839,Koi... Mil Gaya,कोई मिल गया,2003-08-08,165,Science Fiction|Action|Adventure,7.0,285,IN,Uttarakhand (India),India,Himachal Pradesh (India),India
33067,tt0383975,Q1060820,Chameli,चमेली,2003-12-31,108,Drama|Romance,5.865,26,IN,,,Mumbai (India),India
19625,tt0374887,Q262778,Munna Bhai M.B.B.S.,मुन्ना भाई एम बी बी एस,2003-12-19,156,Comedy|Drama,7.211,381,IN,,,Mumbai (India),India
271677,tt0347167,Q2411930,The Hero: Love Story of a Spy,दी हीरो : लव स्टोरी ऑफ़ अ स्पाई,2003-04-10,160,Thriller|Action|Adventure|Romance,6.2,24,IN,,,Canada,Canada
39839,tt0337578,Q3124318,Baghban,बागबान,2003-10-03,183,Drama,6.883,132,IN,London (United Kingdom),United Kingdom,,
71920,tt0347416,Q2009584,LOC: Kargil,LOC: Kargil,2003-12-12,255,Action|War|History,5.6,26,IN,,,Jammu and Kashmir (India),India
4252,tt0346723,Q1060293,Chalte Chalte,चलते चलते,2003-06-12,175,Comedy|Drama|Romance,6.389,113,IN,,,Greece,Greece
496356,tt4239948,,Tantrik Shakti,Tantrik Shakti,2003-01-17,0,Horror,0.0,0,IN,,,,
21265,tt0379370,Q542866,Maqbool,मक़बूल,2003-01-30,132,Crime|Drama,7.014,72,IN,,,Mumbai (India),India
56969,tt0374271,Q1109255,Tere Naam,Tere Naam,2003-08-15,132,Action|Drama|Romance|Thriller,6.4,104,IN,,,,
270823,tt0338477,Q7678753,Talaash: The Hunt Begins,Talaash: The Hunt Begins,2003-01-03,153,Action|Drama|Mystery|Crime,5.273,11,IN,,,,
48391,tt0348843,Q4468079,Jism,Jism,2003-01-17,136,Thriller,4.2,26,IN,,,,
401465,tt1146305,,Anubhav: An Experience,Anubhav,2003-06-09,90,Drama|Crime,0.0,0,IN,,,,
73237,tt0338490,Q1257043,3 Deewarein,3 Deewarein,2003-01-08,120,Crime|Drama,7.55,20,IN,,,,
380880,tt0358247,,Valentine Days,Valentine Days,2003-02-08,125,Comedy|Drama|Romance,8.0,1,IN,,,,
105025,tt0330217,Q442678,Dil Ka Rishta,दिल का रिश्ता,2003-01-17,150,Drama|Romance,6.354,48,IN,,,,
212502,tt0354538,Q5350171,Ek Aur Ek Gyarah: By Hook or by Crook,Ek Aur Ek Gyarah: By Hook or by Crook,2003-08-06,144,Action|Comedy|Crime,5.9,34,IN,,,,
821786,tt0337837,,Banana Brothers,Banana Brothers,2003-01-01,0,Comedy,8.0,1,,,,,
477859,tt0381090,Q11274096,Chupke Se,Chupke Se,2003-09-12,160,,6.0,3,,,,,
451920,tt0363833,Q3327763,Mumbai Se Aaya Mera Dost,Mumbai Se Aaya Mera Dost,2003-08-22,146,Adventure|Romance|Action,3.7,7,IN,,,,
302469,tt0391079,Q5276634,Dil Pardesi Ho Gayaa,Dil Pardesi Ho Gayaa,2003-09-01,150,Drama|Romance,7.2,5,,,,,
222955,tt0366630,Q6150816,Janasheen,Janasheen,2003-09-12,162,,5.167,7,,,,,
21184,tt0371735,Q5942676,Hungama,हंगामा,2003-08-01,153,Comedy,6.827,101,IN,,,,
487392,tt0387164,Q12434631,Dhoop,Dhoop,2003-11-16,0,,5.7,3,IN,,,,
467219,tt0354786,Q18740624,Oops!,Oops!,2003-01-01,109,Drama,4.6,18,IN,,,,
1683494,tt0397542,,Mulit,Mulit,2003-01-01,12,Music|Comedy,9.0,1,,,,,
301087,tt0386121,Q8029079,Woh Tera Naam Tha,Woh Tera Naam Tha,2003-12-01,0,Romance,8.2,4,IN,,,,
403916,tt0356624,Q5494284,Freaky Chakra,Freaky Chakra,2003-02-07,90,Comedy|Drama,10.0,1,IN,,,,
819790,tt2150074,,Koi Hai,Koi Hai,2003-06-06,102,Drama|Mystery|Thriller,0.0,0,IN,,,,
48244,tt0383719,Q8043400,Xcuse Me,Xcuse Me,2003-09-26,152,Comedy,6.3,13,IN,,,,
433718,tt0391165,Q5508643,Fun2shh... Dudes in the 10th Century,Fun2shh... Dudes in the 10th Century,2003-12-19,150,Fantasy|Comedy,4.4,15,IN,,,,
499969,tt0417528,Q51880026,Madness in the Desert,Madness in the Desert,2003-08-07,141,Documentary,7.1,10,IN,,,,
345426,tt0348656,Q1740708,Khushi,खुशी,2003-02-07,166,Romance|Drama|Action,5.261,23,IN,,,,
74481,tt0349333,Q5224087,Darna Mana Hai,डरना मना है,2003-06-25,121,Horror,5.989,45,IN,,,,
403428,tt0348258,Q7851794,Tujhe Meri Kasam,Tujhe Meri Kasam,2003-01-03,155,Romance|Family|Comedy,6.0,6,IN,,,,
117322,tt0374660,Q5466538,Footpath,फुटपाथ,2003-08-15,163,Drama|Action|Crime,5.412,17,,,,Mumbai (India),India
292879,tt0345594,Q4271817,Love at Times Square,Love at Times Square,2003-02-14,120,Romance,6.0,2,,,,United States,United States
138510,tt0330783,Q7238285,Praan Jaye Par Shaan Na Jaye,Praan Jaye Par Shaan Na Jaye,2003-05-01,137,Drama,7.0,3,IN,,,Mumbai (India),India
303398,tt0340178,Q6109601,Jaal: The Trap,जाल: द ट्रैप,2003-07-18,0,Action|Drama,5.9,9,IN,New Zealand,New Zealand,,
309092,tt0380337,Q5350187,"One Day, 24 Hours",Ek Din 24 Ghante,2003-01-01,0,Thriller,9.0,0,IN,,,,
348152,tt0368811,Q6124337,Jajantaram Mamantaram,Jajantaram Mamantaram,2003-05-30,115,Family|Fantasy,6.0,14,IN,,,,
150922,tt0384491,Q7408920,Samay: When Time Strikes,Samay: When Time Strikes,2003-10-10,130,Crime|Thriller|Mystery,6.808,13,IN,,,,
198727,tt0347779,Q7195916,Pinjar,पिंजर,2003-10-22,188,Drama|Romance|Music,7.667,15,IN,,,Punjab (India),India
48923,tt0369637,Q1366321,Kuch Naa Kaho,Kuch Naa Kaho,2003-08-26,169,Comedy|Drama|Romance,5.7,29,IN,,,,
362291,tt0345043,Q1089690,Chura Liyaa Hai Tumne,Chura Liyaa Hai Tumne,2003-05-21,143,Drama|Thriller,4.9,7,IN,,,,
496533,tt0349115,Q2877657,Baaz: A Bird in Danger,Baaz: A Bird in Danger,2003-02-07,176,Thriller|Horror,5.5,4,IN,,,,
81150,tt0375021,Q7379002,Rules - Pyaar Ka Superhit Formula,Rules - Pyaar Ka Superhit Formula,2003-09-05,145,Drama|Comedy|Romance,4.4,7,,,,,
604306,tt0387486,Q96398599,Patth,Patth,2003-11-07,157,Drama,7.0,1,,,,Mumbai (India),India
107937,tt0341266,Q2069934,Bhoot,भूत,2003-05-30,113,Horror,6.014,36,IN,,,,
97027,tt0363721,Q6214747,Joggers Park,जोगर्स पार्क,2003-09-12,0,Drama|Comedy|Romance,6.0,3,IN,,,Mumbai (India),India
54072,tt0346507,Q4753466,Andaaz,अंदाज़,2003-05-23,146,Drama|Music|Romance,5.895,19,IN,,,,
347210,tt0388315,Q7111521,Out of Control,आउट ऑफ कन्ट्रोल,2003-11-21,145,Comedy|Drama|Romance,7.5,8,US|IN,,,United States,United States
109454,tt0352489,Q6374172,Kash Aap Hamare Hote,Kash Aap Hamare Hote,2003-02-14,130,Family|Romance|Music,7.5,2,IN,Vancouver (Canada),Canada,Vancouver (Canada),Canada
404373,tt0829200,,Humein Tumse Pyar Ho Gaya Chupke Chupke,Humein Tumse Pyar Ho Gaya Chupke Chupke,2003-06-30,135,Drama,0.0,0,IN,,,,
383404,tt0348662,Q6441368,Kucch To Hai,कुछ तो है,2003-01-24,142,Mystery|Horror|Thriller|Romance,4.9,7,IN,,,,
71064,tt0353351,Q5269886,Dhund: The Fog,Dhund: The Fog,2003-02-21,153,Adventure|Thriller|Mystery|Horror,7.0,4,IN,,,,
69632,tt0314006,Q583136,Dum,दम,2003-01-24,160,Action|Crime|Drama|Romance,4.9,10,IN,,,,
41901,tt0362771,Q1673902,Ishq Vishk,इश्क़ विश्क,2003-05-05,145,Drama|Comedy|Romance,5.943,35,IN,,,,
101783,tt0382385,Q3574720,Zameen,Zameen,2003-09-26,154,Action|Thriller,6.3,15,IN,,,,
46428,tt0373856,Q5521011,Gangaajal,Gangaajal,2003-08-29,157,Drama|Crime,6.701,82,IN,,,Bihar (India),India
361410,tt0362902,Q6983130,Nayee Padosan,Nayee Padosan,2003-01-01,136,Comedy,7.3,3,IN,,,,
919730,tt0484279,,Miss India: The Mystery,Miss India: The Mystery,2003-09-03,130,Mystery,9.0,1,,,,,
354547,tt0369516,Q5684147,Hawa,Hawa,2003-07-04,120,Drama|Horror,4.0,4,IN,,,,
316200,tt0362204,Q7641909,Supari,सुपारी,2003-06-20,143,Action|Crime|Drama,3.8,4,,,,Mumbai (India),India
296375,tt0348521,Q4661636,Aapko Pehle Bhi Kahin Dekha Hai,Aapko Pehle Bhi Kahin Dekha Hai,2003-01-10,0,Romance|Action|Comedy|Drama,6.5,2,IN,,,Canada,Canada
25020,tt0326805,Q2964510,Chori Chori,Chori Chori,2003-08-01,135,Drama|Comedy|Romance,5.8,12,IN,,,,
1454400,tt2730126,,Maut Ke Peeche Maut,Maut Ke Peeche Maut,2003-01-01,78,,0.0,0,,,,,
86576,tt0399942,Q1288055,Paap,Paap,2003-12-20,115,Thriller|Action|Romance,6.4,12,IN,,,Himachal Pradesh (India),India
205211,tt0371922,Q7395756,Saaya,Saaya,2003-07-04,122,Mystery|Horror,4.917,12,IN,,,,
64109,tt0356982,Q7121434,Paanch,पांच,2003-09-21,158,Crime|Thriller,6.7,20,,,,Maharashtra (India),India
423694,tt0341562,Q25218382,Satta,Satta,2003-02-07,153,Drama|Crime,6.8,5,IN,,,,
337500,tt0832297,Q5350169,Ek Alag Mausam,Ek Alag Mausam,2003-01-03,120,Drama,5.0,1,IN,,,,
1228142,tt0483029,,Kyon?,Kyon?,2003-08-29,152,,8.0,1,,,,,
526211,tt2679078,Q18740649,Zinda Dil,Zinda Dil,2003-12-12,0,,0.0,0,IN,,,,
471903,tt1648939,,Ether,Aakaash,2003-07-01,102,Documentary,0.0,0,FR|IN,,,,
496579,tt2728414,,Bhoot Ke Pechhe Bhoot,Bhoot Ke Pechhe Bhoot,2003-01-01,96,Horror,0.0,0,IN,,,,
166256,tt0374848,Q45987,Main Madhuri Dixit Banna Chahti Hoon,मैं माधुरी दीक्षित बनना चाहती हूँ !,2003-10-07,163,Drama|Comedy,5.917,12,IN,,,,
161834,tt0347278,Q3413666,Jhankaar Beats,Jhankaar Beats,2003-06-20,144,Comedy|Romance|Music,6.25,8,IN,,,,
477398,tt2668938,,Meri Ganga Ki Saugandh,Meri Ganga Ki Saugandh,2003-03-14,118,,0.0,0,IN,,,,
276056,tt0352830,Q11104993,Sssshhh...,Sssshhh...,2003-10-24,163,Thriller|Horror,4.3,8,IN,,,,
117368,tt0348172,Q2400420,Tehzeeb,तह्ज़ीब,2003-11-21,143,Drama,3.7,3,IN,,,,
376439,tt4082968,,Pyaasa Haiwan,प्यासा हैवान,2003-01-08,0,Horror,3.8,2,IN,,,,
114813,tt0362696,Q3427394,Haasil,Haasil,2003-05-15,161,Drama|Romance,7.111,19,IN,,,Uttar Pradesh (India),India
296566,tt0357328,Q2599971,Yeh Dil,ये दिल,2003-06-17,147,Romance,4.0,5,IN,,,,
343404,tt0389726,Q4661542,Aanch,Aanch,2003-09-26,160,Drama,9.0,2,IN,,,,
158452,tt0385782,Q6043379,Inteha,Inteha,2003-10-24,155,,9.0,2,IN,,,,
1157268,,,Notes on her,Notes on her,2003-08-11,9,Drama,0.0,0,,,,,
171199,tt0387678,Q7960345,Waisa Bhi Hota Hai: Part II,वैसा भी होता है - द्वितीय,2003-11-14,138,,7.286,7,,,,,
73259,tt0331851,Q2015275,Armaan,Armaan,2003-05-16,158,Drama|Romance,5.6,9,IN,,,,
290239,tt0385982,Q7285414,Raja Bhaiya,Raja Bhaiya,2003-10-24,127,Comedy|Drama,5.6,5,,,,,
499111,tt0357208,Q12459117,Stumped,Stumped,2003-05-16,125,Comedy|Drama,10.0,1,IN,,,,
879371,tt0373970,,Khanjar (The Knife),"Khanjar ""The Knife""",2003-06-27,127,Thriller|Mystery|Action,7.3,3,IN,,,,
918929,tt0391536,Q38805257,Wrong Number,Wrong Number,2003-12-12,121,Mystery|Thriller,8.0,1,IN,,,,
272171,tt0354405,Q101245033,Bas Yun Hi,Bas Yun Hi,2003-01-01,166,Music|Comedy|Romance,7.0,1,IN,,,,
101832,tt0358613,Q7089329,Om,Om,2003-03-21,141,Drama|Romance,5.6,4,IN,,,,
249341,tt0397941,Q25213055,The Bypass,The Bypass,2003-08-13,17,Crime,5.6,9,IN|GB,,,,
496455,tt2666420,Q55608959,Dangerous Night,Kharatnaak Raat,2003-01-01,91,Horror,0.0,0,IN,,,,
423250,tt0378157,Q20649918,Kagaar,Kagaar,2003-10-03,135,Crime|Drama,7.5,2,,,,,
1154383,,,Sasura Bada Paisawala,Sasura Bada Paisawala,2003-01-01,164,,0.0,0,,,,,
318878,tt0349058,Q4645054,88 Antop Hill,88 Antop Hill,2003-06-27,0,Fantasy|Mystery,7.0,1,IN,,,,
648166,tt0381408,Q6770655,Market,Market,2003-09-12,160,Drama,7.0,2,IN,,,,
431804,tt0386499,Q7757190,The Pink Mirror,गुलाबी आइना,2003-09-14,35,,4.5,11,IN,,,,
404412,tt0829210,,Kaash... Hamara Dil Pagal Na Hota,Kaash Hamara Dil Pagal Na Hota,2003-06-30,149,Comedy,0.0,0,IN,,,,
500071,tt4001950,,Duplicate Jaani Dushman,Duplicate Jaani Dushman,2003-09-05,87,Horror,0.0,0,IN,,,,
143734,tt0366880,Q7141391,Parwana,Parwana,2003-09-12,120,,7.5,4,IN,,,Jammu and Kashmir (India),India
403755,tt0312664,Q5397044,Escape From Taliban,Escape From Taliban,2003-02-14,133,Thriller|Drama|War,6.0,2,IN,,,,
888497,tt0362795,Q122179134,Kahan Ho Tum,Kahan Ho Tum,2003-07-11,0,Drama|Family|Mystery,8.0,1,IN,,,,
46413,tt0382188,Q6935289,Mumbai Matinee,Mumbai Matinee,2003-09-26,125,Drama|Comedy|Romance,4.5,6,IN,,,,
72578,tt0349679,Q6403403,Khwahish,Khwahish,2003-11-10,152,Drama|Romance,4.2,5,IN,,,,
1111351,,,Naga Story : The OtherSide of Silence,Naga Story : The OtherSide of Silence,2003-08-09,62,Documentary,0.0,0,,,,,
765103,tt0380017,Q55634590,Tada,Tada,2003-08-29,154,,10.0,1,,,,,
86691,tt4004766,,Jungle Ki Nagin,Jungle Ki Nagin,2003-01-01,99,Horror|Drama,0.0,0,IN,,,,
1456643,,,Shamshan Ghat,Shamshan Ghat,2003-01-01,100,Horror,0.0,0,,,,,
781035,tt4961064,,Heda Hoda,Heda Hoda,2003-01-03,83,,0.0,0,,,,,
312283,,,Jodi Kya Banayi Wah Wah Ramji,जोड़ी क्या बनाई वाह वाह रामजी,2003-11-14,0,,0.0,0,,,,,
304344,tt1534496,Q7262827,Pyaar Kiya Nahin Jaata,Pyaar Kiya Nahin Jaata,2003-01-01,0,,0.0,0,,,,,
950077,tt0366658,Q6348344,Kaise Kahoon Ke Pyaar Hai,Kaise Kahoon Ke Pyaar Hai,2003-05-09,0,,8.0,1,,,,,
498983,,,Unity in Diversity,Unity in Diversity,2003-01-01,7,Documentary,0.0,0,IN,,,,
318484,tt0364621,Q7267211,Qayamat: City Under Threat,कयामत,2003-07-11,157,Action|Crime|Drama|Romance,5.016,31,IN,,,,
20364,tt0437238,Q446100,Hulchul,हलचल,2004-11-26,150,Romance|Comedy,6.6,78,IN,,,,
4251,tt0420332,Q106819,Veer-Zaara,वीर-ज़ारा,2004-11-12,192,Drama|Romance,7.5,322,IN,India,India,Punjab (India),India
14134,tt0347473,Q1503700,Main Hoon Na,मैं हूँ ना,2004-04-30,179,Drama,6.6,446,IN,,,,
20495,tt0418362,Q232032,Mujhse Shaadi Karogi,मुझसे शादी करोगी,2004-07-30,163,Romance|Comedy,6.5,136,IN,,,,
15774,tt0367110,Q1759650,Swades,स्वदेस,2004-12-17,195,Drama,7.4,407,IN,,,Delhi (India),India
136527,tt0364303,Q11056517,Dev,देव,2004-06-11,176,Drama,6.421,19,IN,,,,
277229,tt0435437,Q3427443,Taarzan: The Wonder Car,Taarzan: The Wonder Car,2004-08-06,163,Action|Romance,5.813,56,IN,,,,
21175,tt0323013,Q1058539,Lakshya,लक्ष्य,2004-06-18,186,War|Action|Drama|Romance,6.738,129,IN,,,Jammu and Kashmir (India),India
4253,tt0378072,Q1033304,Hum Tum,हम तुम,2004-05-28,142,Romance|Family|Comedy|Drama,6.4,134,IN,,,,
17478,tt0422091,Q431609,Dhoom,धूम,2004-08-27,129,Action|Crime|Drama|Thriller,6.24,258,IN,,,Mumbai (India),India
155973,tt0363409,Q4661518,Aan: Men at Work,Aan: Men at Work,2004-06-04,149,Action|Crime|Thriller,5.457,23,IN,,,,
715829,tt0432536,Q5682247,Hatya: The Murder,हत्या,2004-10-15,131,Action|Crime|Drama|Fantasy,8.5,2,IN,,,,
72051,tt0415003,Q4514940,Garv: Pride and Honour,Garv: Pride and Honour,2004-07-09,162,Action|Crime|Drama,5.7,29,IN,,,,
105049,tt0402607,Q15632400,Tum: A Dangerous Obsession,Tum: A Dangerous Obsession,2004-02-27,145,Drama|Thriller|Romance,3.5,9,IN,,,India,India
28740,tt0400234,Q621690,Black Friday,Black Friday,2004-08-13,162,Crime|Drama,7.556,107,IN,,,Delhi (India)|India|Mumbai (India),India
115153,tt0391274,Q6416784,Kismat,Kismat,2004-02-20,143,Action|Drama|Romance,5.5,14,IN,,,,
22315,tt0418460,Q3413700,Aitraaz,ऐतराज़,2004-11-12,159,Thriller|Romance|Drama,6.068,73,IN,South Africa,South Africa,,
20534,tt0405507,Q3328063,Murder,Murder,2004-04-02,130,Drama|Thriller,5.1,41,IN,,,,
311571,tt0379818,Q5978742,I Proud to Be an Indian,I Proud to Be an Indian,2004-02-13,129,Action|Crime|Drama,6.0,5,IN,London (United Kingdom),United Kingdom,,
307962,tt1285126,Q65320284,Love Today,Love Today,2004-02-05,0,Romance,0.0,0,IN,,,,
41252,tt0405266,Q378921,Raincoat,Raincoat,2004-12-24,120,Drama|Romance,7.406,48,IN,,,Bhagalpur (India)|Kolkata (India),India
253707,tt0430702,Q7852701,Tumsa Nahin Dekha: A Love Story,Tumsa Nahin Dekha: A Love Story,2004-09-23,127,Music|Romance,6.333,9,IN,,,,
43410,tt0382383,Q1094828,Yuva,युवा,2004-05-22,161,Drama|Crime,6.553,57,IN,,,Kolkata (India),India
799324,tt0470399,Q6380347,Chrysalis,Kaya Taran,2004-12-04,107,History|Drama,10.0,1,IN,,,,
336735,tt0426075,Q6478703,Lakeer: Forbidden Lines,Lakeer: Forbidden Lines,2004-05-14,170,Action|Drama|Romance|Action|Drama|Romance,6.7,7,IN,,,,
21665,tt0347332,Q2056955,Khakee,ख़ाकी,2004-01-23,180,Action,6.472,88,IN,,,Maharashtra (India),India
434034,tt0442799,Q6416359,Kis Kis Ki Kismat,Kis Kis Ki Kismat,2004-10-22,142,,5.0,4,IN,,,,
76684,tt0406977,Q1411281,Masti,मस्ती,2004-04-09,166,Comedy|Crime|Mystery,5.654,68,IN,,,,
207031,tt0392743,,Sangam,Sangam,2004-01-01,28,Drama,5.2,5,IN,,,,
276480,tt0408837,Q603679,Hawas,Hawas,2004-04-02,123,Romance|Thriller,4.0,10,IN,,,Emirate of Dubai (United Arab Emirates),United Arab Emirates
166027,tt0422236,Q1312427,Fida,फ़िदा,2004-08-20,122,Thriller|Romance,5.391,23,IN,,,,
872120,tt12915912,Q16250827,Loknayak,Loknayak,2004-12-06,112,Documentary,10.0,1,IN,,,Bihar (India),India
619093,tt0415144,,Manasarovar,Manasarovar,2004-10-31,90,Drama,7.0,1,IN,,,,
532017,tt0423087,Q7359955,Rok Sako To Rok Lo,Rok Sako To Rok Lo,2004-12-10,0,,4.5,4,,,,,
72079,tt0425200,Q6652185,Little Terrorist,Little Terrorist,2004-10-25,15,Drama,5.4,8,IN|GB,,,,
19491,tt0349703,Q1517341,Kyun! Ho Gaya Na...,क्यों! हो गया ना...,2004-08-11,175,Drama|Family|Romance,4.7,22,IN,,,,
1726061,tt0999927,Q8051189,Yeh Hai Chakkad Bakkad Bumbe Bo,Yeh Hai Chakkad Bakkad Bumbe Bo,2004-04-14,90,,0.0,0,IN,,,India,India
714931,tt0410952,Q5073946,Charas: A Joint Effort,Charas: A Joint Effort,2004-05-07,140,,6.0,3,IN,,,India,India
723362,tt6079544,,The Dusk,Saanjh,2004-06-10,22,Drama,0.0,0,IN,,,,
135199,tt0352314,Q629745,Ek Hasina Thi,एक हसीना थी,2004-01-16,120,Crime|Action|Drama,6.678,59,IN,,,,
306364,tt0416120,Q7209457,Police Force: An Inside Story,Police Force: An Inside Story,2004-05-28,138,Drama|Crime,5.4,7,,,,,
127531,tt0387989,Q1182526,Deewaar: Let's Bring Our Heroes Home,दीवार,2004-06-25,161,Drama|Action,6.0,14,IN,,,,
177360,tt0397882,Q4663084,Ab Tumhare Hawale Watan Saathiyo,अब तुम्हारे हवाले वतन साथियो,2004-12-24,192,War|Drama|Action,5.136,22,IN,,,,
161175,tt0385351,Q1694230,Yeh Lamhe Judaai Ke,ये लम्हे जुदाई के,2004-03-27,188,Romance|Drama|Mystery,6.1,12,IN,,,,
211105,tt0408976,Q6437398,Krishna Cottage,कृष्णा कॉटेज,2004-07-30,124,Horror|Mystery|Romance,5.2,20,IN,,,,
361866,tt0366985,Q4907837,Rudraksh,Rudraksh,2004-02-13,145,Action|Fantasy,3.8,23,IN,,,,
455728,tt0416280,Q115978853,Uuf Kya Jadoo Mohobbat Hai,Uuf Kya Jadoo Mohobbat Hai,2004-05-21,0,Romance|Comedy,7.0,1,IN,,,,
66702,tt0396563,Q640337,Dil Ne Jise Apna Kahaa,दिल ने जिसे अपना कहा,2004-09-10,146,Romance|Drama,5.464,14,IN,,,,
320803,tt0405024,Q5936531,Hum Kaun Hai,Hum Kaun Hai,2004-09-03,153,Horror,6.8,4,IN,,,,
161214,tt0422950,Q1432480,Phir Milenge,फिर मिलेंगे,2004-08-12,160,Romance|Drama,4.75,12,IN,,,,
158780,tt0411815,Q3453198,Run,Run,2004-01-29,134,,5.1,18,IN,,,Delhi (India),India
117356,tt0430381,Q6940069,Musafir,Musafir,2004-12-09,152,Drama|Action|Thriller|Crime,5.521,24,IN,,,,
276501,tt0429289,Q7688641,Tauba Tauba,Tauba Tauba,2004-10-01,122,Drama|Comedy,4.0,3,,,,,
196852,tt0368580,Q740133,Asambhav,Asambhav,2004-07-22,139,Action|Adventure|Drama,5.6,9,IN,,,,
510459,tt0338959,Q5350243,Ek Se Badhkar Ek,Ek Se Badhkar Ek,2004-09-17,146,Comedy|Thriller,10.0,1,,,,,
1340656,,,Atreyee,Atreyee,2004-09-18,21,Documentary,0.0,0,,,,,
128488,tt0435390,Q7504852,Shukriya: Till Death Do Us Apart,Shukriya: Till Death Do Us Apart,2004-10-08,137,,5.6,5,IN,,,,
217745,tt0328729,Q957308,Dil Maange More!!!,दिल मांगे मोर,2004-12-31,123,Romance,4.75,18,,,,,
287160,tt1137434,Q4661072,Aabra Ka Daabra,आब्रा का डाब्रा,2004-12-24,144,Fantasy|Family,4.3,9,IN,,,,
178530,tt0366761,Q15982471,Meenaxi: Tale of 3 Cities,Meenaxi: Tale of 3 Cities,2004-04-01,130,Drama,7.3,3,IN,Czech Republic,Czech Republic,,
351947,tt0402178,Q5449437,Final Solution,Final Solution,2004-02-13,149,Documentary,8.0,6,IN,,,,
117357,tt0433605,Q446129,Naach,नाच,2004-11-12,145,Music|Romance|Drama,3.5,7,IN,,,,
344248,tt0187279,Q6819146,Meri Biwi Ka Jawab Nahin,मेरी बीवी का जवाब नहीं,2004-07-02,150,Action|Comedy|Romance,4.0,4,IN,,,,
159069,tt0416282,Q7907843,Vaastu Shastra,वास्तु शास्त्र,2004-10-22,110,Mystery|Horror,5.3,10,IN,,,,
326226,tt0432385,Q96089930,AK 47,AK 47,2004-10-01,125,Action|Thriller,7.5,2,,,,,
1023617,tt0430480,Q7229126,Popcorn Khao! Mast Ho Jao,Popcorn Khao! Mast Ho Jao,2004-10-01,137,Comedy|Drama|Romance,10.0,1,,,,,
404667,tt0438153,,Let's Enjoy,Let's Enjoy,2004-10-02,108,Comedy,9.0,1,IN,,,,
161816,tt0377131,Q7282989,Raghu Romeo,रघु रोमियो,2004-06-18,96,Comedy,5.857,7,IN,,,,
404392,tt0349620,Q11713332,Inteqam: The Perfect Game,Inteqam: The Perfect Game,2004-11-30,127,Thriller|Action,6.2,5,IN,,,,
117099,tt0409724,Q4860068,Bardaasht,Bardaasht,2004-04-23,160,Action|Drama|Thriller,5.2,10,IN,,,,
317374,tt0449965,Q9285870,Hanan: An Assault on Faith,हानान,2004-11-14,127,Drama|Music|Action,8.0,1,IN,,,,
1667194,tt4319602,,Khooni,Khooni,2004-01-01,83,Horror|Drama|Romance,0.0,0,IN,,,,
103212,tt0418096,Q3929724,Rakht,रक्त,2004-09-22,162,Thriller|Horror,5.0,14,IN,,,India,India
919336,tt0418598,Q30646821,"Chot [Aaj Isko, Kal Tereko]","Chot [Aaj Isko, Kal Tereko]",2004-06-18,133,Music|Action|Crime,9.5,2,IN,,,,
302549,tt0404240,,Mission Mumbai,Mission Mumbai,2004-03-05,0,Action,7.0,1,IN,,,,
356416,tt0392950,Q16850074,Ishq Hai Tumse,Ishq Hai Tumse,2004-01-02,148,Romance,8.8,4,IN,,,,
334397,tt0377340,Q381893,Aetbaar,एतबार,2004-01-23,152,Action|Drama|Thriller,4.6,8,IN,,,,
16566,tt0402014,Q4663083,Ab Tak Chhappan,अब तक छप्पन,2004-02-27,129,Crime|Drama,7.5,45,IN,,,,
541411,tt0439872,Q85814157,Wajahh: A Reason to Kill,Wajahh: A Reason to Kill,2004-10-08,140,Thriller,10.0,3,,,,,
1731537,,,Chakravak,Chakravak,2004-01-01,22,,0.0,0,IN,,,,
301485,tt0440463,Q9286771,Let the Wind Blow,Hava Aney Dey,2004-01-12,93,Drama,5.5,6,FR|IN,,,Mumbai (India),India
311445,tt0409068,Q6942732,Muskaan,Muskaan,2004-03-26,127,Mystery|Romance,7.7,6,,,,,
407176,tt0419828,Q5953857,Hyderabad Blues 2,Hyderabad Blues 2,2004-07-02,111,Drama|Comedy,10.0,1,IN,,,Hyderabad (India),India
404475,tt0447235,,Kiss Kis Ko,Kiss Kis Ko,2004-10-29,119,Comedy|Music|Romance,4.5,13,IN,,,,
232817,tt0364604,Q7200865,Plan,Plan,2004-01-08,149,Action|Thriller,4.8,11,,,,,
397690,tt0414040,Q5528697,Gayab,गाय़ब,2004-07-16,138,Fantasy,3.8,11,IN,,,,
220284,tt0410591,Q915938,Shart: The Challenge,शर्त,2004-08-13,0,Romance,10.0,1,IN,,,,
211103,tt0402606,Q7640948,Suno Sasurjee,सुनो ससुरजी,2004-07-30,169,Comedy|Romance,8.0,1,IN,,,,
331695,tt0414503,Q7459908,Shaadi Ka Laddoo,शादी का लड्डू,2004-04-23,0,Comedy,7.0,1,IN,,,,
117341,tt0430328,Q6727378,Madhoshi,Madhoshi,2004-09-24,145,Drama|Romance|Music|Mystery,4.4,7,IN,,,,
919555,tt4280538,,Hosh,Hosh,2004-01-01,145,Thriller,0.0,0,IN,,,,
404230,tt0415820,,Ghar Grihasti,Ghar Grihasti,2004-06-29,142,Music|Drama,8.0,1,IN,,,,
329683,tt1594974,,Shola: Fire of Love,Shola: Fire of Love,2004-01-01,111,Romance|Crime|Drama,0.0,0,,,,,
1317146,,,Beyond Boundaries - Cricket for Peace,Beyond Boundaries - Cricket for Peace,2004-01-01,11,Documentary,0.0,0,,,,,
139474,tt0421277,Q6307984,Julie,Julie,2004-07-23,142,Drama|Romance,5.2,9,IN,,,,
338998,tt4329520,,Pyaasi Nagin,Pyaasi Nagin,2004-01-01,84,Horror,0.0,0,IN,,,,
918915,tt0398404,Q124527517,God Only Knows!,God Only Knows!,2004-01-23,113,Comedy,9.0,1,IN,,,,
1559348,tt3693912,,Pravahi,Pravahi,2004-06-01,31,Documentary,0.0,0,IN,,,,
106090,tt0420175,Q7496528,Shikaar,Shikaar,2004-07-02,139,Action|Thriller,6.0,3,IN,,,,
312681,tt0401532,Q6109550,Jaago,Jaago,2004-02-06,122,Crime|Drama|Thriller,7.7,3,IN,,,,
496560,tt4319844,,Maut Ki Dahshat,Maut Ki Dahshat,2004-04-16,104,Horror,0.0,0,IN,,,,
1486370,tt4318402,,Kaam Jwala: The Fire,Kaam Jwala: The Fire,2004-06-25,73,,0.0,0,,,,,
1180009,tt0405121,Q6691810,Love in Nepal,Love in Nepal,2004-03-05,143,Action|Comedy|Romance,7.0,2,IN,,,Nepal,Nepal
1214342,,,Kshya Tra Ghya,Kshya Tra Ghya,2004-01-01,22,Drama|Fantasy,0.0,0,IN,,,,
312643,tt0363413,Q4693257,Agni Pankh,Agni Pankh,2004-01-01,0,,0.0,0,,,,,
782282,,,Snapshots from a Family Album,Snapshots from a Family Album,2004-07-29,63,Documentary,0.0,0,IN,,,,
917533,tt0405046,Q6036975,Insaaf: The Justice,Insaaf: The Justice,2004-03-05,136,Action|Drama,8.0,1,IN,,,,
503925,tt0415373,,Woh,Woh,2004-03-26,119,Thriller|Crime|Drama,7.0,1,IN,,,,
920096,tt2753070,Q30647276,Mysteries Shaque,Mysteries Shaque,2004-01-01,124,Thriller,0.0,0,IN,,,,
826285,tt0756310,,Karma,Karma,2004-05-15,26,Drama,0.0,0,IN,,,,
1549868,,,Bhola in Bollywood,Bhola in Bollywood,2004-10-15,138,Music|Drama|Romance,0.0,0,IN,,,,
404401,tt1604224,,The Game of Love,Pyasa Jism,2004-06-30,80,Drama|Crime,0.0,0,IN,,,,
1271127,tt0814158,,Ishq Qayamat,Ishq Qayamat,2004-08-20,116,Thriller,0.0,0,IN,,,,
1554342,,,As the Crow Flies,As the Crow Flies,2004-06-01,21,Documentary,0.0,0,IN,,,,
1108927,tt11474750,,Dhakad Chhora,धाकड़ छोरा,2004-10-08,145,Romance|Family|TV Movie|Comedy,0.0,0,IN,,,,
1301866,tt2191627,,Bombay Summer,Bombay Summer,2004-02-02,12,,0.0,0,,,,,
275872,tt0414953,,Dukaan: Pila House,Dukaan: Pila House,2004-05-01,0,,3.0,3,IN,,,,
743571,tt4330108,,Zakhmi Naagin,Zakhmi Naagin,2004-02-03,104,,0.0,0,,,,,
404521,tt0458780,,Kya Aisa Hota Hai Pyar,Kya Aisa Hota Hai Pyar,2004-07-01,105,Romance|Drama,9.0,1,IN,,,,
477106,tt4329724,,Sunsan Mahal,Sunsan Mahal,2004-01-01,0,Horror,0.0,0,IN,,,,
408461,tt0410954,Q7492363,Sheen,Sheen,2004-05-07,120,Drama,7.0,1,IN,,,Jammu and Kashmir (India),India
398762,tt0390161,,Journeyings and Conversations,Kaya Poochhe Maya Se,2004-01-16,88,,9.0,1,,,,,
310776,tt1202344,Q128796880,Ab ... Bas!,Ab ... Bas!,2004-01-01,137,,3.5,4,,,,,
1009999,tt4332856,,Kuchh Kaha Aapne,Kuchh Kaha Aapne,2004-08-20,127,Romance,0.0,0,,,,,
320841,tt0449390,,Shobhayatra,Shobhayatra,2004-01-01,0,,5.7,3,IN,,,,
1127795,tt0436085,,The Unconscious,Avchetan,2004-11-27,11,,3.3,3,,,,,
919656,,,Lolly Pop,Lolly Pop,2004-01-01,79,,0.0,0,,,,,
205212,tt0363472,Q852075,Bewafaa,बेवफा,2005-02-25,151,Drama,4.5,23,IN,,,Canada,Canada
78701,tt0396690,Q776808,Kisna,किस्ना,2005-01-21,170,Romance|Drama,7.0,12,IN,,,Indian independence movement (India),India
238674,tt0445022,Q6315302,Jurm,जुर्म,2005-02-10,161,Crime|Drama|Mystery|Thriller,5.3,10,,,,,
20496,tt0346457,Q1784272,Mangal Pandey - The Rising,Mangal Pandey - The Rising,2005-08-12,150,Drama|History,6.0,74,IN,,,Uttar Pradesh (India),India
58725,tt0349878,Q6998619,Bose: The Forgotten Hero,Bose: The Forgotten Hero,2005-05-13,208,Drama|History,7.5,11,IN,,,Indian independence movement (India),India
58302,tt0415768,Q13564796,Dus,Dus,2005-07-08,146,Action|Crime|Thriller,5.2,42,IN,,,Canada,Canada
33081,tt0451850,Q788520,Paheli,पहेली,2005-06-24,141,Romance|Drama|Fantasy,6.099,106,IN,,,Rajasthan (India),India
20968,tt0432047,Q717788,Sarkar,सर्कार,2005-07-01,123,Crime|Action|Drama,6.929,98,IN,,,Mumbai (India),India
20296,tt0454431,Q592915,Chocolate: Deep Dark Secrets,Chocolate: Deep Dark Secrets,2005-09-16,159,Thriller|Crime|Drama|Mystery,4.1,21,IN,London (United Kingdom),United Kingdom,,
20651,tt0437407,Q2036518,Parineeta,Parineeta,2005-06-10,124,Romance|Drama,6.474,58,IN,,,Kolkata (India),India
15084,tt0456165,Q737318,Salaam Namaste,Salaam Namaste,2005-09-09,158,Comedy|Romance|Drama,6.19,108,AU|IN,Melbourne (Australia),Australia,Melbourne (Australia),Australia
20132,tt0415908,Q1553584,Kaal,काल,2005-04-29,127,Action|Thriller|Horror,4.7,66,IN,,,,
206376,tt0451824,Q3331287,My Wife's Murder,My Wife's Murder,2005-08-19,103,Thriller|Mystery,6.5,11,IN,,,,
86411,tt0453748,Q3349588,Kuchh Meetha Ho Jaye,कुछ मीठा हो जाए,2005-04-15,130,Drama|Comedy|Romance,6.5,4,IN,,,,
19636,tt0453671,Q1493882,Garam Masala,गरम मसाला,2005-11-03,142,Comedy,6.038,107,IN,,,,
15978,tt0443594,Q3869964,Naina,Naina,2005-05-20,103,Horror|Mystery,4.067,15,IN,London (United Kingdom),United Kingdom,,
97341,tt0444781,Q984161,Deewane Huye Paagal,दीवाने हुए पागल,2005-11-25,150,Comedy|Drama|Romance,5.237,57,IN|CH,,,Emirate of Dubai (United Arab Emirates),United Arab Emirates
1734501,tt0441618,Q5284662,Divorce: Not Between Husband and Wife,Divorce: Not Between Husband and Wife,2005-12-02,140,Drama,0.0,0,IN,,,,
271542,tt0373972,Q6402913,Khullam Khulla Pyaar Karen,Khullam Khulla Pyaar Karen,2005-04-28,155,Comedy,5.3,6,,,,,
405445,tt0459133,Q128789624,Shabnam Mausi,Shabnam Mausi,2005-05-20,165,,5.6,5,IN,,,,
281011,tt0444769,Q4923133,Blackmail,Blackmail,2005-01-28,126,Thriller|Action|Drama,5.1,12,IN,,,Mumbai (India),India
97361,tt0454435,Q5207062,D,D,2005-06-03,107,Thriller|Crime|Drama,6.439,41,IN,,,Mumbai (India),India
31977,tt0375611,Q515416,Black,Black,2005-02-04,124,Drama,7.672,241,IN,,,,
194433,tt0457940,Q776681,Home Delivery,Home Delivery: Aapko... Ghar Tak,2005-12-02,151,Comedy|Romance,4.3,7,IN,,,,
20390,tt0451833,Q631463,No Entry,No Entry,2005-08-26,164,Comedy|Romance,5.951,83,IN,,,,
612059,tt0328503,Q7676716,Taj Mahal: An Eternal Love Story!,Taj Mahal: An Eternal Love Story!,2005-11-18,151,Drama|History,7.0,1,IN,,,,
11763,tt0448206,Q852001,Bunty Aur Babli,बंटी और बब्ली,2005-05-27,170,Comedy|Crime|Romance,6.322,89,IN,Agra (India),India,Uttar Pradesh (India),India
272220,tt0444849,Q6368233,Karam,Karam,2005-03-11,117,Action|Crime|Drama,5.5,15,IN,,,,
51523,tt0461209,Q5350204,Ek Khiladi Ek Haseena,Ek Khiladi Ek Haseena,2005-11-18,140,Crime|Thriller,4.5,11,IN,,,,
46415,tt0470869,Q3337564,Neal 'N' Nikki,Neal 'n' Nikki,2005-12-09,122,Comedy|Romance,3.9,21,IN,,,Canada,Canada
161212,tt0451787,Q832677,Kyon Ki...,क्योंकि,2005-11-03,160,Romance|Drama,5.711,44,IN,,,,
56998,tt0478868,Q6426187,Koi Mere Dil Mein Hai,Koi Mere Dil Mein Hai,2005-06-03,134,Drama|Comedy|Romance,6.5,4,IN,,,,
807533,tt0449982,Q19572143,Hum Dum,Hum Dum,2005-02-11,140,Romance|Comedy,5.0,2,IN,,,,
61376,tt0488316,Q19572960,Mazaa Mazaa,Mazaa Mazaa,2005-07-15,150,Romance|Drama,5.2,5,IN,,,,
225635,tt0449228,Q2021361,Dosti: Friends Forever,दोस्ती,2005-12-23,142,Romance|Drama,4.425,20,IN|ZA,,,,
31364,tt0390614,Q2548930,Waqt,वक्त,2005-04-22,153,Drama,6.0,52,IN,,,,
127763,tt0379375,Q3092332,Matrubhoomi: A Nation Without Women,मातृभूमि,2005-01-26,99,Drama,6.667,24,IN,,,India,India
630974,tt0479592,Q11099913,Hum Tum Aur Mom: Mother Never Misguides,Hum Tum Aur Mom: Mother Never Misguides,2005-07-18,135,Drama,7.0,1,IN,,,,
202635,tt0438981,Q3115782,Silsiilay,सिल्सीले,2005-06-17,132,Drama,5.2,8,IN,,,,
277836,tt0453842,,Sau Jhooth Ek Sach,Sau Jhooth Ek Sach,2005-09-16,0,Thriller,8.0,2,,,,,
21905,tt0409527,Q3481140,Shabd,Shabd,2005-02-04,140,Romance|Thriller,5.6,13,IN,,,India,India
117409,tt0420304,Q2528045,Viruddh... Family Comes First,Viruddh... Family Comes First,2005-07-22,132,Drama|Family,6.4,14,IN,,,,
40017,tt0499041,Q3192282,Kalyug,कलयुग,2005-12-09,116,Action|Crime|Thriller,6.179,28,IN,,,Zurich (Switzerland),Switzerland
49496,tt0477253,Q4662707,Aashiq Banaya Aapne,आशिक़ बनाया आपने,2005-09-02,115,Drama|Thriller|Romance,4.45,19,,London (United Kingdom),United Kingdom,,
46423,tt0449306,Q1487322,Lucky: No Time for Love,Lucky: No Time for Love,2005-04-08,180,Drama|Romance,4.917,31,IN,,,,
19620,tt0476527,Q886137,Bluffmaster!,ब्लफ़ मास्टर,2005-12-16,137,Drama|Comedy|Romance,5.9,52,IN,,,Mumbai (India),India
239043,tt0449870,Q5089617,Chehraa,Chehraa,2005-02-18,136,Drama|Thriller,8.7,3,IN,,,,
83903,tt0475645,Q1747959,Vaah! Life Ho Toh Aisi!,वाह! लाइफ हो तोह ऐसी!,2005-12-23,132,Drama|Comedy|Family|Fantasy,5.261,44,IN,,,,
39217,tt0451803,Q1423873,Maine Pyaar Kyun Kiya?,मैंने प्यार क्यूँ किया,2005-07-15,145,Comedy|Drama|Romance,5.336,129,IN,,,,
489225,tt3661244,Q20649794,Murad,Murad,2005-03-07,50,Drama|Family|TV Movie,8.6,7,GB,,,,
276387,tt0475627,Q2278794,Shikhar,शिखर,2005-12-30,162,Drama,5.0,7,IN,,,,
21555,tt0451919,Q7550355,Socha Na Tha,सोचा ना था,2005-03-04,145,Drama|Comedy|Romance,5.888,40,IN,,,,
579001,,,Who?,Ka,2005-01-30,16,Animation,6.8,3,IN,,,,
21567,tt0453729,Q3429888,Iqbal,Iqbal,2005-08-26,150,Drama,7.024,84,IN,,,,
282030,tt0444820,Q5434919,Fareb,Fareb,2005-07-08,155,Thriller|Drama,5.7,3,IN,,,,
137303,tt0419992,Q3100928,My Brother... Nikhil,My Brother... Nikhil,2005-03-25,120,Drama,6.083,12,IN,,,Goa (India),India
206542,tt0448121,Q7525005,Sins,Sins,2005-02-25,138,Drama,4.6,11,,,,,
353944,tt0435259,Q7123867,Padmashree Laloo Prasad Yadav,Padmashree Laloo Prasad Yadav,2005-01-28,162,Comedy,9.0,1,IN,,,,
112627,tt0445056,Q16254138,Sheesha,Sheesha,2005-02-11,140,Drama|Romance|Thriller,5.2,12,IN,,,,
354734,tt0444767,Q2885834,Barsaat,Barsaat,2005-08-19,144,Drama|Romance,6.182,10,IN,,,United States,United States
446688,tt0436451,Q6204157,Jo Bole So Nihaal,Jo Bole So Nihaal,2005-05-13,127,Action|Comedy,3.2,6,,,,United States,United States
28805,tt0451631,Q2858106,Apaharan,Apaharan,2005-12-02,173,Action|Crime|Drama,6.275,40,IN,,,Bihar (India),India
69346,tt0451983,Q8068528,Zeher,ज़हर,2005-03-25,132,Thriller,5.457,23,IN,,,,
233830,tt0438875,Q6037050,Insan,इन्सान,2005-01-14,142,Action|Crime|Drama,5.192,13,IN,,,India,India
140231,tt0416712,Q3721103,Elaan,Elaan,2005-01-14,159,Drama|Action|Thriller,5.4,13,IN,,,,
258688,tt0476848,Q12449624,Ramji Londonwaley,रामजी लोंदोंवालेय,2005-09-02,154,Comedy|Family|Drama,6.8,10,IN,London (United Kingdom),United Kingdom,,
334386,tt0454481,Q6128001,James,जेम्स,2005-09-16,137,Action|Thriller,3.5,8,IN,,,,
75467,tt0443208,Q12450642,Rog,Rog,2005-01-07,115,Drama|Thriller|Romance,4.5,12,IN,,,,
433828,tt0778881,,Tum... Ho Na!,Tum... Ho Na!,2005-01-01,0,Romance|Drama,4.5,3,IN,,,,
110647,tt0451639,Q4838875,Bachke Rehna Re Baba,Bachke Rehna Re Baba,2005-06-03,130,Drama|Comedy|Romance,4.5,2,IN,,,,
39218,tt0485513,Q12447679,"Main, Meri Patni Aur Woh",मैं मेरी पत्नी और वह,2005-10-07,128,Romance|Comedy,6.104,24,IN,,,,
22429,tt0456500,Q6450626,Kyaa Kool Hai Hum,क्या कूल हैं हम,2005-05-06,172,Comedy,5.068,37,IN,,,,
139067,,,Topless,Topless,2005-09-09,117,,9.0,1,IN,,,,
1452362,tt1772781,,Chakachak,Chakachak,2005-01-01,121,,0.0,0,IN,,,,
74084,tt0442764,Q3427552,Dil Jo Bhi Kahey...,दिल जो भी कहे,2005-09-23,144,Romance,6.0,6,IN|MU,,,Mauritius,Mauritius
216116,tt0449389,Q7459913,Shaadi No. 1,Shaadi No. 1,2005-08-22,129,Comedy,5.115,13,IN,,,,
136688,tt0453978,Q3571356,Yakeen,Yakeen,2005-06-16,116,Action|Thriller,4.813,16,IN,,,,
20623,tt0443708,Q897477,Page 3,Page 3,2005-01-21,139,Drama,6.155,42,IN,,,Mumbai (India),India
1192990,,,Kal: Yesterday and Tomorrow,Kal: Yesterday and Tomorrow,2005-09-16,131,Drama|Mystery|Thriller,0.0,0,,,,,
316812,tt0444874,Q6735915,Main Aisa Hi Hoon,मैं ऐसा ही हूँ,2005-05-06,162,Drama|Family,5.5,33,IN,,,,
21557,tt0411469,Q5687523,Hazaaron Khwaishein Aisi,हज़ारों ख़्वाहिशें ऐसी,2005-05-15,117,Drama,7.324,17,IN|HU,,,Delhi (India),India
640982,tt0437279,Q19572444,Khamoshh... Khauff Ki Raat,Khamoshh... Khauff Ki Raat,2005-04-15,123,Mystery|Thriller,5.8,5,IN,,,,
621140,tt2009560,Q7267082,Qatal-E-Aam,Qatal-E-Aam,2005-02-18,137,Action|Drama,0.0,0,IN,Ooty (India),India,,
1721629,tt0419499,Q20900115,Bhagmati – The Queen of Fortunes,Bhagmati – The Queen of Fortunes,2005-08-26,160,,0.0,0,IN,,,,
301687,tt0444913,Q7683095,Tango Charlie,Tango Charlie,2005-03-25,143,Action|Adventure|Drama,6.692,13,IN,,,Jammu and Kashmir (India),India
1275735,tt6420500,,Krishna Balram: The Warrior Princess,Krishna Balram: The Warrior Princess,2005-08-20,68,Animation|Action|Adventure,0.0,0,IN,,,,
406488,tt0439754,Q7262833,Pyaar Mein Twist,Pyaar Mein Twist,2005-09-02,123,Music|Comedy|Drama,6.5,4,IN,,,,
168025,tt0456549,Q6929482,Mr Ya Miss,Mr Ya Miss,2005-12-02,136,Comedy,6.0,7,IN,,,,
326397,tt0473684,Q7160840,Pehchaan: The Face of Truth,Pehchaan: The Face of Truth,2005-06-24,153,Drama,7.3,3,,,,,
698735,tt0387269,,Haathi Ka Anda,Haathi Ka Anda,2005-01-01,75,Adventure,8.5,2,IN,,,,
115958,tt1002623,,Laila: A Mystery,Laila: A Mystery,2005-04-01,119,Drama|Crime,0.0,0,IN,,,,
311545,tt1830453,,1:1.6 An Ode to Lost Love,1:1.6 An Ode to Lost Love,2005-01-01,0,Drama,0.0,0,IN,,,,
536416,tt0466546,Q25302710,The Film,The Film,2005-11-25,135,Crime|Drama|Mystery,9.0,1,IN,,,,
360915,tt0487149,Q16247509,Chetna,Chetna,2005-06-24,101,Drama,5.5,2,,,,,
87995,tt0457875,Q3631066,Ek Ajnabee,Ek Ajnabee,2005-12-09,142,Action|Thriller,5.1,19,IN,"Bangkok (Ayutthaya Kingdom, Konbaung dynasty, Rattanakosin Kingdom, Thailand, Thonburi Kingdom)",Ayutthaya Kingdom|Konbaung dynasty|Rattanakosin Kingdom|Thailand|Thonburi Kingdom,Thailand,Thailand
794071,tt0497611,,Dubai Return,Dubai Return,2005-12-03,103,Comedy,10.0,1,IN,,,,
526222,tt1281960,,Maa Where Are You...,Maa Where Are You...,2005-04-08,0,,0.0,0,IN,,,,
523197,tt0497620,Q5508641,Fun: Can Be Dangerous Sometimes,Fun: Can Be Dangerous Sometimes,2005-02-25,138,Drama,10.0,1,,,,,
586077,tt0466367,Q5070887,Chand Sa Roshan Chehra,चाँद सा रोशन चेहरा,2005-03-04,151,Romance,4.5,2,IN,,,,
949844,tt0490454,,मेरी आशिकी,मेरी आशिकी,2005-05-01,0,Romance|Drama,9.0,1,,,,,
216696,tt0473567,Q3571306,Yahaan,Yahaan,2005-07-29,132,War|Drama|Romance,5.5,8,IN,,,Jammu and Kashmir (India),India
904473,tt1027800,Q104187808,Angoor,Angoor,2005-11-04,106,,0.0,0,,,,,
919286,tt3530414,,Chalta Hai Yaar,Chalta Hai Yaar,2005-01-01,133,Comedy,0.0,0,IN,,,,
721027,tt3242520,,Sanyogita - The Bride in Red,Sanyogita - The Bride in Red,2005-06-10,0,Drama,0.0,0,DE|IN,,,,
16111,tt0488836,Q3127089,Hanuman,Hanuman,2005-10-21,138,Animation|Fantasy|Family,6.6,18,IN,,,India,India
546865,tt0466580,,Siskiyaan,Siskiyaan,2005-09-30,125,Drama|Thriller,5.3,3,IN,,,,
84096,tt0454504,Q3141206,Maine Gandhi Ko Nahin Mara,मैंने गाँधी को नहीं मारा,2005-09-30,100,Drama,5.8,56,IN,,,,
445685,tt0488840,Q6426181,Koi Aap Sa,Koi Aap Sa,2005-10-14,142,Romance|Comedy|Drama,7.6,5,IN,,,,
1177944,tt17349064,,Chutkan Ki Mahabharat,Chutkan Ki Mahabharat,2005-02-11,84,Family,0.0,0,,,,,
1297430,,,Hans Akela,Hans Akela,2005-02-11,78,Documentary,0.0,0,,,,,
310500,tt0454433,Q5128134,Classic Dance of Love,Classic Dance of Love,2005-01-01,0,,10.0,1,,,,,
161793,tt0926029,Q25204591,99.9 FM,99.9 FM,2005-06-16,0,Crime|Drama,4.0,1,IN,,,,
316831,tt0453582,Q4644236,7½ Phere,7½ Phere,2005-07-29,136,Comedy|Drama,8.0,2,,,,,
311142,tt0442855,Q2401311,Vaada,Vaada,2005-01-07,122,Drama|Romance,5.8,13,IN,,,,
1688948,tt0813539,Q6929445,Mr Prime Minister,Mr Prime Minister,2005-12-31,0,Comedy,0.0,0,,,,,
522926,tt0456558,Q6983234,Nazar,Nazar,2005-05-20,138,Thriller,6.7,3,,,,,
33460,tt0477857,Q11098726,Sehar,Sehar,2005-07-29,135,Action|Thriller,7.357,14,IN,,,Uttar Pradesh (India),India
109434,tt0470398,Q6373971,Kasak,Kasak,2005-07-22,107,Drama,3.2,5,,,,,
1572227,tt10667122,,Sauda: The Deal,Sauda: The Deal,2005-09-30,145,Drama,0.0,0,,,,,
779991,,,Ssukh,सुख,2005-06-17,137,Comedy,6.0,1,,,,,
112971,tt0476057,Q16248377,Film Star,Film Star,2005-08-05,145,Drama,7.0,5,IN,,,,
474171,tt4634920,,India,India,2005-01-01,57,Documentary,6.0,1,DE,,,,
354205,tt0488976,,C U at 9,C U at 9,2005-06-25,120,Horror|Thriller|Romance,4.3,3,IN,,,,
260688,tt0487148,Q96374744,Chand Bujh Gaya,Chand Bujh Gaya,2005-03-18,116,,7.0,2,,,,,
587330,tt0485551,,Time Pass,Time Pass,2005-01-01,0,Romance,3.0,3,IN,,,,
569844,tt0459475,Q56063747,Naam Gum Jaayega,Naam Gum Jaayega,2005-04-10,125,Mystery|Thriller,6.5,2,IN,,,,
619099,tt0449447,Q8065785,Zameer,Zameer,2005-03-04,0,,5.5,2,IN,,,Kolkata (India),India
362812,tt0447890,Q5065966,Chaahat Ek Nasha...,Chaahat Ek Nasha...,2005-02-11,0,Romance|Drama,6.0,2,IN,,,,
309458,tt4479190,,Unlimited Nasha...,Unlimited Nasha...,2005-01-01,0,Thriller,0.0,0,,,,,
1547899,tt4491586,Q114664344,Sitam,Sitam,2005-11-08,116,Drama,0.0,0,,,,,
442320,tt0420123,Q7317744,Revati,Revati,2005-05-07,145,Drama,8.5,2,IN,,,,
538959,tt0841153,Q7284447,Rain: The Terror Within...,Rain: The Terror Within...,2005-09-30,105,Drama|Romance|Thriller,3.0,1,IN,,,,
496371,tt4879660,,Chudail Ka Badla,Chudail Ka Badla,2005-01-01,0,Horror,0.0,0,IN,,,,
1193554,,,The House On Gulmohar Avenue,The House On Gulmohar Avenue,2005-01-01,31,Documentary,0.0,0,IN,,,,
544275,tt0874854,Q4765717,Anjaane: The Unkown,Anjaane: The Unkown,2005-12-30,110,Horror,10.0,1,,,,,
1227817,tt5926732,,Wife Hai Toh Life Hai,Wife Hai Toh Life Hai,2005-02-11,123,Comedy|Romance,0.0,0,IN,,,,
1447148,tt11483416,,Akad,Akad,2005-01-01,149,Comedy|Drama|Family,0.0,0,IN,,,,
845324,tt7835436,,The Show Goes On,Natak Jari Hai,2005-01-01,84,Documentary,0.0,0,IN,,,,
1159485,,,The Solitary Sandpiper,The Solitary Sandpiper,2005-08-03,23,Drama,0.0,0,IN,,,,
500066,tt4276532,,Darinda,Darinda,2005-12-09,76,Horror,0.0,0,IN,,,,
1227584,,,Neelkanth Yatra,Neelkanth Yatra,2005-08-05,45,Adventure|History|Drama,0.0,0,IN,,,,
1486712,,,One Show Less,One Show Less,2005-09-07,20,,0.0,0,,,,,
155949,tt0810058,Q4661631,Aap Ki Khatir,आप की खातिर,2006-08-25,127,Comedy|Romance,4.6,14,IN,London (United Kingdom),United Kingdom,,
32740,tt0432637,Q1076823,Krrish,कृष,2006-06-23,174,Action|Science Fiction,6.487,306,HK|IN,Singapore,Singapore,Himachal Pradesh (India),India
14194,tt0441048,Q517398,Dhoom 2,धूम २,2006-11-24,151,Drama|Action|Thriller|Crime,6.6,311,IN,Rio de Janeiro (Brazil)|South Africa,Brazil|South Africa,Brazil|Mumbai (India)|Rio de Janeiro (Brazil),Brazil|India
17501,tt0461936,Q662436,Don,डॉन,2006-10-20,178,Action|Drama|Thriller,6.945,327,IN,,,India|Mumbai (India)|Paris (France),France|India
7913,tt0405508,Q924135,Rang De Basanti,रंग दे बसंती,2006-01-26,157,Comedy|Drama|History|Romance,7.1,532,IN,Delhi (India),India,Delhi (India),India
14395,tt0449999,Q865989,Kabhi Alvida Naa Kehna,कभी अलविदा ना कहना,2006-08-11,193,Drama|Romance,6.465,245,IN,,,New York City (United States),United States
33142,tt0494290,Q1648332,Vivah,विवाह,2006-11-10,175,Romance|Drama,6.716,102,IN,Delhi (India),India,Delhi (India),India
20359,tt0419058,Q11816211,Phir Hera Pheri,Phir Hera Pheri,2006-06-09,155,Comedy,7.0,164,IN,,,,
8453,tt0439662,Q657943,Fanaa,फ़ना,2006-05-26,168,Action|Drama|Romance|Thriller,6.743,245,IN,Delhi (India),India,Jammu and Kashmir (India),India
48184,tt0419468,Q797444,Baabul,बाबुल,2006-12-08,169,Drama|Romance|Family,6.041,37,IN,,,,
1441988,tt0929754,Q5520973,Ganga,Ganga,2006-10-20,102,Drama|Romance|Music|Action,0.0,0,IN,,,,
19637,tt0464160,Q508365,Chup Chup Ke,चुप चुप के,2006-06-09,165,Comedy,6.314,118,IN,,,,
20494,tt0476805,Q3281500,Malamaal Weekly,मालामाल वीकली,2006-03-10,138,Comedy|Crime,6.41,67,IN,,,,
38440,tt0495032,Q3095159,Gangster,Gangster,2006-04-28,120,Romance|Crime|Drama|Action|Thriller,6.8,51,IN,Seoul (South Korea),South Korea,South Korea,South Korea
41188,tt0805184,Q2762671,Bhagam Bhag,Bhagam Bhag,2006-12-22,157,Comedy|Thriller|Romance,6.5,108,IN,,,,
14705,tt0488414,Q2737200,Omkara,ओमकारा,2006-07-28,155,Crime|Drama,6.893,103,IN,,,Uttar Pradesh (India),India
53590,tt0813996,Q961286,Alag,अलग,2006-06-16,122,Science Fiction|Fantasy|Thriller|Drama,4.4,12,IN,,,,
20931,tt0476884,Q3417341,Taxi No. 9211,टैक्सी नम्बर ९२११,2006-02-24,116,Comedy|Drama|Thriller,6.312,70,IN,,,Mumbai (India),India
21461,tt0456144,Q980677,Lage Raho Munna Bhai,लगे रहो मुन्ना भाई,2006-09-01,144,Comedy|Drama|Romance,7.3,244,IN,,,Mumbai (India),India
369843,tt0314186,Q5940903,Humko Tumse Pyaar Hai,Humko Tumse Pyaar Hai,2006-02-24,128,Romance|Thriller,6.308,13,IN,,,,
44827,tt0824316,Q1243571,Dor,Dor,2006-09-22,124,Drama,7.383,30,IN,,,Rajasthan (India),India
46407,tt0458017,Q6883901,Mixed Doubles,Mixed Doubles,2006-02-10,91,Comedy|Drama|Romance,7.3,7,IN,,,,
161208,tt0470521,Q2209368,Saawan... The Love Season,Saawan... The Love Season,2006-04-07,116,Drama,6.571,7,IN,,,,
31983,tt0476649,Q675335,Darna Zaroori Hai,डरना ज़रूरी है,2006-04-28,108,Thriller|Horror,5.281,32,IN,,,,
20145,tt0477252,Q227520,36 China Town,३६ चाइना टाउन,2006-04-21,140,Comedy|Thriller,5.774,62,IN,,,,
136542,tt0437182,Q5433024,Family: Ties of Blood,Family: Ties of Blood,2006-01-12,151,Action|Crime|Drama|Thriller,6.0,12,IN,,,,
59362,tt0480572,Q3417281,Pyaar Ke Side Effects,Pyaar Ke Side Effects,2006-09-15,132,Comedy|Drama|Romance,6.271,24,IN,,,Mumbai (India),India
493622,tt0833484,Q9358060,The Killer,The Killer,2006-07-21,122,Drama,3.563,8,IN,,,,
19670,tt0495034,Q3417329,Golmaal – Fun Unlimited,गोलमाल,2006-07-14,150,Comedy|Family,6.786,152,IN,,,,
347807,tt0456413,Q3744708,Fight Club: Members Only,Fight Club: Members Only,2006-02-17,140,Action,6.103,29,IN,,,,
46371,tt0493437,Q2642487,Apna Sapna Money Money,Apna Sapna Money Money,2006-11-10,134,Comedy,5.413,23,IN,,,,
48569,tt0444840,Q1637089,Humko Deewana Kar Gaye,हमको दीवाना कर गये,2006-04-14,152,Drama|Romance,5.324,34,IN,,,,
617036,tt1562846,,Seven Islands and a Metro,Seven Islands and a Metro,2006-01-01,100,Documentary,0.0,0,IN,,,,
64112,tt0989605,Q9137959,Aatma,Aatma,2006-05-18,107,Drama|Thriller|Horror|Crime,4.8,5,IN,,,,
65956,tt0857381,Q3115764,I See You,आई सी यू,2006-12-29,122,Romance|Drama,5.8,11,IN,London (United Kingdom),United Kingdom,,
15412,tt0466460,Q83505,Khosla Ka Ghosla!,खोसला का घोसला,2006-09-22,135,Comedy,7.321,126,IN,,,Delhi (India),India
1686881,,,Husn: Love & Betrayal,Husn,2006-07-14,120,Drama|Thriller,0.0,0,,,,,
30244,tt0770214,Q11733137,Kabul Express,Kabul Express,2006-12-15,104,Action|Comedy|Drama|Thriller,6.063,24,IN,,,Afghanistan,Afghanistan
59267,tt0456481,Q936421,Jaan-E-Mann,जान ए मन,2006-10-20,171,Drama|Romance,5.43,43,IN,,,,
310803,tt0896934,Q5516758,Gafla,Gafla,2006-10-06,0,Drama,5.3,3,IN,,,,
463320,tt3638428,Q6377835,Katputtli,Katputtli,2006-08-18,120,Drama|Thriller,4.3,3,IN,,,,
435335,tt0444915,Q7688034,Tathastu,Tathastu,2006-05-13,113,Drama,5.2,5,IN,,,,
253578,tt0476888,Q7814701,"Tom, Dick And Harry","Tom, Dick And Harry",2006-05-25,137,Comedy,3.8,8,,,,,
161205,tt0430589,Q2276148,Shaadi Karke Phas Gaya Yaar,शादी करके फस गया यार,2006-08-04,152,Drama,4.0,8,,London (United Kingdom),United Kingdom,,
46618,tt0485522,Q1215405,Umrao Jaan,Umrao Jaan,2006-11-02,188,Romance|Drama,8.0,27,IN,,,Lucknow (India),India
1595907,,,Bandish,Bandish,2006-01-01,29,Documentary,0.0,0,,,,,
474252,tt0779768,Q11274116,Teesri Aankh: The Hidden Camera,Teesri Aankh: The Hidden Camera,2006-03-03,108,Crime|Thriller,4.2,5,IN,,,,
275493,tt0841096,Q5348945,Eight: The Power of Shani,Eight: The Power of Shani,2006-04-14,162,Horror,1.0,1,IN,,,,
324218,tt0476729,Q4701744,Aksar,अक्सर,2006-02-03,135,Thriller|Drama|Romance,4.3,18,IN,London (United Kingdom),United Kingdom,,
20971,tt0488906,Q841742,Zinda,Zinda,2006-01-12,116,Action|Thriller,4.0,29,IN,,,,
1456506,,,Amidst,Darmiyan,2006-01-01,43,Drama,0.0,0,IN,,,,
158708,tt0430202,Q7417065,Sandwich,Sandwich,2006-07-31,152,Comedy|Romance,5.2,21,IN,,,,
104299,tt2668860,Q5070882,Chand Ke Paar Chalo,Chand Ke Paar Chalo,2006-03-31,160,Drama|Romance,4.8,2,IN,,,,
310495,tt0454429,Q180353,Chingaari,चिंगारि,2006-02-17,160,Drama|Romance,3.0,4,IN,,,,
181638,tt0495022,Q4765949,Ankahee,Ankahee,2006-05-19,151,,5.4,8,,,,,
272669,tt0841134,,Naughty Boy,Naughty Boy,2006-03-31,95,Comedy,4.0,1,,,,,
330149,tt0470614,Q8061189,Yun Hota To Kya Hota,यूँ होता तो क्या होता,2006-07-21,115,Drama,6.625,8,IN,,,,
423822,tt0946999,Q5245580,Deadline: Sirf 24 Ghante,Deadline: Sirf 24 Ghante,2006-11-10,102,Crime|Drama,4.6,5,IN,,,,
324608,tt0489560,Q3411174,Shaadi Se Pehle,शादी से पहले,2006-04-07,128,Drama,4.1,12,,,,,
226092,tt0827714,Q6109691,Jaane Hoga Kya,Jaane Hoga Kya,2006-08-31,0,Action|Romance|Science Fiction|Thriller,0.0,0,IN,,,,
272222,tt0857385,Q6441713,Kudiyon Ka hai Zamaana,Kudiyon Ka hai Zamaana,2006-01-01,112,Comedy,1.0,1,IN,,,,
46620,tt4311426,Q5556914,Ghoom,Ghoom,2006-06-02,60,Comedy|Action,7.0,1,IN,,,,
1193563,,,Teesri Azadi,Teesri Azadi,2006-07-01,120,Documentary,0.0,0,IN,,,,
33375,tt0397551,Q949348,My Bollywood Bride,My Bollywood Bride,2006-01-14,95,Comedy|Romance,5.6,8,IN,,,,
1746169,,,Dharti Kahe Pukar Ke,Dharti Kahe Pukar Ke,2006-02-10,148,,0.0,0,,,,,
203110,tt0800981,Q4772867,Anthony Kaun Hai?,Anthony Kaun Hai?,2006-08-03,127,Comedy|Thriller,5.286,7,IN,,,,
499732,tt1029314,Q24038233,Ho Sakta Hai!,Ho Sakta Hai!,2006-03-30,102,Drama|Crime|Horror|Thriller,0.0,0,IN,,,,
334525,tt1301721,Q7977710,We R Friends,We R Friends,2006-07-28,110,Drama,3.0,1,IN,,,,
1726861,tt6506378,,Lukka Chuppi,Lukka Chuppi,2006-01-01,75,,0.0,0,,,,,
83898,tt0823261,Q8072330,Zindaggi Rocks,ज़िन्दगी रॉक्स,2006-10-06,127,Drama|Romance,4.5,3,IN|US,,,,
18799,tt0831840,Q4695146,Ahista Ahista,आहिस्ता आहिस्ता,2006-08-18,123,Drama|Romance,7.25,8,IN,,,Delhi (India),India
157801,tt0814082,Q5276612,Dil Diya Hai,दिल दिया है,2006-09-08,126,Romance|Drama,4.6,7,IN,London (United Kingdom),United Kingdom,,
1357257,,,The Heartbeat,Spandan,2006-01-01,21,Drama,0.0,0,,,,,
286400,,,Husn Bewafa,Husn Bewafa,2006-07-04,0,Drama|Romance,0.0,0,IN,,,,
46432,tt0833561,Q8029077,Woh Lamhe,वह लम्हे,2006-09-26,132,Drama|Romance,5.4,9,,,,Mumbai (India),India
20092,tt0488381,Q5172393,Corporate,Corporate,2006-07-07,142,Crime,6.4,24,IN,,,,
67181,tt6443042,,Krishna - The Birth,Krishna - The Birth,2006-08-27,72,Animation|Drama|Adventure|TV Movie,10.0,2,IN,,,,
1726831,tt6506508,,Bandu Boxer,Bandu Boxer,2006-01-01,85,,0.0,0,,,,,
19628,tt0808164,Q376531,Bas Ek Pal,Bas Ek Pal,2006-09-15,150,Drama|Mystery|Romance,3.7,6,IN,,,,
236007,tt0813540,Q608567,Naksha,नक्शा,2006-09-08,130,Action|Adventure,4.1,13,IN,,,,
360168,tt2449318,Q5953922,Hyderabad Nawabs,Hyderabad Nawabs,2006-09-01,120,Comedy,6.4,5,,,,Hyderabad (India),India
272212,tt0880464,Q6065865,Iqraar: By Chance,Iqraar: By Chance,2006-10-06,130,Comedy|Romance,0.0,0,IN,,,,
92193,tt0831816,Q7499226,Shiva,शिवा,2006-09-15,119,Drama|Action|Thriller,3.2,8,IN,,,,
316840,tt0897413,Q17018020,Bhoot Unkle,Bhoot Unkle,2006-10-06,110,Fantasy|Family,5.7,3,,,,,
310298,tt0476861,Q7423995,Sarhad Paar,Sarhad Paar,2006-11-23,155,Drama|Romance,9.0,1,IN,,,,
317781,tt0461323,Q1241836,Pyare Mohan,प्यारे मोहन,2006-04-21,130,Comedy,4.7,12,IN,,,,
115943,tt0449189,Q944949,Banaras,Banaras,2006-04-07,0,Drama,6.5,4,IN,,,Uttar Pradesh (India),India
321262,tt0489582,Q7903437,Utthaan,उत्थान,2006-10-13,134,,10.0,1,,,,,
506059,tt0814295,Q7356055,Rocky,Rocky,2006-09-22,125,Action|Drama|Romance,2.3,3,IN,,,,
307030,tt0418880,Q3306437,Mere Jeevan Saathi,Mere Jeevan Saathi,2006-02-03,0,Action|Drama|Romance,3.6,9,IN,,,,
83895,tt0454396,Q4802638,Aryan: Unbreakable,Aryan: Unbreakable,2006-12-15,135,Drama,6.3,6,IN,,,,
1726836,,,Nandu ka Raja,Nandu ka Raja,2006-01-01,89,,0.0,0,,,,,
274707,tt1099982,,Men Not Allowed,Men Not Allowed,2006-06-02,115,,1.7,5,,,,,
233296,tt0485466,Q6166059,Jawani Diwani: A Youthful Joyride,जवानी दीवानी: अ यूथफुल जोयरीदे,2006-01-06,111,Romance|Comedy,4.3,13,IN,,,,
486382,tt0857395,,Prateeksha,Prateeksha,2006-01-01,133,Drama|Romance,6.0,2,IN,,,,
269758,tt0947037,Q6469539,Ladies Tailor,Ladies Tailor,2006-01-01,137,Comedy,1.0,1,IN,,,,
1106553,tt1388351,Q6691799,Love in Japan,Love in Japan,2006-02-10,146,Action|Comedy|Crime,3.0,1,,,,,
1193385,,,Sacred Evil – A True Story,Sacred Evil – A True Story,2006-06-02,109,Drama|Horror,0.0,0,,,,,
933064,tt1483815,Q7928191,Vidhyaarthi: The Power of Students,विद्यार्थी: छात्रों की शक्ति,2006-06-18,250,Action|Drama,0.0,0,IN,,,,
117135,tt0471646,Q16247805,Darwaaza Bandh Rakho,दरवाजा बंद रखो,2006-08-04,108,Comedy|Crime,7.0,3,IN,,,,
303090,tt1039900,Q27958113,Janani,Janani,2006-11-17,124,Drama|Romance,4.5,2,,,,,
848686,tt0872295,,Shoonya,Shoonya,2006-11-20,100,Drama,0.0,0,IN,,,,
570255,,,Holiday,Holiday,2006-02-10,99,Romance|Music,5.5,2,IN,,,,
272210,tt1169822,,Hota Hai Dil Pyaar Mein Paagal,Hota Hai Dil Pyaar Mein Paagal,2006-01-01,118,Romance|Music|Comedy,0.0,0,,,,,
446321,tt1027813,,Free Entry,Free Entry,2006-01-01,109,Thriller|Drama|Romance,0.0,0,IN,,,,
1436302,,,Intoxication of the Body,नशा जिस्म का,2006-01-01,88,Comedy|Romance,0.0,0,,,,,
115873,tt2612156,Q7713811,The Angrez,The Angrez,2006-06-02,110,Comedy,7.4,8,,,,Hyderabad (India),India
438369,tt5476500,,Ishhya,Ishhya,2006-06-14,0,,7.0,1,,,,,
487288,,,A Mercedes for Ashish,Aur Ashish Ke Liye Ek Mercedes,2006-01-01,30,,0.0,0,,,,,
1352955,,,Hazy Grey Skies,Hazy Grey Skies,2006-02-07,20,Drama,0.0,0,IN,,,,
302473,tt0876126,,Jai Santoshi Maa,Jai Santoshi Maa,2006-09-29,155,Drama,5.0,1,IN,,,,
919040,tt4944504,,Chaska: An Addiction,Chaska: An Addiction,2006-01-01,95,Thriller,0.0,0,IN,,,,
109002,tt3732160,,Shahji Ki Advice,Shahji Ki Advice,2006-06-06,74,Comedy,0.0,0,IN,,,,
304732,tt0846704,Q6344633,Kachchi Sadak,Kachchi Sadak,2006-09-08,145,Action,9.2,2,IN,,,,
442680,tt4944494,,Shaitani Dracula,Shaitani Dracula,2006-01-01,80,Horror,0.0,0,IN,,,,
765948,tt0854172,,With Luv... Tumhaara,With Luv... Tumhaara,2006-12-01,0,,0.0,0,,,,,
272325,tt0785069,Q7881100,Umar,Umar,2006-05-17,135,Crime|Drama,1.5,2,IN,,,,
1061090,,,Chabiwali Pocket Watch,Chabiwali Pocket Watch,2006-05-17,28,Drama,0.0,0,IN,,,,
499731,tt4944470,,Virana,Virana,2006-01-01,74,Horror,0.0,0,IN,,,,
1365952,,,Walking on a Moonbeam,Walking on a Moonbeam,2006-01-01,18,,0.0,0,,,,,
384225,tt4887244,,Aadhi Naath,Aadhi Naath,2006-01-14,154,Action,0.0,0,IN,,,,
1652730,tt0852944,,Chor Mandli - The Gang,Chor Mandli - The Gang,2006-06-01,123,,0.0,0,IN,,,,
309168,tt0833493,Q6690898,Love Ke Chakkar Mein,Love Ke Chakkar Mein,2006-06-06,0,,1.0,1,,,,,
948312,tt0933175,Q7638655,Sun Zara,Sun Zara,2006-02-06,125,,5.0,1,,,,,
272230,tt1351650,,Manoranjan: The Entertainment!,Manoranjan: The Entertainment!,2006-01-01,0,Action,0.0,0,,,,,
1358349,tt22025846,,Krishna Aayo Natkhat Nandlal,Krishna ...Aayo Natkhat Nandlal,2006-01-01,95,Animation,0.0,0,,,,,
1168453,,,Mobile Phone,Mobile Phone,2006-06-01,0,Drama|Thriller|Romance|Music,0.0,0,,,,,
7508,tt0986264,Q1043614,Like Stars on Earth,तारे ज़मीन पर,2007-12-20,162,Drama,7.992,1423,IN,Mumbai (India),India,Mumbai (India),India
8079,tt1024943,Q330468,Om Shanti Om,ओम शांति ओम,2007-11-07,169,Comedy|Thriller|Drama,7.1,428,IN,,,India,India
22448,tt1020937,Q4829827,Awarapan,आवारापन,2007-06-29,124,Action|Drama|Crime,6.957,58,IN,,,Hong Kong (People's Republic of China),People's Republic of China
15772,tt0499375,Q1393668,Guru,गुरु,2007-01-12,166,Drama|Romance,6.881,143,IN,Turkey,Turkey,,
11807,tt1093370,Q1520721,Jab We Met,जब वी मेट,2007-10-26,138,Drama|Comedy|Romance,7.275,345,IN,,,Manali (India),India
20360,tt0795434,Q1964153,Namastey London,Namastey London,2007-03-23,131,Comedy|Drama|Romance,6.214,132,IN|GB,,,London (United Kingdom),United Kingdom
20492,tt0800956,Q1347849,Life in a Metro,Life in a Metro,2007-05-11,132,Drama|Romance,6.5,94,IN,,,Mumbai (India),India
4157,tt0806088,Q938401,Heyy Babyy,हे बेबी,2007-08-24,150,Comedy|Drama|Romance,5.913,127,IN,,,Sydney (Australia),Australia
14163,tt0871510,Q1029548,Chak De! India,चकदे! इंडिया,2007-08-09,148,Drama,7.214,397,IN,Australia,Australia,Delhi (India),India
192339,tt0476762,Q4905238,Big Brother,Big Brother,2007-04-13,128,Action|Crime|Drama,5.1,13,IN,,,,
16283,tt0758053,Q1519075,Saawariya,सावरिया,2007-11-09,142,Drama|Music|Romance|Family,5.489,95,HK|IN|US,,,,
14165,tt0833553,Q93670,Ta Ra Rum Pum,Ta Ra Rum Pum,2007-04-27,153,Family|Comedy|Romance,6.19,92,IN,,,New York City (United States),United States
19025,tt0995031,Q3764588,Bhool Bhulaiyaa,भूल भुलैया,2007-10-12,158,Comedy|Horror|Thriller,6.772,226,IN,,,Rajasthan (India),India
20294,tt0488798,Q4018810,Welcome,Welcome,2007-12-21,150,Comedy|Crime|Family,6.886,188,IN,,,Emirate of Dubai (United Arab Emirates),United Arab Emirates
36204,tt0995740,Q3877535,No Smoking,No Smoking,2007-10-26,126,Thriller|Drama,6.9,82,IN,,,,
14159,tt0986213,Q300814,Aaja Nachle,Aaja Nachle,2007-11-30,146,Romance|Drama,6.4,46,IN,,,,
19418,tt0995035,Q5231472,Dhol,ढोल,2007-09-14,145,Comedy,6.319,58,IN,,,,
16576,tt0976026,Q2317377,Cheeni Kum,Cheeni Kum,2007-05-25,136,Romance|Drama,6.076,46,IN,,,London (United Kingdom),United Kingdom
46386,tt0808306,Q5893884,Honeymoon Travels Pvt. Ltd.,Honeymoon Travels Pvt. Ltd.,2007-02-23,118,Comedy|Drama|Romance,5.4,31,IN,,,Goa (India),India
46404,tt0920464,Q6751418,Manorama Six Feet Under,Manorama Six Feet Under,2007-09-21,137,Thriller|Crime|Mystery|Drama,6.467,60,IN,,,Rajasthan (India),India
27298,tt0807758,Q1757944,Partner,Partner,2007-07-20,143,Comedy|Romance,5.6,124,IN,,,,
388312,tt1073097,Q9158482,My Own Sky,Apna Asmaan,2007-09-07,110,Drama|Science Fiction,0.0,0,IN,,,,
25638,tt0985636,Q1714563,Laaga Chunari Mein Daag,लागा चुनरी में दाग,2007-10-12,137,Drama|Romance,5.419,43,IN,,,Uttar Pradesh (India),India
25869,tt0485272,Q2213842,Salaam-e-Ishq,सलाम ए इश्क,2007-01-26,216,Comedy|Drama|Romance,4.938,56,IN,London (United Kingdom),United Kingdom,,
1193282,tt11091790,,Nirahua Rickshawala,Nirahua Rickshawala,2007-03-18,165,Drama,4.0,1,,,,,
35063,tt0785004,Q940400,Just Married,Just Married,2007-03-16,135,Drama|Romance,5.714,7,IN,Ooty (India),India,,
20413,tt0845448,Q1207520,Dhamaal,धमाल,2007-09-07,135,Comedy|Adventure,6.757,144,IN,,,,
156288,tt0493417,Q1435966,Fool N Final,Fool N Final,2007-06-01,142,Action|Comedy,3.8,23,IN,,,United Arab Emirates,United Arab Emirates
192675,tt0459605,Q542698,Eklavya: The Royal Guard,एकलव्य,2007-02-16,105,Action|Drama|Thriller,6.0,27,IN,,,Rajasthan (India),India
41511,tt1120897,Q5268886,Dhan Dhana Dhan Goal,धन धना धन गोल,2007-11-23,167,Drama,5.129,31,IN,,,,
46379,tt0457802,Q7718856,The Blue Umbrella,थे ब्लू अम्ब्रेला,2007-08-10,90,Drama|Family,6.8,28,IN,,,,
695984,,,"1, 2","Ek, Do",2007-01-01,11,Drama,6.0,2,IN,,,,
205032,tt0845494,Q6963574,Nanhe Jaisalmer: A Dream Come True,Nanhe Jaisalmer: A Dream Come True,2007-09-13,108,Family|Drama,6.8,4,,,,Rajasthan (India),India
272169,tt1107308,Q4822035,Aur Pappu Pass Ho Gaya,Aur Pappu Pass Ho Gaya,2007-01-01,142,Comedy,0.0,0,IN,,,,
443624,tt1083988,Q4940605,Journey Bombay to Goa,बॉम्बे टू गोआ,2007-06-06,140,Adventure|Comedy|Drama,5.2,9,,,,,
1193139,,,Black Pamphlets,Black Pamphlets,2007-08-14,84,Documentary,0.0,0,IN,,,,
46409,tt0860454,Q3625848,MP3: Mera Pehla Pehla Pyaar,MP3: Mera Pehla Pehla Pyaar,2007-06-08,117,Romance|Drama,5.5,15,IN,,,,
31248,tt0473310,Q4661163,Ram Gopal Varma Ki Aag,राम गोपाल वर्मा की आग,2007-08-31,163,Action|Comedy|Crime,2.3,30,IN,,,,
497809,tt1151299,Q4642341,68 Pages,68 Pages,2007-12-09,92,Drama,4.2,8,IN,,,,
32134,tt6449730,Q2880380,Bal Ganesh,Bal Ganesh,2007-02-08,106,Animation|Family,6.4,5,IN,,,India,India
276049,tt0995840,Q4661623,Aap Kaa Surroor,Aap Kaa Surroor,2007-06-29,127,Romance|Thriller,4.1,9,IN|DE,,,Germany,Germany
297022,tt1047519,Q7305145,Red Swastik,Red Swastik,2007-06-08,131,Crime|Drama|Thriller,2.4,7,IN,,,,
59258,tt1090650,Q16248011,Dhokha,Dhokha,2007-08-31,114,Drama|Action|Romance|Thriller,7.0,5,IN,,,,
1476765,tt1236470,Q16249470,Jahan Jaaeyega Hamen Paaeyega,Jahan Jaaeyega Hamen Paaeyega,2007-07-06,133,Romance|Thriller|Action,0.0,0,,,,,
20742,tt0811066,Q2020253,Shootout at Lokhandwala,Shootout at Lokhandwala,2007-05-25,145,Action|Crime|History,6.19,63,IN,,,Mumbai (India),India
25803,tt0907674,Q3546757,Amal,अमल,2007-09-13,101,Drama,7.6,27,CA|IN,,,Delhi (India),India
377030,tt0476819,Q6987859,Nehlle Pe Dehlla,Nehlle Pe Dehlla,2007-03-02,125,Comedy,5.7,9,IN,,,,
192364,tt0984122,Q7653144,Swami,Swami,2007-06-08,0,Drama,6.5,5,IN,,,,
117324,tt0982875,Q5527763,Gauri The Unborn,Gauri The Unborn,2007-11-30,98,Drama|Horror|Thriller,2.0,1,,,,,
14162,tt0833476,Q576941,Jhoom Barabar Jhoom,Jhoom Barabar Jhoom,2007-06-15,138,Drama|Romance,4.1,37,IN,London (United Kingdom),United Kingdom,London (United Kingdom)|Paris (France),France|United Kingdom
199408,tt0983990,Q4574404,1971,1971,2007-03-08,160,Action|War|Drama,6.583,12,IN,,,,
59904,tt0995827,Q7769892,The Train: Some Lines Shoulder Never Be Crossed...,The Train: Some Lines Shoulder Never Be Crossed...,2007-06-08,134,Action|Thriller,3.3,14,IN,,,,
20129,tt1077248,Q6266714,Johnny Gaddaar,जॉनी गद्दार,2007-09-28,141,Crime|Drama|Thriller,6.9,71,IN,,,,
46383,tt0823451,Q5316844,Dus Kahaniyaan,दस कहानियाँ,2007-12-07,110,Drama,4.238,21,IN,,,,
404414,tt1339454,,Khallas: The Beginning of End,Khallas: The Beginning of End,2007-03-30,121,Romance|Crime|Drama,0.0,0,IN,,,,
60597,tt0896968,Q7303539,Red: The Dark Side,Red: The Dark Side,2007-03-09,148,Drama|Romance|Thriller,3.1,10,,,,,
46424,tt0995823,Q6402700,Khoya Khoya Chand,Khoya Khoya Chand,2007-12-07,136,Drama|Romance,5.375,8,IN,,,,
46417,tt0845535,Q7462549,Shakalaka Boom Boom,शाकालाका बूम बूम,2007-04-06,129,Drama|Romance,3.5,4,IN,,,,
46381,tt1083447,Q4984156,Buddha Mar Gaya,Buddha Mar Gaya,2007-08-17,93,Comedy,4.2,7,IN,,,,
14468,tt0995718,Q5350179,Ek Chalis Ki Last Local,एक चालीस की लास्ट लोकल,2007-05-18,150,Action|Comedy,6.423,26,IN,,,Mumbai (India),India
159437,tt0979913,Q11109243,Life Mein Kabhie Kabhiee,Life Mein Kabhie Kabhiee,2007-04-13,155,Drama,7.8,5,,,,,
20535,tt0824375,Q7040260,Nishabd,निशब्द,2007-03-02,109,Romance|Drama,4.5,13,IN,,,,
260648,tt1765871,,To Be Continued,Kramasha,2007-05-03,22,Documentary,6.5,10,IN,,,,
1079863,tt22853514,,Maamu Tension Nai Leneka,Maamu Tension Nai Leneka,2007-10-12,105,Comedy,0.0,0,IN,,,,
60124,tt0814014,Q4780033,Apne,Apne,2007-06-29,174,Drama,6.141,32,IN,,,,
867801,tt6442984,,Krishna - Makhan Chor,Krishna - Makhan Chor,2007-01-21,75,Animation|History|TV Movie,10.0,1,IN,,,,
206525,tt1020899,Q7429004,Say Salaam India: 'Let's Bring the Cup Home',Say Salaam India: 'Let's Bring the Cup Home',2007-03-30,130,Drama,10.0,3,IN,,,,
46370,tt0953306,Q4778004,Anwar,अनवर,2007-01-12,144,Drama|Romance,5.9,6,IN,,,Uttar Pradesh (India),India
159434,tt0489486,Q5582454,"Good Boy, Bad Boy",गुड बॉय बैड बॉय,2007-05-11,115,Comedy|Romance,4.565,24,IN,,,,
272243,tt0816657,Q2308427,Speed,Speed,2007-10-19,102,Thriller|Action,3.0,7,IN,,,England (United Kingdom),United Kingdom
20454,tt1099196,Q5276613,Dil Dosti Etc,Dil Dosti Etc,2007-09-28,106,Drama,5.556,9,IN,,,,
117361,tt1169841,Q2310511,Return Of Hanuman,Return Of Hanuman,2007-12-28,120,Animation|Family|Action|Adventure,6.6,23,IN,,,India,India
1639972,tt1095038,Q16255202,Victoria No. 203,Victoria No. 203,2007-08-31,130,Comedy|Crime|Mystery|Thriller,0.0,0,IN,,,,
14548,tt1127870,Q6935321,Mumbai Salsa,मुंबई सालसा,2007-10-22,0,Drama|Comedy|Romance,6.0,2,,,,Mumbai (India),India
39816,tt0911024,Q15053916,The Pool,The Pool,2007-01-24,98,Drama,6.0,14,US|IN,,,India,India
919549,tt23158938,,Humrahi,Humrahi,2007-01-01,113,,0.0,0,IN,,,,
170986,tt1071798,Q3089291,Frozen,Frozen,2007-07-21,110,Drama|Horror,7.2,4,IN,,,,
38428,tt0459293,Q1343328,"Gandhi, My Father","Gandhi, My Father",2007-08-03,136,Drama|History,5.6,13,IN,,,British Raj (British Empire),British Empire
463315,tt1016159,Q5067882,Chain Kulii Ki Main Kulii,चेन कुली की मेन कुली,2007-06-22,118,Comedy|Drama|Family|Fantasy,5.797,37,IN,,,,
903357,,,Word Within The Word,Sabad Nirantar,2007-01-01,74,Documentary,0.0,0,IN,,,,
277608,tt1020978,Q6965164,Naqaab,Naqaab,2007-07-13,115,Crime|Romance|Thriller,4.6,17,IN,,,Emirate of Dubai (United Arab Emirates),United Arab Emirates
360164,tt1603832,Q120913881,Fun aur Masti,Fun aur Masti,2007-11-16,112,Comedy,6.0,1,IN,,,,
322481,tt0470611,Q8050263,Yatra,यात्रा,2007-05-04,120,Drama,6.0,2,IN,,,,
353810,tt1119195,Q7233214,Positive,Positive,2007-09-08,19,Drama|Family,10.0,1,IN,,,,
20299,tt1016177,Q16248626,Go,Go,2007-10-05,110,Crime|Romance,6.8,14,IN,,,,
689335,tt1542357,,Aditi Singh,Aditi Singh,2007-01-01,44,,0.0,0,,,,,
46426,tt0819810,Q7832472,Traffic Signal,Traffic Signal,2007-02-07,130,Drama,5.333,15,IN,,,Mumbai (India),India
462352,tt0476761,,Deha,Deha,2007-01-01,123,,5.9,5,,,,,
17432,tt1065099,Q6945505,My Friend Ganesha,My Friend Ganesha,2007-07-06,121,Family|Fantasy,5.2,4,IN,,,,
867806,tt6443066,,Krishna in Vrindavan,Krishna in Vrindavan,2007-11-17,72,Animation|History|TV Movie,10.0,1,IN,,,,
34707,tt1085806,Q1166355,Darling,Darling,2007-09-07,132,Drama|Horror|Romance,3.5,14,IN,,,,
387096,tt1210520,Q6733708,Mahek,Mahek,2007-10-28,80,Family,0.0,0,IN,,,,
211531,tt1205586,,Dahek A Restless Mind,Dahek A Restless Mind,2007-08-02,114,,0.0,0,,,,,
1342089,tt2459174,,Salt 'n' Pepper,Salt 'n' Pepper,2007-01-01,15,Drama,0.0,0,IN,,,,
15411,tt1014672,Q4901653,Bheja Fry,भेजा फ्राई,2007-04-13,95,Comedy,6.594,69,IN,,,,
59364,tt0845529,Q7336228,Risk,Risk,2007-01-18,0,Action,5.0,11,,,,,
163415,tt0989633,Q5253846,Delhii Heights,Delhii Heights,2007-03-29,120,Drama|Comedy,5.0,1,IN,,,Delhi (India),India
310391,,,Salaam Bacche,Salaam Bacche,2007-01-01,0,,0.0,0,,,,,
211821,tt0887753,Q616971,Kya Love Story Hai,क्या लव स्टोरी है,2007-08-03,120,Comedy|Drama|Romance,4.5,10,IN,,,,
1062923,,,Blood Brothers,Blood Brothers,2007-09-08,13,Drama,0.0,0,IN,,,,
1369901,tt1107313,Q16247678,Cocktail: The Deadly Combination,Cocktail: The Deadly Combination,2007-09-14,0,Horror,0.0,0,IN,,,,
276343,tt1108831,Q5094918,Chhodon Naa Yaar,Chhodon Naa Yaar,2007-10-05,130,Thriller|Horror,5.0,1,IN,,,,
488216,tt0882967,Q7621581,Strangers,Strangers,2007-12-15,108,Thriller|Drama|Romance,5.0,10,IN,,,,
361935,tt2645252,Q16249064,Hungama in Dubai,Hungama in Dubai,2007-09-07,107,Comedy,7.0,3,IN,,,Emirate of Dubai (United Arab Emirates),United Arab Emirates
1199942,tt3568910,,Listener's Tale,Listener's Tale,2007-06-01,77,Documentary,0.0,0,IN,,,,
1068934,tt0820058,,Behind the Mirror,Darpan Ke Peechhe,2007-01-10,88,,0.0,0,,,,,
197446,tt0979891,Q5682210,Hattrick,Hattrick,2007-03-16,110,Romance|Comedy|Drama,4.5,6,,,,London (United Kingdom),United Kingdom
499679,tt2669252,,Old Iss Gold,Old Iss Gold,2007-06-22,0,,0.0,0,IN,,,,
274002,tt1642195,,Dosh,Dosh,2007-01-01,159,Crime,0.0,0,,,,,
313430,tt0875692,Q4692181,Aggar,अगर,2007-09-14,125,Drama|Romance|Thriller,3.5,6,IN,,,,
39817,tt1047459,Q5269203,Religion,Dharm,2007-06-08,105,Drama|History,5.7,12,IN,,,Uttar Pradesh (India),India
310916,tt0898943,Q5227827,Raqeeb,Raqeeb,2007-05-18,124,,2.8,4,,,,,
274086,tt0989685,,Mr. Hot Mr. Kool,Mr. Hot Mr. Kool,2007-01-01,110,Comedy,0.0,0,,,,,
554895,tt0989725,Q15605877,Undertrial,Undertrial,2007-02-09,141,Drama,8.0,6,,,,,
1317741,,,A Drop of Life,A Drop of Life,2007-10-13,17,,0.0,0,,,,,
339531,tt0988036,Q10280487,Fear,Fear,2007-08-01,128,Horror,2.0,1,IN,,,,
65232,tt1111348,,In Search of Gandhi,In Search of Gandhi,2007-10-11,52,Documentary,0.0,0,IE,,,,
482203,tt1087850,Q16840039,Ghutan,Ghutan,2007-06-08,126,Horror,0.0,0,IN,,,,
561948,,,Joy Ride,Joy Ride,2007-01-01,9,Documentary,0.0,0,IN,,,,
888918,tt1440147,Q15724059,Chaka Chaka Bhaunri,Chaka Chaka Bhaunri,2007-08-24,0,,0.0,0,,,,,
1570210,,,A Delicate Weave,Jhini Bini Chadariya,2007-01-01,0,,0.0,0,IN,,,,
1090814,tt4882500,,Ek Zakhm,Ek Zakhm,2007-01-01,100,Action,0.0,0,IN,,,,
50187,tt0886505,Q6343256,Kaafila,Kaafila,2007-08-10,0,Drama,2.0,2,IN,,,Afghanistan,Afghanistan
463310,tt0982888,,Khanna & Iyer,Khanna & Iyer,2007-03-30,102,,0.0,0,,,,,
1475507,,,Morality TV aur Loving Jehad: Ek Manohar Kahani,Morality TV aur Loving Jehad: Ek Manohar Kahani,2007-05-05,31,Documentary,0.0,0,IN,,,,
946555,tt1412775,,Tsunami 81,Tsunami 81,2007-11-14,91,Drama,0.0,0,IN,,,,
1342166,,,Chapter-3,Chapter-3,2007-01-01,21,,0.0,0,,,,,
1581841,,,Malegaon ka aparichit,Khandesh ka aparichit,2007-01-01,50,,0.0,0,IN,,,,
920101,,,Pati Kamaal Bibi Dhamaal,Pati Kamaal Bibi Dhamaal,2007-01-01,102,Comedy,0.0,0,IN,,,,
1342154,,,Woh Subah Kidhar Nikal Gayi,Woh Subah Kidhar Nikal Gayi,2007-01-01,80,,0.0,0,IN,,,,
919349,,,Danveer Karna,Danveer Karna,2007-01-01,47,Action,0.0,0,IN,,,,
619087,tt2459222,,Foto,Foto,2007-02-01,0,,0.0,0,,,,,
819825,tt2055706,,Panga Naa Lo,Panga Naa Lo,2007-04-20,0,,0.0,0,,,,,
762077,tt1620684,,Incomplete Dream,Adhura Sapna,2007-04-27,88,Drama,0.0,0,FJ|IN,,,,
500059,,,Midnight Murder,Midnight Murder,2007-01-01,0,Thriller|Horror,0.0,0,IN,,,,
14546,tt1092005,Q5580874,Golmaal Returns,गोलमाल रिटर्न्स,2008-10-29,136,Comedy,5.4,136,IN,,,,
14072,tt1182937,Q1130343,Rab Ne Bana Di Jodi,रब ने बना दी जोड़ी,2008-12-11,167,Comedy|Drama|Romance,7.113,341,IN,,,India,India
14073,tt0449994,Q573112,Jodhaa Akbar,जोधा अकबर,2008-02-13,213,Romance|History|Drama,7.3,292,IN,,,India,India
14070,tt1166100,Q531340,Ghajini,गजनी,2008-12-25,186,Action|Romance|Thriller,7.0,476,IN,,,Mumbai (India),India
14071,tt1185420,Q1251094,Dostana,दोस्ताना,2008-11-13,141,Drama|Comedy|Romance,6.155,174,IN,,,Miami (United States)|Miami metropolitan area (United States),United States
15974,tt0991346,Q855020,Bhoothnath,भूतनाथ,2008-05-09,151,Family|Comedy,6.201,137,IN,,,Goa (India),India
60239,tt1213928,Q7675397,Tahaan,तहान,2008-09-05,95,Drama,6.833,6,IN,,,Jammu and Kashmir (India),India
19658,tt1017456,Q2615521,Race,Race,2008-03-20,161,Drama|Action|Thriller|Crime,6.143,143,IN,,,,
15975,tt1292703,Q3359179,Oye Lucky! Lucky Oye!,Oye Lucky! Lucky Oye!,2008-11-28,126,Action|Comedy,7.0,102,IN,Delhi (India),India,Delhi (India),India
20365,tt1087856,Q4062658,Hello,Hello,2008-10-10,129,Comedy,5.7,141,IN,,,,
15467,tt1105733,Q127129,Kismat Konnection,किस्मत कोन्नेक्टिओं,2008-07-18,153,Drama|Comedy|Romance,4.8,68,IN,Mumbai (India)|Toronto (Canada),Canada|India,,
20653,tt1050739,Q46918,Roadside Romeo,Roadside Romeo,2008-10-23,92,Animation|Family|Adventure|Comedy,4.663,43,IN|US,Mumbai (India),India,Mumbai (India),India
14751,tt1288638,Q5226954,Dasvidaniya,Dasvidaniya,2008-11-07,117,Comedy|Drama,7.289,38,IN|TH,,,,
31897,tt1039995,Q844747,U Me Aur Hum,U Me Aur Hum,2008-04-11,157,Romance|Comedy|Drama,6.2,25,IN,,,,
161801,tt1132595,Q16250975,Maan Gaye Mughal-e-Azam,Maan Gaye Mughal-e-Azam,2008-08-21,137,Crime|Comedy,4.5,2,IN,,,Uttar Pradesh (India),India
14467,tt0473367,Q1262452,Jaane Tu... Ya Jaane Na,जाने तू...या जाने ना,2008-07-04,155,Drama|Comedy|Romance,6.833,180,IN,,,,
19623,tt1060249,Q3039988,Drona,Drona,2008-10-02,150,Action|Thriller,3.4,20,IN,Czech Republic,Czech Republic,,
277615,tt1234250,Q6809263,Mehbooba,Mehbooba,2008-07-11,171,Drama|Romance,4.5,2,IN,,,Hungary,Hungary
33206,tt1170404,Q3473067,Mere Baap Pehle Aap,Mere Baap Pehle Aap,2008-06-13,163,Romance|Comedy,4.984,32,IN,,,,
19703,tt1280558,Q2151097,A Wednesday!,A Wednesday!,2008-09-05,103,Drama|Thriller,7.016,378,IN,,,Mumbai (India),India
15864,tt1182972,Q685694,Bachna Ae Haseeno,बचना ऐ हसीनो,2008-08-15,153,Romance|Comedy|Drama,6.115,96,IN,Apulia (Italy)|Australia,Australia|Italy,Mumbai (India),India
26153,tt0476550,Q2041431,God Tussi Great Ho,गॉड तुस्सी ग्रेट हो,2008-08-15,152,Comedy|Drama|Fantasy,4.138,58,IN,,,,
25510,tt1216300,Q6155093,Jannat,जन्नत,2008-05-16,140,Crime|Drama|Romance,6.177,48,IN,,,,
19624,tt0964516,Q2665454,Fashion,Fashion,2008-10-29,167,Drama|Romance,6.45,101,IN,,,Mumbai (India),India
1132127,tt2241224,Q5089315,Cheenti Cheenti Bang Bang,Cheenti Cheenti Bang Bang,2008-10-01,105,Animation|Family,0.0,0,IN,,,,
14214,tt1191138,Q2421682,Thoda Pyaar Thoda Magic,Thoda Pyaar Thoda Magic,2008-06-27,145,Drama|Comedy,5.491,55,IN,,,,
20832,tt1182908,Q3115779,Krazzy 4,क्रैजी 4,2008-04-11,110,Comedy|Crime,4.944,35,IN,,,,
23848,tt0892874,Q5642734,Halla Bol,हल्ला बोल,2008-01-11,150,Drama,4.913,23,IN,,,,
19669,tt1034449,Q3932589,Kidnap,किडनैप,2008-10-02,165,Action|Crime|Thriller,4.362,29,IN,,,,
117329,tt1252488,Q5636518,Haal-e-Dil,Haal-e-Dil,2008-06-20,124,Drama|Romance,5.7,3,IN,,,,
20976,tt1179781,Q4116463,Mission Istaanbul,Mission Istaanbul,2008-07-25,125,Action|Adventure,3.278,9,IN,,,Afghanistan,Afghanistan
20295,tt1170399,Q5015063,C Kkompany,सी कम्पनी,2008-08-29,130,Comedy,5.107,15,IN,,,Mumbai (India),India
19951,tt1301698,Q2811296,1920,1920,2008-09-12,138,Horror,5.627,51,IN,,,,
81145,tt5544786,Q7786615,Thodi Life Thoda Magic,Thodi Life Thoda Magic,2008-06-23,0,Drama,0.0,0,IN,,,,
20493,tt0490170,Q3264217,Love Story 2050,Love Story 2050,2008-07-04,180,Science Fiction|Romance,3.1,35,IN,,,Maharashtra (India),India
46411,tt1228726,Q6928445,Mr. Black Mr. White,Mr. Black Mr. White,2008-05-02,130,Comedy,3.5,6,IN,,,,
46414,tt0845492,Q12446251,My Name Is Anthony Gonsalves,My Name Is Anthony Gonsalves,2008-01-11,136,Drama|Comedy,4.2,10,IN,,,,
16383,tt1334254,Q6733393,Maharathi,Maharathi,2008-12-04,119,Thriller,6.0,8,IN,,,,
18609,tt1101665,Q7491054,Shaurya,शौर्य,2008-04-04,145,Drama|Thriller,7.167,21,IN,,,Jammu and Kashmir (India),India
444075,tt1241334,Q7395705,Saas Bahu Aur Sensex,Saas Bahu Aur Sensex,2008-09-19,0,Comedy|Drama,4.0,1,IN,,,,
57092,tt1024852,Q6807677,Meerabai Not Out,Meerabai Not Out,2008-12-05,145,Comedy|Drama,4.0,1,IN,,,,
14394,tt0490210,Q3473636,Sarkar Raj,सर्कार राज,2008-06-06,125,Action|Adventure|Crime|Drama,6.471,52,IN,,,Mumbai (India),India
12273,tt1146325,Q2007104,Singh Is Kinng,Singh Is Kinng,2008-08-08,135,Action|Comedy,5.674,116,IN,,,Australia,Australia
19672,tt1230165,Q3437772,Rock On!!,Rock On!!,2008-08-29,144,Drama,6.848,115,IN,,,Mumbai (India),India
15464,tt1221133,Q5323509,EMI,EMI,2008-11-07,128,Comedy|Crime,7.0,2,IN,,,,
614385,tt2827516,Q5094938,Chhota Bheem and Krishna,Chhota Bheem Aur Krishna,2008-08-24,69,Action|Adventure|Animation|TV Movie,7.0,8,IN,,,,
648965,tt4183924,Q5555928,Ghatothkach - Master of Magic,Ghatothkach,2008-05-23,91,Animation|Family,10.0,1,IN,,,Asia,Asia
20917,tt1039989,Q5239311,Sunday,संडे,2008-01-25,130,Comedy|Thriller,4.907,28,IN,,,,
188284,tt1314274,Q5936048,Hulla,Hulla,2008-09-19,110,Comedy|Drama,6.0,2,IN,,,,
35695,tt1221139,Q1546414,Welcome To Sajjanpur,Welcome To Sajjanpur,2008-09-19,134,Comedy,5.8,25,IN,,,,
233886,tt1079967,Q5680192,Hastey Hastey Follow Your Heart,Hastey Hastey Follow Your Heart,2008-11-07,127,,6.5,1,,,,,
32137,tt4161520,Q3016733,Dashavatar,दशावतार,2008-06-13,119,Music|Animation|Family,7.3,7,IN,,,India,India
16537,tt1266583,Q6935291,Mumbai Meri Jaan,Mumbai Meri Jaan,2008-08-22,119,Drama,7.145,32,IN,,,Mumbai (India),India
799269,tt1312135,Q7080378,"Oh, My God!!","Oh, My God!!",2008-12-05,105,Comedy|Drama,5.0,1,,,,,
1419548,,,Inquilab,Inquilab,2008-08-15,40,Documentary|History,0.0,0,IN,,,,
15532,tt1194608,Q5350255,Ek Vivaah… Aisa Bhi,Ek Vivaah… Aisa Bhi,2008-11-07,126,Drama|Romance,6.8,6,IN,,,,
46408,tt1126516,Q11785073,Money Hai Toh Honey Hai,Money Hai Toh Honey Hai,2008-07-25,142,Drama|Comedy,3.333,9,IN,,,,
19671,tt1132606,Q7877792,Ugly Aur Pagli,Ugly Aur Pagli,2008-08-01,117,Drama|Romance,2.3,3,IN,,,,
19667,tt1266545,Q5069822,Chamku,चमकू,2008-08-29,105,Action|Crime|Romance|Thriller,4.2,13,IN,,,Bihar (India),India
14193,tt0995752,Q932717,Tashan,Tashan,2008-04-25,148,Action|Romance,4.512,43,IN,,,,
20563,tt1114725,Q4137388,Heroes,Heroes,2008-10-24,140,Action|Adventure|Comedy,6.0,14,IN,,,,
125289,tt1178657,Q7644186,Super Star,Super Star,2008-02-08,0,,6.8,4,,,,,
710679,tt1283926,,My Friend Ganesha 2,My Friend Ganesha 2,2008-08-22,117,Animation|Family|Fantasy,0.0,0,,,,,
20358,tt1105747,Q4313927,Yuvvraaj,युव्वराज,2008-11-21,159,Drama,4.776,30,IN,,,,
293135,tt1043717,Q11780529,Migration,Migration,2008-03-07,19,Drama,5.7,3,US|IN,,,,
21571,tt1179782,Q6881734,Mithya,मिथ्या,2008-01-27,110,Drama|Comedy|Crime|Thriller,6.6,15,IN,,,,
20488,tt1218345,Q5276624,Dil Kabaddi,Dil Kabaddi,2008-12-05,120,Drama|Romance,7.5,2,IN,,,,
647873,tt1199534,Q7852388,Tulsi: Mathrudevobhava,Tulsi: Mathrudevobhava,2008-01-18,126,Drama,7.0,1,,,,,
276853,,,Phir Tauba Tauba,फिर  तौबा तौबा,2008-01-04,110,Crime,0.0,0,IN,,,,
719891,,,Jangarh Film One,Jangarh Film Ek,2008-01-01,24,Documentary,6.5,1,IN,,,,
73485,tt1024839,Q5244765,De Taali,De Taali,2008-11-01,140,Romance|Comedy|Drama,4.3,10,IN,,,,
901172,,,Dhara,Dhara,2008-01-01,95,,0.0,0,,,,,
18610,tt1176960,Q7093319,One Two Three,वन टू थ्री,2008-03-28,135,Comedy,5.182,22,IN,,,,
309707,tt1252562,Q6403182,Khushboo: The Fragrance of Love,Khushboo: The Fragrance of Love,2008-06-20,140,Romance,0.0,0,,,,,
13123,tt1241195,Q4661485,Aamir,Aamir,2008-06-06,99,Thriller,6.7,64,IN,,,Mumbai (India),India
88867,tt1314367,Q16960845,Ru-Ba-Ru: For Now & Forever,Ra-Ba-Ru,2008-09-12,0,Romance|Drama|Mystery,6.5,2,IN,,,,
467589,tt4556138,,8 PM: A Murder Mystery,8 PM: A Murder Mystery,2008-01-01,120,Crime|Mystery|Thriller,10.0,2,,,,,
1051655,tt21339416,,Khiladi No 1,Khiladi No 1,2008-08-08,152,Action|Thriller,0.0,0,,,,,
276129,tt1825665,Q124656709,Bollywood Evil Dead,बच के ज़रा,2008-12-31,99,Music|Horror,2.7,7,IN,,,,
1452365,,,Call of the Horn,Horrrn Pukare,2008-01-01,24,Documentary,0.0,0,IN,,,,
480619,tt2613380,Q56275795,Love at first sight,Pehli Nazar Ka Pyaar,2008-11-04,140,Romance,0.0,0,IN,,,,
79111,tt1056465,,Chanchal,Chanchal,2008-08-10,0,,4.5,1,IN,,,,
309698,tt1158700,Q5264162,Deshdrohi,देशद्रोही,2008-11-14,139,Action|Crime|Thriller,1.9,8,IN,,,,
274746,tt1043876,Q19815839,Woodstock Villa,Woodstock Villa,2008-05-30,94,Crime|Mystery|Thriller,3.8,5,IN,,,,
55376,tt1156148,Q3141215,Karzzzz,कर्ज़,2008-10-17,142,Action|Romance|Thriller,3.1,15,IN,,,,
1091201,,,Pyar Jab Kenhu Se Hoi Jala,प्यार जब केहू से होई जाला,2008-01-04,145,Music|Romance,0.0,0,IN,,,,
15979,tt1267500,Q7187347,Phoonk,फूँक,2008-08-22,179,Drama|Horror|Mystery,3.5,16,IN,,,,
33540,tt1327833,Q7563731,Sorry Bhai,Sorry Bhai,2008-11-28,118,Drama|Romance,4.9,5,IN,,,Mauritius,Mauritius
1559468,,,Khandala House,खंडाला हाउस,2008-02-29,103,Drama|Horror|Music,0.0,0,IN,,,,
168306,tt1260689,Q7637255,Summer 2007,Summer 2007,2008-06-13,166,Drama,0.0,0,IN,,,,
499257,tt1217608,Q18395759,Yaar Meri Zindagi,Yaar Meri Zindagi,2008-04-22,0,,0.0,0,,,,,
41911,tt1224454,Q7530185,Sirf,Sirf,2008-04-25,142,Drama|Romance,0.0,0,,,,,
117134,tt1159917,Q4940607,Bombay to Bangkok,Bombay to Bangkok,2008-01-11,145,Comedy|Romance|Drama,5.0,3,,,,Thailand,Thailand
173418,tt1238735,Q113669309,Dhoom Dadakka,धूम दादक्का,2008-05-23,128,Drama|Comedy,8.7,3,IN,,,,
26229,tt1132589,Q5760224,Hijack,Hijack,2008-09-05,119,Action|Thriller,4.8,5,IN,,,,
568009,tt1221142,Q6935275,Mumbai Cutting,Mumbai Cutting,2008-04-27,130,Drama,0.0,0,IN,,,Mumbai (India),India
532965,tt1159230,,Midnight Lost + Found,Midnight Lost + Found,2008-02-01,18,Drama|Romance,0.0,0,IN,,,,
473042,tt1228707,Q6199466,Jimmy,जिमी,2008-05-09,114,Drama|Action|Crime,0.0,0,IN,,,,
16928,tt1206283,Q4922216,Black & White,Black & White,2008-02-01,120,Action|Drama,4.5,1,,,,Delhi (India),India
867815,tt6442890,,Krishna - Kans Vadh,Krishna - Kans Vadh,2008-03-30,68,Animation|History|Action,10.0,2,IN,,,,
383405,tt1255873,Q1585332,Hari Puttar,Hari Puttar,2008-09-24,90,Comedy|Drama|Family,7.0,3,GB|IN,,,,
124438,tt1242843,Q5165644,Contract,Contract,2008-07-18,122,Thriller|Action,4.5,4,IN,,,Mumbai (India),India
46412,tt1287847,Q6933470,Mukhbiir,Mukhbiir,2008-08-22,132,Action|Crime,7.0,3,,,,,
443950,tt1372694,Q5618215,Gumnaam: The Mystery,Gumnaam: The Mystery,2008-12-05,107,Crime|Mystery|Romance,6.0,1,,,,,
449031,tt1589437,,Gandhi's Children,Gandhi's Children,2008-11-26,185,Drama|Documentary,5.0,2,IN|AU,,,,
46416,tt1228744,,Pranali: The Tradition,Pranali: The Tradition,2008-05-02,0,Drama,1.0,2,,,,,
232710,tt1446055,Q5293197,Don Muthu Swami,Don Muthu Swami,2008-05-22,112,Comedy|Drama,0.0,0,,,,,
33147,tt30397483,Q6310862,Jumbo,Jumbo,2008-12-25,0,,8.7,3,IN|TH,,,,
115933,tt0885398,Q4751198,Anamika,अनामिका,2008-05-02,120,Thriller|Romance,3.3,6,,,,,
544286,tt1961330,Q5582726,Good Luck!,Good Luck!,2008-08-08,0,,0.0,0,IN,,,,
826411,tt4694992,,Rahim Murge Pe Mat Ro,Rahim Murge Pe Mat Ro,2008-01-01,1,Drama,0.0,0,IN,,,,
25802,tt1216276,Q124523404,26th July At Barista,26th July At Barista,2008-01-01,0,Drama,3.0,1,IN,,,,
192417,tt1202528,,Lovesongs,Lovesongs,2008-03-28,91,Drama,5.0,2,,,,,
919024,tt6923578,Q6815917,Memsahab,Memsahab,2008-06-19,125,Thriller,0.0,0,IN,,,,
1106263,tt7835470,,The Salt Stories,The Salt Stories,2008-12-28,84,Documentary,0.0,0,IN,,,,
539733,tt1214948,Q4902070,Bhram: An Illusion,Bhram: An Illusion,2008-04-04,132,Drama|Romance|Mystery,2.0,4,IN,,,,
804799,,,Chalo Hamara Des,Chalo Hamara Des,2008-02-02,98,,8.0,1,IN|US,,,,
1194371,,,Koi Sunta Hai: Journeys with Kumar and Kabir,Koi Sunta Hai: Journeys with Kumar and Kabir,2008-01-01,96,Documentary,0.0,0,IN,,,,
500095,,,Khooni Ped,खूनी पेड़,2008-01-01,0,Horror,0.0,0,IN,,,,
1323738,,,When This Man Dies,When This Man Dies,2008-01-01,23,Drama,0.0,0,,,,,
371145,,,Little Krishna - The Wondrous Feats,Little Krishna - The Wondrous Feats,2008-12-03,98,Action|Adventure|Animation,10.0,1,IN,,,,
1319630,,,Come 15th August,"Kal,15 August, Dukaan Band Rahegi",2008-01-01,11,Drama,0.0,0,,,,,
16352,tt1353170,Q5582857,Good Night,Good Night,2008-01-01,30,Comedy|Drama|Romance,0.0,0,IN,,,,
493286,tt4845402,,Punches n Ponytails,Punches n Ponytails,2008-02-01,74,Documentary,0.0,0,IN,,,,
493291,tt1185686,Q7877156,Udedh Bun,Udedh Bun,2008-02-08,21,Drama,0.0,0,IN,,,,
1187803,tt8883402,Q4901937,Bhole Shankar,Bhole Shankar,2008-09-12,130,Family|Drama,0.0,0,,,,,
499243,tt1324025,,Rafoo Chakkar,Rafoo Chakkar,2008-09-26,122,,0.0,0,,,,,
20453,tt1187043,Q229633,3 Idiots,3 Idiots,2009-12-23,171,Drama|Comedy,8.0,2856,IN,,,Delhi (India),India
22717,tt1084972,Q2622347,Wanted,वांटेड,2009-09-18,155,Action|Comedy|Crime|Thriller,5.861,133,IN,,,Mumbai (India),India
16345,tt1230448,Q862951,Billu,बिल्लू,2009-02-13,137,Comedy|Drama,6.441,119,IN,,,,
10788,tt1144804,Q151529,Kambakkht Ishq,कमबख़्त इश्क़,2009-07-03,134,Action|Comedy|Drama|Romance,4.362,65,IN|IT,California (United States),United States,Los Angeles (United States),United States
21297,tt1324059,Q3565236,Wake Up Sid,Wake Up Sid,2009-10-02,138,Comedy|Drama|Romance,7.237,198,IN,,,Mumbai (India),India
1193500,,,Certified Universal,Certified Universal,2009-01-01,28,Documentary,0.0,0,IN,,,,
25868,tt1227762,Q4705509,Aladin,Aladin,2009-10-29,132,Adventure|Fantasy|Romance,6.1,104,IN,,,,
24613,tt1185442,Q776098,Kurbaan,क़ुरबान,2009-11-20,161,Crime|Drama|Romance|Thriller|Action,4.958,48,IN,,,,
24827,tt1252596,Q2355787,Ajab Prem Ki Ghazab Kahani,अजब प्रेम कि ग़ज़ब कहानी,2009-11-06,150,Romance|Comedy|Action,6.178,166,IN,Ooty (India),India,,
20687,tt1485072,,Teree Sang: A Kidult Love Story,Teree Sang: A Kidult Love Story,2009-08-07,132,Romance|Drama,7.2,7,IN,,,,
19616,tt1328634,Q5239300,New York,New York,2009-06-26,153,Crime|Drama|Thriller,6.256,88,US|IN,New York (United States)|New York City (United States)|Philadelphia (United States)|United States,United States,New York (United States)|New York City (United States)|Philadelphia (United States)|United States,United States
19663,tt1275863,Q1496227,Love Aaj Kal,लव आज कल,2009-07-31,128,Comedy|Drama|Romance,6.3,119,IN,Delhi (India)|San Francisco (United States),India|United States,,
393252,tt0893585,Q5265632,Detective Naani,Detective Naani,2009-05-22,134,Comedy|Mystery,6.0,1,,,,,
16344,tt0886539,Q1873709,Luck by Chance,Luck by Chance,2009-01-30,155,Romance|Drama|Comedy,6.546,77,IN,,,,
24864,tt1242530,Q7990866,What's Your Raashee?,What's Your Raashee?,2009-09-25,192,Comedy,4.9,30,,,,Mumbai (India),India
59262,tt1454461,Q5350164,Ek: The Power of One,Ek: The Power of One,2009-03-27,146,Action|Drama|Thriller,3.8,8,,,,,
15977,tt1327035,Q3506295,Dev.D,देव .डी,2009-02-06,144,Comedy|Drama|Romance,7.0,157,IN,Delhi (India)|London (United Kingdom),India|United Kingdom,Delhi (India)|Kolkata (India),India
24595,tt1223922,Q262487,Blue,Blue,2009-10-16,119,Action|Adventure|Thriller,3.961,51,IN,,,,
20002,tt1091229,Q1061749,Chandni Chowk to China,चांदनी चौक टू चाइना,2009-01-15,154,Action|Adventure|Comedy,4.9,93,CN|IN|TH,Thailand,Thailand,Shanghai (People's Republic of China),People's Republic of China
26379,tt1532957,Q585892,Paa,पा,2009-12-04,133,Drama|Family,6.383,94,IN,,,Lucknow (India),India
22157,tt1431729,Q6893637,Mohandas,Mohandas,2009-09-04,112,Drama,0.0,0,IN,,,,
22155,tt1324076,Q5476570,Fox,Fox,2009-09-04,0,Action|Thriller,6.0,8,IN,,,Mumbai (India),India
22609,tt1202540,Q1523194,Dil Bole Hadippa!,दिल बोले हडिप्पा!,2009-09-18,148,Romance|Comedy|Drama,5.5,64,IN,,,Lahore (Pakistan),Pakistan
20292,tt1603862,Q6161453,Jashnn: The Music Within,Jashnn,2009-07-17,127,Drama|Music|Romance,6.7,3,IN,,,,
20027,tt1043451,Q3021591,Delhi-6,दिल्ली ६,2009-02-20,141,Drama,5.948,58,IN,Delhi (India)|New York City (United States),India|United States,Delhi (India),India
1767992,,,BAS! Beyond the Red Light,Bas! Au-delà du Red Light,2009-01-01,77,Documentary,0.0,0,CA,,,,
21607,tt1372266,Q6416373,Kisaan,Kisaan,2009-08-28,100,Action|Crime|Drama|Thriller,7.2,4,IN,,,,
20964,tt1218038,Q7758080,The President Is Coming,The President Is Coming,2009-01-09,90,Comedy,6.5,4,IN,,,,
197490,tt1236441,Q7186434,Phir Kabhi,Phir Kabhi,2009-08-22,0,Drama|Romance,6.0,1,IN,,,,
20688,tt1274295,Q3031575,Kaminey,कमीने,2009-08-14,135,Action|Crime|Drama,6.8,113,IN,,,Mumbai (India),India
20290,tt1242782,Q3932155,Luck,लक,2009-07-24,130,Action|Thriller|Drama|Adventure,4.734,47,IN,,,,
24603,tt1433905,Q4196318,All the Best: Fun Begins,आल थे बेस्ट: फन बेगिंस,2009-10-16,144,Action|Comedy|Music,6.1,59,IN,,,,
302206,tt1967557,,Meri Padosan,Meri Padosan,2009-04-17,0,Comedy|Drama,0.0,0,,,,,
21625,tt1261047,Q5617180,Gulaal,गुलाल,2009-03-13,147,Crime|Drama,6.895,75,IN,,,,
1609777,tt1469866,,Boond,Boond,2009-08-06,26,Drama,0.0,0,IN,,,,
634304,tt1935782,Q5286180,"Do Paise Ki Dhoop, Chaar Aane Ki Baarish","Do Paise Ki Dhoop, Chaar Aane Ki Baarish",2009-05-22,121,Drama,6.0,4,IN,,,Mumbai (India),India
25867,tt1255951,Q3020114,De Dana Dan,De Dana Dan,2009-11-27,166,Comedy|Crime,5.752,108,IN,,,,
18673,tt1105709,Q4645267,8x10 Tasveer,8x10 Tasveer,2009-04-03,119,Thriller|Action|Mystery|Science Fiction,5.276,29,IN,,,,
20507,tt1415252,Q4694725,Agyaat,अज्ञात,2009-08-07,98,Horror|Mystery,3.3,10,IN,,,,
25100,tt1522329,Q7852451,Tum Mile,तुम मिले,2009-11-13,134,Drama,5.222,17,IN,,,Mumbai (India),India
15646,tt2066899,Q11728896,Jugaad,Jugaad,2009-02-13,114,Comedy,5.3,3,IN,,,,
306406,tt3610936,Q120500923,Gaiir,Gaiir,2009-11-06,0,,5.0,2,,,,,
26815,tt1434447,Q3437951,Rocket Singh: Salesman of the Year,रॉकेट सिंह,2009-12-10,156,Drama|Comedy|Romance,6.895,133,IN,,,,
1017579,tt0156364,,Bin Maa Ke Bachche,Bin Maa Ke Bachche,2009-06-04,0,Drama|Family,9.0,1,,,,,
20293,tt1229390,Q7502186,Shortkut - The Con Is On,Shortkut - The Con Is On,2009-07-10,142,Comedy,4.0,14,IN,,,,
113512,tt2075376,,Virgin Goat,Virgin Goat,2009-11-01,87,Comedy,0.0,0,IN|FR,,,,
83351,tt1584917,Q4939947,Bolo Raam,बोलो राम,2009-12-31,103,Thriller|Drama|Mystery,0.0,0,,,,,
425685,tt1373260,,Wagah,Wagah,2009-02-15,13,Documentary,7.0,1,DE,,,,
15980,tt1340838,Q7278449,Raaz: The Mystery Continues...,राज़ : दि मिस्ट्री कन्टिन्युज,2009-01-23,137,Horror|Mystery,5.521,48,IN,,,,
25511,tt0486615,Q4266474,London Dreams,London Dreams,2009-10-30,151,Drama,5.5,22,IN,,,,
21606,tt1404573,Q5207996,Daddy Cool: Join the Fun,Daddy Cool: Join the Fun,2009-08-28,98,Comedy,1.2,4,IN,,,,
19980,tt1370429,Q4646285,99,99,2009-05-15,141,Comedy|Crime,6.8,27,IN,,,Delhi (India)|Mumbai (India),India
1324937,tt6440346,,Narmeen,Narmeen,2009-04-27,18,Drama|History,0.0,0,IN,,,,
22241,tt1263679,Q922626,Firaaq,फ़िराक,2009-03-20,101,Drama,6.158,19,IN,,,India,India
406139,,,Thriller,Thriller,2009-01-01,110,Comedy|Horror,5.0,1,,,,,
24604,tt1174041,Q4296509,Main Aurr Mrs Khanna,मैं और मी.खन्ना,2009-10-16,115,Drama,4.983,60,IN,,,,
19276,tt1391544,Q5269762,Dhoondte Reh Jaaoge,Dhoondte Reh Jaaoge,2009-03-06,135,Comedy,4.813,8,IN,,,,
21263,tt1229366,Q15128692,Life Partner,लाइफ पार्टनर,2009-08-14,136,Comedy|Drama|Romance,4.119,21,IN,,,,
32974,tt1210356,Q7278433,A One Night Stand,"Raat Gayi, Baat Gayi?",2009-12-31,113,Drama|Comedy|Romance,5.5,4,IN,,,,
85708,tt1183946,Q7766633,The Stoneman Murders,The Stoneman Murders,2009-02-13,95,Crime,6.7,21,IN,,,,
454994,tt2137850,,3 Nights 4 Days,3 Nights 4 Days,2009-10-28,0,Drama|Romance,5.0,1,IN,,,,
46405,tt1288644,Q15678644,Mere Khwabon Mein Jo Aaye,Mere Khwabon Mein Jo Aaye,2009-02-06,121,Drama|Horror|Romance,5.5,2,,,,,
32866,tt1570417,Q4672576,Accident On Hill Road,Accident On Hill Road,2009-12-31,104,Thriller,2.0,3,IN,,,,
21822,tt1002963,Q15128693,Yeh Mera India,ये मेरा इंडिया,2009-08-28,134,Drama,8.5,2,IN,,,,
23275,tt1343362,Q5286096,Do Knot Disturb,Do Knot Disturb,2009-10-02,126,Comedy|Romance,3.289,19,IN,,,,
37671,tt1438486,Q5068473,Chal Chala Chal,Chal Chala Chal,2009-02-06,138,Drama|Comedy|Romance,5.5,2,,,,,
518972,tt6543110,Q16247540,Chhota Bheem aur Krishna: Pataliputra - City of the Dead,छोटा भीम और कृष्ण: पाटलिपुत्र- मृतकों का शहर,2009-09-27,65,Action|Adventure|Animation|TV Movie,5.5,2,IN,,,,
1124862,tt6536672,Q130370948,Tales of Siva 2,Tales of Siva 2,2009-12-10,67,Animation|History|Drama,0.0,1,IN,,,,
17059,tt1372681,Q4661025,Aa Dekhen Zara,Aa Dekhen Zara,2009-03-27,117,Thriller|Action,4.1,29,IN,,,Mumbai (India),India
1433980,tt5164874,,I Wonder...,I Wonder...,2009-01-01,71,Documentary,0.0,0,IN,,,,
22443,tt1512321,Q15128694,Vaada Raha... I Promise,वादा रहा... ई प्रॉमिस,2009-09-11,105,Drama,7.0,3,IN,,,,
1738252,tt1199490,,Bad Luck Govind,Bad Luck Govind,2009-01-09,0,Comedy|Crime|Drama,0.0,0,IN|US,,,,
172162,tt1235833,Q138600801,Bombay Summer,बॉम्बे समर,2009-09-18,102,Drama,7.0,2,,,,,
46402,tt0438894,Q12419726,Kisse Pyaar Karoon,Kisse Pyaar Karoon,2009-02-27,125,Comedy,7.0,1,IN,,,,
22101,tt1479667,Q4661239,Aagey Se Right,Aagey Se Right,2009-09-04,117,Comedy,5.2,4,IN,,,Mumbai (India),India
1452366,,,Needle,Suee,2009-01-01,30,Documentary,0.0,0,IN,,,,
20652,tt1176961,Q7156741,Paying Guests,Paying Guests,2009-06-19,119,Comedy,5.0,5,IN,,,,
21224,tt1202517,Q2381104,Barah Aana,Barah Aana,2009-03-13,97,Comedy|Drama,5.6,5,IN,,,,
435175,tt1420539,Q5350246,Ek Se Bure Do,Ek Se Bure Do,2009-01-01,0,,4.0,1,,,,,
435203,tt1454567,,Team: The Force,Team: The Force,2009-06-05,115,Action,4.5,2,,,,,
20130,tt1245774,Q6123574,Jail,Jail,2009-11-06,155,Drama|Horror,6.1,9,IN,,,,
523212,tt2016942,,Meri Life Mein Uski Wife,मेरी लाइफ मैं उसकी वाइफ,2009-10-16,114,Comedy|Drama,2.0,2,IN,,,,
1124860,tt6543286,,Tales of Siva 1,Tales of Siva 1,2009-09-13,60,Animation|History|Drama,5.0,1,IN,,,,
435199,tt0205380,Q7415485,Sanam Teri Kasam,Sanam Teri Kasam,2009-05-06,170,Action|Drama|Romance,6.5,4,,,,,
20291,tt1252614,Q7418685,Sankat City,संकट सिटी,2009-07-10,110,Comedy,5.056,9,IN,,,,
20965,tt1170411,Q7927444,Victory,Victory,2009-01-29,150,,4.6,5,IN,,,,
64756,tt1538210,Q18795222,Aao Wish Karein,आओ विश करें,2009-11-13,140,Fantasy|Drama|Comedy|Romance|Family,7.2,4,IN,,,,
21232,tt1324078,Q6349887,Kal Kissne Dekha,Kal Kissne Dekha,2009-06-12,124,Drama|Comedy|Romance,4.4,5,IN,,,Mumbai (India),India
21611,tt1474271,Q6690901,Love Khichdi,Love Khichdi,2009-08-28,130,Comedy|Drama|Romance,2.9,4,IN,,,Mumbai (India),India
510838,tt2407652,,Khargosh,ख़रगोश,2009-01-06,94,Drama,0.0,0,IN,,,,
23702,tt1201557,Q4674042,Acid Factory,Acid Factory,2009-10-09,105,Action|Crime|Thriller,5.2,11,IN,,,,
20452,tt0453501,Q7168015,Perfect Mismatch,Perfect Mismatch,2009-07-24,92,Comedy|Romance,7.0,2,IN,,,,
15504,tt1252594,Q4662731,Aasma: The Sky Is the Limit,Aasma: The Sky Is the Limit,2009-01-23,108,Drama,10.0,1,,,,,
919604,tt6386084,,Ishwar Sakshi,Ishwar Sakshi,2009-08-27,92,Family,0.0,0,,,,,
20915,tt1399602,Q7620981,Straight,स्ट्रेट,2009-03-20,110,Comedy|Romance,3.7,6,IN,,,,
1181508,tt1324074,Q5350253,Ek Tho Chance,Ek Tho Chance,2009-12-11,120,Thriller|Drama,0.0,0,,,,Mumbai (India),India
22158,tt1135931,Q4524082,Chintu Ji,चिंटू जी,2009-09-04,115,Comedy|Drama,2.8,4,IN,,,,
20491,tt1562361,Q6532261,Let's Dance,Let's Dance,2009-06-19,118,Drama|Crime,0.0,0,IN,,,,
19668,tt1369669,Q15127331,Jai Veeru,Jai Veeru,2009-03-13,160,Action|Adventure|Crime|Thriller,4.0,5,IN,,,,
81881,tt1634329,Q5506386,Fruit & Nut,फ्रूट एंड नट,2009-10-23,89,Comedy|Romance,3.0,1,,,,,
20192,tt1305840,Q4734595,Aloo Chaat,Aloo Chaat,2009-03-20,155,Comedy,4.2,9,IN,,,,
919712,,,Man Mandir Mein Maa,Man Mandir Mein Maa,2009-01-01,81,,0.0,0,IN,,,,
632020,tt2058651,,Maruti Mera Dosst,Maruti Mera Dosst,2009-01-01,0,,9.0,1,IN,,,,
256783,tt1999199,,Love Kaa Taddka,Love Kaa Taddka,2009-10-23,180,Comedy|Drama,0.0,0,IN,,,,
1338708,,,The 100 Watt Bulb,The 100 Watt Bulb,2009-02-18,28,Drama,0.0,0,,,,,
304049,tt2152803,,Pancham Unmixed: Mujhe Chalte Jaana Hai...,Pancham Unmixed: Mujhe Chalte Jaana Hai...,2009-11-26,113,Documentary,0.0,0,IN,,,,
21487,tt1278447,Q15128683,Sikandar,Sikandar,2009-08-21,110,Drama|Thriller,6.3,3,IN,,,Jammu and Kashmir (India),India
117136,tt1985058,Q5252805,Dekh Bhai Dekh,Dekh Bhai Dekh,2009-07-17,145,Drama|Comedy|Crime,0.0,0,,,,,
26304,tt1587424,Q5381777,Radio,Radio,2009-12-03,105,Music|Drama|Romance,6.0,1,IN,,,,
21298,tt1442570,,Fast Forward,Fast Forward,2009-09-25,0,Music|Action|Drama,0.0,0,IN,,,,
302918,tt1253583,Q96391946,Marega Salaa,Marega Salaa,2009-11-20,0,Crime|Drama|Mystery,0.0,0,IN,,,Mumbai (India),India
1443690,,,Superman of Malegaon,Malegaon ka Superman,2009-09-10,8,Action|Comedy,0.0,0,IN,,,,
20686,tt1986788,Q5068476,Chal Chalein,Chal Chalein,2009-08-07,132,Drama,10.0,1,IN,,,,
21757,tt1992257,Q7827858,Toss,Toss,2009-08-28,0,,6.0,1,IN,,,,
260649,tt1500682,,The Man's Woman and Other Stories,आदमी की औरत और अन्य कहानियाँ,2009-09-12,78,Drama,7.7,6,IN,,,,
344345,tt1981682,Q7380133,Runway Love Among Gun Shots,Runway Love Among Gun Shots,2009-06-26,102,,0.0,0,IN,,,,
520430,tt8823390,Q16246957,Bal Ganesh 2,Bal Ganesh 2,2009-10-23,75,Animation|Comedy|Fantasy|Family,9.0,3,IN,,,,
544322,tt1391894,Q7508092,Siddharth: The Prisoner,सिद्धार्थ: कैदी,2009-02-22,91,Crime|Drama|Thriller,0.0,0,IN,,,,
935270,,,Children of Mandala,Children of Mandala,2009-01-01,5,Documentary,0.0,0,IN,,,,
371143,,,Little Krishna - The Darling of Vrindavan,लिटिल कृष्णा - द डार्लिंग ऑफ वृंदावन),2009-12-03,100,Action|Animation|Adventure,10.0,1,,,,,
309256,tt1334437,Q16827644,Blue Oranges,Blue Oranges,2009-09-18,0,Mystery,7.0,1,IN,,,,
127294,tt1836047,,I Am Life,Main Zindagi Hoon,2009-12-18,40,,10.0,1,IN,,,,
1399268,,,The Lock,The Lock,2009-01-01,26,,0.0,0,IN,,,,
919624,,,Last Chance,Last Chance,2009-01-01,80,Horror|Drama,0.0,0,IN|CA,,,,
819859,tt8800120,,Un Hazaaron Ke Naam,Un Hazaaron Ke Naam,2009-11-26,0,,0.0,0,,,,,
22442,tt4479208,,Ruslaan,Ruslaan,2009-09-11,0,,0.0,0,IN,,,,
1319071,,,A Perfect Day,A Perfect Day,2009-04-03,15,,0.0,0,,,,,
936038,,,Germ,Germ,2009-07-17,27,Documentary,0.0,0,IN,,,,
930430,,,Kris Aur Krishna,क्रिस और कृष्णा,2009-08-13,86,,0.0,0,,,,,
1064622,tt3918046,,Encountered on Saffron Agenda?,Encountered on Saffron Agenda?,2009-01-01,90,Documentary,0.0,0,IN,,,,
371140,,,Little Krishna - The Legendary Warrior,Little Krishna - The Legendary Warrior,2009-12-03,100,Action|Animation|Adventure,10.0,1,,,,,
26022,tt1188996,Q330663,My Name Is Khan,My Name Is Khan,2010-02-10,165,Drama|Romance,8.0,1511,CN|IN|AE|US,"Atlanta (United States)|Borivali (India)|Georgia (United States)|Hollywood (United States)|Lancaster County (United States)|Los Angeles (United States)|Maharashtra (India)|Mumbai (India)|New York City (United States)|Philadelphia (United States)|Sacramento (United States)|San Francisco (United States)|Santa Clarita (United States)|Washington (United States)|Washington, D.C. (United States)",India|United States,California (United States)|Georgia (United States)|India|Los Angeles (United States)|Maharashtra (India)|New York (United States)|Pennsylvania (United States)|San Francisco (United States)|United States,India|United States
49679,tt1396208,Q4677152,Action Replayy,Action Replayy,2010-11-05,129,Comedy|Romance|Science Fiction,5.189,90,IN,,,,
44978,tt1562859,Q5580870,Golmaal 3,गोलमाल 3,2010-11-05,140,Comedy|Family,5.6,104,IN,,,,
44549,tt1447508,Q3627503,Peepli Live,PEEPLI [Live],2010-08-13,110,Drama|Comedy,7.3,80,IN,,,,
37737,tt1198101,Q3032397,Kites,Kites,2010-05-21,123,Drama|Action|Romance,7.2,229,IN,Lamy station (United States)|Las Vegas (United States)|Las Vegas Valley (United States)|Los Angeles (United States)|Mexico|New Mexico (United States),Mexico|United States,Lamy station (United States)|Las Vegas (United States)|Las Vegas Valley (United States)|Los Angeles (United States)|Mexico|New Mexico (United States),Mexico|United States
41518,tt1438298,Q3036326,Guzaarish,गुज़ारिश,2010-11-16,126,Drama|Romance,7.3,135,IN,,,Goa (India),India
44425,tt1620719,Q733065,Dabangg,दबंग्ग,2010-09-10,130,Action|Comedy|Crime,5.878,196,IN,,,Uttar Pradesh (India),India
35708,tt1442583,Q7852452,Tum Milo Toh Sahi,Tum Milo Toh Sahi,2010-03-14,127,Comedy|Drama,5.4,5,IN,,,,
52696,tt1610452,Q1213489,Band Baaja Baaraat,Band Baaja Baaraat,2010-12-10,139,Comedy|Drama|Romance,6.674,149,IN,Delhi (India),India,India|Mumbai (India),India
42966,tt1395054,Q7091871,Once Upon a Time in Mumbaai,Once Upon a Time in Mumbaai,2010-07-30,132,Drama|Thriller|Crime,6.701,102,IN,,,India|Mumbai (India),India
58051,tt1573072,Q2486237,Housefull,हाउसफुल,2010-04-30,135,Comedy|Romance,5.739,153,IN,Apulia (Italy),Italy,England (United Kingdom),United Kingdom
34764,tt1373156,Q6373532,Karthik Calling Karthik,Karthik Calling Karthik,2010-02-26,135,Romance|Mystery|Thriller,6.366,108,IN,,,,
59903,tt1596723,Q5132407,Click,Click,2010-02-19,127,Horror|Mystery|Thriller,4.115,13,IN,,,India,India
40777,tt1667838,Q1026875,I Hate Luv Storys,I Hate Luv Storys,2010-06-30,129,Comedy|Drama|Romance,5.882,89,IN,,,India,India
54892,tt1744641,Q3418383,Ramayana: The Epic,Ramayana: The Epic,2010-10-15,98,Animation|Action|Adventure,5.6,9,IN,,,,
54890,tt1433810,Q3025723,Dhobi Ghat,धोबी घाट,2010-01-21,102,Drama,6.387,97,IN,,,Mumbai (India),India
30886,tt1185412,Q402855,Veer,वीर,2010-01-22,160,Action|Romance,5.0,50,IN,London (United Kingdom),United Kingdom,India|London (United Kingdom),India|United Kingdom
37822,tt1602476,Q4230003,Badmaash Company,बदमाश कंपनी,2010-05-07,144,Crime,5.8,61,IN,,,India|Mumbai (India),India
44566,tt1499201,Q2850218,Anjaana Anjaani,Anjaana Anjaani,2010-09-30,151,Comedy|Drama|Romance,5.9,91,IN,,,,
44972,tt1428459,Q1140607,We Are Family,वी आर फैमिली,2010-09-03,115,Drama|Family,5.7,40,IN|US,Mumbai (India),India,Sydney (Australia),Australia
56534,tt1558578,Q6422776,Knock Out,Knock Out,2010-10-15,110,Crime|Action|Thriller|Mystery,6.534,29,IN,,,,
35687,tt1608777,Q6691240,"LSD: Love, Sex aur Dhokha",लव सेक्स और धोखा,2010-03-19,108,Drama|Crime|Comedy,6.039,52,IN,,,,
329727,tt1754833,,Vakratunda Swaha,Vakratunda Swaha,2010-01-01,21,Documentary,7.0,2,IN,,,,
46040,tt1572311,Q3627677,Tees Maar Khan,तीस मार खान,2010-12-24,137,Comedy|Crime,3.816,122,IN,,,,
58046,tt1189006,Q3531989,Toonpur Ka Superrhero,टूनपुर का सुपरहीरो,2010-12-24,107,Action|Adventure|Animation,4.941,18,IN,,,,
45316,tt1639426,Q2402889,Udaan,उड़ान,2010-06-17,138,Drama,7.3,240,IN,,,India,India
44565,tt1455811,Q6400953,Khatta Meetha,Khatta Meetha,2010-07-23,155,Comedy|Drama,5.869,80,IN,,,India,India
44070,tt1227524,Q4662701,Aashayein,आशाएं,2010-08-27,115,Drama,6.692,13,IN,,,,
44248,tt1509732,Q2089221,Aisha,Aisha,2010-08-06,126,Drama|Comedy|Romance,5.129,35,IN,Delhi (India),India,Delhi (India),India
819774,tt1686780,Q6166060,Jawani Zindabaad,Jawani Zindabaad,2010-02-11,0,,0.0,0,,,,,
37460,tt1334470,Q3135932,Raavan,रावण,2010-06-18,138,Action|Adventure|Crime|Drama|Romance|Thriller,4.8,29,IN,,,India,India
154936,tt1594964,Q5087088,Chase,Chase,2010-04-30,0,Action|Crime|Drama,0.0,0,IN,,,,
49028,tt1664809,Q1010071,Rakht Charitra,रखता चरित्र,2010-10-21,123,Action|Crime|Drama,7.0,30,IN,Andhra Pradesh (India),India,Andhra Pradesh (India),India
44613,tt1606267,Q3216082,Lafangey Parindey,लफंगे परिंदे,2010-08-20,126,Action|Drama|Romance,5.9,23,IN,,,Mumbai (India),India
54081,tt1708453,Q4661356,Aakrosh,Aakrosh,2010-10-01,145,Action|Drama|Crime|Thriller,6.929,28,IN,,,Uttar Pradesh (India),India
29538,tt1351224,Q7262814,Pyaar Impossible!,प्यार इंपॉसिबल!,2010-01-08,140,Comedy|Romance,5.3,42,IN,,,Singapore,Singapore
340736,tt1920986,Q6402798,Khuda Kasam,Khuda Kasam,2010-10-26,0,Action|Drama,0.0,0,,,,,
73876,tt1245732,Q7303622,Red Alert: The War Within,Red Alert: The War Within,2010-07-09,113,Drama|Action|Thriller|War,4.4,7,IN,,,,
47655,tt1244093,Q5772967,Hisss,Hisss,2010-10-22,98,Fantasy|Horror|Thriller,3.3,40,IN|US,,,,
83315,tt1929309,Q6744175,Mallika,Mallika,2010-09-03,0,Drama|Horror|Mystery|Thriller,6.0,2,IN,,,,
38257,tt1673411,Q6448096,Kushti,Kushti,2010-05-14,121,Comedy|Romance,3.5,2,IN,,,,
34418,tt1183917,Q2415170,Teen Patti,तीन पत्ती,2010-02-26,142,Drama|Thriller,3.8,10,IN,,,,
64761,tt1633159,Q4678211,Ada... A Way of Life,Ada... A Way of Life,2010-12-24,121,Action|Crime|Drama,0.0,0,IN,,,,
53283,tt1738293,Q6401560,Khichdi: The Movie,खिचड़ी: द मूवी,2010-10-01,120,Comedy|Family,6.9,21,IN,,,,
33556,tt1345777,Q3631071,Ishqiya,इश्क़िया,2010-01-29,115,Thriller|Comedy,6.512,83,IN,,,Uttar Pradesh (India),India
55808,tt1727535,Q65051886,Rakht Charitra 2,रक्त चरित्र २,2010-12-03,135,Action|Crime|Drama,6.37,27,IN,,,Andhra Pradesh (India),India
37951,tt1291465,Q3415825,Raajneeti,राजनीति,2010-06-04,167,Drama|Thriller,6.3,97,IN,,,India,India
88452,tt1772332,Q7133110,Pappu Can't Dance Saala,Pappu Can't Dance Saala,2010-12-16,138,Comedy|Drama|Romance,7.0,3,IN,,,,
340735,tt1773042,Q7462286,"Shahrukh Bola ""Khoobsurat Hai Tu""",शाहरुख़ बोला 'खूबसूरत है तू '... एंड शी बेलिएवेद इन आईटी,2010-11-19,89,Comedy|Drama,0.0,0,,,,,
56897,tt1773015,Q7180899,Phas Gaye Re Obama,Phas Gaye Re Obama,2010-11-01,111,Comedy|Crime,7.073,62,IN,,,,
34144,tt1578116,Q4815863,Atithi Tum Kab Jaoge?,अतिथि तुम कब जाओगे?,2010-02-26,155,Comedy,6.237,59,IN,,,,
274680,tt1629260,Q5350247,Ek Second... Jo Zindagi Badal De...,Ek Second... Jo Zindagi Badal De...,2010-06-11,123,Thriller|Drama|Romance,0.0,0,IN,,,,
29888,tt1182884,Q1896527,Dulha Mil Gaya,दुल्हा मिल गया,2010-01-08,152,Comedy|Drama|Romance,5.443,35,IN,,,Trinidad and Tobago,Trinidad and Tobago
37690,tt1194236,Q4189204,Paathshaala,पाठशाळा,2010-04-16,126,Drama|Family,5.05,20,IN,,,,
52394,tt1612573,Q7360051,Rokkk,रोक्क्क,2010-03-05,116,Thriller|Horror|Mystery,3.3,3,IN,,,,
1036580,tt4906950,Q20814496,Devra Bada Satawela,देवरा बड़ा सतावेला,2010-06-25,157,Drama,7.0,1,IN,,,,
53804,tt1431122,Q7044825,No Problem,No Problem,2010-12-10,143,Comedy,4.3,25,IN,,,South Africa,South Africa
71562,tt1805263,Q5975986,I Am Kalam,I Am Kalam,2010-10-15,89,Comedy|Drama|Family,7.188,33,IN,,,Rajasthan (India),India
37438,tt1190894,Q282662,"Road, Movie","Road, Movie",2010-03-05,95,Adventure|Comedy|Crime|Drama,5.667,12,IN,,,India,India
1261648,,,Mighty Raju: The Movie,Mighty Raju: The Movie,2010-02-10,60,Animation|Action|Fantasy|TV Movie,0.0,0,IN,,,,
101154,tt1935083,,Berozgaar,Berozgaar,2010-09-10,108,Comedy,6.5,2,,,,,
37729,tt1629241,Q4997288,Bumm Bumm Bole,Bumm Bumm Bole,2010-05-14,124,Drama,7.036,14,,,,,
40779,tt0443331,Q1332550,Milenge Milenge,मिलेंगे मिलेंगे,2010-07-09,144,Drama|Romance,4.417,18,IN,,,,
38272,tt1124386,Q7131313,Pankh,पंख,2010-04-02,98,Drama,3.8,5,IN,,,,
117133,tt1740662,Q4890069,Benny And Babloo,Benny And Babloo,2010-10-01,150,Drama|Comedy,5.8,5,,,,,
48826,tt1322257,Q3932354,Jhootha Hi Sahi,Jhootha Hi Sahi,2010-10-22,142,Drama|Romance,4.773,11,IN,,,,
117359,tt1279105,Q3012688,Ramaa: The Saviour,Ramaa: The Saviour,2010-11-12,140,Adventure|Animation|Drama|Action|Family,4.333,3,,,,,
41114,tt1465493,Q5936619,Hum Tum Aur Ghost,हम तुम और घोस्ट,2010-03-26,135,Drama|Science Fiction,4.1,5,IN,,,Newcastle upon Tyne (United Kingdom),United Kingdom
50099,tt1578261,Q3933665,Break Ke Baad,ब्रेक के बाद,2010-11-25,120,Drama|Comedy|Romance,5.667,48,IN,,,,
53284,tt1714832,Q3419925,Do Dooni Chaar,Do Dooni Chaar,2010-10-08,111,Drama|Comedy,6.8,33,IN|US,Delhi (India),India,Delhi (India),India
312674,tt1673391,Q5708453,Hello Hum Lallan Bol Rahe Hain,Hello Hum Lallan Bol Rahe Hain,2010-01-15,130,Comedy|Drama,6.333,3,,,,,
340730,tt1183944,Q7397975,Sadiyaan: Boundaries Divide... Love Unites,Sadiyaan: Boundaries Divide... Love Unites,2010-03-02,0,Drama|Romance,8.5,3,,,,,
84976,tt1796564,Q6945506,My Friend Ganesha 3,My Friend Ganesha 3,2010-03-26,125,Drama|Animation|Comedy,5.5,1,,,,,
30695,tt1392744,Q780289,Chance Pe Dance,चांस पे डांस,2010-01-15,121,Music|Romance|Drama,5.242,33,IN,,,,
163807,tt1742307,Q3041368,Dunno Y Na Jaane Kyun...,Dunno Y Na Jaane Kyun...,2010-11-12,134,Drama|Romance,3.9,8,IN,,,,
33384,tt1471247,Q7339557,Road to Sangam,Road to Sangam,2010-01-29,135,Drama,7.0,3,IN,,,Uttar Pradesh (India),India
270386,tt1740017,Q7156694,Payback,Payback,2010-11-26,132,Action|Crime|Drama,3.0,1,,,,,
73312,tt1605778,Q7813253,Toh Baat Pakki!,तो बात पक्की,2010-02-18,129,Drama|Comedy,4.9,7,IN,,,,
65624,tt1935184,Q6960710,Nakshatra,Nakshatra,2010-10-29,134,Thriller|Crime|Drama|Mystery|Romance,8.0,1,,,,,
38253,tt1608768,Q5123704,City of Gold,City of Gold,2010-04-23,0,Drama|Crime,5.3,3,IN,,,Mumbai (India),India
1369887,tt1772762,,Bachao - Inside Bhoot Hai,Bachao - Inside Bhoot Hai,2010-10-08,0,Horror,0.0,0,IN,,,,
51728,tt1753640,Q5187761,Crook,क्रूक,2010-10-08,121,Action|Drama|Thriller,4.6,16,IN,Australia,Australia,Australia,Australia
35100,tt1191130,Q7333589,Right Yaaa Wrong,राइट या रॉंग,2010-03-12,124,Thriller|Crime|Drama,4.6,7,IN,,,,
71315,tt1194232,Q5381671,Jaane Kahan Se Aayi Hai,जाने कहाँ से आयी है,2010-04-09,115,Comedy|Drama|Fantasy|Romance,4.7,11,IN,,,,
1462051,tt7537624,,Alif,Alif,2010-04-10,64,Drama|Comedy,0.0,0,IN,,,,
31458,tt1451797,Q7293379,Rann,राण,2010-01-29,145,Drama|Thriller,6.595,21,IN,,,,
340729,tt1607607,Q6883468,Mittal v/s Mittal,Mittal v/s Mittal,2010-03-26,135,Drama,0.0,0,IN,,,,
115905,tt1808221,Q6343371,Kaalo,कालो,2010-12-17,79,Horror,4.8,7,IN,,,Rajasthan (India),India
59368,tt1600439,Q7459950,Shaapit,शापित,2010-03-19,136,Horror,5.0,10,IN,,,,
43216,tt1455816,Q7243746,Prince,Prince,2010-04-09,138,Action|Science Fiction|Thriller,5.028,18,IN,,,South Africa,South Africa
852970,tt6442436,Q5094930,Chhota Bheem: Bheem vs Aliens,Chhota Bheem: Bheem vs Aliens,2010-12-12,69,Animation|Fantasy|TV Movie|Thriller,5.5,2,,,,,
41107,tt1309561,Q3633996,Lamhaa,Lamhaa,2010-07-16,115,Action|Thriller,6.6,7,IN,,,Jammu and Kashmir (India),India
42323,tt1629391,Q7701699,Tere Bin Laden,Tere Bin Laden,2010-07-16,104,Comedy,6.5,65,IN,,,Karachi (Pakistan),Pakistan
50777,tt1637691,Q3068415,Khelein Hum Jee Jaan Sey,खेलें हम जी जान से,2010-12-03,183,Action|Drama|History,5.9,9,IN,,,Indian independence movement (India),India
218710,tt1912483,,The Camp,The Camp,2010-06-10,111,Drama,0.0,0,IN,,,,
46378,tt1620697,Q114714796,Bhavnao Ko Samjho,Bhavnao Ko Samjho,2010-01-15,114,Comedy,4.0,1,,,,,
44910,tt1292642,Q4730298,Allah Ke Banday,Allah Ke Banday,2010-11-26,123,Drama,7.0,1,IN,,,,
59008,tt1577050,Q5451788,Fired,फायर,2010-01-29,87,Horror|Thriller,4.5,10,IN,,,London (United Kingdom),United Kingdom
32861,tt1573482,Q14476188,Striker,Striker,2010-02-05,124,Drama|Crime,6.667,3,IN,,,,
54142,tt1388903,Q6873046,Mirch,मिर्च,2010-09-26,117,Drama|Romance,4.071,7,IN,,,Rajasthan (India),India
406025,tt2018070,,Gullu Dada Returns,Gullu Dada Returns,2010-04-30,111,Comedy,8.0,2,,,,,
55274,tt1610418,Q7240131,Prem Kaa Game,प्रेम का गेम,2010-03-26,131,Drama|Romance,0.0,0,,,,,
396466,tt1807978,Q111943108,Bhoot and Friends,Bhoot and Friends,2010-12-31,108,Drama|Action|Adventure|Horror,4.625,8,IN,,,,
43665,tt1492872,Q57768005,Hide & Seek,Hide & Seek,2010-01-15,96,Horror|Thriller,5.7,5,IN,,,,
340728,tt1611834,Q61992145,Do Dilon Ke Khel Mein,Do Dilon Ke Khel Mein,2010-03-12,0,Comedy|Drama|Romance,0.0,0,IN,,,,
72583,tt1221147,Q7701475,Tera Kya Hoga Johnny,तेरा क्या होगा जॉनी,2010-12-31,155,Crime|Drama|Thriller,1.0,2,IN,,,,
67973,tt1612611,Q639761,Phoonk 2,फूँक 2,2010-04-16,110,Horror|Thriller,4.5,5,IN,,,,
117337,tt1633212,Q6349035,Kajraare,Kajraare,2010-10-15,112,Romance|Drama|Crime,2.6,5,IN,,,Jordan,Jordan
37688,tt1285245,Q6473329,Lahore,Lahore,2010-03-19,145,Action|Drama,6.0,2,IN,,,Lahore (Pakistan),Pakistan
115961,tt1646217,Q6929187,Mr. Singh Mrs. Mehta,Mr. Singh/Mrs. Mehta,2010-06-24,118,Drama,2.7,3,IN,,,,
340732,tt1607600,Q113561025,Muskurake Dekh Zara,Muskurake Dekh Zara,2010-03-26,0,,0.0,0,,,,,
1382455,,,Toofan,Toofan,2010-07-05,85,,0.0,0,,,,,
867821,tt6442782,,Krishna Balram: Kalvakra,Krishna Balram: Kalvakra,2010-04-17,68,Animation|Action|Adventure,0.0,0,IN,,,,
161874,tt1948640,Q7773233,The Waiting Room,The Waiting Room,2010-01-14,91,Crime|Drama|Mystery,0.0,0,IN,,,,
38302,tt1397492,Q16255296,Well Done Abba,वैल डन अब्बा,2010-09-16,144,Comedy,6.125,8,IN,,,Hyderabad (India),India
836613,tt1783313,,Open Doors,Khule Darwaaze,2010-01-01,15,Drama,5.5,2,IN,,,,
44550,tt1663647,Q5710030,Help,Help,2010-08-13,110,Drama|Horror|Thriller,1.9,8,IN,,,Mauritius,Mauritius
854744,tt5742878,,Vaishnav Jan Toh,Vaishnav Jan Toh,2010-01-01,11,Drama,0.0,0,IN,,,,
150914,tt1340778,Q107535394,I M 24,I M 24,2010-10-30,114,Comedy,3.5,1,IN,,,,
158736,tt1612761,,Idiot Box,Idiot Box,2010-03-19,135,Comedy|Drama,0.0,0,,,,,
52899,tt1781838,Q6080773,Isi Life Mein,इसी लाइफ में,2010-12-24,138,Drama|Family,5.0,3,,,,,
495125,tt2327333,Q5987902,Ideachi Kalpana,Ideachi Kalpana,2010-12-31,175,,4.5,4,,,,,
330467,tt1745753,Q6544775,Life Express,Life Express,2010-09-17,122,Drama,5.5,2,IN,,,,
370061,tt0476847,Q7278398,Raakh,Raakh,2010-11-26,0,,9.0,1,IN,,,,
38252,tt1425618,Q4779163,Apartment,Apartment,2010-04-23,0,Thriller|Horror,4.0,9,IN,,,Mumbai (India),India
1725344,tt1633171,,Bird Idol,Bird Idol,2010-04-23,100,Animation|Music,0.0,0,IN,,,,
340722,tt0417735,Q7738765,The Hangman,The Hangman,2010-02-05,0,,9.0,1,,,,,
340731,tt1637692,,Kuchh Kariye,Kuchh Kariye,2010-03-23,0,Adventure|Drama|Music,0.0,0,,,,,
53120,tt1649760,Q18794231,The Film Emotional Atyachar,द फ़िल्म इमोशनल अत्याचार,2010-09-03,0,Thriller|Comedy,6.5,2,,,,,
106148,tt0988655,Q4656798,A Flat,A Flat,2010-11-12,0,Drama|Horror|Romance,2.4,5,IN,,,Mumbai (India),India
42662,tt1606162,Q4661327,Aakhari Decision,Aakhari Decision,2010-02-19,0,Action|Drama,2.0,2,,,,,
604428,tt8866760,,Tumse Milkar,Tumse Milkar,2010-05-11,122,,0.0,0,,,,,
935126,,,The Pink Pyjama Girl,The Pink Pyjama Girl,2010-07-01,8,Comedy|Crime|Mystery|Thriller,0.0,0,IN,,,,
310914,tt1358852,,Madholal Keep Walking,Madholal Keep Walking,2010-08-27,111,,0.0,0,,,,,
97603,tt1722425,Q4771045,Antardwand,Antardwand,2010-08-27,114,Drama,6.833,6,,,,Bihar (India),India
60042,tt2011871,,Ashok Chakra,Ashok Chakra,2010-03-28,86,Action|Drama,10.0,2,IN,,,,
1027394,tt31106004,,Out of Thin Air,Out of Thin Air,2010-09-20,48,Documentary,0.0,0,,,,,
1530123,tt1748174,,Pump Up the Mandali,Pump Up the Mandali,2010-10-01,60,,0.0,0,,,,,
54098,tt1630613,Q7550353,Soch Lo,Soch Lo,2010-09-27,0,Action|Mystery|Thriller,5.5,1,IN,,,,
1479895,,,Papa Tum Kahan Ho?,Papa Tum Kahan Ho?,2010-01-01,0,,0.0,0,,,,,
1265606,tt6370262,,Lakshmi Mahima,Lakshmi Mahima,2010-08-13,0,Drama|Family,0.0,0,,,,,
938911,tt5594852,,Tum Jo Mile,Tum Jo Mile,2010-01-01,125,,0.0,0,,,,,
340734,tt1408029,,Krantiveer - The Revolution,Krantiveer - The Revolution,2010-06-25,0,,0.0,0,,,,,
35214,tt1620907,Q6956384,Na Ghar Ke Na Ghaat Ke,Na Ghar Ke Na Ghaat Ke,2010-03-12,0,,5.6,4,IN,,,,
61202,tt1562872,Q3067642,Zindagi Na Milegi Dobara,ज़िन्दगी ना मिलेगी दोबारा,2011-07-15,154,Drama|Comedy|Romance,7.6,442,IN|ES,Egypt|Spain,Egypt|Spain,Mumbai (India),India
41517,tt1562871,Q284184,Ra.One,Ra.One,2011-10-24,156,Adventure|Action|Science Fiction,5.8,407,IN,London (United Kingdom),United Kingdom,India,India
70590,tt1948150,Q905129,Singham,सिंघम,2011-07-22,143,Drama|Action|Crime,6.5,196,IN,,,India,India
73582,tt1729637,Q312951,Bodyguard,Bodyguard,2011-08-31,134,Drama|Action|Romance,5.208,168,IN,,,India,India
41109,tt1285241,Q1203252,Don 2,Don 2,2011-12-23,139,Action|Thriller,6.995,280,IN,Berlin (Germany)|Germany,Germany,Berlin (Germany),Germany
67109,tt1934231,Q3021587,Delhi Belly,देली बेली,2011-07-01,102,Action|Comedy,7.073,233,IN,,,Delhi (India),India
61429,tt1825801,Q5909361,Hostel,Hostel,2011-01-21,148,Drama|Action|Crime,5.1,22,IN,,,India,India
79464,tt1839596,Q3438002,Rockstar,रॉकस्टार,2011-11-11,159,Drama|Music|Romance,7.3,240,IN,Czech Republic,Czech Republic,Delhi (India),India
79990,tt1985981,Q5264197,Desi Boyz,देसी बॉयज़,2011-11-25,122,Comedy|Drama,6.2,117,IN,,,London (United Kingdom),United Kingdom
302170,tt1948047,Q6006140,Impatient Vivek,Impatient Vivek,2011-01-07,109,Comedy|Drama|Romance,2.0,1,,,,,
81273,tt1954206,Q3090065,The Dirty Picture,The Dirty Picture,2011-12-02,144,Comedy|Drama,6.1,95,IN,,,Tamil Nadu (India),India
56338,tt1629376,Q2818330,7 Khoon Maaf,७ खून माफ़,2011-02-18,148,Drama|Mystery|Thriller,6.156,61,IN,India|Moscow (Russia)|Russia,India|Russia,India|Moscow (Russia)|Russia,India|Russia
828470,tt2256620,,Handover,Handover,2011-12-09,73,Drama,0.0,0,IN,,,,
61400,tt1720254,Q5396588,Thank You,Thank You,2011-04-08,140,Comedy,5.071,63,IN,,,,
53569,tt1734110,Q3342447,No One Killed Jessica,No One Killed Jessica,2011-01-07,136,Crime|Drama,6.835,94,IN,,,Delhi (India),India
316437,tt1709731,Q7564400,Soul of Sand,Pairon Talle,2011-01-15,99,Drama|Mystery|Thriller,2.3,3,IN,,,Delhi (India),India
74458,tt1740710,Q3306436,Mere Brother Ki Dulhan,मेरे ब्रदर की दुल्हन,2011-09-09,139,Drama|Comedy|Romance,5.942,86,IN,,,Delhi (India)|India,India
63468,tt1884268,Q5069030,Chalo Dilli,Chalo Dilli,2011-04-29,115,Comedy,6.2,26,IN,,,Rajasthan (India),India
82698,tt1954598,Q8155866,Ladies VS. Ricky Bahl,Ladies VS. Ricky Bahl,2011-12-08,140,Comedy|Drama|Romance,6.045,88,IN,,,Goa (India),India
665148,tt10092776,,The Murderer: Hamilton Palace,The Murderer: Hamilton Palace,2011-08-31,110,Action,0.0,0,,,,,
79407,tt0847180,Q6676043,Loot,Loot,2011-11-04,0,Comedy|Crime,4.0,5,,,,,
69891,tt1841542,Q3878243,Chillar Party,Chillar Party,2011-07-08,140,Drama|Comedy|Family,6.9,69,IN,,,Mumbai (India),India
77864,tt1580704,Q7711195,That Girl in Yellow Boots,That Girl in Yellow Boots,2011-09-02,103,Crime|Drama|Mystery|Thriller,5.837,50,IN,,,Mumbai (India),India
65521,tt1926313,Q1284461,Pyaar Ka Punchnama,प्यार का पंचनामा,2011-05-20,149,Drama|Comedy|Romance,6.8,106,IN,,,,
113581,tt1153700,,Patang,Patang,2011-07-07,93,Drama,5.2,4,IN,,,,
63006,tt1618430,Q3041142,Dum Maaro Dum,दम मारो दम,2011-04-22,130,Action|Crime|Thriller,5.632,38,IN|US,,,Goa (India),India
1780553,tt1907721,Q16251665,Men Will Be Men,Men Will Be Men,2011-04-29,77,Comedy,0.0,0,IN,,,Thailand,Thailand
61182,tt1667076,Q5423653,F.A.L.T.U.,F.A.L.T.U.,2011-04-01,120,Comedy,5.227,22,IN,,,,
240304,tt1725798,Q2892662,Be-Careful,Be-Careful,2011-10-21,96,,6.5,2,,,,,
69775,tt1918965,Q2888976,Murder 2,मर्डर 2,2011-07-07,127,Action|Crime|Drama|Thriller,5.762,63,IN,,,,
58333,tt1694542,Q3515359,Tanu Weds Manu,तनु वेड्स मनु,2011-02-25,119,Comedy|Romance|Drama,6.759,114,IN,,,London (United Kingdom),United Kingdom
65946,tt1708532,Q3351117,Ready,Ready,2011-06-03,140,Action|Comedy,5.068,112,IN,Thailand,Thailand,,
69774,tt1869296,Q4875399,Bbuddah Hoga Terra Baap,Bbuddah Hoga Terra Baap,2011-07-01,118,Action|Thriller,4.949,39,IN,,,,
60150,tt1797548,Q8051186,Yeh Faasley,Yeh Faasley,2011-03-04,0,Drama,0.0,0,,,,,
69785,tt1836912,Q7462497,Shaitan,शैतान,2011-06-01,126,Action|Crime|Drama|Thriller,6.306,54,IN,,,Mumbai (India),India
75157,tt1627924,Q3301799,Mausam,मौसम,2011-09-23,161,Romance|Drama,5.588,40,IN|GB,Edinburgh (United Kingdom),United Kingdom,Jammu and Kashmir (India),India
316841,tt2177513,,Chaloo Movie,Chaloo Movie,2011-12-23,90,,6.5,2,,,,,
68256,tt1907761,Q7599714,Stanley Ka Dabba,स्टैनली का डब्बा,2011-05-13,96,Comedy|Family,7.195,59,IN,,,Mumbai (India),India
75744,tt2073070,Q7399558,Saheb Biwi Aur Gangster,Saheb Biwi Aur Gangster,2011-09-23,119,Drama|Action|Thriller|Crime|Romance,7.1,31,IN,,,,
53299,tt1535467,Q7144913,Patiala House,Patiala House,2011-01-28,140,Drama,6.0,68,IN,,,Punjab (India),India
852975,tt6543194,Q5094934,Chhota Bheem: Journey to Petra,छोटा भीम: पेट्रा की यात्रा,2011-05-01,67,Animation|Adventure,0.0,0,IN,,,,
1157352,tt1999109,,Bureaucracy Sonata,Bureaucracy Sonata,2011-01-06,26,Comedy|Drama|Music,0.0,0,IN,,,,
56901,tt1754920,Q8051213,Yeh Saali Zindagi,Yeh Saali Zindagi,2011-02-04,130,Thriller,5.768,28,IN,,,,
63467,tt1629295,Q5236764,I Am,I Am,2011-04-29,106,Documentary|Drama,6.5,12,IN|JP,,,India|Kolkata (India)|Mumbai (India),India
55386,tt1727496,Q5276646,Dil Toh Baccha Hai Ji,दिल तो बच्चा है जी,2011-01-28,146,Drama|Comedy|Romance,5.938,40,IN,,,,
75745,tt1992138,Q5467424,Force,Force,2011-09-30,137,Action|Crime|Drama|Thriller,6.594,53,IN,,,,
405957,,,Family Pack,Family Pack,2011-01-01,96,Comedy,5.0,1,,,,,
771250,tt2119517,,Noise,Shor,2011-08-12,17,Drama,0.0,0,IN,,,,
82945,tt2066925,Q6935462,Mummy Punjabi,Mummy Punjabi,2011-08-31,116,,6.0,1,,,,,
68029,tt1728239,Q5299726,Double Dhamaal,डबल धमाल,2011-06-24,140,Comedy|Crime,4.7,59,IN,Hong Kong (People's Republic of China),People's Republic of China,,
61203,tt1916728,Q7501279,Shor in the City,शोर इन द सिटी,2011-04-28,107,Crime|Drama,6.266,32,IN,,,Mumbai (India),India
76038,tt1877691,Q6690398,Love Breakups Zindagi,लव ब्रेकअप्स ज़िन्दगी,2011-10-07,150,Comedy|Romance,6.4,8,IN,,,,
110642,tt2109200,Q16254091,Shakal Pe Mat Ja,Shakal Pe Mat Ja,2011-11-18,140,Comedy|Drama|Crime,5.0,1,IN,,,,
81271,tt1503640,Q5211871,Damadamm!,Damadamm!,2011-10-27,122,Comedy|Drama|Romance,6.5,1,,,,,
79432,tt1826051,Q8051184,Yeh Dooriyan,Yeh Dooriyan,2011-08-26,107,Drama|Romance,5.7,3,,,,,
66841,tt1890513,Q7283098,Ragini MMS,Ragini MMS,2011-05-13,93,Drama|Horror|Mystery,4.667,41,IN,,,,
72152,tt1848771,Q2820010,Aarakshan,आरक्षण,2011-08-12,164,Drama|Thriller,6.133,45,IN,,,,
68758,tt1887763,Q5682722,Haunted,हॉन्टेड,2011-05-05,143,Horror|Fantasy,5.8,52,IN,,,,
54639,tt1773109,Q8048073,Yamla Pagla Deewana,Yamla Pagla Deewana,2011-01-14,160,Music|Action|Comedy|Drama|Romance,5.322,45,IN,,,,
64501,tt1363125,Q6981128,Naughty @ 40,Naughty @ 40,2011-04-14,108,Comedy|Drama,2.7,3,IN,,,,
77863,tt1630282,Q7399600,Sahi Dhandhe Galat Bande,Sahi Dhandhe Galat Bande,2011-08-19,120,Action|Comedy|Drama,4.0,2,IN,,,,
66649,tt1867070,Q7694326,Teen Thay Bhai,Teen Thay Bhai,2011-04-15,125,Comedy|Drama,3.7,3,,,,,
60740,tt1772872,Q2402016,Game,Game,2011-04-01,135,Mystery|Thriller,5.8,45,IN,Greece|Thailand,Greece|Thailand,,
71900,tt1937092,Q4738424,Always Kabhi Kabhi,ऑलवेज कभी कभी,2011-06-17,126,Comedy|Crime|Drama|Romance,3.5,11,IN,,,,
406247,,,Zabardast,Zabardast,2011-05-20,98,Adventure|Comedy,8.0,1,,,,,
138755,tt1605790,Q8073526,Zokkomon,Zokkomon,2011-04-02,109,Action|Adventure|Family,4.7,6,IN,,,India,India
1420445,tt1980199,,Nirvana 13,Nirvana13,2011-10-20,95,Drama,0.0,0,IN,,,,
111057,tt2156785,Q5527527,Gattu,Gattu,2011-11-14,90,Drama,6.5,4,,,,,
867838,tt6442798,,Krishna Balram : Kalvakra Returns,Krishna Balram : Kalvakra Returns,2011-12-17,68,Animation|Action|Adventure,6.8,4,IN,,,,
75896,tt1830786,Q3627502,Rascals,रास्कल्स,2011-10-06,128,Comedy,3.8,29,IN,,,,
269995,tt2428104,,M.L.A. Natha Singh,M.L.A. Natha Singh,2011-01-11,147,Comedy,0.0,0,IN,,,,
1224120,tt1918650,,A Strange Love Story,A Strange Love Story,2011-05-20,120,Drama,8.0,1,,,,,
64881,tt1828289,Q7461187,Shagird,शागिर्द,2011-05-13,128,Drama|Action|Crime,6.2,16,IN,,,,
465972,tt2053399,Q5215265,Dance of Ganesha,नाच गणेश,2011-08-10,13,,7.0,1,,,,,
79862,tt1512220,Q3331176,My Friend Pinto,My Friend Pinto,2011-10-14,115,Comedy,5.7,3,IN,,,,
63683,tt1918927,Q4801958,Luv Ka The End,लव का द एंड,2011-05-06,106,Comedy|Drama,4.9,18,IN,,,Mumbai (India),India
83318,tt1504687,Q5976061,I Am Singh,I Am Singh,2011-01-01,150,Crime|Drama|Action,2.0,1,IN|US,Los Angeles (United States),United States,,
244322,tt2308829,Q5003777,Milta Hai Chance by Chance,Milta Hai Chance by Chance,2011-08-05,87,Comedy,0.0,0,,,,,
879568,tt1776994,Q7729826,The Desire: A Journey of a Woman,The Desire: A Journey of a Woman,2011-08-22,81,Drama|Music|Romance,4.0,1,CN|IN,,,,
71481,tt1883121,Q4185597,404: Error Not Found,404: Error Not Found,2011-05-20,121,Drama|Mystery|Thriller,6.4,26,IN,,,,
78442,tt2057441,Q3472831,Mujhse Fraaandship Karoge,Mujhse Fraaandship Karoge,2011-10-14,106,Romance|Comedy,6.833,24,IN,,,Mumbai (India),India
78467,tt1941657,Q7564985,Soundtrack,Soundtrack,2011-10-07,132,Drama,6.6,5,IN,,,,
729266,,,There is Something in the Air,There is Something in the Air,2011-09-12,29,Documentary,0.0,0,IN,,,,
931714,tt2115324,,Good Morning,Good Morning,2011-11-11,43,Drama|Thriller,1.0,2,IN,,,,
1263060,tt2086826,Q5252806,Dekh Indian Circus,Dekh Indian Circus,2011-10-07,101,,0.0,0,IN,,,,
65951,tt1942905,Q6441367,Kucch Luv Jaisaa,Kucch Luv Jaisaa,2011-05-27,102,Drama|Crime,4.9,4,,,,,
833004,tt1907680,,Haat - The Weekly Bazaar,Haat - The Weekly Bazaar,2011-02-23,98,,1.0,2,,,,,
796856,tt2112335,,Who's There?,Who's There?,2011-11-18,109,Horror|Thriller,4.0,1,IN,,,,
179658,tt1921071,Q96400724,Queens! Destiny of Dance,Queens! Destiny of Dance,2011-04-28,112,,1.0,2,IN,,,,
79876,tt2104937,Q6851678,Miley Naa Miley Hum,मिले - ना मिले - हम,2011-11-04,115,Comedy|Drama|Romance,4.0,4,IN,,,,
71069,tt1667823,Q4901806,Bhindi Baazaar Inc,भिन्डी बाज़ार इंक॰,2011-06-03,157,Crime|Drama|Thriller,6.8,5,IN,,,Mumbai (India),India
386757,,,The Video Guy,Videokaaran,2011-01-01,73,Documentary,0.0,0,IN,,,,
218088,tt16235600,Q16826521,Chhota Bheem and Krishna: Mayanagari,Chhota Bheem and Krishna: Mayanagari,2011-09-02,66,Animation|TV Movie,6.1,5,IN,,,,
77924,tt1961530,Q7697458,Tell Me O Kkhuda,टेल मी ओ खुदा,2011-10-27,130,Family,2.8,3,IN,,,,
72582,tt1887817,Q17074398,Monica,Monica,2011-03-25,124,Drama|Thriller,3.0,2,,,,,
71882,tt1979209,Q5068522,Chala Mussaddi - Office Office,चला मुसद्दी...ऑफिस-ऑफिस,2011-08-05,100,Drama|Comedy,5.7,5,,,,,
67893,tt1939654,Q4901655,Bheja Fry 2,भेजा फ्राई 2,2011-06-17,130,Drama|Comedy,4.048,21,,,,,
96997,,,4 Times Lucky,4 Times Lucky,2011-01-01,79,Drama|TV Movie,0.0,0,,,,,
72580,tt1980970,Q5246862,Gandhi to Hitler,Gandhi to Hitler,2011-07-29,108,,2.0,2,,,,Berlin (Germany),Germany
281883,,,Vara Prasad And Potti Prasad,Vara Prasad And Potti Prasad,2011-09-16,155,Comedy,0.0,0,,,,,
81267,tt1669648,Q6440782,Corrode,क्षय,2011-10-08,92,Drama,8.0,1,IN,,,,
938476,tt2124744,,It's The Same Story,Baat Wahi Hai,2011-09-08,14,Documentary|Animation|History,0.0,0,IN,,,,
81154,tt2298856,,Jaanleva,Jaanleva,2011-12-20,0,Thriller|Mystery,0.0,0,,,,,
1201471,,,Pride of India: Shama Zaidi,Pride of India: Shama Zaidi,2011-01-01,22,Documentary,0.0,0,IN,,,,
226008,tt1754202,Q6828030,Michael,Michael,2011-09-15,97,Drama|Thriller,5.5,4,IN,,,,
75746,tt2034011,Q13522822,Hum Tum Shabana,हम तुम शबाना,2011-09-23,0,Comedy|Romance,4.0,6,IN,,,,
566580,tt5539344,Q129254518,He...,He...,2011-02-01,105,,0.0,0,IN,,,,
59868,tt1666184,Q7856011,Turning 30,Turning 30,2011-01-14,121,Comedy|Drama|Romance,2.5,5,,,,Mumbai (India),India
1048178,tt1368453,Q5074249,Chargesheet,Chargesheet,2011-09-30,0,Drama|Mystery|Thriller,0.0,0,IN,,,,
73242,tt1999935,Q7062265,Not a Love Story,नॉट ए लव स्टोरी,2011-08-19,104,Crime|Drama|Thriller,5.5,12,IN,,,Mumbai (India),India
63241,tt1809399,Q7903293,Utt Pataang,Utt Pataang,2011-02-04,96,Comedy|Romance,5.0,1,IN,,,,
64661,tt1695793,Q6691462,Love U... Mr. Kalakaar!,लव यू ... मिस्टर. कलाकार!,2011-05-13,0,Romance|Family,5.8,8,IN,,,,
554287,tt1906380,,God Is Dead,God Is Dead,2011-01-01,25,Drama,0.0,0,IN,,,,
796872,tt1465488,Q5652868,Happy Husbands,Happy Husbands,2011-03-25,134,Comedy,3.0,1,,,,Mumbai (India),India
82705,tt1825655,Q4762039,Angel,Angel,2011-02-04,118,Drama|Romance,4.5,4,,,,,
244321,tt2046106,Q18752765,Jaana Pehchana,Jaana Pehchana,2011-09-16,0,Romance|Drama,0.0,0,IN,,,,
75909,tt1696191,Q7701710,Tere Mere Phere,Tere Mere Phere,2011-09-30,120,Comedy|Romance,9.0,2,IN,,,,
260650,tt2206094,Q7736999,The Golden Bird,सोनचिड़ी,2011-09-09,55,Science Fiction,5.0,1,IN,,,India,India
78444,tt2032530,Q7460137,Shabri,शबरी,2011-11-08,129,Crime|Drama|Action,3.1,4,IN,,,,
597048,tt2023645,Q16252981,Phhir,Phhir,2011-08-12,94,,2.0,1,IN,,,,
1339071,,,A Reasonable Compromise,A Reasonable Compromise,2011-11-16,33,Drama|Horror,0.0,0,,,,,
301227,,,Kamera,Kamera,2011-03-03,17,Drama,4.2,2,IN,,,,
509516,tt2055653,,Khushiyaan,Khushiyaan,2011-10-14,130,Family,7.5,2,IN,,,,
888312,tt2000436,,Tripura,त्रिपुरा,2011-01-30,79,Animation|Drama,0.0,0,IN,,,,
904699,tt2040294,,Blood Honour Bleeds,Blood Honour Bleeds,2011-08-21,6,Crime,0.0,0,,,,,
303089,tt2016845,Q38805301,Aagaah: The Warning,Aagaah: The Warning,2011-11-05,0,Horror|Drama|Thriller,1.0,1,IN,,,,
1193524,tt5149956,,My Own City,Mera Apna Sheher,2011-01-01,67,Documentary,0.0,0,IN,,,,
493958,tt5204726,,College Campus,College Campus,2011-01-01,116,,0.0,0,IN,,,,
82678,tt1999857,Q115804862,Cycle Kick,Cycle Kick,2011-06-17,86,Drama,7.0,1,IN,,,,
85776,tt2112978,Q17059707,Jo Hum Chahein,Jo Hum Chahein,2011-12-16,0,Romance,2.0,2,,,,,
1634147,tt2271304,,I Was Born in Delhi,I Was Born in Delhi,2011-02-12,93,Documentary,0.0,0,IN,,,,
78446,tt1643242,,Trapped in Tradition: Rivaaz,Rivaaz,2011-09-16,120,Drama,5.2,4,,,,,
83736,tt1964886,Q6690546,Love Express,Love Express,2011-06-10,0,Comedy|Drama,0.0,0,IN,,,,
77030,tt2012576,Q16247319,Bubble Gum,Bubble Gum,2011-07-28,116,Drama,5.2,3,,,,,
337846,tt1836015,Q23956671,Kaccha Limboo,Kaccha Limboo,2011-02-18,141,Comedy|Family,7.0,5,IN,,,,
724125,tt1906449,,"Please Don't Beat Me, Sir!","Please Don't Beat Me, Sir!",2011-10-07,75,Documentary,0.0,0,IN|KR|US,,,,
302147,tt1951087,,Bom,Bom,2011-11-18,117,Documentary,3.7,3,NL|IN|JP|US,,,,
305248,tt2035528,Q96381364,Hum Do Anjaane,Hum Do Anjaane,2011-01-01,0,,0.0,0,,,,,
72577,tt1801521,Q6400455,Khap,Khap,2011-08-01,0,Drama,3.5,1,IN,,,,
60039,tt1814619,Q16057884,Aashiqui.in,Aashiqui.in,2011-02-11,109,Drama|Romance,10.0,1,,,,,
278203,,,Kuttipattalam,Kuttipattalam,2011-08-01,0,Comedy,0.0,0,,,,,
309918,tt1900937,Q21001635,Mumbai Mast Kallander,Mumbai Mast Kallander,2011-01-14,112,Action|Comedy|Crime,0.0,0,,,,,
1449811,,,The Man Who Loved Me,The Man Who Loved Me,2011-03-17,10,Horror,0.0,0,,,,,
852976,tt6442670,Q5094935,Chhota Bheem: Master of Shaolin,छोटा भीम: शाओलिन के मास्टर,2011-07-21,75,Animation|Adventure|Action|TV Movie,8.0,1,IN,,,,
471210,tt1674068,,I Am,I Am,2011-04-20,75,,1.0,2,,,,,
326405,tt1893409,Q24037577,Ye Stupid Pyar,Ye Stupid Pyar,2011-12-09,106,Romance,0.0,0,,,,,
88746,tt1710260,,Bhopali,Bhopali,2011-01-23,89,History|Documentary,8.8,4,IN|US,,,,
493298,tt2381081,,"Adda: Calcutta, Kolkata","Adda: Calcutta, Kolkata",2011-12-02,52,,0.0,0,,,,,
1123838,,,The Legend of Devi Durga,The Legend of Devi Durga,2011-02-10,52,,0.0,0,,,,,
322386,,,Shaktishadi Maa Siddheshwari,Shaktishadi Maa Siddheshwari,2011-01-01,0,,0.0,0,,,,,
1193296,,,Glory of Indian Theatre,Glory of Indian Theatre,2011-01-01,0,Documentary,0.0,0,IN,,,,
102632,tt2077833,Q7371867,Rowdy Rathore,राउडी राठौर,2012-06-01,143,Action|Comedy|Crime,6.0,125,IN,,,Bengaluru (India),India
117691,tt1954470,Q2690472,Gangs of Wasseypur - Part 1,गैंग्स ऑफ़ वास्सेपुर पार्ट - १,2012-06-22,160,Action|Thriller|Crime,7.1,462,IN,,,India,India
85985,tt2016894,Q2991452,Ek Tha Tiger,एक था टाइगर,2012-08-15,133,Action|Thriller|Romance,6.163,230,IN|IE,Delhi (India),India,Delhi (India),India
138122,tt2172071,Q3500913,Student of the Year,Student of the Year,2012-10-19,146,Comedy|Drama|Romance,5.8,205,IN,,,India,India
126400,,Q16248515,Gangs of Wasseypur - Part 2,गैंग्स ऑफ़ वास्सेपुर पार्ट - २,2012-08-08,160,Crime|Thriller|Action,7.8,115,IN,,,India,India
132316,tt2176013,Q44280,Jab Tak Hai Jaan,जब तक है जान,2012-11-13,176,Drama|Romance,7.0,303,IN,,,Jammu and Kashmir (India)|London (United Kingdom),India|United Kingdom
118628,tt2181931,Q3054309,English Vinglish,इंग्लिश विंग्लिश,2012-09-21,134,Comedy|Drama|Family,7.2,311,IN,,,New York City (United States),United States
118051,tt2168910,Q3627717,Cocktail,कॉकटेल,2012-07-13,146,Romance|Drama|Comedy,6.1,132,IN,London (United Kingdom)|South Africa,South Africa|United Kingdom,,
135718,tt2283748,Q5306893,OMG: Oh My God!,ओएमजी - ओ माय गॉड!,2012-09-28,125,Comedy|Drama,7.3,308,IN,,,Mumbai (India),India
84877,tt2191721,Q283944,Jodi Breakers,Jodi Breakers,2012-03-02,128,Comedy|Romance,5.071,7,IN,,,,
84858,tt1849718,Q3595073,Agneepath,अग्निपथ,2012-01-25,174,Action|Crime|Drama,6.4,182,IN,,,,
127501,tt2082197,Q2558109,Barfi!,बर्फी!,2012-09-13,151,Drama|Romance|Comedy,7.6,395,IN,Ooty (India),India,,
222951,tt2408040,Q14433973,B.A. Pass,B.A. Pass,2012-08-30,95,Drama,5.436,46,IN,Delhi (India),India,Delhi (India),India
135550,tt1956433,Q17989296,Ata Pata Lapatta,अत पता लापता,2012-11-02,120,,0.0,0,IN,,,,
85052,tt1980986,Q219392,Housefull 2,हाउसफुल २,2012-04-05,160,Comedy|Romance,5.6,137,IN,London (United Kingdom),United Kingdom,England (United Kingdom)|London (United Kingdom),United Kingdom
82825,tt1821480,Q219396,Kahaani,कहानी,2012-03-08,122,Mystery|Thriller,7.204,366,IN,Kolkata (India),India,Kolkata (India),India
84533,tt1703958,Q3933658,Ek Main Aur Ekk Tu,एक मैं और एक तू,2012-02-10,110,Drama|Comedy|Romance,5.629,155,IN,Los Angeles (United States)|Mumbai (India)|Pataudi (India),India|United States,Las Vegas Valley (United States),United States
137180,tt2255934,Q4699413,Aiyyaa,अइय्या,2012-10-12,146,Romance|Comedy,4.688,32,IN,,,,
86004,tt1787988,Q283555,Talaash,तलाश,2012-11-30,149,Crime|Drama|Thriller,6.789,261,IN,Mumbai (India),India,Mumbai (India),India
85992,tt1706317,Q3595075,Tezz,तेज़,2012-04-27,121,Drama|Action|Thriller,4.093,27,,,,England (United Kingdom),United Kingdom
117369,tt2404027,Q2861474,Arjun: The Warrior Prince,Arjun: The Warrior Prince,2012-05-25,96,Action|Animation,6.2,40,IN,,,,
215726,tt1679290,Q7505715,Shuttlecock Boys,Shuttlecock Boys,2012-08-02,76,Drama,10.0,1,IN,Delhi (India),India,Delhi (India),India
147405,tt2112131,Q1651780,Dabangg 2,दबंग्ग 2,2012-12-21,125,Action|Comedy|Crime,5.015,130,IN,,,,
112936,tt1728986,Q2909273,Bol Bachchan,Bol Bachchan,2012-07-06,155,Comedy|Action,5.584,77,IN,,,,
124093,tt2226666,Q1442306,Jism 2,Jism 2,2012-08-02,132,Thriller,4.1,28,IN,,,,
103640,tt2308773,Q3155258,Ishaqzaade,इशकज़ादे,2012-05-11,132,Drama|Action|Romance,6.038,79,IN,,,,
85050,tt1395025,Q2826737,Agent Vinod,एजेंट विनोद,2012-03-23,157,Action|Adventure|Thriller|Romance,5.493,73,IN,Delhi (India)|Morocco|Russia|South Africa|Switzerland,India|Morocco|Russia|South Africa|Switzerland,Afghanistan,Afghanistan
83382,tt1784589,Q2617038,Players,Players,2012-01-06,163,Action|Adventure|Crime|Thriller|Drama,5.043,69,IN|RU,Murmansk Oblast (Russia)|New Zealand,New Zealand|Russia,,
85043,tt2130242,Q3627576,Tere Naal Love Ho Gaya,Tere Naal Love Ho Gaya,2012-02-24,126,Drama|Comedy|Romance,6.429,35,IN,,,,
150859,tt2798620,Q5094939,Chhota Bheem and the Curse of Damyaan,Chhota Bheem and the Curse of Damyaan,2012-05-18,88,Animation|Comedy|Fantasy,8.4,8,IN,,,,
140896,tt2178508,Q7522830,Son of Sardaar,Son of Sardaar,2012-11-13,141,Action|Comedy|Romance,4.7,73,,,,,
134215,tt1949548,Q283264,Heroine,Heroine,2012-09-21,140,Drama,4.967,46,IN,,,,
84879,tt2188749,Q283286,Gali Gali Chor Hai,Gali Gali Chor Hai,2012-02-03,0,Drama|Action,3.9,11,,,,,
84240,tt2175671,Q5557024,Ghost,Ghost,2012-01-13,0,Horror,4.3,5,IN,,,,
144028,tt2278422,Q4180261,Kamaal Dhamaal Malamaal,Kamaal Dhamaal Malamaal,2012-09-28,140,Comedy|Drama,4.4,8,IN,,,,
103243,tt2317337,Q3627565,Vicky Donor,विक्की डोनर,2012-04-20,122,Comedy|Romance,6.813,208,IN,,,Delhi (India),India
118832,tt1127220,Q6928428,Mr Bhatti on Chutti,Mr Bhatti on Chutti,2012-05-18,0,,0.0,0,,,,,
150979,tt2232524,Q17073113,Mere Dost Picture Abhi Baki Hai,Mere Dost Picture Abhi Baki Hai,2012-07-20,123,Comedy,3.5,2,,,,,
852978,tt6543070,,Chhota Bheem: The Rise of Kirmada,Chhota Bheem and Krishna: The Rise of Kirmada,2012-11-11,68,Animation|TV Movie|Action,4.7,3,IN,,,,
127498,tt2140315,Q3415840,Raaz 3,राज़ 3,2012-09-07,139,Horror|Thriller,5.0,46,IN,,,,
1599080,,,"Light, Shadow, and Me","Light, Shadow, and Me",2012-01-01,50,Documentary,0.0,0,IN,,,,
109907,tt2309987,Q5681216,Hate Story,Hate Story,2012-04-20,140,Drama|Thriller,5.239,46,IN,,,,
85047,tt2064849,Q6669734,"London, Paris, New York","London, Paris, New York",2012-03-02,100,Romance,5.6,7,,,,,
120942,tt2354407,Q3518373,Teri Meri Kahaani,तेरी मेरी कहानी,2012-06-22,117,Comedy|Drama|Romance,5.77,37,IN,,,,
105379,tt2246595,Q4927643,Blood Money,Blood Money,2012-03-31,110,Drama|Action|Thriller,6.1,10,IN,,,,
85053,tt2319889,Q3627591,Jannat 2,जन्नत २,2012-05-04,134,Action|Romance,6.2,35,IN,Delhi (India),India,,
91310,tt2126282,Q285118,Ekk Deewana Tha,Ekk Deewana Tha,2012-02-17,160,Romance,4.917,18,IN,,,Kerala (India),India
244323,tt2155776,Q8051199,Yeh Jo Mohabbat Hai,Yeh Jo Mohabbat Hai,2012-08-03,0,,0.0,0,,,,,
96276,tt1941638,Q7397650,Sadda Adda,Sadda Adda,2012-01-13,0,,7.0,6,,,,,
147767,tt2166214,Q6401607,Khiladi 786,Khiladi 786,2012-12-07,139,Action|Comedy,4.868,58,IN,,,,
161043,tt2196638,Q15052305,Gulabi Gang,Gulabi Gang,2012-12-14,96,Documentary,7.5,1,DK|IN|NO,,,Uttar Pradesh (India),India
312608,tt2294685,Q6172875,Jeena Hai Toh Thok Daal,Jeena Hai Toh Thok Daal,2012-09-14,123,Drama,0.0,0,,,,Bihar (India),India
719115,tt2177310,,The Night Is Young,Raat baki,2012-04-24,8,,0.0,0,,,,,
158519,tt2222550,Q283258,1920: Evil Returns,1920: Evil Returns,2012-11-02,130,Thriller|Horror|Romance,5.664,143,IN,,,,
129507,tt1918886,Q12429398,Joker,Joker,2012-08-31,104,Science Fiction|Comedy,4.2,57,IN,,,India,India
1267029,tt5361612,,Roll No 21 - The Quest For Swarnamani,Roll No 21 - The Quest For Swarnamani,2012-03-01,73,Animation|Adventure|Action,0.0,0,IN,,,,
128207,tt1773764,Q14243960,Ship of Theseus,Ship of Theseus,2012-09-06,143,Drama,6.9,67,IN,,,Mumbai (India),India
202883,tt2190256,Q5207366,Daal Mein Kuch Kaala Hai,Daal Mein Kuch Kaala Hai,2012-06-28,107,Comedy,2.0,1,IN,,,,
139582,tt2292625,Q5068419,Chakravyuh,Chakravyuh,2012-10-24,145,Thriller,6.214,21,IN,,,,
1400295,,,Luck Luck ki Baat,Luck Luck ki Baat,2012-09-30,86,Comedy|Fantasy|Drama,0.0,0,IN,,,,
189549,tt2327389,Q20649297,Life Ki Toh Lag Gayi,Life Ki Toh Lag Gayi,2012-04-20,155,Comedy,6.0,1,,,,,
96398,tt1620933,Q3627595,Paan Singh Tomar,पान सिंह तोमर,2012-03-02,135,Crime|Drama,7.4,153,IN,,,,
302957,tt2522290,Q5475593,Four Two Ka One,Four Two Ka One,2012-12-07,112,Comedy,0.0,0,,,,,
103680,tt3407604,Q7563902,Will You Marry Me?,Will You Marry Me?,2012-03-03,0,Drama,7.0,2,IN,Thailand,Thailand,,
1539136,tt9615070,,Bhoot Raja Aur Ronnie,Bhoot Raja Aur Ronnie,2012-11-25,0,Adventure|Comedy|Family,0.0,0,,,,,
138370,tt2186933,Q6706094,Luv Shuv Tey Chicken Khurana,लव शव ते चिकन खुराना,2012-11-02,140,Comedy,6.3,18,IN,,,Punjab (India),India
109221,tt1785333,Q5102380,Chittagong,चिट्टागोंग,2012-10-12,105,War|Action|Drama,6.825,21,IN,,,Indian independence movement (India),India
141139,tt2321492,Q3199739,Krishna and Kamsa,कृष्ण और कंस,2012-08-03,117,Drama|Animation|Action,8.4,8,IN,,,,
223255,tt2356959,Q4699485,Ajab Gazabb Love,Ajab Gazabb Love,2012-10-24,120,Romance,5.5,2,IN,,,,
118032,tt2122340,Q3423918,Ferrari Ki Sawaari,फरारी की सवारी,2012-06-15,140,Family|Comedy,5.9,38,IN,,,,
100681,tt2072227,Q7488394,Shanghai,शंघाई,2012-06-08,120,Thriller|Crime|Mystery,6.771,59,IN,,,,
401971,tt1725803,Q5253840,Delhi in a Day,Delhi in a Day,2012-08-24,88,Comedy|Drama,6.4,5,IN,Delhi (India),India,Delhi (India),India
282039,,,Zindagi Tere Naam,Zindagi Tere Naam,2012-03-16,155,Romance,0.0,0,IN,,,,
154937,tt2402131,Q6416788,Kismat Love Paisa Dilli,किस्मत लव पैसा दिल्ली,2012-10-05,129,Crime|Adventure|Comedy,6.2,5,,,,,
120101,tt2027138,Q6450629,Kyaa Super Kool Hain Hum,क्या सुपर कूल हैं हम,2012-06-05,137,Drama,4.77,37,IN,,,,
117784,tt2186731,Q5260097,Department,Department,2012-05-18,141,Action|Thriller,6.1,10,IN,,,,
382633,tt2255851,Q16249291,"Inshallah, Kashmir","Inshallah, Kashmir",2012-01-26,82,Documentary,4.3,3,IN|GB,,,Jammu and Kashmir (India),India
146003,tt2256514,Q7380675,Rush,रश,2012-10-26,110,Crime|Thriller,4.8,9,IN,,,,
84238,tt2184125,Q5065972,Chaalis Chauraasi,Chaalis Chauraasi,2012-01-13,115,Crime|Drama|Thriller,6.3,2,IN,,,,
271416,tt2367056,Q5068497,Chal Pichchur Banate Hain,Chal Pichchur Banate Hain,2012-09-07,117,Drama|Comedy,0.0,0,,,,,
154027,tt2253708,,Future to Bright Hai Ji,Future to Bright Hai Ji,2012-11-02,117,Drama,6.0,3,,,,,
769588,,,Makkhi,Makkhi,2012-01-01,30,,0.0,0,,,,,
117782,tt2191641,Q5065978,Chaar Din Ki Chandni,चार दिन की चांदनी,2012-03-09,119,Comedy|Romance,5.7,5,IN,,,Rajasthan (India),India
1240305,,,3 On a Bed,3 On a Bed,2012-11-12,32,Romance,0.0,0,IN,,,,
302963,tt2185084,Q5505522,From Sydney with Love,From Sydney with Love,2012-08-31,0,Comedy|Romance,0.0,0,IN,,,,
491441,,,Decision,Nirnay,2012-01-01,56,Documentary,0.0,0,IN,,,,
112318,tt1286766,Q5437957,Fatso!,Fatso!,2012-05-04,97,Comedy|Romance|Fantasy,5.3,6,IN,,,,
168121,tt2317103,Q16254386,Sons of Ram,Sons of Ram,2012-11-02,85,Animation|Drama,4.0,1,IN,,,Uttar Pradesh (India),India
406213,,,Gullu Dada Thiree,Gullu Dada Thiree,2012-12-28,108,Drama|Comedy|Romance,6.0,1,,,,,
135469,tt2187972,Q7498599,Shirin Farhad Ki Toh Nikal Padi,शिरीन फरहाद की तो निकल पड़ी,2012-08-24,111,Romance,3.3,7,IN,,,,
149082,tt2387495,Q6126980,Jalpari,Jalpari,2012-08-31,95,Drama|Adventure,6.4,5,IN,,,India,India
117657,tt2265191,Q4997265,Bumboo,Bumboo,2012-03-30,126,Comedy,2.0,1,,,,,
1158813,tt5152446,,As the River Flows,Ekhon Nedekha Nodir Xhipare,2012-09-14,96,Thriller,0.0,0,,,,,
140862,tt2224254,Q122070130,3 Bachelors,3 Bachelors,2012-06-29,110,Comedy|Romance,9.0,3,IN,,,,
261944,tt2236494,Q7504642,Shudra: The Rising,Shudra: The Rising,2012-10-19,120,History|Family|Drama,4.8,2,IN,,,,
630670,tt2353824,Q50215251,Janleva 555,Janleva 555,2012-10-18,140,Music|Romance|Thriller,4.0,1,,,,,
1295284,,,Window Seat in Kashmir,Window Seat in Kashmir,2012-11-09,5,Drama,0.0,0,IN,,,,
106076,tt1990976,Q4643893,7 Welcome to London,7 Welcome to London,2012-03-09,109,Thriller,0.0,0,,,,,
106507,tt2347289,Q4919147,Bittoo Boss,Bittoo Boss,2012-04-13,122,,3.8,4,,,,,
511241,tt6789462,,Jeet Lengey Jahaan,Jeet Lengey Jahaan,2012-11-30,108,Drama|Crime|Documentary,0.0,0,,,,,
140770,tt2406636,Q2900688,Bhoot Returns,भूत रिटर्न्स,2012-10-11,73,Horror,3.0,7,IN,,,,
128161,tt2198101,Q7159069,Peddlers,Peddlers,2012-05-21,116,Thriller|Drama,10.0,1,IN,,,Mumbai (India),India
168445,tt2207668,Q19571218,Chakradhaar,Chakradhaar,2012-01-01,0,Action,6.0,1,,,,,
329521,tt6442774,Q5094932,Chhota Bheem: Dholakpur to Kathmandu,Chhota Bheem in Dholakpur to Kathmandu,2012-03-25,69,Animation|Action|Adventure,6.0,2,,,,Nepal,Nepal
349178,tt3211170,Q7429044,Say Yes to Love,Say Yes to Love,2012-03-16,115,Romance,0.0,0,,,,,
108603,tt0495111,Q7734776,The Forest,द फॉरेस्ट,2012-05-11,88,Drama|Horror|Thriller,4.0,3,IN|GB|US,,,,
938676,tt2243336,Q4661360,Aalaap,Aalaap,2012-07-27,116,Drama,0.0,0,,,,,
86005,tt2188893,Q283250,Staying Alive,Staying Alive,2012-02-03,0,Drama,0.0,0,IN|US,,,,
325536,,,Le Gaya Saddam,Le Gaya Saddam,2012-11-02,113,Comedy,0.0,0,,,,,
151042,tt2402631,Q5967800,I.D.,I.D.,2012-11-30,90,Drama,6.4,5,IN,,,,
297294,tt2332570,Q7748742,The Lost Tape,The Lost Tape,2012-09-14,74,Thriller|Horror|Drama,0.0,0,IN,,,,
820829,tt32628681,Q101244946,Keymon and Nani in Space Adventure,Keymon and Nani in Space Adventure,2012-11-09,75,Adventure|Action,0.0,0,IN,,,,
302922,tt2753528,Q24807420,Prem Mayee,Prem Mayee,2012-10-12,0,,0.0,0,,,,,
1556322,tt1954666,,Monopoly the Game of Money,Monopoly the Game of Money,2012-09-01,0,,0.0,0,,,,,
147358,tt2346744,Q5119823,Cigarette ki Tarah,Cigarette ki Tarah,2012-12-14,107,,6.5,1,,,,,
138081,tt2440140,Q4699831,Ajj De Ranjhe,Ajj De Ranjhe,2012-09-14,0,,6.0,1,IN,,,,
258541,tt2157192,Q16249484,Jai Bhim Comrade,जय भीम कॉम्रेड,2012-01-09,185,Documentary,7.4,5,IN,,,,
517409,tt2182726,Q5650938,Hansa,Hansa,2012-12-28,89,Drama,0.0,0,IN,Uttarakhand (India),India,"Himalayas (Afghanistan, Bhutan, India, Myanmar, Nepal, Pakistan, People's Republic of China)|Kumaon division (India)|Uttarakhand (India)",Afghanistan|Bhutan|India|Myanmar|Nepal|Pakistan|People's Republic of China
138751,tt2251552,Q5068995,Challo Driver,Challo Driver,2012-07-20,95,Romance|Comedy,4.3,3,,,,,
233960,tt3431756,Q16253488,Rakhtbeej,Rakhtbeej,2012-05-25,120,Thriller,5.0,1,,,,,
1200265,,,Give Us This Day Our Daily Bread,Give Us This Day Our Daily Bread,2012-08-26,15,Documentary,0.0,0,IN,,,,
253713,tt2188805,Q6667624,Login,Login,2012-10-11,0,,5.0,5,,,,,
128132,tt2354223,Q50985532,Mumbai's King,Mumbai Cha Raja,2012-10-31,78,,6.2,9,,,,,
458879,tt2363516,,In-Between Days,Dui Dhuranir Golpo,2012-11-06,58,,4.0,6,,,,,
310702,tt1563732,Q7121438,5 Ghantey Mien 5 Crore,5 Ghantey Mien 5 Crore,2012-08-10,0,,0.0,0,,,,,
158397,tt2378057,Q4646739,?: A Question Mark,?: A Question Mark,2012-02-17,82,Horror,5.8,7,IN,,,,
1537653,tt32991413,,Izzatnagri Ki Asabhya Betian,Izzatnagri Ki Asabhya Betian,2012-01-04,92,Documentary,0.0,0,,,,,
1318925,,,Naad,Naad,2012-07-12,24,,0.0,0,,,,,
1120039,tt1852076,Q96400553,Qasam Se Qasam Se,Qasam Se Qasam Se,2012-01-04,145,Romance,0.0,0,,,,,
405322,tt3481784,,Pola,Pola,2012-12-01,16,,0.0,0,,,,,
1036234,tt3215904,,Xmas Story,Xmas Story,2012-12-25,5,,0.0,0,,,,,
1676322,tt2605288,,Pune tc,Pune tc,2012-01-01,114,,0.0,0,,,,,
659040,tt2332527,Q4699095,It Happens,Aisa Hota Hai,2012-03-24,13,,0.0,0,,,,,
1196563,tt2351421,,Waiting for Nano,Waiting for Nano,2012-01-23,35,Documentary,0.0,0,,,,,
790627,tt2675322,,Urmi,Urmi,2012-07-28,11,,0.0,0,,,,,
259371,tt2992172,,The Dual,Dwand,2012-01-01,13,,4.8,2,IN,,,,
938908,tt2234328,,Siyaah..,Siyaah..,2012-07-11,97,,0.0,0,,,,,
1432378,,,The Quarter,The Quarter,2012-08-07,4,Animation|Fantasy|Comedy,0.0,0,IN,,,,
996390,tt2715480,,A Pinch of skin,A Pinch of skin,2012-12-31,28,Documentary,0.0,0,,,,,
1036233,tt3213970,,Curtains,Curtains,2012-11-12,7,,0.0,0,,,,,
921534,,,Chooran Goli,Chooran Goli,2012-01-01,67,Animation,0.0,0,,,,,
922500,,,Sab Ki Boltee Bandh,Sab Ki Boltee Bandh,2012-01-01,100,Comedy,0.0,0,IN,,,,
228355,tt2571140,Q15075931,Boss,बॉस,2013-10-16,143,Comedy|Thriller|Action,5.632,94,IN,"Bangkok (Ayutthaya Kingdom, Konbaung dynasty, Rattanakosin Kingdom, Thailand, Thonburi Kingdom)|Delhi (India)|Thailand",Ayutthaya Kingdom|India|Konbaung dynasty|Rattanakosin Kingdom|Thailand|Thonburi Kingdom,India,India
205022,tt2112124,Q2962658,Chennai Express,Chennai Express,2013-08-08,141,Romance|Comedy|Action,6.5,410,IN,,,Chennai (India),India
191714,tt2350496,Q13423399,The Lunchbox,The Lunchbox,2013-09-20,104,Drama|Romance,7.4,853,FR|DE|IN|US,Mumbai (India),India,Mumbai (India),India
185008,tt2178470,Q8051196,Yeh Jawaani Hai Deewani,ये जवानी है दीवानी,2013-05-31,160,Romance|Comedy,7.299,319,IN,,,Himachal Pradesh (India),India
44977,tt1833673,Q14948561,Dhoom 3,धूम ३,2013-12-19,171,Action|Crime,6.0,333,IN,Chicago (United States)|Switzerland,Switzerland|United States,Chicago (United States),United States
199687,tt2510874,Q8048074,Yamla Pagla Deewana 2,Yamla Pagla Deewana 2,2013-06-07,154,Action|Comedy,3.472,19,IN,,,London (United Kingdom),United Kingdom
192558,tt2203308,Q4662712,Aashiqui 2,आशिकी २,2013-04-26,132,Drama|Romance,6.849,205,IN,South Africa,South Africa,Mumbai (India),India
235984,tt2215477,Q15037029,Goliyon Ki Raasleela Ram-Leela,गोलियों की रासलीला रामलीला,2013-11-14,155,Drama|Romance,6.959,208,IN,,,India,India
204435,tt1029231,Q6439145,Krrish 3,कृष ३,2013-11-01,152,Action|Science Fiction,5.6,220,IN,Switzerland|Turkey,Switzerland|Turkey,India,India
206324,tt2356180,Q4900468,Bhaag Milkha Bhaag,भाग मिल्खा भाग,2013-07-12,186,Drama,7.5,295,IN,Delhi (India),India,,
190940,tt2797242,Q4940593,Bombay Talkies,Bombay Talkies,2013-05-03,127,Drama|Romance,6.3,61,IN,,,,
191121,tt2359810,Q7278417,Raanjhanaa,रान्झाना,2013-06-21,140,Drama|Romance,6.6,174,IN,Delhi (India),India,Uttar Pradesh (India),India
218898,tt2357489,Q8066228,Zanjeer,Zanjeer,2013-09-05,138,Action|Crime|Drama,4.368,37,IN,,,Mumbai (India),India
180853,tt2229848,Q5087281,Chashme Baddoor,Chashme Baddoor,2013-04-05,120,Comedy|Drama,4.7,29,IN,,,Goa (India),India
208036,tt2357926,Q7288775,Ramaiya Vastavaiya,रमैया वस्तावैया,2013-07-19,148,Romance|Action|Comedy,6.2,49,IN,,,,
185640,tt2658126,Q16246456,Commando - A One Man Army,Commando - A One Man Army,2013-04-11,119,Action,6.344,64,IN,,,,
165904,tt2377938,Q7574449,Special 26,स्पेशल 26,2013-02-07,144,Crime|Drama|Thriller,7.309,241,IN,,,,
178476,tt2404519,Q4636344,3G,3G,2013-03-14,124,Horror|Science Fiction|Thriller,3.536,14,IN,,,,
44749,tt1375789,Q45273,Race 2,रेस 2,2013-01-25,150,Action|Thriller,5.458,132,IN,,,,
157129,tt2229842,Q7673154,Table No. 21,Table No. 21,2013-01-03,108,Adventure|Thriller|Drama,6.449,89,IN,,,,
302141,tt3311236,Q16247356,Calapor,Calapor,2013-08-02,118,Drama,0.0,0,IN,,,,
240614,tt2369154,Q7289256,R... Rajkumar,आर... राजकुमार,2013-12-06,146,Action|Romance,6.1,109,IN,,,,
191562,tt2436516,Q5574803,Go Goa Gone,गो गोआ गॉन,2013-05-10,111,Comedy|Horror,5.914,139,IN,,,Goa (India),India
215776,tt2855648,Q6728469,Madras Cafe,Madras Cafe,2013-08-23,130,Thriller|Drama|Action,6.711,133,IN,Delhi (India),India,Sri Lanka,Sri Lanka
544042,tt4479178,Q4658523,A New Love Ishtory,A New Love Ishtory,2013-09-27,125,Romance,6.0,1,,,,,
191726,tt2882328,Q12813120,Ugly,Ugly,2013-05-17,128,Thriller|Drama|Mystery|Crime,7.0,142,IN,,,India,India
168243,tt2171454,Q16255410,Zila Ghaziabad,ज़िला गाज़ियाबाद,2013-02-22,132,Action|Crime|Drama,4.0,17,IN,,,,
161468,tt2094854,Q6034533,Inkaar,Inkaar,2013-01-18,133,,5.4,25,IN,,,,
342071,tt4788726,,The Unsound,The Unsound,2013-02-08,145,,0.0,0,,,,,
172817,tt2362778,Q7399559,Saheb Biwi Aur Gangster Returns,Saheb Biwi Aur Gangster Returns,2013-03-08,139,Thriller|Drama|Action|Crime,6.9,27,IN,,,,
205017,tt2224317,Q6676056,Lootera,लूटेरा,2013-04-04,136,Drama|Romance,7.0,96,IN,,,Himachal Pradesh (India),India
192097,tt2246724,Q13564907,Ghanchakkar,घनचक्कर,2013-06-28,137,Comedy|Crime|Thriller,5.0,34,,,,,
179711,tt2323964,Q6818852,Mere Dad Ki Maruti,Mere Dad Ki Maruti,2013-03-15,101,Comedy,6.048,31,IN,,,,
199139,tt2806788,Q5507607,Fukrey,फुकरे,2013-06-14,137,Comedy|Drama|Romance,6.487,79,IN,,,Delhi (India),India
237305,tt2275794,Q5586421,Gori Tere Pyaar Mein,गोरी तेरे प्यार में,2013-11-22,150,Comedy|Romance,6.026,57,IN,,,,
249701,tt3082844,,Kush,Kush,2013-09-06,20,,5.2,5,IN,,,,
199997,tt2609468,Q7560725,Sona Spa,सोना Spa,2013-03-22,102,Drama,2.6,5,,,,,
186747,tt2406676,Q5350251,Ek Thi Daayan,एक थी डायन,2013-04-18,135,Horror|Romance|Thriller,5.013,38,IN,,,Mumbai (India),India
171767,tt2064816,Q5967454,"I, Me aur Main","I, Me aur Main",2013-03-01,108,Drama,4.6,18,IN,,,,
208540,tt1891884,Q7091872,Once Upon a Time in Mumbai Dobaara!,वंस अपॉन अ टाइम इन मुंबई-दोबारा,2013-08-14,160,Action|Crime|Drama,4.926,47,IN,Delhi (India),India,India|Mumbai (India),India
206851,tt2385104,Q5207081,D-Day,डी डे,2013-07-19,153,Action|Thriller,6.7,73,IN,,,Karachi (Pakistan),Pakistan
248211,tt2343621,Q16832060,Liar's Dice,Liar's Dice,2013-10-05,104,Drama,6.4,19,IN,Delhi (India),India,Himachal Pradesh (India),India
1675964,tt9632234,,Bhoot Raja and Ronnie 2,Bhoot Raja aur Ronnie 2,2013-12-29,0,Horror|Adventure,10.0,1,,,,,
128206,tt2181831,Q7461626,Shahid,शाहिद,2013-10-18,129,Drama|Crime,7.333,78,IN,,,Mumbai (India),India
705701,,,Gangs of Wasseypur - Making Uncut -  The Roots of Revenge from Wasseypur,Gangs of Wasseypur - Making Uncut -  The Roots of Revenge from Wasseypur,2013-01-21,96,Documentary,8.8,5,IN,,,,
222430,tt2615584,Q7181086,Phata Poster Nikhla Hero,फटा पोस्टर निकला हीरो,2013-09-20,146,Action|Comedy,5.123,70,IN,,,Mumbai (India),India
238408,tt2437954,Q7523462,Singh Saab the Great,Singh Saab the Great,2013-11-22,134,Action|Drama,4.8,22,IN,,,,
209410,tt2988272,Q14786843,Shuddh Desi Romance,शुद्ध देसी रोमांस,2013-09-06,126,Drama|Romance,5.743,70,IN,,,Rajasthan (India),India
220495,tt2551378,Q4996805,Bullett Raja,Bullett Raja,2013-11-29,138,Action|Crime|Drama,5.833,33,IN,,,Uttar Pradesh (India),India
217446,tt2275802,Q7426893,Satyagraha,सत्याग्रह,2013-08-30,152,Drama,6.125,40,IN,,,,
253709,tt2941856,Q5376759,Enemmy,Enemmy,2013-06-21,140,Action,8.0,3,IN,,,,
218779,tt2576450,Q4896235,Besharam,बेशरम,2013-10-02,143,Action|Comedy,4.6,45,IN,,,India,India
177358,tt2621000,Q6270100,Jolly LLB,जॉली एलएलबी,2013-03-15,135,Comedy|Drama,7.115,152,IN,,,Delhi (India),India
168245,tt2213054,Q6347476,Kai Po Che!,कई पो छे!,2013-02-13,126,Drama,7.1,157,IN,,,Ahmedabad (India),India
206301,tt2861320,Q7209623,Policegiri,Policegiri,2013-07-05,141,Action|Comedy,4.5,18,IN,,,,
157293,tt2321163,Q4650083,ABCD,एबीसीडी,2013-02-07,143,Drama,5.9,71,IN,,,,
1358976,tt5372654,,Roll No. 21 Space Mein Dhoom Dhadaka,Roll No. 21 Space Mein Dhoom Dhadaka,2013-10-20,72,Animation|Comedy,0.0,0,IN,,,,
170241,tt2361022,Q5251025,Deewana Main Deewana,Deewana Main Deewana,2013-02-01,107,Comedy|Romance|Thriller,5.4,7,IN,,,,
198556,tt1855268,Q16251113,Main Krishna Hoon,मैं कृष्णा हूँ,2013-01-25,135,Animation|Family,6.0,112,IN,,,,
189800,tt2814372,Q14541732,Gippi,Gippi,2013-05-10,138,Romance|Comedy,5.3,3,IN,,,,
211990,tt2912578,Q4766103,Ankur Arora Murder Case,Ankur Arora Murder Case,2013-06-12,129,Drama|Thriller,5.8,18,IN,,,,
339167,tt6445398,Q16249080,I Don't Luv U,I Don't Luv U,2013-05-17,145,,6.0,1,,,,,
168117,tt2624852,Q16248509,Gangoobai,Gangoobai,2013-01-11,110,Drama|Family,7.5,2,IN,,,,
161040,tt2358412,Q5230422,David,David,2013-02-01,155,Action|Crime|Drama|Romance|Comedy,5.886,22,IN,Ooty (India),India,India|London (United Kingdom),India|United Kingdom
209257,tt2848824,Q13936492,Bajatey Raho,बजाते रहो,2013-07-26,110,Comedy|Drama|Thriller,5.167,5,,Delhi (India),India,,
348094,tt2438764,Q15907451,Rajjo,रज्जो,2013-11-15,137,Romance|Drama,3.0,1,IN,,,Mumbai (India),India
196312,tt2100543,Q13522821,Hum Hai Raahi CAR Ke,Hum Hai Raahi CAR Ke,2013-05-24,125,Adventure|Comedy|Romance,7.5,2,IN,,,,
215383,tt3044882,Q14324275,Nasha,नशा,2013-07-22,120,Drama|Romance|Thriller,4.1,10,IN,,,,
509909,tt6923514,Q19891346,Dilli Gang,Dilli Gang,2013-10-25,96,Thriller,5.0,1,,,,,
220714,tt2476154,Q5594799,Grand Masti,ग्रैंड मस्ती,2013-09-13,137,Comedy|Romance,4.686,43,IN,,,,
661723,,,Chai,Chai,2013-06-03,11,,0.0,0,IN,,,,
232143,tt2976172,Q17081791,Sixteen,सिक्स्टीन,2013-07-12,138,Drama|Romance|Thriller,5.643,7,IN,,,,
247472,tt2857500,Q7395689,Saare Jahaan Se Mehnga,Saare Jahaan Se Mehnga,2013-03-08,120,Comedy|Drama,7.0,10,,,,,
342066,tt3260588,Q15040715,Bin Phere Free Me Tere,Bin Phere Free Me Tere,2013-03-05,145,,0.0,0,,,,,
503928,tt3415692,Q15359452,Mahabharat,Mahabharat,2013-12-27,119,Adventure|Animation|Action|History|Family,6.8,8,IN,,,,
184793,tt2341766,Q6981458,Nautanki Saala!,नौटंकी साला,2013-04-12,130,Comedy|Romance,5.1,26,IN,,,,
227338,tt3129282,Q15059946,War Chod Na Yaar,War Chod Na Yaar,2013-10-11,113,Comedy|War,6.571,7,IN,,,,
260660,tt3343012,Q123379460,Rangbhoomi,Rangbhoomi,2013-11-10,81,Documentary,0.0,0,IN,,,,
189542,tt2622130,Q16249628,Jayantabhai Ki Luv Story,जयंताभाई की लव स्टोरी,2013-02-15,130,Action|Comedy|Romance|Drama,4.6,14,IN,,,,
168114,tt2429640,Q6937639,Murder 3,मर्डर 3,2013-02-14,124,Thriller|Drama|Mystery,3.774,31,IN,South Africa,South Africa,,
303365,tt3169704,Q16253593,Raqt: A Psycho Thriller,Raqt: A Psycho Thriller,2013-09-27,136,Thriller,8.0,1,,,,,
1181346,tt3226102,,Mutthi Bhar Sapne,Mutthi Bhar Sapne,2013-01-01,120,Drama|Family,0.0,0,IN,,,,
278125,tt3307276,Q16254758,That Day After Everyday,That Day After Everyday,2013-10-29,22,Drama,5.5,4,IN,,,,
243831,tt3309662,Q15304625,Jackpot,Jackpot,2013-12-13,132,Comedy|Thriller,2.9,5,IN,,,,
196313,tt1986040,Q6080473,Ishkq in Paris,इश्क्क़ इन पेरिस,2013-05-24,95,Comedy|Romance,5.6,7,IN,,,,
171879,tt2635622,Q12989733,The Attacks Of 26/11,दि अटैक्स ऑफ 26/11,2013-03-01,116,Action|Crime|History|Thriller,7.1,31,IN,,,Mumbai (India),India
166217,tt2066062,Q7502136,Shortcut Romeo,Shortcut Romeo,2013-04-04,0,Action|Crime|Drama,4.1,4,IN,Kenya,Kenya,,
401305,tt6417984,Q16247587,Chhota Bheem: Krishna vs Zimbara,छोटा भीम और कृष्णा बनाम ज़िम्बारा,2013-08-25,65,Animation|Adventure|TV Movie,0.0,0,IN,,,,
769589,,,Jaadui Machchi,Jaadui Machchi,2013-10-18,37,,0.0,0,IN,,,,
192736,tt2633598,Q18821556,Rise of the Zombie,Rise of the Zombie,2013-04-05,94,Thriller|Horror|Drama,3.7,10,IN,,,,
852960,tt6442694,Q135293763,Chhota Bheem: The Blue Mountain,Chhota Bheem: Neeli Pahaadi,2013-01-01,63,,10.0,1,,,,,
546694,tt2470148,Q16249930,Kajri,Kajri,2013-03-15,144,Drama,2.0,2,IN,,,,
1352877,,,Boyss Toh Boyss Hain,Boyss Toh Boyss Hain,2013-07-12,120,,0.0,0,,,,,
278264,tt3357416,Q15464247,What the Fish,What the Fish,2013-12-13,98,Adventure|Comedy,5.3,8,,,,,
710678,tt3639780,,Neighbours: Part 1,Neighbours: Part 1,2013-02-11,8,Comedy|Drama|Romance,0.0,0,IN,,,,
401301,tt4171600,Q16247559,Chhota Bheem in the Incan Adventure,Chhota Bheem in the Incan Adventure,2013-07-07,65,Action|Adventure|Comedy|Family|Animation|Fantasy,0.0,0,IN,,,,
181462,tt2423132,Q4700056,Akaash Vani,Akaash Vani,2013-01-24,149,Romance|Drama,5.7,15,IN,,,,
401296,tt3324810,Q16247570,Chhota Bheem: The Throne of Bali,Chhota Bheem: The Throne of Bali,2013-05-03,130,,0.0,0,IN,,,,
1412847,,,Oye Teri,Oye Teri,2013-07-10,8,Drama|Comedy,0.0,0,IN,,,,
468652,tt2554042,Q16250993,Maazii,Maazii,2013-09-27,89,Crime|Thriller|Drama,4.0,1,IN,,,,
326490,tt2404187,Q4928069,Bloody Isshq,Bloody Isshq,2013-03-01,148,Romance,5.0,2,,,,,
1653789,tt5241904,,Dhurandhar: The Shooter,Dhurandhar: The Shooter,2013-08-23,139,Action,0.0,0,,,,,
256863,tt6417854,Q16247582,Chhota Bheem and Hanuman,Chhota Bheem Aur Hanuman,2013-11-22,67,Animation|Action|Adventure|TV Movie,6.2,3,IN,,,,
244320,tt2337292,Q14439446,Chor Chor Super Chor,Chor Chor Super Chor,2013-08-02,99,Thriller|Comedy|Drama,8.0,1,IN,,,,
211086,tt2768766,Q19816780,Faith Connections,Faith Connections,2013-11-21,115,Documentary|Drama,4.8,11,FR|IN,,,,
1732867,tt11345826,Q85783177,Mahabharat Aur Barbareek,Mahabharat Aur Barbareek,2013-02-01,137,Drama,0.0,0,IN,,,,
139521,tt2106537,Q3932240,Matru Ki Bijlee Ka Mandola,मटरू की बिजली का मंडोला,2013-01-10,151,Comedy|Drama,5.7,45,IN,,,,
852965,tt6417830,Q16961426,Chhota Bheem and the Shinobi Secret,Chhota Bheem and the Shinobi Secret,2013-11-03,63,Adventure|Animation|Comedy,0.0,0,IN,,,Japan,Japan
348444,tt4390194,Q25324904,The Seventh Walk,सातवीं सैर,2013-11-16,72,Drama,6.8,2,IN,,,,
179656,tt2706264,Q7292917,Rangrezz,Rangrezz,2013-03-21,143,Action|Drama,4.9,6,IN,,,,
1019273,,,Meridian Lines,Meridian Lines,2013-05-31,0,Drama,10.0,2,,,,,
1667173,tt10199824,,Chupan Chupai,Chupan Chupai,2013-09-12,8,,0.0,0,,,,,
852963,tt6442766,,Chhota Bheem: The Crown of Valhalla,Chhota Bheem and the Crown of Valhalla,2013-05-01,69,Animation,10.0,1,IN,,,,
224471,tt2224313,Q14437345,Listen... Amaya,Listen... Amaya,2013-02-01,108,Drama,7.0,3,,Delhi (India),India,Delhi (India),India
712068,tt3639798,,Neighbours: Part 2,Neighbours: Part 2,2013-04-16,7,Comedy,0.0,0,IN,,,,
150009,tt2560016,Q7285911,Rajdhani Express,Rajdhani Express,2013-01-04,170,Action|Drama|Thriller,9.0,1,,,,,
510832,tt1784654,,The Coffin Maker,The Coffin Maker,2013-01-01,123,Drama,0.0,0,IN,,,,
995909,,,Rani Banal Jwala,रानी बनल ज्वाला,2013-01-01,121,Drama|Action,0.0,0,IN,,,,
224892,tt3257168,Q16254181,Shorts,Shorts,2013-07-12,95,Drama,6.0,2,IN,,,,
222984,tt2826126,Q16254195,Shree,श्री,2013-04-26,0,,0.0,0,,,,,
202796,tt2929840,Q8072336,Zindagi 50 50,Zindagi 50 50,2013-08-12,130,Comedy|Drama,2.8,6,IN,,,,
222394,tt3164774,Q21999884,Anwar Ka Ajab Kissa,अनवर का अजब किस्सा,2013-10-17,126,Comedy|Drama,5.8,5,IN,,,Kolkata (India),India
238165,tt2389486,Q6735099,Mai,Mai,2013-01-31,105,,7.0,1,,,,,
230866,tt3105448,,From Gulf to Gulf to Gulf,Kutchi Vahan Pani Wala,2013-10-12,83,Documentary,5.7,3,IR|IN|AE|YE|SO|QA|PK|OM|KW|KE|IQ,,,,
242441,tt3177332,Q15040706,Horror Story,Horror Story,2013-09-13,91,Horror,4.8,70,IN,,,,
227055,tt3013270,,Aashiqui Not Allowed,Aashiqui Not Allowed,2013-10-05,0,,0.0,0,IN,,,,
168433,tt2466678,Q18126669,Katiyabaaz,कटियाबाज़,2013-02-12,80,Documentary|Drama,7.1,9,IN,,,Uttar Pradesh (India),India
242084,tt3059106,Q15043351,Satya 2,सत्य २,2013-11-01,162,Crime|Drama,5.9,6,IN,,,Mumbai (India),India
228648,tt2796318,Q15043374,Mickey Virus,Mickey Virus,2013-10-25,135,Comedy|Thriller,5.4,25,IN,,,Delhi (India),India
223806,tt2699840,Q14913020,John Day,John Day,2013-09-05,137,Drama,5.3,8,IN,,,,
185279,tt2389974,Q4662788,Aatma,Aatma,2013-03-21,94,Mystery|Horror,5.3,10,IN,,,,
214863,tt1909789,,Inki Toh Aisi Ki Thaisi,Inki Toh Aisi Ki Thaisi,2013-08-16,0,Comedy,3.0,1,,,,,
226666,tt2318401,Q4854679,Bandook,Bandook,2013-01-19,0,,9.8,2,,,,Uttar Pradesh (India),India
250731,tt2361148,Q16958816,Club 60,Club 60,2013-12-06,0,Drama,0.0,0,IN,,,,
239586,tt2215163,Q16249349,Issaq,Issaq,2013-07-27,148,Romance,4.8,5,IN,,,,
212754,tt2932606,Q16254249,Siddharth,Siddharth,2013-10-10,96,Drama,7.0,13,CA,,,,
479401,tt3031896,Q58460274,Lakeer Ka Fakeer,Lakeer Ka Fakeer,2013-06-14,119,,7.0,2,,,,,
217445,tt3084502,Q16249602,Jatt Airways,Jatt Airways,2013-08-30,135,,7.0,1,IN,,,,
938753,tt18969496,,Ek Tha Sardaar,Ek Tha Sardaar,2013-01-01,111,,0.0,0,,,,,
406847,,,Gullu Dada 4,Gullu Dada 4,2013-12-27,130,Comedy,4.0,1,,,,,
903933,,,Distance,Distance,2013-01-01,38,Documentary,0.0,0,IN,,,,
824534,tt20764708,,Motu Patlu: Mission Moon,Motu Patlu: Mission Moon,2013-12-25,71,Animation|Adventure|TV Movie,0.0,0,IN,,,,
335361,tt2473432,Q17985711,Baga Beach,Baga Beach,2013-12-01,103,Drama,1.0,1,IN,,,Goa (India),India
326903,tt2375567,Q17064970,Super Model,Super Model,2013-09-27,143,Drama|Romance,1.0,1,,,,,
824531,tt20602440,Q29830168,Motu Patlu in Wonderland,Motu Patlu in Wonderland,2013-07-10,75,Animation,0.0,0,,,,,
162090,tt2633826,Q6935295,Mumbai Mirror,Mumbai Mirror,2013-01-18,136,Action|Crime|Thriller,7.0,1,,,,,
322012,tt3780532,Q16247079,Bhadaas,Bhadaas,2013-12-27,89,,1.0,4,IN,,,,
190400,tt2830226,Q16252624,Oonga,Oonga,2013-05-03,98,Drama,0.0,0,IN,,,,
922104,tt3527144,,The Dirty Relation,The Dirty Relation,2013-06-14,121,Thriller,0.0,0,IN,,,,
162086,tt2613942,Q14957163,Dehraadun Diary,Dehraadun Diary,2013-01-04,110,Thriller,5.0,1,,,,,
506647,tt3073380,,Woh,वो,2013-08-01,84,,0.0,0,IN,,,,
1053678,tt3267464,,Kaphal: Wild Berries,Kaphal: Wild Berries,2013-10-22,90,Family|Comedy|Drama,8.0,1,IN,,,,
362092,tt2271771,Q50331079,When Hari Got Married,When Hari Got Married,2013-03-16,75,Documentary,6.0,6,IN,,,,
819807,tt2306635,Q16250854,Love in Bombay,Love in Bombay,2013-08-02,0,,0.0,0,,,,Mumbai (India),India
619865,tt10726746,,Hamara Hero Shaktimaan,Hamara Hero Shaktimaan,2013-06-30,74,Action|TV Movie,10.0,3,IN,,,,
223737,tt3138602,Q16255282,Warning,Warning,2013-09-27,109,,4.8,5,IN,,,,
702900,tt3069602,,Geek Out,Geek Out,2013-06-03,10,Fantasy,10.0,1,IN,,,,
871910,tt3108498,,The Unseen Sequence,The Unseen Sequence,2013-06-01,98,Documentary,0.0,0,,,,,
170458,tt2725022,Q20814602,Kirchiyaan,Kirchiyaan,2013-01-30,16,,8.0,1,IN,,,,
305848,tt2406674,,Paapi - Ek Satya Katha,पापी - एक सत्य कथा,2013-10-11,115,Crime,0.0,0,IN,,,,
1203314,tt19196108,,Aakhri Deal,Aakhri Deal,2013-03-15,0,,0.0,0,,,,,
1036236,tt3221114,,PR: Public Relations,PR: Public Relations,2013-07-14,10,,0.0,0,,,,,
1470494,tt2631012,Q16058139,The Adventures of Sinbad,The Adventures of Sinbad,2013-03-22,110,Animation|Adventure,0.0,0,IN,,,,
1314519,tt3285230,,The Station,स्टेशन,2013-04-11,30,Drama|TV Movie,0.0,0,,,,,
1398044,tt3045746,,Blood Friday,Blood Friday,2013-09-23,19,Thriller,0.0,0,,,,,
852961,tt6417816,Q16247546,Chhota Bheem and the Broken Amulet,छोटा भीम एंड द ब्रोकन आमलेट,2013-02-06,63,,0.0,0,,,,,
713226,tt2014409,,Zara Sambhal Ke,Zara Sambhal Ke,2013-07-19,0,,0.0,0,,,,,
273324,,,Chhota Bheem: The Broken Amulet,Chhota Bheem in Junglee Kabeela,2013-06-09,55,Adventure|Animation|Family,10.0,1,IN,,,,
254086,tt2706340,,Ishk Actually,Ishk Actually,2013-10-25,99,Romance|Drama,0.0,0,IN,,,,
713224,tt3766798,Q15121150,Wake Up India,Wake Up India,2013-10-23,0,,0.0,0,,,,,
938759,tt3175440,Q20814563,Huff! It's Too Much,Huff! It's Too Much,2013-10-25,96,,0.0,0,,,,,
1265765,tt3056820,Q15059369,A Journey of Samyak Buddha,अ जर्नी ऑफ सम्यक बुद्ध,2013-08-02,127,History,7.0,1,,,,,
938898,tt14166170,,Pyaar Mein Aisa Hota Hai,Pyaar Mein Aisa Hota Hai,2013-01-13,107,,0.0,0,,,,,
339237,tt3045946,Q17082424,Tara: The Journey of Love and Passion,Tara: The Journey of Love and Passion,2013-07-12,110,Drama,6.0,2,IN,,,,
1655908,tt11244414,Q15059372,The Light: Swami Vivekananda,The Light: Swami Vivekananda,2013-02-01,117,,0.0,0,IN,Kolkata (India)|Rairangpur (India),India,Kolkata (India),India
517536,,,Last Chance,Last Chance,2013-07-01,80,,0.0,0,,,,,
922182,tt4256304,,The Dirty Dancer,The Dirty Dancer,2013-09-27,97,Romance,0.0,0,IN,,,,
1517828,tt4066270,,The World of Fashion,The World of Fashion,2013-01-04,118,Drama|Thriller,0.0,0,,,,,
938679,,,Bablu - The Naughty Genie,Bablu - The Naughty Genie,2013-01-01,68,Animation,0.0,0,,,,,
334644,tt1826763,Q16251922,Mumbhai Connection,Mumbhai Connection,2013-01-01,0,,0.0,0,,,,,
180680,tt2344678,Q5765406,Himmatwala,हिम्मतवाला,2013-03-28,150,Action|Comedy|Drama,2.856,59,IN,,,,
188640,tt2301155,Q7501068,Shootout at Wadala,शूटआऊट ऍट वडाला,2013-05-03,150,Action|Crime|Drama|History,5.5,46,IN,,,Mumbai (India),India
188306,tt2804026,Q4822122,Aurangzeb,औरन्गज़ेब,2013-05-17,137,Thriller|Action|Drama,6.0,26,IN,,,Delhi (India),India
297222,tt2338151,Q7117022,PK,पीके,2014-12-18,153,Comedy|Drama|Science Fiction,7.703,1222,IN,Bruges (Belgium)|Delhi (India),Belgium|India,Belgium,Belgium
277432,tt2461132,Q3127192,Happy New Year,Happy New Year,2014-10-24,180,Crime|Comedy,6.1,311,IN,,,Emirate of Dubai (United Arab Emirates),United Arab Emirates
283589,tt2905838,Q14719604,Bang Bang!,बैंग बैंग,2014-10-02,153,Action|Adventure|Comedy|Romance|Thriller,6.214,264,CZ|IN|TH,Czech Republic|Greece|Thailand,Czech Republic|Greece|Thailand,Himachal Pradesh (India),India
287767,tt3495000,Q16251431,Mardaani,मर्दानी,2014-08-22,113,Action|Crime|Drama|Thriller,6.689,127,IN,,,Mumbai (India),India
280795,tt3390572,Q15726236,Haider,हैदर,2014-10-02,150,Crime|Drama,7.3,265,IN,,,Jammu and Kashmir (India),India
280690,tt2372222,Q6404200,Kick,Kick,2014-07-25,146,Action|Romance|Comedy|Crime,5.7,187,IN,Delhi (India),India,,
244237,tt1188982,Q15643554,Jai Ho,जय हो,2014-01-24,145,Action|Drama,4.952,106,IN,,,,
262903,tt2762334,Q16043869,Main Tera Hero,मैं तेरा हीरो,2014-04-04,128,Romance|Comedy,5.646,198,IN,,,Karnataka (India),India
297809,tt2871010,Q7560766,Sonali Cable,Sonali Cable,2014-10-17,127,Drama|Romance,5.2,10,,,,,
372084,tt3431714,Q16251519,Mastram,Mastram,2014-05-09,99,Drama,3.9,9,IN,,,,
259720,tt2372678,Q4633386,2 States,टू स्टेट्स,2014-04-17,149,Comedy|Romance|Drama,6.6,169,IN,Delhi (India),India,India,India
276928,tt3678938,Q17055546,Humpty Sharma Ki Dulhania,हम्प्टी शर्मा की दुल्हनिया,2014-07-11,133,Drama|Comedy|Romance,6.4,125,IN,Delhi (India),India,Punjab (India),India
310123,tt4228746,Q18391083,Zid,Zid,2014-11-28,128,Thriller|Romance,3.8,10,IN,,,Goa (India),India
285803,tt2309764,Q7523479,Singham Returns,सिंघम रिटर्न्स,2014-08-15,142,Action,6.091,137,IN,,,India,India
250551,tt2574698,Q5618599,Gunday,गुंडे,2014-02-14,152,Action|Crime|Drama,4.9,118,IN,,,Kolkata (India),India
247645,tt3322420,Q15907466,Queen,Queen,2014-03-07,146,Comedy|Drama,7.338,324,IN,Amsterdam (Netherlands)|Delhi (India)|Paris (France),France|India|Netherlands,Paris (France),France
308165,tt0403935,Q16058052,Action Jackson,एक्शन जैकसन,2014-12-05,144,Action|Thriller,4.2,45,AT|IN,,,,
276935,tt3175038,Q16255225,Ek Villain,एक विलन,2014-06-27,129,Romance|Action|Crime|Thriller,6.56,182,IN,,,,
299692,tt2630076,Q18170481,Super Nani,Super Nani,2014-10-31,133,Family|Drama,6.722,9,IN,,,,
252841,tt2980794,Q15747101,Highway,हाईवे,2014-02-13,133,Drama|Romance|Crime,7.23,191,IN,,,Jammu and Kashmir (India),India
284288,tt3001638,Q16254978,Mary Kom,मैरी कोम,2014-09-05,122,Action|Drama,7.014,107,IN,,,,
309807,tt3309844,Q18394545,Titoo MBA,Titoo MBA,2014-11-21,111,,4.2,6,,,,Punjab (India),India
278347,tt2978626,Q16249363,It's Entertainment,It's Entertainment,2014-08-08,140,Comedy,4.9,77,IN,"Bangkok (Ayutthaya Kingdom, Konbaung dynasty, Rattanakosin Kingdom, Thailand, Thonburi Kingdom)",Ayutthaya Kingdom|Konbaung dynasty|Rattanakosin Kingdom|Thailand|Thonburi Kingdom,India|Thailand,India|Thailand
282346,tt3619772,Q17198963,Hate Story 2,Hate Story 2,2014-07-18,130,Drama|Thriller,4.319,36,IN,,,,
291157,tt3554418,Q16250359,Khoobsurat,खूबसूरत,2014-09-19,130,Comedy|Romance,6.6,131,IN,,,,
260266,tt2609218,Q7283099,Ragini MMS 2,Ragini MMS 2,2014-03-21,120,Horror,4.7,40,IN,,,,
303281,tt3017412,Q14943677,Happy Ending,Happy Ending,2014-11-21,135,Comedy,5.333,36,IN,,,,
251626,tt3173910,Q15689168,Hasee Toh Phasee,हँसी तो फसी,2014-02-07,141,Comedy|Romance,6.607,121,IN,,,,
269238,tt3640942,Q16256056,Koyelaanchal,Koyelaanchal,2014-05-09,146,,6.9,4,IN,,,,
298923,tt3796006,Q18340501,Roar,Roar: Tigers of the Sundarbans,2014-10-31,123,Thriller|Action|Adventure,5.2,6,IN,,,West Bengal (India),India
270417,tt3645014,Q16255319,The Xposé,The Xposé,2014-05-16,113,Thriller|Drama|Crime,4.5,11,IN|FR,,,,
324001,tt2187167,Q18170593,Unforgettable,Unforgettable,2014-06-13,131,,0.0,0,IN,,,,
296690,tt3380264,Q17065527,Kill Dil,किल दिल,2014-11-13,127,Action|Drama|Romance,5.1,47,IN,,,,
303904,tt2392447,Q7884507,Ungli,ऊँगली,2014-11-28,114,Thriller|Comedy|Drama,5.683,30,IN,,,,
913631,,,Delhi Mellei,Delhi Mellei,2014-11-15,145,,0.0,0,,,,,
298157,tt2317135,Q18364118,Tamanchey,Tamanchey,2014-10-10,113,Crime|Romance,2.8,6,,,,,
273505,tt3036740,Q16249059,Humshakals,हमशकल्स,2014-06-20,160,Comedy,3.2,63,IN,,,,
271200,tt3142232,Q16248904,Heropanti,हीरोपंती,2014-05-23,146,Romance|Action,5.688,73,IN,,,,
264085,tt3531852,Q16291648,Bhoothnath Returns,भूतनाथ रिटर्न्स,2014-04-11,152,Comedy|Drama|Fantasy,6.2,93,IN,,,,
446861,tt5180164,,Adhe Adhure,Adhe Adhure,2014-04-06,100,Drama,0.0,0,IN,,,,
1212403,tt3613230,,Haircut,Haircut,2014-01-02,9,Comedy,6.0,2,IN,,,,
302431,tt1239276,Q7292584,Rang Rasiya,Rang Rasiya,2014-11-07,132,Drama|History,6.135,26,IN,,,,
491320,tt3205084,,Vimana,Vimana,2014-07-21,17,Science Fiction,0.0,0,US,,,,
248698,tt2675978,Q16247847,Dedh Ishqiya,डेढ़ इश्किया,2014-01-10,152,Comedy|Drama|Romance,6.622,49,IN,,,Uttar Pradesh (India),India
254420,tt2573750,Q5617179,Gulaab Gang,Gulaab Gang,2014-03-07,139,Drama,6.0,18,,,,,
250726,tt2876408,Q16251843,Mr Joe B. Carvalho,Mr Joe B. Carvalho,2014-01-03,130,Comedy,2.95,10,IN,,,,
273886,tt2556308,Q16301857,Holiday,होलीडे,2014-06-06,170,Action|Crime|Thriller,6.257,150,IN,,,,
292830,tt3619854,Q16952604,Creature 3D,Creature 3D,2014-09-12,134,Science Fiction|Horror,3.222,18,IN,Ooty (India),India,,
492436,tt2191164,Q7604202,Station,Station,2014-03-28,103,Crime|Drama|Thriller,0.0,0,IN,,,,
268860,tt3501994,Q17054673,Hawaa Hawaai,Hawaa Hawaai,2014-05-09,120,Drama|Family,7.233,15,IN,,,,
279871,tt3716142,Q17068735,Lekar Hum Deewana Dil,Lekar Hum Deewana Dil,2014-07-04,130,Romance|Comedy,7.3,3,IN,,,,
307211,tt3021244,Q16247369,Chaarfutiya Chhokare,Chaarfutiya Chhokare,2014-09-26,119,Drama|Thriller,0.0,0,,,,,
372121,tt3524410,Q16255354,Yeh Hai Bakrapur,Yeh Hai Bakrapur,2014-05-09,95,Drama|Comedy,4.4,5,IN,,,,
295615,tt4087770,Q18124340,Balwinder Singh Famous Ho Gaya,Balwinder Singh Famous Ho Gaya,2014-09-30,0,,2.0,1,,,,,
1124063,,,The Gift,Eidi,2014-11-14,28,,0.0,0,,,,,
291154,tt3398052,Q16247252,Daawat-e-Ishq,दावत-ए-इश्क,2014-09-05,118,Drama|Romance|Comedy,6.794,63,IN,,,Hyderabad (India),India
255580,tt2727028,Q14944350,Total Siyapaa,टोटल सियापा,2014-03-07,108,Romance|Comedy,4.5,19,IN,,,,
757219,tt6312698,,Best Girlfriend,Best Girlfriend,2014-01-01,10,,10.0,1,,,,,
282353,tt3794302,Q16253021,Pizza,Pizza,2014-07-18,107,Thriller|Horror,4.9,15,IN,,,,
161064,tt2417560,Q5449141,Filmistaan,Filmistaan,2014-06-06,117,Comedy,6.737,19,IN,,,India,India
268534,tt2063745,Q6450609,Kya Dilli Kya Lahore,Kya Dilli Kya Lahore,2014-05-02,98,Drama|History|War,7.5,10,IN,,,,
609635,tt3475266,,"Fly, Bird",Chidiya Udh,2014-02-01,22,Drama,0.0,0,IN,,,,
1705476,tt4365924,,Benegal's New Cinema,Benegal's New Cinema,2014-12-18,58,Documentary,0.0,0,IN,,,,
287859,tt3483712,Q16254062,Raja Natwarlal,Raja Natwarlal,2014-08-29,141,Thriller|Drama|Mystery|Crime,6.446,28,IN,,,,
306418,tt3585758,Q17061542,Kahin Hai Mera Pyar,Kahin Hai Mera Pyar,2014-05-01,138,Drama|Music|Romance,0.0,0,,,,,
316826,tt2998196,Q16250581,Kuku Mathur Ki Jhand Ho Gayi,Kuku Mathur Ki Jhand Ho Gayi,2014-05-30,111,,5.8,6,,,,,
241882,tt3614516,Q15986658,Ankhon Dekhi,आंखों देखी,2014-03-21,104,Comedy|Drama,7.067,75,IN,,,Delhi (India),India
254418,tt3302962,Q7459911,Shaadi Ke Side Effects,शादी के साइड इफेक्ट्स,2014-02-28,145,Comedy|Romance,5.306,36,IN,,,,
415908,tt2208248,Q6723523,Machhli Jal Ki Rani Hai,मछली जल की रानी है,2014-06-13,120,Horror,4.5,4,IN,,,,
252053,tt3382148,Q17157330,Yaariyan,यारियां,2014-01-10,145,Drama|Romance,3.3,21,IN,,,,
1046678,,,Kali-Katha: The Prologue to Ugly,Kali-Katha: The Prologue to Ugly,2014-12-23,5,,0.0,0,IN,,,,
316824,tt2429930,Q16250383,Khwaabb,Khwaabb,2014-05-09,101,,7.0,1,,,,,
316846,tt3056632,Q18127802,Manjunath,Manjunath,2014-05-09,0,Drama,7.0,1,IN,,,,
304303,tt2612924,Q16250896,Lucky Kabootar,Lucky Kabootar,2014-04-18,0,,0.0,0,IN,,,,
339796,tt1784632,Q18127618,Mad About Dance,Mad About Dance,2014-08-22,145,Music|Drama,4.5,2,,,,,
266550,tt3290688,Q16253650,Revolver Rani,रिवाल्वर रानी,2014-04-25,132,Action|Crime|Comedy,3.6,8,IN,,,,
297019,tt3848888,Q17081430,The Shaukeens,The Shaukeens,2014-11-07,124,Comedy,4.481,26,IN,Delhi (India),India,,
126318,tt1629715,Q3316541,Miss Lovely,Miss Lovely,2014-01-17,113,Drama|Crime,6.265,17,IN,,,Mumbai (India),India
1365418,tt3035776,,The Riddle,Gutthi,2014-03-05,30,Thriller|Mystery|Crime,0.0,0,IN,,,,
696488,tt8224676,,Mehrooni,Mehrooni,2014-09-07,10,Drama,7.3,3,IN,,,,
263828,tt3514330,Q15983039,Youngistaan,यंगिस्तान,2014-03-28,133,Drama|Romance,5.3,19,IN,,,,
272420,tt3359290,Q16247261,Bobby Jasoos,Bobby Jasoos,2014-07-04,121,Drama|Action|Comedy,5.5,34,IN,,,Hyderabad (India),India
945932,tt4083032,,Makhmal,Makhmal,2014-07-18,17,Drama|Music,0.0,0,IN,,,,
254171,tt3483646,Q15039700,Bewakoofiyaan,बेवकूफ़ियां,2014-03-13,120,Romance|Comedy|Drama,5.57,43,IN,Delhi (India),India,,
265289,tt3681414,Q17080880,Purani Jeans,Purani Jeans,2014-05-02,137,Romance,4.8,6,,,,,
260318,tt3531604,Q16248495,Gang of Ghosts,गैंग ऑफ घोस्ट्स,2014-03-21,128,Comedy|Horror,3.5,6,IN,,,,
277223,tt3709344,Q16247663,City Lights,City Lights,2014-05-30,126,Thriller|Drama,7.108,37,IN,,,Mumbai (India),India
347211,tt3854286,Q18128312,Munna Mange Memsaab,Munna Mange Memsaab,2014-07-11,145,,0.0,0,,,,,
370235,tt2767712,Q18356086,Badlapur Boys,Badlapur Boys,2014-12-12,0,Drama,1.0,1,,,,,
309138,tt4219300,Q19571989,Gollu Aur Pappu,Gollu Aur Pappu,2014-11-21,112,Comedy,4.7,3,,,,,
327905,tt3542028,Q21203434,Chal Bhaag,Chal Bhaag,2014-06-13,110,,4.0,1,,,,,
266310,tt3038772,Q6343429,Kaanchi,Kaanchi,2014-04-25,140,Drama|Music|Romance,5.2,5,IN,,,,
346941,tt7323822,Q65051770,Kaash Tum Hote,Kaash Tum Hote,2014-12-12,145,,0.0,0,,,,,
307973,tt3169676,Q16251649,Meinu Ek Ladki Chaahiye,Meinu Ek Ladki Chaahiye,2014-09-26,0,Comedy|Crime|Drama,3.0,1,IN,,,,
617804,tt3855406,Q29831708,Mighty Raju Rio Calling,Mighty Raju Rio Calling,2014-05-16,99,Animation,1.0,1,IN,,,,
339238,tt2078757,Q17088084,Tum Ho Yaara,Tum Ho Yaara,2014-06-06,145,Drama,2.0,1,,,,,
281730,tt3683702,Q16248428,Fugly,Fugly,2014-06-13,134,Comedy|Drama|Thriller,4.958,12,IN,,,,
548402,tt3893476,Q18811638,Spark,Spark,2014-10-10,0,Action,0.0,0,,,,,
273166,tt3483596,Q15984655,O Teri,ओ तेरी,2014-03-28,107,Drama|Comedy,2.6,5,IN,,,,
405967,,,Stepney,Stepney,2014-11-14,103,Comedy,5.0,1,,,,,
298315,tt3847072,Q18124546,Ekkees Toppon Ki Salaami,इक्कीस तोपों की सलामी,2014-10-10,0,,5.0,5,,,,,
270567,tt3369670,Q15813574,Children of War,Children of War,2014-05-18,160,Drama|History|War,4.7,3,IN,,,,
1338726,,,Cock-Tale,Cock-Tale,2014-01-01,21,Drama,0.0,0,IN,,,,
309158,tt2216852,Q6735918,Main Aur Mr. Riight,Main Aur Mr. Riight,2014-12-12,130,Romance|Comedy,4.7,3,,,,,
256907,tt3449320,Q16247800,Darr @ the Mall,Darr @ the Mall,2014-02-21,124,Horror|Thriller,3.7,16,IN,,,,
1295291,,,Window Seat in Rajdhani Express,Window Seat in Rajdhani Express,2014-02-15,6,Documentary,0.0,0,IN,,,,
258879,tt3539966,Q15983331,Dishkiyaoon,Dishkiyaoon,2014-03-28,119,Action|Thriller,3.5,11,IN,,,Mumbai (India),India
817876,tt20765256,,Motu Patlu: Kung Fu Kings,Motu Patlu: Kung Fu Kings,2014-10-23,96,Adventure|Animation|Comedy,5.8,4,IN,,,,
441515,tt4351628,,Bombay Talkies,Bombay Talkies,2014-08-08,74,Family|Drama,0.0,0,IN,,,,
266556,tt3636776,Q16253853,Samrat & Co.,Samrat & Co.,2014-04-25,125,Action|Mystery|Crime|Thriller|Romance,5.5,6,IN,,,,
256095,tt2951576,Q15705611,One by Two,One by Two,2014-01-31,139,Comedy|Drama|Romance,4.5,6,IN,,,Mumbai (India),India
392390,tt3095248,Q24514627,Kaafiron Ki Namaaz,Kaafiron Ki Namaaz,2014-05-03,149,Drama|Thriller,5.2,3,IN,,,,
342064,,,18.11 - A Code of Secrecy,18.11 - A Code of Secrecy,2014-06-13,145,Action,5.0,1,,,,,
495599,tt2283894,Q18170341,Riyasat,रियासत,2014-07-18,80,Crime,0.0,0,,,,,
264186,tt3672618,Q17051558,Dekh Tamasha Dekh,Dekh Tamasha Dekh,2014-04-18,109,Comedy,6.857,7,,,,,
925648,tt1643239,Q7174194,The Goa Run,पीटर गया काम से,2014-09-27,112,Action|Adventure|Comedy|Romance,0.0,0,IN,,,,
305769,tt4187650,Q21160183,Trip to Bhangarh,Trip to Bhangarh,2014-04-22,113,Thriller|Horror,2.8,5,IN,,,,
732702,tt3512290,,The Honour Keeper,लाजवंती,2014-02-10,62,,0.0,0,IN,,,,
339233,tt19191070,,Khota Sikka Jaat Ke Thaath,Khota Sikka Jaat Ke Thaath,2014-05-07,145,,0.0,0,,,,,
1554148,tt2421260,Q5636515,The Bankrupts,Haal-E-Kangaal,2014-04-20,105,Drama|Comedy,0.0,0,,,,,
295350,tt3877652,Q16247883,Desi Kattey,देसी काटते,2014-09-26,139,Action|Drama,6.0,1,IN,,,,
658481,tt7502966,,Kolkata Junction,Kolkata Junction,2014-09-21,0,Thriller,0.0,0,,,,,
309867,tt4190220,Q18611468,Zed Plus,Zed Plus,2014-11-28,131,Drama|Comedy,6.8,4,IN,,,,
252051,tt3465488,Q16250173,Karle Pyaar Karle,Karle Pyaar Karle,2014-01-17,110,Action|Romance,0.0,0,IN,,,,
330705,tt2082436,Q15983163,Sultanat,سلطنت,2014-07-29,150,Action|Drama|Romance,8.8,2,PK,,,,
482201,tt3592020,Q17078218,Neighbours,Neighbours,2014-03-14,125,Horror,3.8,2,IN,,,,
509820,tt4027916,Q18125187,Goonga Pehelwan,Goonga Pehelwan,2014-06-06,46,,0.0,0,,,,,
255495,tt3334348,Q15715166,Heartless,Heartless,2014-02-07,131,Drama|Family|Romance,5.3,5,IN,,,,
1137584,tt11046816,,Khoon Bhari Maang,Khoon Bhari Maang,2014-08-29,163,Drama,0.0,0,,,,,
485510,tt5162476,Q18703046,6-5=2,6-5=2,2014-11-14,102,Horror,3.3,8,IN,,,,
1129983,,,Bombay Mirror,Bombay Mirror,2014-04-17,3,,0.0,0,,,,,
285937,tt2708550,Q6125792,Water,Jal,2014-04-04,126,Drama,7.2,8,IN,,,Gujarat (India),India
264206,tt2679480,Q18786717,Sulemani Keeda,Sulemani Keeda,2014-12-05,89,Romance|Comedy,7.182,11,IN,,,,
283311,tt3822600,Q17198855,Amit Sahni Ki List,अमित साहनी की लिस्ट,2014-07-18,110,Romance|Comedy,6.0,1,,,,,
824532,,,Motu Patlu: Deep Sea Adventure,Motu Patlu: Deep Sea Adventure,2014-05-19,75,Adventure|Family|Comedy,0.0,0,IN,,,,
478620,tt3426144,Q15712278,Babloo Happy Hai,Babloo Happy Hai,2014-02-07,113,Comedy|Drama|Romance,5.5,2,,,,,
495603,tt2375666,Q18703130,Fireflies,Fireflies,2014-10-31,100,Drama|Family,7.0,1,IN,,,,
300950,,Q15983430,Control Bhaji Control,Control Bhaji Control,2014-08-22,143,Comedy,0.0,0,,,,,
307583,tt4045666,Q18128296,Mumbai Delhi Mumbai,Mumbai Delhi Mumbai,2014-12-05,120,Comedy|Romance,6.3,5,IN,,,,
341368,tt2691010,Q6935263,Mumbai 125 KM,Mumbai 125 KM,2014-10-17,100,Horror,3.4,5,IN,,,Mumbai (India),India
1117948,tt5849094,Q25302557,Money Back Guarantee,Money Back Guarantee,2014-11-21,113,Comedy,0.0,0,IN,,,,
256911,tt3303416,Q16255322,Ya Rab,Ya Rab,2014-02-07,120,Drama,4.0,3,IN,,,,
298787,tt3720634,Q18109304,3 AM: A Paranormal Experience,3 बजे,2014-09-26,0,Thriller|Horror,3.8,7,IN,,,,
324344,tt3565354,Q19892525,Karar: The Deal,Karar: The Deal,2014-01-24,115,Thriller|Romance,0.0,0,,,,,
713215,tt3854246,Q17508231,Bazaar E Husn,Bazaar E Husn,2014-07-18,0,,0.0,0,,,,,
339234,tt19145780,,LUV... Phir Kabhi,LUV... Phir Kabhi,2014-12-12,145,,0.0,0,,,,,
363701,tt3107742,,Journey,Safar,2014-12-31,26,Drama,6.0,1,GB|IN,,,,
1738995,tt4015604,,The Dirty MMS,The Dirty MMS,2014-05-02,93,,0.0,0,IN,,,,
541225,tt4292228,,Siddhant,Siddhant,2014-05-08,112,Drama,7.0,1,,,,,
797284,tt3788154,,Flame,Flame,2014-12-25,97,Drama,6.0,1,,,,,
1412852,,,Blouse,Blouse,2014-05-07,20,Comedy|Drama,0.0,0,IN,,,,
1384478,,,The Morning Sunlight,सुबेरौ घाम,2014-12-26,172,,0.0,0,,,,,
689052,tt6940742,,Chasni-The Sugar Syrup,Chasni-The Sugar Syrup,2014-01-31,6,Animation|Drama,4.0,1,IN,,,,
1179876,tt4738774,Q19961351,Nirahua Hindustani,निरहुआ हिंदुस्तानी,2014-06-26,167,Action|Romance|Comedy,4.0,1,IN,,,,
243890,tt2278859,,Ballad of Rustom,Ballad of Rustom,2014-12-25,117,,0.0,0,IN,,,,
300141,,,Ghatothkach 2,Ghatothkach 2,2014-07-01,72,,0.0,0,,,,,
363040,tt4872048,,Secrets of Sex Chapter 3,Secrets of Sex Chapter 3,2014-11-14,108,Drama,2.0,3,,,,,
1339589,,,Little Chintu the Biggest Bragger,Chhota Chintu Bada Feku,2014-01-01,90,,10.0,1,,,,,
713219,tt3977454,,Kabhi Yun Bhi Toh Ho,Kabhi Yun Bhi Toh Ho,2014-03-21,0,,4.0,1,,,,,
361534,tt4068876,,Wallas on Velos,Wallas on Velos,2014-06-25,24,,0.0,0,,,,,
303273,tt3729924,Q17019549,Black Home,Black Home,2014-01-01,0,,0.0,0,,,,,
783560,,,Leela in Kheriya,Leela in Kheriya,2014-01-01,0,,0.0,0,IN,,,,
694084,tt10346016,Q20649736,Dear Vs Bear,Dear Vs Bear,2014-09-26,0,,0.0,0,IN,,,,
1239076,tt9275246,,Mahari Supatar Beendani,Mahari Supatar Beendani,2014-11-21,0,,0.0,0,,,,,
1327633,tt3115502,Q17082619,The Lost Behrupiya,The Lost Behrupiya,2014-05-02,10,,0.0,0,IN,,,,
713217,tt7393790,,City of Dreams,City of Dreams,2014-10-17,0,,0.0,0,,,,,
320900,tt1369676,,Maryade Mahalu,Maryade Mahalu,2014-01-01,0,,0.0,0,,,,,
938682,,,CD Kand,CD Kand,2014-11-08,86,,1.5,1,,,,,
938301,,,Aaj Ka Fashion Trend,Aaj Ka Fashion Trend,2014-11-05,0,,0.0,0,,,,,
1409095,,,Just Two Steps Away,Just Two Steps Away,2014-07-31,53,,0.0,0,,,,,
938764,tt14824912,,Kabab Mein Haddi,Kabab Mein Haddi,2014-10-24,110,,0.0,0,,,,,
897732,tt3526430,Q19881713,After The Third Bell,After The Third Bell,2014-04-04,92,,0.0,0,,,,,
352173,tt4430212,Q19824636,Drishyam,दृश्यम्,2015-07-30,163,Mystery|Thriller|Drama|Crime,7.526,518,IN,,,India,India
348892,tt3863552,Q18603021,Bajrangi Bhaijaan,बजरंगी भाईजान,2015-07-16,159,Music|Drama,7.8,582,IN,,,Pakistan,Pakistan
370665,tt4535650,Q19264035,Dilwale,दिलवाले,2015-12-18,158,Crime|Action|Comedy,6.6,358,IN,,,,
362045,tt3735246,Q16837125,Bajirao Mastani,बाजीराव मस्तानी,2015-12-18,158,History|Romance|Drama,7.2,325,IN,,,India,India
353879,tt3469244,Q15111541,Phantom,फैंटम,2015-08-28,136,Thriller|Action,5.573,55,IN,Vancouver (Canada),Canada,Jammu and Kashmir (India),India
338065,tt4110568,Q17051888,Dil Dhadakne Do,दिल धड़कने दो,2015-06-04,170,Drama|Family|Romance,6.9,171,IN|ES,,,,
330037,tt3802576,Q18210456,Brothers,ब्रदर्स,2015-08-14,155,Action|Drama,6.379,96,IN|US,Mumbai (India),India,Mumbai (India),India
336203,tt4635372,Q19824662,Masaan,मसान,2015-07-24,109,Drama,7.1,219,FR|IN,,,Uttar Pradesh (India),India
314389,tt3848892,Q18110036,Baby,Baby,2015-01-23,160,Action|Thriller,6.842,203,IN,Istanbul (Turkey),Turkey,,
318898,tt4271730,Q18621824,Alone,अलोन,2015-01-16,133,Horror,4.867,30,IN,,,,
462383,tt6879422,,Cheers,Cheers,2015-05-10,6,Drama,10.0,5,IN,,,,
1100431,,,Dry Dream,Dry Dream,2015-10-16,6,Drama|Crime,0.0,0,IN,,,,
353464,tt4934950,Q17492514,Talvar,तलवार,2015-10-02,132,Thriller|Drama|Mystery,7.51,206,IN,,,,
362136,tt3595298,Q16253210,Prem Ratan Dhan Payo,प्रेम रतन धन पायो,2015-11-11,164,Romance|Drama,5.252,131,IN,,,Rajasthan (India),India
352205,tt3043252,Q20751336,Parched,Parched,2015-11-14,116,Drama,7.32,103,CA|IN|GB|US,,,,
362140,tt4007558,Q18009534,Shaandaar,शानदार,2015-10-22,144,Comedy|Romance,4.309,68,IN,,,,
287499,tt2929690,Q17113531,Margarita with a Straw,Margarita with a Straw,2015-04-17,100,Drama,6.773,87,IN,,,New York City (United States),United States
339274,tt3148502,Q18387836,Tamasha,तमाशा,2015-11-27,139,Romance|Drama|Comedy,7.0,179,IN,France,France,Himachal Pradesh (India),India
337876,tt2424988,Q2731368,Gabbar Is Back,Gabbar Is Back,2015-05-01,130,Drama|Action,6.9,145,IN,,,India,India
323517,tt3678782,Q17514523,Badlapur,बदलापुर,2015-02-20,134,Crime|Thriller|Action|Drama,6.997,162,IN,,,,
325138,tt3495030,Q17198908,Dum Laga Ke Haisha,दम लगा के हईशा,2015-02-27,111,Comedy|Drama|Romance,7.197,150,IN,,,,
358985,tt4302956,Q18603033,Kis Kisko Pyaar Karoon,किस किस को प्यार करूँ,2015-09-25,132,Comedy|Romance,5.5,36,IN,,,,
363413,tt4430136,Q20899539,Pyaar Ka Punchnama 2,Pyaar Ka Punchnama 2,2015-10-16,136,Romance|Comedy|Drama,6.472,89,IN,,,,
332835,tt3767372,Q18703891,Piku,पीकू,2015-05-08,123,Comedy|Drama,7.2,229,IN,,,,
320295,tt3447364,Q18342565,Detective Byomkesh Bakshy!,डिटेक्टिव ब्योमकेश बक्शी!,2015-04-02,139,Crime|Mystery|Thriller,6.8,120,IN,,,Kolkata (India),India
336790,tt3679000,Q17509388,ABCD 2,एबीसीडी 2,2015-06-19,154,Drama,5.8,103,IN|US,,,Las Vegas (United States),United States
373352,tt4453214,,Mrs. Scooter,Mrs. Scooter,2015-12-20,96,Drama,4.5,2,IN,,,,
353898,tt3449292,Q17059341,Manjhi: The Mountain Man,Manjhi: The Mountain Man,2015-08-21,124,Drama,7.4,84,IN,,,Bihar (India),India
346945,tt4536060,,Stupid Cupid,Stupid Cupid,2015-05-31,145,,0.0,0,,,,,
374970,tt2777548,Q19893112,Lateef,Lateef,2015-06-05,118,Thriller,8.0,2,,,,,
1727516,,,The Exile,Vanvaas,2015-09-10,8,Family|Drama,0.0,0,IN,,,,
342701,,,Chaar Cutting,Chaar Cutting,2015-05-29,77,,0.0,0,IN,,,,
367189,tt4853926,Q21065486,Guddu Ki Gun,Guddu Ki Gun,2015-10-30,130,Comedy,5.05,10,IN,,,,
361131,tt4865436,Q19824695,Hate Story 3,Hate Story 3,2015-12-04,126,Thriller|Drama,4.742,33,IN,,,,
357563,tt3159708,Q16255287,Welcome Back,Welcome Back,2015-09-04,153,Action|Comedy,4.9,80,IN,,,Emirate of Dubai (United Arab Emirates),United Arab Emirates
339367,tt3483612,Q16248781,Hamari Adhuri Kahani,हमारी अधूरी कहानी,2015-06-12,129,Drama,6.208,48,IN,,,Emirate of Dubai (United Arab Emirates),United Arab Emirates
336211,tt2140465,Q18387925,Tanu Weds Manu: Returns,तनु वेड्स मनु रिटर्न्स,2015-05-22,128,Comedy|Romance,6.865,178,IN,,,London (United Kingdom),United Kingdom
569281,tt4433528,,Chitrashala: House of Paintings,Chitrashala,2015-02-06,19,Animation|Drama,0.0,0,IN,,,,
310567,tt2614722,Q19264029,Umrika,Umrika,2015-07-29,98,Drama|Comedy,6.1,39,IN,,,,
358893,tt3368222,Q20814436,Angry Indian Goddesses,Angry Indian Goddesses,2015-12-04,115,Comedy|Drama,6.8,49,DE|IN,,,Goa (India),India
353952,tt4897908,Q19801769,Calendar Girls,Calendar Girls,2015-09-25,131,Drama,4.7,12,IN,,,,
347797,tt4560234,,Awakenings,Awakenings,2015-06-29,14,Horror|Mystery,7.0,4,IN,,,,
320024,tt4332114,Q18111954,Dolly Ki Doli,Dolly Ki Doli,2015-01-23,98,Comedy|Romance,5.2,28,IN,,,,
323426,tt3836958,Q17032951,Shamitabh,शमिताभ,2015-02-06,135,Comedy|Drama|Thriller,6.008,63,IN,,,Finland,Finland
356773,tt4707940,Q20080777,Miss Tanakpur Haazir Ho,Miss Tanakpur Haazir Ho,2015-06-26,0,,3.5,4,,,,,
354441,tt4845248,Q19893444,Madmast Barkhaa,Madmast Barkhaa,2015-07-03,0,Thriller,2.0,2,,,,,
283827,tt3696192,Q17081716,Singh Is Bliing,सिंह इज़ ब्लिंग,2015-10-02,140,Action|Comedy,5.278,88,IN,,,India,India
1099961,,,Jai Hind,Jai Hind,2015-08-12,6,Drama,0.0,0,IN,,,,
328402,tt2202086,Q16271322,Ab Tak Chhappan 2,Ab Tak Chhappan 2,2015-02-27,105,Crime|Action,5.5,11,IN,,,,
647788,tt4992106,Q20720596,Chehere: A Modern Day Classic,Chehere: A Modern Day Classic,2015-08-28,113,Mystery|Thriller,7.0,1,IN,,,Mumbai (India),India
331302,tt4511416,Q19263519,Badmashiyaan,Badmashiyaan,2015-03-06,128,Comedy|Romance,5.0,1,,,,,
316654,tt2979920,Q16247285,Bombay Velvet,बॉम्बे वेलवेट,2015-05-15,151,Crime|Thriller,5.4,47,IN,,,India,India
325892,tt4333674,Q18786425,Hunterrr,Hunterrr,2015-03-20,141,Drama|Romance,6.064,39,IN,,,,
358996,tt4467202,Q16248891,Hero,Hero,2015-09-11,145,Romance|Action|Drama,5.797,32,IN,,,,
325389,tt3337550,Q16253394,Rahasya,रहस्य,2015-01-30,123,Thriller|Mystery,7.183,41,IN,,,,
375058,,,Ishq Sarfira,Ishq Sarfira,2015-11-27,0,Action|Thriller,0.0,0,IN,,,,
339169,tt4272420,Q18129261,Kuch Kuch Locha Hai,Kuch Kuch Locha Hai,2015-05-08,143,Comedy|Drama,4.0,10,IN,,,,
318106,tt4338154,Q17198964,Hawaizaada,हवाईज़ादा,2015-01-29,157,Drama|Fantasy|History,5.438,16,IN,,,,
334875,tt4500734,Q21107374,Ek Paheli Leela,Ek Paheli Leela,2015-04-10,145,Romance|Music|Thriller|Horror,4.4,24,IN,,,Rajasthan (India),India
1139110,tt4693876,,El’ayichi,El’ayichi,2015-02-14,5,Comedy|Fantasy,7.5,2,IN,,,,
330431,tt3742284,Q17114310,NH10,NH10,2015-03-12,115,Crime|Thriller,6.898,92,IN,,,,
1062920,,,Bunny,Bunny,2015-02-13,5,Thriller,0.0,0,IN,,,,
1070030,tt11036410,,Wind Castle,Hawa Mahal,2015-05-12,14,Documentary,0.0,0,IN,,,,
546705,tt3580552,Q21095424,Tera Mera Tedha Medha,Tera Mera Tedha Medha,2015-09-11,107,Comedy,0.0,0,,,,,
355279,tt3547616,Q16246568,All Is Well,All Is Well,2015-08-21,126,Romance|Comedy|Drama,5.611,19,IN,,,,
832422,tt5494960,,Zara Si Bhool A Small Mistake,Zara Si Bhool A Small Mistake,2015-05-22,117,Mystery,0.0,0,,,,,
342291,tt4023852,Q18603050,Welcome 2 Karachi,Welcome 2 Karachi,2015-05-28,131,Comedy,4.3,9,IN,,,Karachi (Pakistan),Pakistan
370236,tt3477214,Q20751328,Kaun Kitney Paani Mein,Kaun Kitney Paani Mein,2015-08-28,0,Drama|Comedy|Family,5.7,3,,,,,
329909,tt3848938,Q17074852,Mr. X,Mr. X,2015-04-17,125,Action|Science Fiction|Thriller,4.92,24,IN,,,,
312809,tt3398048,Q16254665,Tevar,तेवर,2015-01-09,159,Thriller|Action|Drama,4.917,36,IN,,,,
312056,tt2708644,Q5978161,I Love NY,I Love NY,2015-07-10,127,Romance|Comedy,4.6,13,IN,,,New York City (United States),United States
335392,tt4354740,Q18811598,Dharam Sankat Mein,Dharam Sankat Mein,2015-04-10,129,Comedy|Drama|Family|Fantasy|Mystery,6.7,18,IN,,,,
360826,tt4323504,Q18702263,Jazbaa,Jazbaa,2015-10-09,119,Thriller|Action,6.757,35,IN,,,,
331298,tt4512230,Q18811604,Hey Bro,Hey Bro,2015-03-06,113,Action|Comedy|Drama,4.0,3,IN,,,,
871187,tt5090066,,Rasan Piya,Rasan Piya,2015-10-09,80,Documentary|Music,7.0,1,,,,,
352099,tt3422462,Q17514776,Bangistan,बैंगिस्‍तान,2015-08-07,135,Comedy|Drama,5.714,14,IN,,,Kraków (Poland)|Poland,Poland
363416,tt4995402,Q20967585,Bumper Draw,Bumper Draw,2015-10-16,130,Comedy,7.0,2,IN,,,,
314690,tt2361746,Q20899454,Haraamkhor,हरामखोर,2015-11-02,90,Drama,5.611,36,IN,,,,
323030,tt3886444,Q18387990,Khamoshiyan,खामोशियाँ,2015-01-30,122,Drama|Horror,4.684,20,IN,South Africa,South Africa,,
1711868,tt2197895,,2 Chehre,दो चेहरे,2015-07-10,124,,0.0,0,,,,,
321747,tt4373886,Q18603045,Sharafat Gayi Tel Lene,Sharafat Gayi Tel Lene,2015-01-16,108,,2.7,3,,,,,
320873,tt4088588,Q20001608,Dhanak,धनक,2015-02-02,106,Drama|Comedy,7.442,52,IN,,,Rajasthan (India),India
372849,tt13229154,Q122544252,Cities of Sleep,Cities of Sleep,2015-11-01,74,Documentary,8.0,1,IN,Delhi (India),India,,
510386,tt3959526,Q18352312,Dunno Y 2... Life Is a Moment,Dunno Y 2... Life Is a Moment,2015-09-18,95,,3.4,5,,,,,
331297,tt4501576,Q18740699,Dirty Politics,Dirty Politics,2015-03-06,129,Drama|Thriller,2.5,6,IN,,,,
332738,tt2800452,Q19824630,Dilliwaali Zaalim Girlfriend,Dilliwaali Zaalim Girlfriend,2015-03-20,121,Comedy|Drama,6.0,2,IN,,,,
347602,tt3948240,Q18811629,Second Hand Husband,Second Hand Husband,2015-07-03,105,,2.7,3,IN,,,,
339795,tt4556848,Q18703077,Barkhaa,Barkhaa,2015-03-27,127,Drama|Romance,4.6,9,IN,,,,
340737,tt4588730,Q19627389,Chal Guru Ho Ja Shuru,चल गुरु हो जा शुरू,2015-01-30,0,,10.0,1,,,,,
362405,tt4859310,Q18394204,Thoda Lutf Thoda Ishq,Thoda Lutf Thoda Ishq,2015-07-10,0,,5.0,2,,,,,
316900,tt2976182,Q7372496,Roy,रॉय,2015-02-11,146,Romance|Action|Drama,4.5,30,IN,,,,
347897,tt4684028,Q17054077,Guddu Rangeela,Guddu Rangeela,2015-07-03,0,,4.563,8,IN,,,,
266038,tt3019620,Q16875759,Titli,तितली,2015-05-06,112,Drama|Action|Crime,6.7,43,IN,Delhi (India),India,Delhi (India),India
356158,tt4513812,Q21203088,Gour Hari Dastaan,Gour Hari Dastaan,2015-08-14,116,Drama,8.0,3,,,,,
462792,tt3729994,Q20899628,The Perfect Girl,The Perfect Girl,2015-09-11,97,Romance,6.0,1,IN,,,,
360817,tt3619710,Q16841214,Bhaag Johnny,Bhaag Johnny,2015-09-25,118,Thriller,5.333,9,IN,,,,
340742,tt2962230,Q19892301,Kaagaz Ke Fools,Kaagaz Ke Fools,2015-04-24,109,Comedy,3.0,3,,,,,
826026,,,The Factory,The Factory,2015-06-01,122,Documentary,0.0,0,IN,,,,
372316,tt4760750,Q20026844,Bezubaan Ishq,Bezubaan Ishq,2015-07-03,125,Music,0.0,0,IN,,,,
469322,tt4661718,,Ravi,Ravi,2015-01-08,13,Drama,0.0,0,IN|CA,,,,
580794,tt4995784,Q20720745,RX Suri,RX Suri,2015-09-04,146,Action,0.0,0,IN,,,,
374305,tt4651394,Q21095430,Wedding Pullav,Wedding Pullav,2015-10-16,113,Romance|Comedy,3.0,5,IN,,,,
361847,tt4610308,Q19824727,Ishqedarriyaan,Ishqedarriyaan,2015-05-29,132,Romance,5.0,1,IN,,,,
592418,tt0977643,Q11107196,Chooriyan,Chooriyan,2015-06-19,0,Drama|Music|Romance,0.0,0,,,,,
1192097,tt4939690,,Agli baar,Agli baar,2015-01-01,7,Crime|Thriller,0.0,0,IN,,,,
509196,tt6002986,Q26720634,Hum Tum Dushman Dushman,Hum Tum Dushman Dushman,2015-02-06,114,War,6.0,1,,,,,
361129,tt4024944,Q18811615,Main Aur Charles,Main Aur Charles,2015-10-30,119,Drama|Crime,4.6,11,IN,,,,
547409,tt6286382,,Dream Mall,Dream Mall,2015-06-26,90,Crime,0.0,0,,,,,
365912,tt4117066,Q20785750,Meeruthiya Gangsters,Meeruthiya Gangsters,2015-09-18,129,Crime|Comedy,4.3,3,IN,,,,
365497,tt4440690,Q77894264,Breaking Free,Breaking Free,2015-05-29,82,,3.6,8,,,,,
445038,tt4665344,,Chor Bazaari,Chor Bazaari,2015-05-29,107,Comedy,0.0,0,,,,,
337525,tt4567602,Q16249502,Hail Democracy!,Jai Ho! Democracy,2015-04-25,80,Comedy,5.0,1,,,,,
351394,tt4865622,Q19895889,Room: The Mystery,Room: The Mystery,2015-03-13,88,Thriller|Horror|Mystery,3.5,2,,,,,
373016,tt4396648,Q21161386,Time Out,समय समाप्त,2015-09-25,98,Drama|Family,5.1,6,IN,,,,
328931,tt3666258,Q19627391,Coffee Bloom,Coffee Bloom,2015-03-06,90,Drama|Romance,0.0,0,,,,,
523851,tt4760900,Q19801723,Aisa Yeh Jahaan,Aisa Yeh Jahaan,2015-07-24,126,Drama,6.0,2,,,,,
573071,tt5125576,Q28128961,Rajwade and Sons,Rajwade and Sons,2015-10-16,125,Drama,6.5,2,IN,,,,
372842,tt7580868,,Even Red Can Be Sad,लाल भी उदास हो सकता है,2015-10-03,59,Documentary,10.0,1,IN,,,,
349524,tt6409494,,Plot No. 666,Plot No. 666,2015-11-17,96,Horror,0.0,0,IN,,,,
361939,tt4982920,Q20900167,The Angrez 2,The Angrez 2,2015-05-15,99,Comedy,5.8,4,IN,,,Hyderabad (India),India
340741,tt4581722,Q19824726,Ishq Ke Parindey,Ishq Ke Parindey,2015-04-24,0,Music|Romance,4.0,1,IN,,,,
330636,tt4467262,Q18215026,Katti Batti,कट्टी बट्टी,2015-09-18,138,Comedy|Romance|Drama,5.35,20,IN,,,,
353124,tt4541102,Q19899280,Uvaa,उवा,2015-06-26,138,Comedy|Drama,0.0,0,,,,,
321793,tt4094820,Q18786418,Crazy Cukkad Family,Crazy Cukkad Family,2015-01-15,0,Comedy,0.0,0,IN,,,,
797658,tt5058514,,Yash Raaj aur Film!,Yash Raaj aur Film!,2015-12-11,111,Comedy,6.0,1,,,,,
504016,tt5095180,,Adhir Bhat and Bobby Nagra's Some Times,Adhir Bhat and Bobby Nagra's Some Times,2015-03-22,82,,0.0,0,IN,,,,
888764,tt4859324,Q20647343,From Patna to Pakistan,Patna Se Pakistan,2015-01-01,160,,4.0,1,,,,,
465198,tt3693936,Q21203213,Once Upon a Time in Bihar,Once Upon a Time in Bihar,2015-10-30,122,Thriller,0.0,0,,,,Bihar (India),India
476830,tt4365926,,Nayantara's Necklace,Nayantara's Necklace,2015-10-15,20,Romance|Drama,6.0,6,IN,,,,
833030,tt5111940,Q28179967,Kaash,Kaash,2015-08-24,106,Drama,0.0,0,,,,,
628803,tt4594848,Q19572708,Luckhnowi Ishq,Luckhnowi Ishq,2015-04-03,127,Drama,7.0,1,,,,,
509298,tt2612138,Q19600496,Yahaan Sabki Lagi Hai,Yahaan Sabki Lagi Hai,2015-03-27,103,Adventure|Comedy|Drama,6.0,1,,,,,
406055,,,Gangs of Hyderabad,Gangs of Hyderabad,2015-09-18,129,Comedy,5.0,1,,,,,
361911,tt5052972,Q21647316,Yaara Silly Silly,Yaara Silly Silly,2015-11-06,108,,2.7,3,,,,,
361913,tt4565796,Q19787170,Four Pillars of Basement,फोर पिलर्स ऑफ बेसमेंट,2015-10-30,0,Action|Thriller,10.0,1,,,,,
819753,tt10005688,,Dhuntaaraa,Dhuntaaraa,2015-01-11,92,Family,0.0,0,,,,,
1193290,tt29083961,,Nirahua Rickshawala 2,Nirahua Rickshawala 2,2015-05-19,186,Action|Romance|Drama,4.0,1,,,,,
611470,tt4231836,Q23763013,Pocket Gangsters,Pocket Gangsters,2015-01-03,110,Romance|Thriller,6.0,1,IN,,,,
938678,tt5103932,,I Am Yet to See Delhi,Maine Dilli Nahin Dekha,2015-10-09,19,Documentary,0.0,0,BD|IN,,,,
549249,tt10722542,,All Night Long,सारी रात,2015-07-25,82,Drama,8.7,3,IN,,,,
429520,tt4669328,,The Threshold,The Threshold,2015-02-20,87,Drama,9.0,2,IN,,,,
824538,tt20765946,,Motu Patlu: Khazaane Ki Race,Motu Patlu: Khazaane Ki Race,2015-01-26,75,Animation,0.0,0,IN,,,,
1356595,tt4971130,,Chimes,Chimes,2015-08-14,15,Drama,5.0,1,IN,,,,
461808,tt4361780,,Teaspoon,Teaspoon,2015-05-08,20,Drama,4.5,2,,,,,
931194,tt11306982,,Prithipal Singh...a Story,Prithipal Singh... A Story,2015-10-30,90,Drama|Mystery,0.0,0,IN,,,,
1238444,tt2585654,Q6818857,My Genie Uncle,Mere Genie Uncle,2015-06-05,132,Family|Music|Fantasy,0.0,0,IN,,,,
445111,tt18968676,Q20538723,International Hero,International Hero,2015-03-20,0,,0.0,0,,,,,
318848,tt4107858,Q18702402,MSG: The Messenger of God,MSG: The Messenger of God,2015-01-16,180,Comedy|Action,3.0,2,,,,,
400662,tt3261022,Q21539905,Kajarya,Kajarya,2015-12-04,132,Drama,6.8,5,IN,,,,
374971,tt5154096,Q21198289,Love Exchange,Love Exchange,2015-10-30,0,Romance,0.0,0,IN,,,,
1453214,tt13415078,,Beyond The Third Kind,Beyond The Third Kind,2015-02-20,78,,0.0,0,,,,,
712906,tt3153774,Q28173956,Gurudakshina,Gurudakshina,2015-03-19,140,Drama,3.5,2,,,,,
371439,tt5151622,Q21646922,Ranbanka,Ranbanka,2015-11-06,98,Action|Thriller,8.0,1,IN,,,,
340740,tt4671212,Q19824806,NH-8 Road to Nidhivan,NH-8 Road to Nidhivan,2015-04-17,0,,3.8,2,,,,,
798614,tt18990120,,How Is Wow,How Is Wow,2015-09-25,91,Drama,4.0,1,,,,,
1155202,tt4874006,Q20720594,Carry On Maratha,Carry On Maratha,2015-07-24,0,Action|Drama|Romance,0.0,0,IN,,,,
712534,tt5254474,,Ganvesh,Ganvesh,2015-11-16,117,,0.0,0,,,,,
797280,tt4907260,,Gauraiya,Gauraiya,2015-08-28,125,Crime,7.0,1,,,,,
331394,tt4485366,Q19573050,Monsoon,Monsoon,2015-02-20,104,Romance|Comedy,7.0,1,IN,,,,
1107030,,,The Homecoming,The Homecoming,2015-10-31,7,Drama,0.0,0,IN,,,,
1137588,tt9803602,,Main hoon hero no 1,Main hoon hero no 1,2015-05-01,157,Comedy,0.0,0,,,,,
526662,,,The Last Girl I Teased,The Last Girl I Teased,2015-09-05,0,,0.0,0,IN,,,,
408817,tt3153580,Q27590573,Barefoot to Goa,Barefoot to Goa,2015-04-10,80,Family|Adventure|Drama,5.0,3,,,,,
674622,tt10280920,,The Wedding Saree,The Wedding Saree,2015-04-25,16,Drama,0.0,0,IN,,,,
797878,tt8823330,Q56085586,Bal Ganesh 3,Bal Ganesh 3,2015-01-21,68,Animation,7.5,2,,,,,
373195,tt4921860,Q20899509,MSG 2 The Messenger,MSG 2 The Messenger,2015-09-18,134,Comedy|Drama|Fantasy,2.5,3,IN,,,,
694793,tt5344420,,Out of a Jam,Out of a Jam,2015-10-18,59,Documentary,1.0,2,,,,,
713221,tt11369288,,Karlo Timepass Yaar,Karlo Timepass Yaar,2015-11-06,0,,0.0,0,,,,,
574690,tt5473696,,Muzaffarnagar Baaqi Hai,Muzaffarnagar Baaqi Hai,2015-02-18,136,Documentary,7.0,1,IN,,,,
1110839,tt16141960,,Motu Patlu Kung Fu Kings Returns,Motu Patlu Kung Fu Kings Returns,2015-06-14,85,Animation|Adventure|TV Movie,0.0,0,IN,,,,
323053,tt2872050,Q16249509,Jai Jawaan Jai Kisaan,Jai Jawaan Jai Kisaan,2015-02-06,0,,0.0,0,,,,,
1627064,tt6973576,,Itanagar 0KM,Itanagar 0KM,2015-07-11,135,Drama|Comedy|Romance,5.0,1,IN,,,,
570904,tt4907262,,Extraordinaari,Extraordinaari,2015-06-25,146,Drama|Family|Fantasy,0.0,0,IN,,,,
945861,,,In Praise of that Angel Face,Zikr Us Parivash Ka,2015-01-01,64,,0.0,0,IN,,,,
340738,tt4553900,Q16312265,Paisa Ho Paisa,Paisa Ho Paisa,2015-03-03,0,,0.0,0,,,,,
1467946,,,Like a Parrot,Kili Pola,2015-08-10,2,Animation|Fantasy|Mystery|Drama,0.0,0,IN,,,,
1382369,tt6536664,Q111036515,Kid Krrish : Shakalaka Africa,Kid Krrish : Shakalaka Africa,2015-04-15,66,,0.0,0,IN,,,,
694106,tt10196012,,Jee Chahta hai,Jee Chahta hai,2015-02-13,0,,0.0,0,,,,,
375062,tt4994210,Q20992469,Sorry Daddy,Sorry Daddy,2015-09-11,120,Action,0.0,0,,,,,
897543,tt4620372,,Dance Dosti Aur Ishqool,Dance Dosti Aur Ishqool,2015-06-26,115,,0.0,0,,,,,
1739146,tt5508950,,Sholay Adventures,Sholay Adventures,2015-01-26,73,,0.0,0,IN,,,,
1010292,tt19013688,,Koi Aae Na..,Koi Aae Na..,2015-02-10,97,,0.0,0,,,,,
360814,tt5074352,Q20762668,Dangal,दंगल,2016-12-21,161,Drama|Family|Comedy,7.9,1229,IN,,,Punjab (India),India
413543,tt5946128,Q24807410,Dear Zindagi,Dear Zindagi,2016-11-23,151,Drama|Romance,7.0,268,IN,,,Mumbai (India),India
376812,tt4832640,Q20762695,Sultan,सुल्तान,2016-07-06,170,Drama|Action|Romance,6.8,275,IN,,,,
381418,tt5255710,Q21780574,Sanam Teri Kasam,सनम तेरी कसम,2016-02-05,154,Drama|Romance,7.9,150,IN,,,Mumbai (India),India
377985,tt3495026,Q17606382,Fan,Fan,2016-04-14,138,Action|Adventure|Thriller,6.241,288,IN,,,India,India
388333,tt4169250,Q18127580,M.S. Dhoni: The Untold Story,M.S. Dhoni: The Untold Story,2016-09-30,190,Drama,7.304,219,IN,,,Ranchi (India),India
407825,tt5914630,,Chudail Story,Chudail Story,2016-05-13,100,Horror|Thriller,4.5,4,IN,,,,
376047,tt4399594,Q16248394,Fitoor,Fitoor,2016-02-12,131,Romance|Drama,5.5,57,IN,,,Jammu and Kashmir (India),India
375290,tt4387040,Q19320927,Airlift,Airlift,2016-01-22,126,Drama|Thriller,7.2,227,IN,,,,
402672,tt3859980,Q18128126,Mohenjo Daro,मोहेंजो डरो,2016-08-11,176,Adventure|Drama|History|Romance,6.095,100,IN,South Africa,South Africa,Pakistan,Pakistan
393445,tt4559006,Q21646028,Ae Dil Hai Mushkil,ऐ दिल है मुश्किल,2016-10-27,158,Romance|Drama,6.369,233,IN,,,London (United Kingdom),United Kingdom
413064,tt5822288,Q23762910,Awesome Mausam,Awesome Mausam,2016-03-18,131,Romance,7.0,1,,,,,
393562,tt5662932,Q21998253,Raman Raghav 2.0,रमन राघव २.०,2016-06-24,134,Thriller|Crime,7.042,142,IN,,,,
391629,tt4864932,Q20649274,Baaghi,बाघी,2016-04-29,134,Action|Thriller|Romance|Adventure,6.312,154,IN|TH,,,,
403790,tt4642936,Q19899162,Warrior Savitri,Waarrior Savitri,2016-07-22,120,Thriller|Action,2.2,6,IN,,,Las Vegas Valley (United States),United States
391779,tt4559046,Q20814562,Housefull 3,हाउसफुल 3,2016-06-03,140,Comedy|Romance,5.1,118,IN,,,,
415358,tt5571734,Q23647131,Pink,पिंक,2016-09-16,136,Drama|Thriller,7.38,254,IN,,,Delhi (India),India
408624,tt5918074,Q23707690,A Death in the Gunj,A Death in the Gunj,2016-09-09,110,Drama|Thriller,7.1,62,IN,,,,
426558,tt5156746,Q20715671,Force 2,फोर्स २,2016-11-18,123,Action|Adventure|Crime,6.7,52,IN,,,,
1192104,tt5287158,,Absent,Absent,2016-02-02,7,Drama,0.0,0,IN,,,,
376869,tt5286444,Q20002294,Neerja,नीरजा,2016-02-19,122,Drama|Thriller,7.275,247,IN,,,Peru,Peru
398535,tt4434004,Q19899057,Udta Punjab,उड़ता पंजाब,2016-06-17,148,Crime|Drama,7.281,176,IN,,,Punjab (India),India
381070,tt5050788,Q28180003,Loev,Loev,2016-05-12,90,Drama|Romance,5.3,105,IN,,,Maharashtra (India),India
392344,tt5197544,Q20926266,Baar Baar Dekho,बार बार देखो,2016-09-09,141,Romance|Drama|Action,5.805,63,IN,,,,
400484,tt3453964,Q21869471,Jugni,Jugni,2016-01-22,110,Drama,6.5,4,IN,,,,
395339,tt5056470,Q21998267,Teraa Surroor,Teraa Surroor,2016-03-11,146,Romance|Action|Drama,4.8,3,,,,,
1409297,,,Menthol,Menthol,2016-07-28,14,,0.0,0,,,,,
1463283,tt4459154,Q19891135,Chapekar Brothers,Chapekar Brothers,2016-09-23,0,,0.0,0,,,,,
374173,tt4900716,Q19824742,Kapoor & Sons,कपूर एण्ड सन्स,2016-03-18,137,Drama|Romance|Comedy|Family,7.1,211,IN,,,,
370992,tt3771536,Q19605737,Shivaay,शिवाय,2016-10-28,153,Adventure|Action|Drama|Thriller,5.9,68,IN,,,Bulgaria,Bulgaria
413727,tt5997928,Q29467996,Mukti Bhawan,मुक्ति भवन,2016-09-02,103,Comedy|Drama,6.9,39,IN,,,Uttar Pradesh (India),India
415106,tt5216810,Q21646188,Bollywood Diaries,Bollywood Diaries,2016-02-26,123,Drama,6.0,1,IN,,,,
403517,tt5755606,Q22674088,Banjo,Banjo,2016-09-23,140,Music|Action,4.5,12,IN,,,,
414693,tt5928576,Q16255274,Wah Taj,Wah Taj,2016-09-23,125,Comedy|Drama,8.5,2,IN,,,,
403858,tt5805252,Q24662708,Budhia Singh: Born to Run,Budhia Singh: Born to Run,2016-08-05,112,Drama,6.353,17,IN,,,,
1613428,tt8853410,,King of Bhojpuri,Bhojpuriya Raja,2016-02-19,137,Action|Drama,0.0,0,,,,,
275269,tt0315642,Q18170000,Wazir,वज़ीर,2016-01-07,103,Thriller|Action|Crime,6.767,144,IN,,,,
410556,tt3590416,Q16248616,Global Baba,Global Baba,2016-03-11,120,Thriller,4.2,4,IN,,,,
430508,tt5638474,Q27444410,Wajah Tum Ho,Wajah Tum Ho,2016-12-16,136,Drama|Mystery|Romance|Thriller,5.043,23,IN,,,,
390437,tt4744086,Q20762686,Ki & Ka,की एंड का,2016-04-01,126,Comedy|Romance,5.454,65,IN,,,,
376873,tt3410408,Q18170349,Rocky Handsome,रॉकी हैंडसम,2016-03-25,126,Action|Thriller,6.3,80,IN,,,Goa (India),India
386275,tt4979160,Q19572234,Ishq Forever,Ishq Forever,2016-02-19,0,Romance,7.0,2,,,,,
1167914,tt12318860,,Kasturi,Kasturi,2016-08-14,27,Drama,0.0,0,IN,,,,
396643,tt5235880,Q20001840,A Flying Jatt,ए फ़्लाइंग जट्ट,2016-08-25,151,Fantasy|Action|Adventure,3.0,53,IN,Mumbai (India),India,Mumbai (India),India
391766,tt4857886,Q20649809,Do Lafzon Ki Kahani,Do Lafzon Ki Kahani,2016-06-10,128,Drama|Romance|Action,6.531,16,IN,,,,
396389,tt5358948,Q21539937,One Night Stand,One Night Stand,2016-05-06,97,Drama|Romance,4.048,21,IN,,,,
394078,tt2909396,Q18354842,Santa Banta Pvt Ltd,Santa Banta Pvt Ltd,2016-04-22,112,Action|Comedy,3.8,6,IN,,,Fiji,Fiji
421927,tt4386684,Q20735522,31st October,31st October,2016-10-21,109,Action|Drama|History,6.7,3,IN,,,,
1352951,,,Tirati,Tirati,2016-01-01,16,Drama|Family,0.0,0,IN,,,,
417920,tt5288766,Q22074950,BHK Bhalla@Halla.Kom,BHK Bhalla@Halla.Kom,2016-02-05,122,Comedy,6.0,1,,,,,
426785,tt5717110,Q23762915,Tum Bin 2,Tum Bin 2,2016-11-18,147,Drama|Romance,6.464,14,IN,,,,
399624,tt5108476,Q23838188,Befikre,बेफिक्रे,2016-12-09,132,Romance|Comedy|Drama,5.015,67,FR|IN,place des Vosges (France)|rue de Béarn (France),France,Paris (France),France
424884,tt4677434,Q19899003,Gandhigiri,Gandhigiri,2016-10-14,128,Drama,6.5,2,IN,,,,
1091080,tt12440302,,Paijana,Paijana,2016-10-29,1,Drama|Romance,0.0,0,IN,,,,
408522,tt5513098,Q48732606,Autohead,Autohead,2016-10-27,97,Crime|Drama|Horror,5.6,9,IN,,,,
370870,tt5121000,Q19570782,Aligarh,अलीगढ़,2016-02-26,114,Drama|History,6.818,55,IN,,,Uttar Pradesh (India),India
393441,tt3679060,Q18890293,Dishoom,ढिशुम,2016-07-29,120,Comedy|Action,5.5,104,IN,,,,
502403,tt1479690,,Mahayoddha Rama,Mahayoddha Rama,2016-11-04,112,Animation,5.0,1,IN,,,,
381298,tt4683366,Q19263636,Ghayal Once Again,Ghayal Once Again,2016-02-05,127,Action|Crime|Drama,5.9,24,IN,,,,
427385,,,Dubai Return,Dubai Return,2016-07-01,94,Comedy,6.6,4,,,,,
403859,tt4022278,Q16248370,Fever,Fever,2016-08-05,105,Mystery|Crime,4.6,5,IN,,,,
361249,tt5005684,Q22905735,Nil Battey Sannata,Nil Battey Sannata,2016-04-22,100,Drama|Family,7.3,51,IN,,,,
407347,tt5912310,,Badman,Badman,2016-05-18,84,Comedy|Drama,3.5,2,IN,,,,
397365,tt5713232,Q24049854,Madaari,मदारी,2016-06-10,134,Thriller|Drama,7.384,95,IN,,,Rajasthan (India),India
392572,tt5165344,Q22905756,Rustom,रुस्तम,2016-08-12,148,Thriller|Drama|Crime,6.773,150,IN,Canterbury (United Kingdom),United Kingdom,Mumbai (India),India
393421,tt5120640,Q23013811,Sarbjit,सरबजीत,2016-05-20,131,Drama,7.608,37,IN,,,Punjab (India),India
431594,tt6396106,Q27962511,30 Minutes,30 Minutes,2016-12-09,114,Thriller,6.5,4,,,,,
511340,tt5338620,,Satyavati: And We Call This Love,Satyavati: And We Call This Love,2016-05-18,81,,3.1,4,,,,,
1062988,tt6004188,,Oysters,Oysters,2016-07-25,12,Drama|Romance,0.0,0,GB,,,,
394034,tt1890363,Q4984172,Buddha in a Traffic Jam,Buddha in a Traffic Jam,2016-05-13,114,Thriller|Crime,6.7,13,IN,,,Karnataka (India),India
386365,tt4340180,Q20992363,Direct Ishq,Direct Ishq,2016-02-19,130,Action|Comedy|Romance,3.8,4,,,,,
426780,tt6046994,Q27964394,Dongri Ka Raja,डोंगरी Ka राजा,2016-11-11,0,Romance|Action|Drama,2.7,3,IN,,,,
499391,tt5830220,Q23647106,Kriti,Kriti,2016-06-22,19,Thriller,6.375,8,IN,,,,
914330,tt7828230,,The Silent Crime,The Silent Crime,2016-07-04,3,Thriller,0.0,0,IN,,,,
384344,tt5313980,Q16254653,Tere Bin Laden Dead or Alive,Tere Bin Laden Dead or Alive,2016-02-26,104,Comedy,5.208,12,IN,,,,
377213,tt4814290,Q21647090,Te3n,Te3n,2016-06-10,136,Mystery|Thriller|Crime,6.9,112,IN|KR,,,,
339325,tt3777164,Q5088357,Chauranga,चौरंगा,2016-01-08,88,Drama,6.2,10,IN,,,,
406042,tt5472758,Q21095439,Happy Bhag Jayegi,हैप्पी भाग जाएगी,2016-08-19,126,Comedy|Romance,6.3,40,IN,,,Lahore (Pakistan),Pakistan
376884,tt5290620,Q18740722,Kyaa Kool Hain Hum 3,क्या कूल हैं हम 3,2016-01-22,124,Comedy,2.882,34,IN,,,Thailand,Thailand
404579,tt5465370,Q19881820,Akira,Akira,2016-09-01,138,Action|Crime|Thriller,5.5,49,IN,,,,
401975,tt5109326,Q24661090,The Cinema Travellers,The Cinema Travellers,2016-05-15,96,Documentary,0.0,0,IN,,,,
363335,tt5639388,Q22674207,Raaz Reboot,राज़: रीबूट,2016-06-17,127,Horror,4.048,31,IN,,,Romania,Romania
458363,tt5978194,Q42530073,Bhouri,Bhouri,2016-06-17,140,Drama,7.3,6,,,,,
1295274,,,#IndiaTomorrow: MyDream,#IndiaTomorrow: MyDream,2016-04-07,5,Drama,0.0,0,IN,,,,
399014,tt1814516,,The Jungle Book: The Legend of the Giant Claw,The Jungle Book: The Legend of the Giant Claw,2016-03-29,0,Animation,0.0,0,US,,,,
411882,tt5573110,Q26963346,Yea Toh Two Much Ho Gayaa,Yea Toh Two Much Ho Gayaa,2016-09-02,126,Drama|Action|Comedy,5.5,2,,,,,
373453,tt5240748,Q22323841,Brahman Naman,Brahman Naman,2016-01-24,94,Comedy,5.5,46,GB,,,,
1107029,,,The Hero - A Bollywood Story,The Hero - A Bollywood Story,2016-06-16,9,Drama,0.0,0,IN,,,,
403540,tt4940456,Q21780587,Mirzya,मिर्ज़िया,2016-10-07,129,Romance|Drama|Fantasy,6.2,19,IN,,,Rajasthan (India),India
428801,tt5933706,Q27536512,Saansein: The Last Breath,Saansein: The Last Breath,2016-11-25,101,Romance|Horror,6.2,5,IN,,,Mauritius,Mauritius
363185,tt3726012,Q18127894,Mastizaade,मस्तीज़ादे,2016-01-29,119,Romance|Comedy,2.9,31,IN,,,India,India
382717,tt4262516,Q19263959,Sanam Re,Sanam Re,2016-02-12,120,Drama|Romance,5.958,60,IN,,,,
427386,tt4413354,Q19627462,Ishq Junoon,इश्क़ जूनून - थे हीट इस न,2016-11-11,113,Drama|Romance,0.0,0,IN,,,,
506217,tt5005142,Q20538703,Dhara 302,Dhara 302,2016-02-19,148,Drama,4.0,1,,,,,
403862,tt4675030,Q20649396,Great Grand Masti,ग्रेट ग्रांड मस्ती,2016-07-15,127,Comedy|Fantasy|Horror,3.837,43,IN,,,,
605027,,,Arpan,अर्पण,2016-01-01,48,Drama,10.0,1,,,,,
393423,tt5600714,Q22674254,Laal Rang,लाल रंग,2016-04-22,147,Comedy|Crime|Drama|Thriller,5.844,16,IN,,,,
414276,tt5943306,Q26250367,Freaky Ali,फ्रीकी अली,2016-09-09,120,Comedy|Romance,5.654,26,IN,,,,
413588,tt2137241,Q19961228,Rock On 2,रॉक ऑन २,2016-11-11,143,Music|Drama,4.906,16,IN,,,India,India
403788,tt5784778,Q24514675,Dil Toh Deewana Hai,Dil Toh Deewana Hai,2016-06-24,135,Romance|Drama,5.0,2,IN,,,,
1232839,,,Behti Naak,Behti Naak,2016-07-01,65,Comedy,0.0,0,IN,,,,
403848,tt5780570,Q114713940,A Scandall,A Scandall,2016-06-24,112,Thriller,3.0,6,IN,,,,
418359,tt6741178,,Saeed Mirza: The Leftist Sufi,Saeed Mirza: The Leftist Sufi,2016-06-24,0,Documentary,8.7,3,IN,,,,
407547,tt5227468,Q20646924,Beiimaan Love,Beiimaan Love,2016-08-05,120,Thriller|Romance,2.6,10,IN,,,,
1035415,tt8427926,,Mama's Boy,Mama's Boy,2016-10-06,15,Fantasy,0.0,0,IN,,,,
949877,tt28518744,,From the Shadows,Chhaya,2016-01-30,23,Documentary,0.0,0,IN,,,,
396488,tt2939912,Q16254876,Traffic,ट्रैफिक,2016-05-06,104,Thriller|Drama,6.6,16,IN,,,,
413547,tt5477608,Q24806661,Kahaani 2,कहानी 2,2016-12-01,127,Thriller|Mystery,6.6,63,IN,,,West Bengal (India),India
403845,tt4365060,Q24514687,7 Hours to Go,7 Hours to Go,2016-06-24,115,Crime|Action|Thriller,4.4,5,IN,,,,
561754,tt6551128,,Paroksh,Paroksh,2016-03-01,12,Drama,9.0,1,IN,,,,
671626,tt6220994,Q122496380,Ouch,Ouch,2016-10-23,14,Drama|Comedy,5.2,6,IN,,,,
428337,tt5872506,Q22905668,Dark Chocolate,Dark Chocolate,2016-09-02,92,Thriller|Crime,4.8,6,IN,,,,
378301,tt4600778,Q20649479,Chalk N Duster,Chalk N Duster,2016-01-15,130,Drama,6.8,6,,,,,
428227,tt6278732,Q27306757,Motu Patlu: King of Kings,Motu Patlu: King of Kings,2016-10-14,109,Animation|Adventure|Comedy|Family,9.0,4,IN,,,,
439341,tt5475584,Q26903674,The Karma Killings,The Karma Killings,2016-12-15,83,Thriller|Documentary|Crime|Mystery,6.9,8,US|IN,,,,
396565,tt5537512,,Taandav,Taandav,2016-05-02,11,Drama|Comedy,7.7,3,IN,,,,
418431,tt7997334,Q24034638,Ek Kahani Julie Ki,Ek Kahani Julie Ki,2016-09-09,140,Crime|Drama|Thriller,5.0,1,,,,,
399459,tt5632164,Q23925061,Veerappan,वीरप्पन,2016-05-27,125,Action|Crime,5.917,6,IN,,,Karnataka (India),India
843801,tt5950816,Q112577874,Brina,Brina,2016-10-02,0,Drama,0.0,0,IN,,,,
423598,tt6597248,,Kaagaz Ki Kashti,Kaagaz Ki Kashti,2016-10-25,127,Documentary,0.0,0,,,,,
403403,tt3840534,Q19824736,Junooniyat,Junooniyat,2016-06-24,135,Drama|Romance,4.4,9,IN,,,,
363192,tt3224258,Q16254769,The Legend of Michael Mishra,द लीजेंड ऑफ़ माइकल मिश्रा,2016-08-05,125,Drama|Comedy,6.333,6,IN,,,,
375199,tt4979082,Q21869459,Jai Gangaajal,जय गंगाजल,2016-03-04,149,Drama|Action,5.4,15,IN,,,Bihar (India),India
451525,tt5870590,,Miles of Sand,Miles of Sand,2016-10-22,13,Drama,0.0,0,SE,,,,
411462,tt6885956,,Bathinda Express,Bathinda Express,2016-04-08,119,Drama,5.5,2,,,,,
403513,tt5759540,Q24514647,Missing on a Weekend,Missing on a Weekend,2016-08-26,113,Thriller,4.5,2,,,,,
476494,tt5127686,,Leeches,Leeches,2016-04-09,27,,6.2,4,IN,,,,
400485,tt4659548,Q22074996,Rebellious Flower,Rebellious Flower,2016-01-15,109,,5.8,4,,,,,
430118,tt6656806,Q23925065,Khel Toh Ab Shuru Hoga,Khel Toh Ab Shuru Hoga,2016-05-13,130,Thriller,4.0,1,,,,,
427733,tt5343678,Q27890267,Moh Maya Money,मोह माया मनी,2016-11-25,109,Thriller|Crime|Drama,4.75,4,IN,,,,
391778,tt4906984,Q20026841,Azhar,Azhar,2016-05-13,130,Drama,5.688,40,IN,,,Hyderabad (India),India
405925,tt2009592,Q7718866,The Blueberry Hunt,द ब्लूबेरी हंट,2016-04-08,110,Thriller,7.0,1,,,,,
403849,tt5752458,Q24807178,Hai Apna Dil Toh Awara,Hai Apna Dil Toh Awara,2016-06-24,0,Comedy,0.0,0,,,,,
392222,tt5638500,Q20900098,1920 London,1920 London,2016-05-06,120,Horror,4.315,55,IN,,,London (United Kingdom),United Kingdom
690732,tt5804922,,The Guest,The Guest,2016-11-10,8,Horror|Drama|Thriller,0.0,0,,,,,
411684,tt5219770,Q130554707,Land of the Gods,देव भूमि,2016-09-10,92,Drama,5.8,9,IN|RS,,,,
525298,,,Wake Up,Wake Up,2016-03-20,0,,0.0,0,IN,,,,
1106432,tt3380190,Q26684244,Ek Tha Hero,Ek Tha Hero,2016-10-14,126,Drama|Family,0.0,0,IN,,,,
423449,tt6346954,,Shor Se Shuruaat,Shor Se Shuruaat,2016-12-16,125,Drama,5.5,2,,,,,
411010,tt3917908,Q18170296,An Insignificant Man,An Insignificant Man,2016-10-06,100,Documentary,6.4,11,IN,,,,
414440,tt5994822,Q26683665,Sunshine Music Tours and Travels,Sunshine Music Tours and Travels,2016-09-02,114,Drama|Adventure,8.0,1,,,,,
455272,tt3776484,Q23783717,Zubaan,जुबांन,2016-03-04,118,Drama|Music,6.0,5,IN,,,,
399068,tt5743656,Q24727694,Phobia,फोबिया,2016-05-27,112,Drama|Mystery|Thriller|Horror,6.868,38,IN,,,Mumbai (India),India
406245,tt14722464,Q24905058,Dawat-E-Shaadi,Dawat-E-Shaadi,2016-03-04,135,Comedy,7.5,2,,,,,
1314498,,,Dabba,Dabba,2016-02-29,0,Drama,0.0,0,,,,,
496635,tt5909308,Q26158098,Days of Tafree,Days of Tafree,2016-09-23,155,Comedy,0.0,0,IN,,,,
959363,,,Amateurs,Amateurs,2016-04-06,10,,0.0,0,IN,,,,
391774,tt5518128,Q23013708,Love Games,Love Games,2016-04-08,114,Romance|Thriller,4.8,14,IN,,,,
468813,tt5937870,Q24905288,My Father Iqbal,My Father Iqbal,2016-10-21,104,Drama,6.0,1,,,,,
432349,tt5890002,Q28180467,Love Ke Funday,Love Ke Funday,2016-07-22,132,Comedy,3.7,3,,,,,
403409,tt5068892,Q24883867,Kerry on Kutton,Kerry on Kutton,2016-07-01,125,Drama,5.0,3,,,,,
460109,tt5872014,Q26914038,Riders of the Well of Death,Riders of the Well of Death,2016-07-10,15,Documentary,0.0,0,IN|ES,,,,
372689,tt4818930,Q22905783,Waiting,Waiting,2016-05-27,92,Comedy|Drama,7.0,15,IN,,,Kerala (India),India
421515,tt5637188,Q26963363,Saat Uchakkey,Saat Uchakkey,2016-10-14,139,Comedy,4.9,7,IN,,,,
692851,tt5714802,Q24905512,Project Marathwada,प्रोजेक्ट मराठवाड़ा,2016-06-03,102,Drama,0.0,0,IN,,,,
397367,tt5615116,Q21998188,Dear Dad,Dear Dad,2016-05-06,84,Drama|Family,7.2,6,IN,,,Delhi (India),India
372844,tt4643520,Q52442624,The Violin Player,थे वायलिन प्लेयर,2016-09-26,72,Drama,5.4,16,IN,,,,
1189356,tt5241526,,Kazwa: A Million Lanterns,Kazwa: A Million Lanterns,2016-07-20,9,Documentary,0.0,0,,,,,
797910,tt4839000,Q25999914,Moods of Crime,Moods of Crime,2016-08-05,115,Crime,6.0,1,,,,,
1061043,,,Raakh,Raakh,2016-11-07,22,Thriller,0.0,0,,,,,
393430,tt4505006,Q18611442,Shortcut Safari,Shortcut Safari,2016-04-18,100,Drama|Adventure,5.0,1,IN,,,,
403789,tt5752374,Q24806997,Shorgul,Shorgul,2016-07-01,132,Drama,4.9,4,,,,India,India
460848,tt6289266,Q30604130,Chutney,Chutney,2016-11-28,17,Thriller,6.2,12,IN,,,,
630705,tt4550888,,Downtown,Downtown,2016-03-18,120,Drama,0.0,0,IN,,,,
429860,tt5994086,,Dil Sala Sanki,Dil Sala Sanki,2016-09-09,110,Romance,3.3,3,,,,,
422536,tt6118134,Q28452181,Anna,Anna,2016-10-14,142,History,5.0,1,,,,,
436489,tt6232408,,Gang of Littles,Gang of Littles,2016-12-16,112,Drama,6.0,1,,,,,
1363720,tt22796956,,"Shaadi, Sex aur Parivaar","शादी, सेक्स और परिवार",2016-12-21,26,Documentary,0.0,0,IN,,,,
357718,tt4916048,Q25206841,Island City,Island City,2016-09-02,110,Comedy|Drama,8.5,4,IN,,,Mumbai (India),India
410214,tt2963974,Q6720485,M Cream,M Cream,2016-07-22,114,Adventure|Drama|Comedy,6.0,6,IN,,,Himachal Pradesh (India),India
383860,tt5209420,Q21646665,LoveShhuda,LoveShhuda,2016-02-12,133,Comedy|Romance,7.3,6,IN,,,,
673719,tt4209086,,Time Machine,Time Machine,2016-09-08,40,Family|Science Fiction,0.0,0,,,,,
418621,tt3862004,Q24905400,Fuddu,Fuddu,2016-10-14,118,Comedy|Drama,4.7,3,IN,,,,
491457,,,The Turn,Mod,2016-01-01,69,Documentary,0.0,0,IN,,,,
998180,tt18749696,,Dastaan-E-Rafi,Dastaan-E-Rafi,2016-12-23,113,Documentary,0.0,0,,,,,
416578,,,Love Day,Pyaar Ka Din,2016-10-14,117,Comedy|Drama,6.0,2,,,,,
705154,,,The Books We Made,The Books We Made,2016-01-01,70,Documentary|TV Movie,0.0,0,IN,,,,
522823,,,Vo Wali Feeling,Vo Wali Feeling,2016-10-01,0,,0.0,0,IN,,,,
632238,tt7250834,,The Last Tale of Kayenaat,The Last Tale of Kayenaat,2016-11-25,140,Thriller|Horror,0.0,0,IN,,,,
400706,tt5212160,,Chhota Bheem: Himalayan Adventure,Chhota Bheem: Himalayan Adventure,2016-01-08,0,,1.0,1,IN,,,,
1753748,tt5247556,,Love Alive,Love Alive,2016-02-26,85,Thriller|Romance|Mystery,0.0,0,,,,,
1404243,tt28870406,,City's Step Child and The Dump Hill Dreams,City's Step Child and The Dump Hill Dreams,2016-04-25,25,Documentary,9.0,1,,,,,
873338,tt5897230,Q25212181,The Virgins,The Virgins,2016-05-30,19,Comedy|Drama,0.0,0,IN,,,,
865279,,,Sangini,Sangini,2016-04-29,45,Documentary,0.0,0,,,,,
403972,tt4579982,Q18703155,Ishq Click,Ishq Click,2016-07-22,0,Romance|Drama,5.0,3,,,,,
372948,tt3638722,Q17007829,My Son is Gay,En Magan Magizhvan,2016-01-29,155,Family|Drama,1.3,3,,,,,
412849,tt5985026,Q27964451,Kanha,Kanha,2016-08-26,119,,0.0,0,IN,,,,
427905,tt5130348,Q21450469,Love Shagun,Love Shagun,2016-02-26,117,Comedy|Romance,6.5,6,IN,,,,
575975,tt6106252,,Khamakha,Khamakha,2016-01-01,17,Drama|Romance,0.0,0,IN,,,,
328628,tt4358344,Q19599558,Rough Book,Rough Book,2016-06-24,100,Drama,6.6,5,,,,,
946168,tt18332256,,Cute Kameena,Cute Kameena,2016-03-18,0,,0.0,0,,,,,
429606,tt6259146,Q27536721,Ameena,अमीना,2016-11-25,107,Drama,0.0,0,CM|IN,,,,
421969,tt6040012,Q27536565,MSG the Warrior: Lion Heart,MSG the Warrior: Lion Heart,2016-10-07,120,Science Fiction|Action|Fantasy,6.5,2,IN,,,,
1239954,,,Pramod Gupta J E,प्रमोद गुप्ता जे इ,2016-08-31,123,Drama,0.0,0,IN,,,,
380074,tt5531640,,Strange Love,Ajeeb Aashiq,2016-02-02,75,,0.0,0,IN,,,,
708867,tt6367580,,Soliloquy,Mann Ki Baat,2016-12-27,6,,1.0,2,,,,,
501691,tt5760490,Q25096390,Fredrick,Fredrick,2016-05-27,129,Action|Thriller,4.5,2,,,,,
390836,tt5359624,Q30612287,CRD,CRD,2016-11-04,108,Drama|Romance,7.0,2,IN,,,,
811773,tt5876392,Q25999895,Mission Tiger,Mission Tiger,2016-07-29,83,Adventure,0.0,0,IN,,,,
695103,tt6440626,,Mumbai Central,Mumbai Central,2016-03-18,100,,0.0,0,,,,,
489053,tt4811706,Q48671495,Six X,Six X,2016-11-25,128,,10.0,1,,,,,
619084,tt9514770,,Chaurya,Chaurya,2016-08-05,0,,0.0,0,,,,,
938148,tt5370502,Q114686952,Jab Tum Kaho,Jab Tum Kaho,2016-01-01,94,Drama|Comedy,0.0,0,,,,,
664746,tt10225098,,Ye Kaisa Pal Do Pal Ka Pyar,Ye Kaisa Pal Do Pal Ka Pyar,2016-09-29,120,Drama,0.0,0,,,,,
1409304,,,My Child is Gay and I am Happy,My Child is Gay and I am Happy,2016-05-27,34,,0.0,0,,,,,
1181521,,,Thank You For Watching,Thank You For Watching,2016-12-31,13,,0.0,0,,,,,
1035980,tt5749014,,Untold Unheard Story,Unkahi Unsuni Kahani,2016-05-29,7,,0.0,0,,,,,
1151336,tt11513854,,Mental,Mental,2016-11-09,143,,0.0,0,,,,,
500063,tt5478254,Q24806966,Shaukeen Kaminay,Shaukeen Kaminay,2016-06-03,125,Comedy|Drama,7.0,1,,,,,
423193,,,Perverted,Vikrit,2016-10-22,0,,0.0,0,,,,,
1625612,tt4454784,,Teen Taal,Teen Taal,2016-06-17,120,,0.0,0,,,,,
1646262,tt40415549,,J2,J2,2016-09-10,123,Drama|Comedy|Romance,5.0,1,IN,,,,
938755,,,Fattu Saala,Fattu Saala,2016-01-01,67,,0.0,0,,,,,
404604,tt5690142,Q25302758,Mom,माँ,2017-07-07,147,Crime|Drama|Thriller,7.5,224,IN,,,Georgia,Georgia
363343,tt3405236,Q19833751,Raees,रईस,2017-01-25,143,Thriller|Action|Crime,6.7,270,IN,,,Gujarat (India),India
483208,tt7549484,Q28180481,Firangi,फिरंगी,2017-11-30,153,Drama|Comedy,3.7,10,IN,,,British Raj (British Empire),British Empire
464458,tt6692354,Q30597805,Ittefaq,इत्तेफ़ाक़,2017-11-03,107,Crime|Thriller,6.8,122,IN,,,Mumbai (India),India
441909,tt5956100,Q28753302,Tiger Zinda Hai,टाइगर ज़िंदा है,2017-12-18,160,Action|Adventure|Thriller,6.2,189,AT|IN,,,,
413884,tt5474042,Q19891069,Half Girlfriend,Half Girlfriend,2017-05-18,135,Romance|Drama,6.255,92,IN,,,India,India
441889,tt6108090,Q28127548,Secret Superstar,सीक्रेट सुपरस्टार,2017-10-19,150,Drama|Music,7.3,207,IN,,,Mumbai (India),India
456570,tt5764096,Q27957931,Hindi Medium,हिंदी मीडियम,2017-05-19,132,Comedy|Drama,7.4,221,IN,,,Delhi (India),India
443689,tt7481466,,The Unreserved,The Unreserved,2017-02-15,60,Documentary,5.0,1,IN,,,,
452967,tt7319870,,Baaki Itihaas,Baaki Itihaas,2017-03-28,127,Drama,6.0,1,IN,,,,
401285,tt4129428,Q15044971,Jagga Jasoos,जग्गा जासूस,2017-07-14,180,Adventure|Comedy|Mystery|Romance,6.2,102,IN,Morocco,Morocco,Africa,Africa
413882,tt5764024,Q23044946,Ok Jaanu,ओके जानू,2017-01-12,135,Drama|Romance,5.788,66,IN,,,Mumbai (India),India
471972,tt5745450,Q27964501,Chef,Chef,2017-10-06,133,Drama|Comedy|Family,5.5,34,IN,,,,
444713,tt5954088,Q25302739,Commando 2 - The Black Money Trail,कमांडो 2,2017-03-02,123,Action|Thriller,5.925,53,IN,,,,
441875,tt5785170,Q28180128,Toilet: A Love Story,टॉयलेट: एक प्रेम कथा,2017-08-11,155,Comedy|Drama|Romance,6.842,228,IN,,,,
431892,tt6206564,Q30598131,Trapped,ट्रैप्ड,2017-03-17,105,Thriller|Drama,7.0,143,IN,,,,
441906,tt5997666,Q26720624,Jab Harry Met Sejal,जब हैरी मेट सेजल,2017-08-04,144,Comedy|Drama|Romance,6.4,213,IN,,,Europe,Europe
482443,tt6381074,,Bhasmasur,Bhasmasur,2017-10-12,75,Drama,6.5,6,IN,,,,
411625,tt5775220,Q26684075,Noor,Noor,2017-04-21,116,Comedy|Romance|Drama|Adventure,4.556,27,IN,,,,
441881,tt5882970,Q26267945,Tubelight,Tubelight,2017-06-22,136,Drama|War,5.274,104,IN,,,Jammu and Kashmir (India),India
456565,tt5456546,Q27962910,Judwaa 2,जुड़वा 2,2017-09-29,150,Action|Comedy|Romance,5.3,119,IN,,,,
403867,tt5460276,Q24238536,Kaabil,काबिल,2017-01-25,139,Action|Thriller|Drama,6.9,156,IN,,,,
472123,tt1806913,Q5580865,Golmaal Again,गोलमाल अगेन,2017-10-19,151,Comedy|Horror|Action|Fantasy,5.375,120,IN,,,,
860596,tt6534486,,Kheer,Kheer,2017-02-13,7,Romance,5.0,1,IN,,,,
1162356,tt6347934,,Syaahi,Syaahi,2017-11-14,29,Family|Drama,7.0,1,,,,,
413646,tt6277440,Q23992454,Badrinath Ki Dulhania,Badrinath Ki Dulhania,2017-03-10,139,Drama|Comedy|Romance,6.5,149,IN,,,,
1139001,tt11157870,,Pawan Raja,Pawan Raja,2017-10-26,128,Drama|Action,0.0,0,,,,,
573073,tt5463608,Q21646547,J.D.,J.D.,2017-09-22,127,Drama,1.0,1,,,,,
412090,tt5982852,Q25350238,Jolly LLB 2,जॉली एलएलबी 2,2017-02-09,140,Comedy|Crime,7.0,168,IN,,,Lucknow (India),India
392271,tt4909752,Q20649561,Rangoon,रंगून,2017-02-24,167,War|History|Drama|Romance,6.1,37,IN,,,Myanmar,Myanmar
505777,tt6395306,Q30598153,Union Leader,Union Leader,2017-09-17,101,Drama,7.1,8,,,,,
441894,tt4906960,Q20201985,Baadshaho,बादशाहो,2017-09-01,136,Action|Thriller,5.4,43,IN,,,Rajasthan (India),India
441071,tt6170954,Q27590331,Naam Shabana,नाम शबाना,2017-03-31,147,Thriller,5.714,62,IN,,,Mumbai (India),India
467106,tt6967980,Q27959486,Bareilly Ki Barfi,बरेली की बर्फी,2017-08-17,123,Comedy|Romance,6.9,202,IN,,,,
454776,tt6712014,Q29344580,Fukrey Returns,फुकरे रिटर्न्स,2017-12-07,135,Comedy|Drama,6.468,62,IN,,,Delhi (India),India
463608,tt6349528,Q30638946,Ek Haseena Thi Ek Deewana Tha,Ek Haseena Thi Ek Deewana Tha,2017-06-30,150,Thriller|Drama|Romance,5.0,1,IN,,,,
456562,tt5542802,Q25217767,Raabta,राब्ता,2017-06-08,147,Romance|Thriller,5.746,66,IN,,,Croatia,Croatia
484914,tt7550816,Q27590369,Ram Ratan,Ram Ratan,2017-06-12,117,,6.0,1,IN,,,Mumbai (India),India
1235507,,,Lift,Lift,2017-12-08,12,Drama|Romance,0.0,0,IN,,,,
484909,tt7537912,,Narayan,Narayan,2017-11-03,0,Action,6.0,1,,,,,
456756,tt3611266,Q16243464,Bank Chor,बैंक चोर,2017-06-16,129,Comedy|Crime|Thriller,5.12,25,IN,,,,
1299423,tt6283222,,Pinjra,Pinjra,2017-01-16,7,Drama|Documentary,10.0,1,IN,,,,
460508,tt6117702,Q27957954,Munna Michael,मुन्ना माइकल,2017-07-20,139,Music|Action,5.6,51,IN,,,,
473014,tt5784860,Q27590070,Aksar 2,अक्सर २,2017-11-17,117,Romance|Thriller,4.5,6,IN,,,,
418235,tt4807830,Q27536760,Lipstick Under My Burkha,Lipstick Under My Burkha,2017-07-21,118,Comedy|Drama,6.787,108,IN,,,Bhopal (India),India
413548,tt5785116,Q24905099,Begum Jaan,बेगम जान,2017-04-14,128,Action|Drama|History,5.7,26,IN,,,Punjab (India),India
470642,tt6354784,Q39047276,The Hungry,The Hungry,2017-09-01,100,Drama,5.6,11,IN|GB,,,,
480810,tt7469726,Q42303976,Shaadi Mein Zaroor Aana,शादी में ज़रूर आना,2017-11-10,137,Romance|Family,6.883,94,IN,,,,
392532,tt4493550,Q50819297,Flat 211,Flat 211,2017-06-02,0,Crime|Mystery|Thriller,2.0,2,IN,,,Mumbai (India),India
481738,tt5784852,Q27590067,Tera Intezaar,Tera Intezaar,2017-12-01,108,Thriller|Romance,1.7,3,IN,,,Mumbai (India),India
468254,tt6582458,,Baaraat Company,Baaraat Company,2017-07-28,124,Comedy|Romance|Drama,0.0,0,,,,,
464599,tt6173826,Q27590579,Guest iin London,Guest iin London,2017-07-07,132,Comedy|Drama,5.2,33,IN,,,London (United Kingdom),United Kingdom
472474,tt6720298,,Muskurahatein,Muskurahatein,2017-08-25,138,Romance,5.0,1,,,,,
517181,tt6861286,Q51833598,Khujli,Khujli,2017-03-31,15,Comedy,1.0,1,IN,,,,
458032,tt4552486,Q29344687,Dobaara: See Your Evil,Dobaara: See Your Evil,2017-05-19,106,Horror,4.7,3,GB|IN,,,,
413771,tt4990516,Q97402734,Tu Hai Mera Sunday,Tu Hai Mera Sunday,2017-10-06,119,Drama|Comedy,7.429,14,IN,,,,
471892,tt6971752,Q28879641,Shubh Mangal Saavdhan,शुभ मंगल सावधान,2017-08-31,105,Romance|Comedy,6.46,87,,,,Delhi (India),India
439128,tt6484982,Q28914754,Newton,न्यूटन,2017-09-22,106,Comedy|Drama,7.2,158,IN,,,,
610434,tt5342784,,Le Lotta,Le Lotta,2017-03-24,0,,0.0,0,,,,,
194522,tt2198235,Q13152993,Monsoon Shootout,Monsoon Shootout,2017-12-15,88,Thriller,6.773,22,IN,,,Mumbai (India),India
413421,tt5502766,Q25302743,Phillauri,फिल्लौरी,2017-03-24,138,Fantasy|Comedy|Romance|Drama,6.262,42,IN,,,Punjab (India),India
486471,tt7647198,,Love and Shukla,लव एंड शुक्ला,2017-10-13,117,Comedy|Drama|Romance,7.0,10,IN,,,,
954364,tt7230200,,Seher,Seher,2017-07-14,19,,0.0,0,IN,,,,
452968,,,Rajdarshan,Rajdarshan,2017-03-21,80,Comedy,7.5,2,IN,,,,
488353,tt5569160,Q30641555,Mantostaan,Mantostaan,2017-05-05,92,,6.0,2,,,,Mumbai (India),India
1088850,tt6262618,,Shunyata,Shunyata,2017-08-04,22,Crime|Drama,0.0,0,IN,,,,
444940,tt5756052,Q25213036,Jeena Isi Ka Naam Hai,Jeena Isi Ka Naam Hai,2017-03-03,173,Drama,2.0,1,IN,,,,
496367,tt7571718,Q42955902,Panchlait,Panchlait,2017-11-17,120,Drama,0.0,0,,,,,
401552,tt4640206,Q23822751,Sachin: A Billion Dreams,Sachin: A Billion Dreams,2017-05-26,139,Documentary|Drama,7.386,35,IN,,,,
441868,tt5742874,Q27590086,Sarkar 3,सर्कार ३,2017-05-11,132,Crime,5.15,20,IN,,,Mumbai (India),India
1186414,,,Sarabhai vs Sarabhai Take 2: The Making,Sarabhai vs Sarabhai Take 2: The Making,2017-07-17,12,Documentary,0.0,0,IN,,,,
479918,tt7399470,Q42530057,Qarib Qarib Singlle,करीब करीब सिंगल,2017-11-10,125,Comedy|Drama|Romance,7.0,78,IN,,,,
287637,tt3004774,Q14899408,Tigers,Tigers,2017-06-22,90,Drama|Thriller,7.1,24,GB|IN|FR,,,Pakistan,Pakistan
1354315,,,Sparsh,Sparsh,2017-11-08,5,Romance|Drama,0.0,0,,,,,
511859,tt6534608,,Opportunity,Avsar,2017-03-14,70,Romance,3.6,5,IN,,,,
449777,tt6180274,Q29026114,Poorna,Poorna,2017-03-31,105,Action|Drama,6.5,12,IN,,,Nepal,Nepal
726802,,,Mumbai Underworld,Mumbai Underworld,2017-12-08,118,Crime,0.0,0,,,,,
471364,tt3209826,Q18603040,Patel Ki Punjabi Shaadi,Patel Ki Punjabi Shaadi,2017-09-15,120,Comedy,6.5,4,IN,,,,
466302,tt6764354,Q29440043,Islamic Exorcist,Islamic Exorcist,2017-05-26,85,Horror,5.0,7,IN,,,,
517652,tt7058048,Q55393510,The Fish Curry,माछेर झोल (Maacher Jhol),2017-01-31,12,Animation|Drama,4.3,7,IN,,,,
471919,tt5697870,Q39659526,Lucknow Central,Lucknow Central,2017-09-15,147,Drama|Action|Thriller,6.271,35,IN,,,Lucknow (India),India
752169,tt7402362,,Kali-Bari,Kali-Bari,2017-04-30,20,,0.0,0,,,,,
469872,tt5613834,Q28179646,A Gentleman,अ जेंटलमैन,2017-08-25,132,Action|Comedy,6.2,90,IN,,,,
447587,tt5140144,,Bumbai Bird,Bumbai Bird,2017-04-06,0,Fantasy,0.0,0,CH|IN,,,,
460844,tt6791730,Q29025265,Tumhari Sulu,तुम्हारी सुलु,2017-11-17,140,Comedy|Drama,6.556,54,IN,,,Mumbai (India),India
455470,tt5472374,Q24238537,Meri Pyaari Bindu,मेरी प्यारी बिंदु,2017-05-11,119,Drama|Romance,6.181,47,IN,,,,
1162634,tt31567178,,Blindspot,Blindspot,2017-08-31,24,Drama|Romance,0.0,0,IN,,,,
461809,tt6711660,Q21095435,Babumoshai Bandookbaaz,बाबूमोशाय बन्दूकबाज़,2017-08-25,122,Action|Crime|Thriller,6.304,28,IN,,,Uttar Pradesh (India),India
451316,tt5289170,Q28841927,Laali Ki Shaadi Mein Laaddoo Deewana,Laali Ki Shaadi Mein Laaddoo Deewana,2017-04-07,130,Music|Comedy|Drama,0.0,0,IN,,,,
669750,,,Hukumat Ki Aandhi,हुकूमत की आँधी,2017-04-13,162,Action|Drama|Comedy,4.25,2,,,,,
731077,,,Raju Bajrangi,Raju Bajrangi,2017-09-29,96,Drama,5.0,1,,,,,
515206,tt7201112,Q48674322,Mum,MUM,2017-08-11,13,Drama,0.0,0,IN,,,,
463063,tt6272828,Q27959206,Mubarakan,मुबारकां,2017-07-28,156,Comedy|Drama,6.0,48,IN,,,,
798634,tt7612842,Q42956035,A Daughter's Tale PANKH,A Daughter's Tale PANKH,2017-11-17,145,Drama,7.0,1,,,,,
461816,tt6926486,Q28179666,Daddy,Daddy,2017-09-08,134,Crime|Drama|History,5.8,13,IN,,,,
450525,tt5182656,,Khamosh Adalat Jaari Hai,Khamosh Adalat Jaari Hai,2017-03-14,110,Drama,8.0,2,IN,,,,
539470,tt6514010,Q42530835,Brij Mohan Amar Rahe!,ब्रिज मोहन अमर रहे,2017-12-13,100,Comedy|Drama,5.5,20,IN,,,Delhi (India),India
461707,tt6512784,Q22674141,Haseena Parkar,हसीना पारकर,2017-09-22,124,Crime|Drama,5.2,13,IN,,,,
482445,tt6912732,,Checkmate,Turup,2017-10-13,72,Drama,0.0,0,IN,,,,
488445,tt6143422,Q39057935,Dark Wind,कड़वी हवा,2017-11-24,99,Drama,7.733,15,IN,,,,
471343,tt6892468,Q133041205,Shreelancer,Shreelancer,2017-08-18,98,Drama,10.0,1,,,,,
479192,tt7341406,Q40653114,Rukh,रुख़,2017-10-27,106,Mystery|Drama,5.286,8,IN,,,,
475854,tt8581230,,B.A. Pass 2,B.A. Pass 2,2017-09-15,136,Drama,5.8,4,,,,,
496372,tt7585620,Q42955397,Dil Jo Na Keh Saka,Dil Jo Na Keh Saka,2017-11-17,110,Romance,4.0,1,IN,,,,
659892,tt7744226,,Baby Steps,Baby Steps,2017-11-28,10,Family,7.0,1,US,,,,
485090,tt6918348,,Pushkar Puran,Pushkar Puran,2017-10-14,100,Documentary,0.0,0,IN,,,,
403847,tt5743888,Q22905706,Julie 2,Julie 2,2017-11-24,137,Drama|Romance|Thriller,5.0,3,IN,,,,
462064,tt6941560,Q33101602,Phullu,Phullu,2017-06-16,96,Comedy|Drama,6.0,3,IN,,,,
960942,tt7972000,,Junko,Junko,2017-04-28,78,Crime|Horror,0.0,0,IN,,,,
943514,,,Gopi Bhina,Gopi Bhina,2017-01-06,122,Comedy|Family,0.0,0,,,,,
1338424,tt7842324,Q96384474,Jiya Jaye,Jiya Jaye,2017-09-21,23,Drama,0.0,0,IN,,,,
456567,tt6265988,Q28529484,Bhoomi,Bhoomi,2017-09-22,135,Action|Drama,6.0,32,IN,,,Mumbai (India),India
798626,tt7687372,,Door Bell,Door Bell,2017-10-27,99,Romance|Horror,5.0,1,,,,,
462063,tt4307132,Q30641671,G Kutta Se,जी कुत्ता सै,2017-06-16,103,Drama,5.5,1,IN,,,,
496626,tt7722484,Q48671209,Sallu Ki Shaadi,Sallu Ki Shaadi,2017-12-08,122,Comedy,0.0,0,IN,,,,
492793,tt7172800,Q39057126,Carbon: A Story of Tomorrow,Carbon: A Story of Tomorrow,2017-08-21,24,Science Fiction|Adventure|Drama,5.0,5,IN,,,,
444011,tt6405126,Q25218337,Simran,सिमरन,2017-09-15,125,Drama|Crime|Thriller,4.9,25,IN,,,,
482154,tt6471054,Q42954546,Ajji,अज्जी,2017-11-24,104,Thriller|Crime,6.65,20,IN,,,,
549267,tt7738134,,The Unknown Craftsman,अज्ञात शिल्पी,2017-09-10,92,Drama,0.0,0,IN,,,,
441547,tt7282762,,Typecaste,Typecaste,2017-02-13,86,Comedy,6.7,3,IN,,,,
455549,tt1233600,Q17062473,The Wishing Tree,कल्पवृक्ष,2017-06-09,99,Drama|Fantasy,5.3,6,,,,,
460530,tt6620324,Q30641050,Indu Sarkar,इंदु सरकार,2017-07-28,139,Drama|History,5.0,8,IN,,,,
442415,tt6523068,,"U, Me Aur Ghar","U, Me Aur Ghar",2017-02-10,90,Romance,9.0,1,IN,,,,
488480,tt5568866,,Shaadi Abhi Baaki Hai,Shaadi Abhi Baaki Hai,2017-11-17,120,,0.0,0,IN,,,,
467911,tt3338188,Q39058606,Jia aur Jia,Jia aur Jia,2017-10-27,93,Drama,4.0,1,,,,,
449510,tt5785200,Q30598240,Machine,Machine,2017-03-17,148,Action|Romance|Comedy,3.1,10,IN,,,,
627144,tt6428632,Q28180266,Raaz-E-Sheitaan,Raaz-E-Sheitaan,2017-10-13,100,Horror,0.0,0,IN,,,,
744696,tt13951954,,Ishu's Balloon and a Painting that Comes to Life,इशु का गुब्बारा और एक तस्वीर जो जिंदा हो जाती है,2017-06-16,5,Animation|Documentary,0.0,0,IN,,,,
499895,tt7329290,,Bhamashah,Bhamashah,2017-05-23,83,Drama,4.0,1,,,,,
454769,tt6537508,Q28753308,Behen Hogi Teri,बहन होगी तेरी,2017-06-02,128,Romance|Comedy|Drama,6.034,74,IN,,,Mumbai (India),India
475849,,,Rabbi,Rabbi,2017-09-15,89,Drama,0.0,0,,,,,
485329,tt8060812,,Buddha.mov,Buddha.mov,2017-11-26,70,Documentary|Drama,5.2,4,IN,,,,
432140,tt4699202,Q39070547,Gurgaon,गुड़गांव,2017-08-04,107,Crime|Thriller,5.214,22,IN,,,Delhi (India),India
496038,tt8250646,,Chhuri,छुरी,2017-12-19,12,Drama|Comedy,6.0,4,IN,,,,
499803,tt7001968,,Guy in the Sky,Guy in the Sky,2017-06-13,70,Comedy,6.0,1,,,,,
502524,,,Majaz: Ae Gham-e-Dil Kya Karun,Majaz: Ae Gham-e-Dil Kya Karun,2017-01-20,158,Drama|Romance,5.0,1,,,,,
822776,tt6409334,,Disco Obu,Disco Obu,2017-02-04,20,,8.0,1,,,,,
844066,tt14620648,Q107240011,Hunny Bunny Bank Robbery,Hunny Bunny Bank Robbery,2017-10-27,47,Action|Comedy|Animation,0.0,0,IN,,,,
820822,tt20784884,,Motu Patlu in Octopus World,Motu Patlu in Octopus World,2017-12-24,81,Animation,0.0,0,,,,,
471894,tt6352548,Q28127570,Poster Boys,पोस्टरब्वॉयज,2017-09-08,128,Comedy,5.087,23,IN|US,,,,
555476,tt8658520,Q55393463,Jio Pagla,জিও পাগলা,2017-10-17,154,Comedy|Romance,6.0,3,IN,,,,
449361,tt6058394,Q29832561,Anaarkali of Aarah,Anaarkali of Aarah,2017-03-24,113,Drama,6.846,13,IN,,,Bihar (India),India
460122,tt6941654,Q29344739,Hanuman Da Damdaar,Hanuman Da Damdaar,2017-06-02,104,Animation,5.2,5,IN,,,,
423194,tt5046500,Q28180109,Mantra,Mantra,2017-03-17,92,Drama,6.8,5,,,,,
615945,tt7299030,,Have You Met You,Have You Met You,2017-09-20,16,,0.0,0,,,,,
1213772,tt7302010,Q42530194,Taawdo: The Sunlight,Taawdo: The Sunlight,2017-03-31,98,Drama,0.0,0,IN,,,,
520728,,,NOT DEAD,NOT DEAD,2017-01-12,0,,0.0,0,IN,,,,
495313,tt6909664,Q60737521,Sound of Silence,Sound of Silence,2017-12-08,89,Drama,0.0,0,IN,,,,
462508,tt10012542,,Afternoon Clouds,दोपहर के बादल,2017-05-04,13,Drama,6.0,2,IN,,,,
481578,tt7317342,Q39659618,Call For Fun,Call For Fun,2017-10-07,126,Comedy,0.0,0,IN,,,,
1351769,tt5614858,,Mumbai Varanasi Express,Mumbai Varanasi Express,2017-04-11,32,Drama,0.0,0,IN,,,,
454952,tt5544662,Q30643083,Sweetiee Weds NRI,Sweetiee Weds NRI,2017-06-02,117,Comedy|Drama|Romance,3.5,2,IN,,,,
468255,tt6080746,Q25080787,Raag Desh,Raag Desh,2017-07-28,137,History|Action|Drama,7.7,5,,,,India,India
437758,tt6334874,Q28127577,Coffee with D,Coffee with D,2017-01-20,123,Comedy,5.0,12,IN,,,Karachi (Pakistan),Pakistan
652016,tt3743158,,Sariwala,Sariwala,2017-10-21,11,,0.0,0,,,,,
460503,tt6789140,Q130349038,Biswa Kalyan Rath: Biswa Mast Aadmi,बिस्वा कल्याण रथ: बिस्वा मस्त आदमी,2017-05-19,60,Comedy,7.4,21,IN,,,,
889569,tt6651090,,Bhangarh: The Last Episode,Bhangarh: The Last Episode,2017-03-30,84,Horror,0.0,0,IN,,,,
441751,tt6467738,Q30598475,Irada,इरादा,2017-02-17,109,Thriller,6.9,16,IN,,,,
589201,tt4887226,,Bewajah,Bewajah,2017-02-05,127,Thriller,0.0,0,,,,,
798619,tt10825098,,GST - Galti Sirf Tumhari,GST - Galti Sirf Tumhari,2017-11-24,97,Drama,4.0,2,,,,,
464123,tt6745804,Q64768494,Ajab Singh ki Gazab Kahani,Ajab Singh ki Gazab Kahani,2017-04-21,115,Drama,5.5,2,IN,,,,
1295277,,,Bruno & Juliet: A True Love Story,Bruno & Juliet: A True Love Story,2017-06-29,11,,0.0,0,,,,,
468513,tt6094992,Q28419461,Mona Darling,मोना डार्लिंग,2017-02-24,103,Thriller|Horror,5.0,3,IN,,,,
516913,,,Vaashpit,Vaashpit,2017-12-03,0,,8.0,1,IN,,,,
444869,tt6499258,Q28961510,Wedding Anniversary,Wedding Anniversary,2017-02-24,108,Drama,3.0,1,IN,,,,
423593,tt6118058,Q52521891,Maroon,Maroon,2017-10-24,94,Thriller,5.3,3,,,,,
533321,tt6895206,,Sonata,Sonata,2017-04-21,104,Drama,0.0,0,IN,,,,
578435,tt7493710,Q42530131,Anukul,Anukul,2017-10-04,21,Drama|Science Fiction,8.0,3,IN,,,,
1138993,tt11242816,,Dilwala,Dilwala,2017-08-18,164,Action|Drama,0.0,0,,,,,
817872,,,Motu Patlu in Hong Kong: Kung Fu Kings 3,Motu Patlu in Hong Kong: Kung Fu Kings 3,2017-10-19,84,Animation|TV Movie|Adventure,3.5,4,,,,,
457260,tt4695016,Q29344813,Thodi Thodi Si Manmaaniyan,Thodi Thodi Si Manmaaniyan,2017-05-12,0,Romance,0.0,0,,,,,
1613591,tt29193906,,Fare-Thee-Well,Fare-Thee-Well,2017-09-27,10,Romance|Comedy,0.0,0,IN,,,,
477045,tt7340684,Q39075967,The Final Exit,The Final Exit,2017-09-22,120,Horror|Thriller,0.0,0,IN,,,,
433086,tt5690244,Q29052733,Machines,Machines,2017-11-30,71,Documentary,6.3,22,FI|DE|IN,,,Gujarat (India),India
496056,tt7695134,Q111950012,Juice,Juice,2017-11-22,15,Drama,7.8,11,IN,,,,
548082,tt7297002,,Luv Shuv Pyar Vyar,Luv Shuv Pyar Vyar,2017-03-03,114,Romance,0.0,0,IN,,,,
455332,tt5543746,Q27958197,Maatr,मातृ,2017-04-21,112,Thriller|Drama,6.0,3,IN,,,,
460123,tt4300776,Q48671161,Mirror Game,Mirror Game,2017-06-02,113,Thriller|Crime|Mystery,5.3,6,IN,,,,
465006,,Q30638706,The Slum Stars,The Slum Stars,2017-07-07,135,Family,7.0,1,,,,,
580640,tt7367966,Q24905463,2016 the End,2016 the End,2017-10-06,130,Comedy,6.5,4,IN,,,,
499966,tt7319906,,Ballavpur Ki Roopkatha,Ballavpur Ki Roopkatha,2017-05-02,120,Comedy,6.5,2,IN,,,,
463340,tt11390110,,30 Days in September,30 Days in September,2017-05-17,73,Drama,0.0,0,,,,,
496351,tt6611040,Q24034593,Bhanwarey,Bhanwarey,2017-03-24,120,Comedy,0.0,0,,,,Delhi (India),India
450699,tt5085386,,Hasmukh Saab ki Wasihat,Hasmukh Saab ki Wasihat,2017-02-27,82,Drama,6.5,4,IN,,,,
1191883,,,In Defence Of Freedom,In Defence Of Freedom,2017-03-23,6,Drama,0.0,0,IN,,,,
462405,tt7020272,Q130437808,Zakir Khan: Haq Se Single,Zakir Khan: Haq Se Single,2017-07-09,92,Comedy,8.3,22,IN,,,,
442247,tt6296236,Q17080263,Running Shaadi,रनिंग शादी,2017-02-16,114,Comedy|Romance,6.1,9,IN,,,,
539942,tt5983262,Q56290106,Tikli and Laxmi Bomb,Tikli and Laxmi Bomb,2017-09-10,151,Drama,8.4,4,IN,,,,
1011762,,,Jivari,Jivari,2017-10-30,23,Documentary,0.0,0,IN,,,,
540437,tt7118514,,Viraam,Viraam,2017-05-18,110,Drama,7.0,1,,,,,
459132,tt6330202,Q28457108,Sargoshiyan,सरगोशियाँ,2017-05-26,117,Drama,10.0,1,,,,Jammu and Kashmir (India),India
452334,tt6016672,Q29026553,Mirza Juuliet,Mirza Juuliet,2017-04-07,130,Drama,4.5,4,,,,Mumbai (India),India
718945,tt8076962,Q30638567,Love You Family,Love You Family,2017-06-09,132,Drama,5.0,1,,,,,
1440179,,,"Bombay indore , finding a taxi and patriosim and the govt","Bombay indore , finding a taxi and patriosim and the govt",2017-03-20,19,Comedy,9.0,2,IN,,,,
467485,tt6189880,Q28180390,Alif,Alif,2017-02-03,120,Drama,6.0,2,IN,,,,
472470,tt5617172,Q39047090,Qaidi Band,Qaidi Band,2017-08-25,119,Drama|Music,5.667,3,IN,,,,
465954,tt4287778,Q28179672,Night,Shab,2017-07-14,109,Drama|Romance,7.5,2,,,,Delhi (India),India
798609,,,Meri Do Dulhan,Meri Do Dulhan,2017-09-15,138,Thriller|Romance,4.0,1,,,,,
460966,tt6169720,,Boichek,Boichek,2017-05-16,85,Drama|Thriller,7.0,1,,,,,
519623,,,Veham(illusion) or The ignored silence of words,Veham(illusion) or The ignored silence of words,2017-06-25,0,,0.0,0,IN,,,,
456558,tt6033536,Q30638568,Dear Maya,Dear Maya,2017-06-02,130,Drama,6.476,21,IN,,,Himachal Pradesh (India),India
474579,tt8084696,Q27590108,Mr. Kabaadi,Mr. Kabaadi,2017-09-08,123,Comedy|Drama,4.5,6,,,,Lucknow (India),India
474575,tt7207156,Q39073250,Sameer,Sameer,2017-09-08,123,Drama|Crime,6.2,5,IN,,,,
548080,tt7598180,Q48671221,Bhangover,Bhangover,2017-12-15,110,Comedy,4.5,2,IN,,,,
472471,tt7291466,Q27959503,Sniff!!!,Sniff!!!,2017-08-25,89,Adventure|Comedy|Family,8.0,5,IN,,,Mumbai (India),India
842335,tt5008256,Q23013803,Saanjh,Saanjh,2017-04-14,109,Drama|Family|Music,10.0,1,IN,,,Himachal Pradesh (India),India
944547,,,After Dark,After Dark,2017-04-19,49,Drama,0.0,0,IN,,,,
499871,tt7146484,,Kanyadaan,Kanyadaan,2017-10-03,114,Drama,8.0,1,,,,,
824530,tt20783648,,Motu Patlu in Dragon's World,Motu Patlu in Dragon's World,2017-06-25,78,Animation,0.0,0,IN,,,,
451007,tt2457544,Q25209081,Blue Mountains,Blue Mountains,2017-04-07,134,Drama|Family|Music,4.4,5,IN,,,,
494388,tt7559200,Q43302541,My Friend's Dulhania,My Friend's Dulhania,2017-12-15,87,Romance,7.0,1,,,,,
553690,tt5467702,Q22903290,1982 - A Love Marriage,1982 - A Love Marriage,2017-02-01,113,Comedy,6.0,2,IN,,,,
1237554,tt5819518,,"Let's Talk About ""It""","Let's Talk About ""It""",2017-04-11,78,,0.0,0,,,,,
479476,tt6997642,Q39070633,Ribbon,Ribbon,2017-11-03,106,Drama|Family,6.8,8,IN,,,,
499884,tt6918248,,Pagla Ghoda,Pagla Ghoda,2017-05-30,114,Drama,6.3,3,,,,,
504018,tt6255836,,Daak Ghar,Daak Ghar,2017-06-15,50,Drama,0.0,0,IN,,,,
485172,tt14210760,,Ashwatthama,अश्वत्थामा,2017-10-15,120,Fantasy|Drama,9.0,1,KR|IN,,,,
831273,tt7390718,,YOU and I,YOU and I,2017-10-11,12,Drama|Romance|Mystery,0.0,0,IN,,,,
487944,tt3438734,,Muavza,Muavza,2017-10-06,111,Drama|Comedy,2.0,1,,,,,
696486,tt6845748,Q130270606,White Shirt,White Shirt,2017-03-15,18,Drama,5.0,2,IN,,,,
1662326,,,Krishna's Waiting Room,कृष्ण का प्रतीक्षालय,2017-12-02,54,Documentary,0.0,0,IN,,,,
1190420,tt7252972,,Murakh The Idiot,Murakh The Idiot,2017-07-30,18,,0.0,0,,,,,
1190972,tt11238062,,Nirahua Hindustani 2,निरहुआ हिंदुस्तानी 2 के बा,2017-05-12,165,Action|Romance|Comedy,4.0,1,IN,,,,
1471833,,,Love Is Mute,Love Is Mute,2017-01-31,5,Animation|Comedy|Romance|Fantasy,0.0,0,IN,,,,
459448,tt6110822,,Aaba,Aaba,2017-02-09,22,Drama,0.0,0,IN,,,,
674709,tt7667978,,Unarranged,Unarranged,2017-06-11,20,,4.0,1,IN,,,,
479704,tt6876652,Q56867927,Walking With the Wind,Walking With the Wind,2017-10-19,79,Drama,6.0,1,IN,,,"Himalayas (Afghanistan, Bhutan, India, Myanmar, Nepal, Pakistan, People's Republic of China)",Afghanistan|Bhutan|India|Myanmar|Nepal|Pakistan|People's Republic of China
653911,tt11383868,,The Space Between the Notes,The Space Between the Notes,2017-06-01,60,Documentary,0.0,0,IN,,,,
798630,tt7274816,,Ashley,Ashley,2017-01-13,103,Thriller|Romance,3.0,1,,,,,
489250,,,THE JUNGLE BOOK & PETER PAN Christmas special,THE JUNGLE BOOK & PETER PAN Christmas special,2017-11-23,0,,0.0,0,,,,,
520362,,,Umeed Ki Kiran,Umeed Ki Kiran,2017-03-10,0,,0.0,0,IN,,,,
1477585,,,"Relationships, Clubbing & Cocktails","Relationships, Clubbing & Cocktails",2017-06-28,12,Comedy,10.0,1,IN,,,,
481484,tt6467380,Q28196248,Hind Ka Napak Ko Jawab: MSG Lion Heart 2,हिन्द का नापाक को जवाब - मश्ग - लायन हार्ट - २,2017-02-10,127,Action|Comedy,3.5,2,,,,,
488782,tt5570606,Q23647122,Muzaffarnagar 2013,Muzaffarnagar 2013,2017-05-26,134,Romance|Action|Drama,4.5,2,IN,,,,
502458,tt7782342,,90 to Win,90 to Win,2017-12-27,27,Drama,0.0,0,IN,,,,
812862,tt9162590,,Mirzaa,Mirzaa,2017-07-14,0,,0.0,0,IN,,,,
1373202,tt8159434,,The Blue Helmet,The Blue Helmet,2017-01-01,10,Drama,0.0,0,,,,,
464615,tt6974262,,The Big Fat City,The Big Fat City,2017-05-15,96,Drama,4.0,1,,,,,
745535,tt7243830,,The Affair,The Affair,2017-07-12,7,Romance,0.0,0,IN,,,,
946027,tt6751488,,Kumbh,Kumbh,2017-01-01,30,,0.0,0,,,,,
839439,tt13224766,Q129256422,Bal Ganesh and the Pomzom Planet,Bal Ganesh and the Pomzom Planet,2017-01-01,0,,8.5,2,,,,,
1019413,,,Before the Third Bell,Before the Third Bell,2017-08-06,63,Documentary,0.0,0,IN,,,,
574365,tt9198070,,Invisible Anguish,Invisible Anguish,2017-09-27,32,Drama,6.0,1,,,,,
694112,tt6081620,Q27536988,Life Ki Aisi Ki Taisi,Life Ki Aisi Ki Taisi,2017-03-24,0,,7.5,1,,,,,
460348,tt6642396,Q30638681,Jattu Engineer,Jattu Engineer,2017-06-29,139,Comedy|Drama,3.5,2,,,,,
478443,tt6755888,Q30634713,ISIS: Enemies of Humanity,ISIS: Enemies of Humanity,2017-11-03,135,,0.0,0,IN,,,,
833323,tt7606826,,Office #thebrightesthorrorfilm,Office #thebrightesthorrorfilm,2017-12-15,99,,0.0,0,,,,,
1623987,,,After Word,After Word,2017-01-01,21,,0.0,0,,,,,
1148266,tt13966292,,Contract Killer The beginning,Contract Killer The beginning,2017-04-25,25,Action|Comedy|Drama,0.0,0,,,,,
779889,,,Legends of Jagannath Puri,जगन्नाथ पुरी के महापुरूष,2017-07-03,37,,0.0,0,IN,,,,
798599,tt7649558,Q129953122,Mridang,Mridang,2017-12-15,108,Drama,6.0,1,,,,,
1121336,tt7763956,,Sabrang,Sabrang,2017-12-22,125,,0.0,0,,,,,
574281,,,Two Point Three (2.3),Two Point Three (2.3),2017-02-08,8,Drama,0.0,0,IN,,,,
1034653,tt7139084,,Yeh Ballet,Yeh Ballet,2017-06-07,15,Documentary,0.0,0,IN,,,,
1299923,,,Toast With The Ghost,प्यार है तुमसे,2017-01-01,113,Horror,0.0,0,IN,,,,
710877,tt8665960,,Taraash,Taraash,2017-11-09,21,,0.0,0,,,,,
1471845,,,Let's Save Bobby,Let's Save Bobby,2017-11-10,8,Animation|Adventure|Fantasy,0.0,0,IN,,,,
832655,tt6868352,,Masti Nahi Sasti,Masti Nahi Sasti,2017-04-28,96,,0.0,0,,,,,
517184,tt8634446,Q109236925,Lock and Key,Taala Te Kunjee,2017-11-02,82,,0.0,0,IN,,,,
521977,tt7340758,,Rupa's Boutique,Rupa's Boutique,2017-09-01,52,Documentary,5.0,1,HU|IN,,,,
465310,tt5324624,,God on a Leash,God on a Leash,2017-07-17,15,,0.0,0,US|IN,,,,
875872,tt5516556,,Masala Chai,Masala Chai,2017-11-10,80,,0.0,0,,,,,
843100,tt6375532,Q28753399,Prakash Electronic,Prakash Electronic,2017-01-06,0,,0.0,0,,,,,
952823,,,Chanderinama,Chanderinama,2017-07-14,13,Documentary,0.0,0,IN,,,,
1245622,tt7071122,,Jihad,Jihad,2017-09-01,130,,0.0,0,,,,,
757925,,,Kalaripayattu,Kalaripayattu,2017-10-19,28,Documentary,0.0,0,IN|US,,,,
474581,tt7191668,,The Rally,The Rally,2017-09-08,130,Action|Drama|Romance,0.0,0,,,,,
531180,,,Rewire,Rewire,2017-01-01,5,Animation,0.0,0,IN,,,,
1238542,tt9733616,,The Power Of Vardi,The Power Of Vardi,2017-12-15,110,,0.0,0,,,,,
973996,,,Welcome Valentine,Welcome Valentine,2017-07-28,16,,0.0,0,,,,,
843101,tt6359454,,Chauhar,Chauhar,2017-02-10,0,,0.0,0,,,,,
461162,,,Bachche Kachche Sachche,Bachche Kachche Sachche,2017-06-09,131,Comedy|Drama,10.0,1,,,,,
858965,tt11597488,,Tere Jaisa Yaar Kahan,Tere Jaisa Yaar Kahan,2017-11-25,16,,0.0,0,,,,,
534780,tt8108198,Q44612834,Andhadhun,अंधाधुन,2018-10-05,139,Crime|Mystery|Thriller|Comedy,7.6,661,IN,,,Maharashtra (India),India
538858,tt8239946,Q56279881,Tumbbad,तुम्बाड,2018-10-12,113,Fantasy|Horror,7.6,364,IN|SE,,,Maharashtra (India),India
518497,tt7142506,Q56859514,Sir,Monsieur (Sir),2018-09-20,99,Drama|Romance,7.1,115,IN|FR,,,Mumbai (India),India
530154,tt8439854,Q54959074,Lust Stories,Lust Stories,2018-06-15,120,Romance|Drama,6.255,147,IN,,,,
432527,tt5935704,Q27959891,Padmaavat,पद्मावत,2018-01-25,163,Drama|History|Romance,6.931,328,IN,Rajasthan (India),India,Rajasthan (India),India
472138,tt5970844,Q38160453,Thugs of Hindostan,Thugs of Hindostan,2018-11-07,164,Adventure|Action,5.516,129,IN|MT|TH,,,British Raj (British Empire),British Empire
533991,tt8108202,Q56274037,Stree,स्त्री,2018-08-31,128,Horror|Comedy,7.0,215,IN,,,,
523277,tt5474036,Q55080154,Manmarziyaan,मनमर्ज़ियाँ,2018-09-14,155,Romance|Drama,6.743,74,IN,,,Punjab (India),India
496328,tt6452574,Q28811017,Sanju,संजू,2018-06-28,161,Drama,7.2,229,IN|US,,,New York City (United States),United States
493623,tt6588966,Q29467155,Hichki,हिचकी,2018-03-23,116,Drama|Comedy,7.575,167,IN,,,Mumbai (India),India
569578,tt6531196,Q48671200,Ascharya Fuck It,Ascharyachakit!,2018-12-18,90,Thriller|Drama,4.5,11,IN,,,,
496076,tt6527426,Q30327528,Zero,शून्य,2018-12-21,164,Romance|Drama|Comedy,5.2,123,IN,,,,
503838,tt7363076,Q39670177,Raid,Raid,2018-03-16,120,Crime|Drama|Thriller,7.168,140,IN,,,Lucknow (India),India
641414,,,The Stitch,Taeb,2018-08-01,8,Drama,0.0,0,IN,,,,
444000,tt3823392,Q24806839,Love Sonia,Love Sonia,2018-09-14,126,Drama,7.147,34,IN,,,Los Angeles (United States),United States
496334,tt7720922,Q48671170,Batti Gul Meter Chalu,बत्ती गुल मीटर चालू,2018-09-21,161,Comedy|Drama,6.069,36,IN,,,,
496524,tt7212726,Q55389592,Simmba,सिंम्बा,2018-12-27,159,Action|Comedy,6.145,107,IN,,,Goa (India),India
524288,tt6939026,Q61269467,Period. End of Sentence.,Period. End of Sentence.,2018-04-05,26,Documentary,7.7,263,IN,,,India,India
504080,tt7638344,Q43302540,Dhadak,धड़क,2018-07-20,138,Romance|Drama|Comedy,6.885,61,IN,,,Rajasthan (India),India
505175,tt7853242,Q48671942,Love per Square Foot,Love per Square Foot,2018-02-14,133,Comedy|Romance,6.7,127,IN,,,,
447856,tt7218518,Q30692902,Pad Man,Pad Man,2018-02-09,140,Comedy|Drama,7.5,250,IN|US|HK,,,New York City (United States),United States
1635964,tt9271450,,Kahanibaaz,Kahanibaaz,2018-09-25,19,Crime|Thriller|Drama,0.0,0,IN,,,,
540620,tt8011276,Q56276778,Laila Majnu,लैला मजनू,2018-09-07,139,Drama|Romance,6.809,34,IN,,,Jammu and Kashmir (India),India
553347,tt7997646,,Page 16,Page 16,2018-08-10,96,Horror|Mystery,6.0,2,,,,,
496327,tt7147540,Q48965024,Sui Dhaaga - Made in India,सुई धागा,2018-09-28,150,Comedy|Drama|Family,7.252,103,IN,,,India,India
485088,tt5214108,Q60737812,Juze,Juje,2018-01-17,94,Drama,6.8,3,FR|IN|NL,,,Goa (India),India
465642,tt6826438,Q30554097,Parmanu: The Story of Pokhran,Parmanu: The Story of Pokhran,2018-05-25,129,Drama|History|Thriller,7.1,120,IN,,,Rajasthan (India),India
491629,tt7098658,Q39057768,Raazi,राज़ी,2018-05-10,138,Thriller|Drama|History,7.262,206,IN,,,,
496316,tt6843812,Q38804949,Baaghi 2,बागी 2,2018-03-30,145,Action|Crime|Adventure|Mystery|Thriller,5.685,92,IN|TH,,,Goa (India),India
496527,tt7700730,Q48673919,October,October,2018-04-13,109,Drama|Romance,7.0,120,IN,,,Delhi (India),India
465656,tt7027278,Q39073948,Kedarnath,केदारनाथ,2018-12-07,120,Romance,6.606,52,IN,,,,
549829,tt7820846,Q55080204,Loveyatri,लव यात्री,2018-10-05,140,Drama|Romance|Comedy|Music,5.333,18,IN,,,,
538394,tt8060624,Q48967587,Nawabzaade,नवबज़ादे,2018-07-27,112,Comedy|Romance,4.9,10,IN,,,,
483189,tt5842616,Q28841910,Veere Di Wedding,वीरे दी वेडिंग,2018-06-01,135,Drama|Comedy,4.64,43,IN,,,,
498479,tt6275262,Q27965063,Vodka Diaries,Vodka Diaries,2018-01-19,112,Mystery|Thriller,6.0,16,IN,,,Himachal Pradesh (India),India
523192,tt5749012,,Mehsampur,Mehsampur,2018-05-12,98,Drama|Documentary|Fantasy,4.6,7,IN,,,,
513540,tt7384848,Q55470608,Missing,Missing,2018-04-06,120,Thriller|Mystery,6.1,18,IN,,,,
518446,tt8374208,,Circus,Sarkas,2018-04-19,26,Drama,0.0,0,IN,,,,
489852,tt7690638,Q48673905,Soorma,सूरमा,2018-07-13,131,Drama,7.2,43,IN|US,Serbia,Serbia,Punjab (India),India
556907,tt6514196,Q47499776,Baazaar,बाज़ार,2018-10-26,140,Crime|Drama|Thriller,6.1,33,IN,,,,
813106,tt9071180,,Burning,Burning,2018-11-20,18,,6.7,6,IN,,,,
517975,tt6923462,Q30610347,Manto,मंटो,2018-05-24,112,Drama|History,7.352,54,IN,,,Lahore (Pakistan),Pakistan
496320,tt7431594,Q43302283,Race 3,Race 3,2018-06-15,160,Thriller|Action|Crime|Adventure,3.572,91,IN,,,,
566740,tt7720254,Q47004716,Jaane kyun de yaaron,Jaane kyun de yaaron,2018-02-16,211,Drama,0.0,0,,,,,
512098,tt6972140,Q48735059,Blackmail,Blackmail,2018-04-06,138,Comedy|Thriller,6.9,113,IN,,,,
531597,tt8202612,Q53869754,Satyameva Jayate,सत्यमेव जयते,2018-08-15,142,Action|Thriller,6.403,62,IN,,,,
588147,tt5436698,Q29344760,Kashmir Daily,Kashmir Daily,2018-01-05,148,Drama|Thriller,10.0,1,IN,,,Jammu and Kashmir (India),India
461649,tt7329858,Q39070768,Pari,परी,2018-03-02,135,Horror|Mystery,6.442,60,IN,,,,
515192,tt8175968,Q55613710,High Jack,High Jack,2018-04-20,0,Comedy,7.0,5,IN,,,,
547865,tt8426854,Q56276867,Jalebi,जलेबी,2018-10-12,112,Drama|Romance,6.481,26,IN,,,,
478682,tt6173990,Q39070393,Gold,Gold,2018-08-15,170,Drama|History,7.0,85,IN,,,,
547654,tt7725596,Q48734430,Badhaai Ho,बधाई हो,2018-10-19,125,Comedy|Romance|Drama,7.3,185,IN,,,,
479491,tt2302416,Q41848268,Gali Guleiyan,गली गुलेयन,2018-03-15,117,Thriller|Drama,6.875,8,GB|IN,,,,
533237,tt7919680,Q48672560,Karwaan,कारवाँ,2018-08-03,125,Adventure|Comedy,7.1,120,IN,,,,
1235818,tt8917560,,Aunty Ji,Aunty Ji,2018-08-29,20,,0.0,0,,,,,
470641,tt7180544,Q39047419,Mukkabaaz,मुक्काबाज़,2018-01-12,145,Drama,7.5,50,IN,,,Uttar Pradesh (India),India
506456,tt7275232,Q47544971,Welcome to New York,Welcome to New York,2018-02-23,118,Drama|Comedy,3.3,3,IN,,,,
540612,tt7162758,Q56289851,Paltan,पल्टन,2018-09-07,123,War|Drama|Action,6.0,17,IN,,,,
573069,tt6667252,Q59733851,Gaon,Gaon,2018-01-17,131,Drama,3.7,3,,,,,
440792,tt3224288,Q28753483,Beyond the Clouds,Beyond the Clouds,2018-04-20,120,Family|Drama,6.407,27,IR|IN,,,Mumbai (India),India
493620,tt6774212,Q29831625,Aiyaary,अय्यारी,2018-02-16,157,Crime|Drama|Thriller,5.725,60,IN,Egypt,Egypt,,
512180,tt7609114,Q33101667,Yamla Pagla Deewana: Phir Se,यमला पगला दिवाना फिर से,2018-08-31,147,Comedy|Drama,3.692,13,IN,,,,
498598,tt7581902,Q47516672,Sonu Ke Titu Ki Sweety,सोनू के टीटू की स्वीटी,2018-02-23,144,Romance|Comedy,6.613,137,GE|IN,,,Turkey,Turkey
527725,tt8324474,Q55390584,Hope Aur Hum,होप और हम,2018-05-11,96,Comedy|Drama,6.1,4,IN,,,,
543692,tt7607940,Q55080299,Namaste England,नमस्ते इंग्लैंड,2018-10-19,141,Comedy|Romance,5.4,12,IN,,,England (United Kingdom),United Kingdom
1054713,tt8481316,,Sunday,Itwaar,2018-08-15,14,Drama|Family|Comedy,0.0,0,IN,,,,
824517,tt8962380,,Katran,Katran,2018-11-12,15,Drama,5.5,2,IN,,,,
465651,tt6384386,Q38804955,Fanney Khan,फन्ने खां,2018-06-15,129,Comedy|Drama|Music,5.3,23,IN,,,,
527511,tt6129302,Q26252641,Bhavesh Joshi Superhero,Bhavesh Joshi Superhero,2018-06-01,155,Action|Drama,7.5,59,IN,,,Mumbai (India),India
527851,tt7617988,Q48671291,Kuchh Bheege Alfaaz,Kuchh Bheege Alfaaz,2018-02-16,116,Romance|Drama,7.2,9,IN,,,,
1463774,tt2363411,,Tenth Race,Tenth Race,2018-01-24,15,Thriller|Crime,0.0,0,IN,,,,
586091,tt7687138,,Bhor,Bhor,2018-11-20,91,,7.0,1,IN,,,,
502702,tt7172308,,Kuldip Patwal: I Didn't Do It!,Kuldip Patwal: I Didn't Do It!,2018-02-02,126,Crime|Drama|Mystery,4.5,4,IN,,,,
589965,tt8819142,,Half Songs,Half Songs,2018-01-01,80,Romance,0.0,0,IN,,,,
688282,tt11102268,,Nitishastra,Nitishastra,2018-06-04,20,Action|Drama,4.7,2,IN,,,,
491478,tt7028460,Q122808646,Three and a Half,Teen Aur Aadha,2018-01-10,121,Crime|Drama,3.6,5,,,,,
863966,tt6849480,,Jaan Jigar: Beloved,Jaan Jigar: Beloved,2018-01-29,18,Romance|Drama|Crime|Thriller,0.0,0,IN,,,,
782000,,,Tell Me,Tell Me,2018-05-25,18,Drama|Thriller,0.0,0,IN,,,,
521080,tt8223250,Q53719915,Bioscopewala,बायस्‍कोपवाला,2018-05-25,95,Drama,7.0,8,IN,,,Afghanistan,Afghanistan
460713,tt6580564,Q16056821,102 Not Out,102 Not Out,2018-05-04,107,Comedy|Family|Drama,7.357,70,IN|US,,,,
512114,tt5598578,Q48671858,Baa Baaa Black Sheep,Baa Baaa Black Sheep,2018-03-23,103,Action|Comedy|Crime,5.0,1,IN,,,,
547768,tt8852558,Q56278546,Mitron,Mitron,2018-09-14,116,Romance|Comedy|Family,6.615,13,,Ahmedabad (India)|Siddhpur (India)|Surat (India)|Vadodara (India),India,,
563987,tt8458202,Q60737583,Pihu,Pihu,2018-11-16,91,Thriller|Drama,7.6,97,IN,,,,
1641767,tt11790640,,If She Built a Country,अगर वह देश बनाती,2018-12-17,60,Documentary,0.0,0,IN,,,,
466210,tt5791986,Q60738646,III Smoking Barrels,III Smoking Barrels,2018-09-21,127,Drama,7.0,2,,,,,
1487276,tt6424216,,21 Sarfarosh - Saragarhi 1987,21 Sarfarosh - Saragarhi 1987,2018-02-12,112,History|War,5.0,2,IN,,,,
921419,tt10010814,Q76382302,Turtle,Turtle,2018-06-02,0,Drama,6.0,1,,,,,
688909,tt8958998,,Breast Tax,Mulakaram,2018-05-08,14,History,0.0,0,,,,,
1617066,,,Leap Lipi,Leap Lipi,2018-02-21,9,Drama,0.0,0,IN,,,,
526090,tt7618184,Q43302462,Mulk,मुल्क,2018-08-03,140,Drama,6.739,44,IN,,,,
563150,tt9070934,Q58411371,The Journey of Karma,The Journey of Karma,2018-10-26,98,Drama,2.0,1,IN,,,,
585389,tt7884086,Q63323482,Pareshaan Parinda,Pareshaan Parinda,2018-03-23,0,,0.0,0,,,,,
714731,tt8324486,,Copy,Copy,2018-04-29,40,Science Fiction|Mystery,0.0,0,IN,,,,
534686,tt7695014,Q42530214,"Saheb, Biwi Aur Gangster 3",साहेब बीवी और गैंगस्टर 3,2018-07-27,134,Action|Drama|Thriller,6.0,5,IN,,,,
538126,tt8698956,Q55640940,Lupt,लुप्त,2018-11-02,117,Horror|Thriller,3.9,13,,,,,
515189,tt7412738,Q48671860,Nanu Ki Jaanu,Nanu Ki Jaanu,2018-04-20,133,Comedy|Horror,5.5,11,IN,,,,
1180567,tt8207098,,Difficult People,Kashmakash,2018-05-13,20,Drama,0.0,0,IN,,,,
501192,tt5325684,Q42322844,Hate Story IV,Hate Story IV,2018-03-09,131,Thriller|Crime|Drama,5.2,18,IN,,,,
608148,tt9075918,,Halwa,Halwa,2018-05-03,16,Drama,0.0,0,US,,,,
515410,tt7856176,Q114665597,Shaadi Teri Bajayenge Hum Band,Shaadi Teri Bajayenge Hum Band,2018-03-23,140,Comedy,5.0,2,,,,,
1088859,,,The Playboy Mr. Sawhney,The Playboy Mr. Sawhney,2018-10-24,26,,0.0,0,,,,,
540571,tt6154834,Q114722398,Lashtam Pashtam,लश्तम पश्तम,2018-08-10,109,Drama,4.0,1,IN,,,,
1008301,,,The Other Way,The Other Way,2018-03-20,14,,0.0,0,IN,,,,
496999,tt7335176,Q39075445,Haseena,हसीना,2018-01-08,158,Comedy,6.0,3,IN,,,,
701281,,,Vaikhari,Vaikhari,2018-03-29,59,Documentary,0.0,0,IN,,,,
853944,,,Funeral Sunshine,Funeral Sunshine,2018-03-26,7,Thriller|Horror,8.0,1,IN,,,,
680548,tt8752458,,Four,Four,2018-06-01,5,,2.0,1,IN,,,,
547026,tt7526836,Q48671559,FryDay,फ्राईडे,2018-10-12,108,Comedy,6.167,6,IN,,,,
545273,tt8427036,Q48674439,Helicopter Eela,Helicopter Eela,2018-10-12,131,Drama,6.0,16,IN,,,Mumbai (India),India
491627,tt1971310,Q28101337,5 Weddings,5 Weddings,2018-10-26,94,Drama|Comedy|Romance,3.875,12,CA|IN|US,California (United States),United States,Los Angeles (United States),United States
356399,tt4949324,Q6890847,Mohalla Assi,मोहल्ला अस्सी,2018-11-16,120,Drama,6.2,5,IN,,,Uttar Pradesh (India),India
682656,tt10570062,,Kanika,Kanika,2018-11-23,7,Crime|Drama,7.0,1,,,,,
1025521,tt7794010,,Objection My God,Objection My God,2018-03-30,0,,0.0,0,,,,,
542460,tt8396128,Q56240003,Pataakha,पटाखा,2018-09-28,134,Action|Comedy|Drama,6.846,26,IN,,,Rajasthan (India),India
494950,tt6747420,Q55641537,Rajma Chawal,Rajma Chawal,2018-10-13,129,Comedy|Drama|Family,6.4,23,IN,,,Delhi (India),India
602613,tt7769346,Q64768661,Ekkees Tareekh Shubh Muhurat,Ekkees Tareekh Shubh Muhurat,2018-11-02,94,Drama,5.0,1,IN,,,,
492181,tt6958030,Q39069686,1921,1921,2018-01-12,144,Thriller|Horror,5.237,19,IN,,,England (United Kingdom),United Kingdom
652918,tt7262474,Q48671527,Raja Abroadiya,Raja Abroadiya,2018-03-16,106,Comedy|Drama,0.0,0,IN,,,,
475250,tt6978268,Q39072149,Omertà,Omertà,2018-04-20,96,Action|Drama,6.82,26,IN,,,,
468469,tt6102396,Q26252645,Kaalakaandi,Kaalakaandi,2018-01-12,112,Comedy|Thriller|Drama,6.2,33,IN,,,Mumbai (India),India
515045,tt6893404,Q110129711,Aithe 2.0,ఐతే 2.0,2018-03-16,120,Thriller|Crime,6.0,1,,,,,
363189,tt4979110,Q4822033,Daas Dev,दास देव,2018-03-23,160,Thriller|Drama,3.5,2,IN,,,,
822922,,,Jabali,Jabali,2018-11-24,10,Documentary,0.0,0,IN,,,,
513126,tt7317426,,Skywards,Skywards,2018-04-07,4,Documentary,0.0,0,IN|GB,,,,
1079699,,,Kartaa,Kartaa,2018-04-02,20,,0.0,0,,,,,
506808,tt6099494,Q88956286,Purdah,पर्दा,2018-03-03,71,Documentary,10.0,2,,,,,
600433,tt7916674,,Karim Mohammed,Karim Mohammed,2018-08-24,99,Drama,6.0,1,,,,,
563778,tt9105088,Q130582515,Zakir Khan: Kaksha Gyarvi,Zakir Khan: Kaksha Gyarvi,2018-11-23,75,Comedy,7.4,13,IN,,,,
1190190,tt8551394,,Kathor,Kathor,2018-08-31,0,,0.0,0,,,,,
538112,tt7881542,Q55080288,Happy Phirr Bhag Jayegi,हैप्पी फिर भाग जाएगी,2018-08-24,136,Drama|Romance|Comedy,6.321,14,IN,,,,
713609,tt7899630,,Maya,Maya,2018-12-19,18,Drama|Thriller,8.0,2,IN,,,,
482900,tt6149820,,Zoo,चिड़ियाघर,2018-07-01,100,Drama,7.3,3,,,,,
550488,tt2759338,Q17052183,Dassehra,दशहरा,2018-10-26,109,Thriller,10.0,1,,,,,
546653,tt8932884,,Baarish Aur Chowmein,Baarish Aur Chowmein,2018-08-31,48,Drama|Romance,6.3,3,IN,,,,
1192869,tt11238050,,Nirahua Hindustani 3,निरहुआ हिंदुस्तानी 3 के बा,2018-11-06,163,Action|Romance|Comedy,0.0,0,IN,,,,
557628,tt5759656,Q61642172,The Gold-Laden Sheep and The Sacred Mountain,Sona Dhwandi Bhed Te Suchha Pahad,2018-11-04,97,Mystery,7.6,4,IN,,,,
525729,tt8338746,Q52254005,Phamous,फेमस,2018-06-01,114,Crime|Drama|Romance,5.2,4,IN,,,,
547723,tt5020726,Q24882744,Silvat,Silvat,2018-09-07,45,Drama|Romance,5.5,2,IN,,,,
545620,tt7722258,Q50821743,Genius,Genius,2018-08-24,164,Thriller|Action,5.417,18,IN,,,,
726821,,,Pyaar Actually,Pyaar Actually,2018-10-18,42,Drama|Comedy|Romance,0.0,0,IN,,,,
1409373,,,Pehchaan,Pehchaan,2018-09-30,15,,0.0,0,,,,,
522988,tt8415272,Q65066139,Amoli,अमोली,2018-05-07,29,Documentary,6.0,1,IN,,,,
589960,tt8476138,,Tashi,Tashi,2018-12-01,93,Drama,0.0,0,SG,,,,
743377,tt11622924,,Pashi,Pashi,2018-04-14,32,Drama,3.4,4,IN,,,,
1591890,tt8037652,,"Jutti, the shoe","Jutti, the shoe",2018-02-13,10,Romance|Comedy,0.0,0,IN,,,,
498594,tt7277150,Q7039936,Nirdosh,Nirdosh,2018-01-19,105,Mystery|Thriller,5.5,2,IN,,,,
1088857,tt7799342,,Skin of Marble,Skin of Marble,2018-03-10,20,Drama,0.0,0,IN,,,,
587060,tt9007142,Q58411217,The Dark Side of Life: Mumbai City,The Dark Side of Life: Mumbai City,2018-11-23,125,Drama,3.5,2,,,,,
526133,tt7260848,Q55390756,Khajoor Pe Atke,खजूर पे अटके,2018-05-18,119,Comedy,5.5,2,IN,,,,
508287,tt7262178,Q48671820,Veerey Ki Wedding,Veerey Ki Wedding,2018-03-02,131,Comedy,4.0,6,,,,,
510404,tt6071752,Q48671597,Dil Juunglee,Dil Juunglee,2018-03-09,124,Comedy|Romance,6.3,6,IN|GB,,,,
1207377,tt8208372,Q56550883,Game Paisa ladki,Game Paisa ladki,2018-09-21,0,Thriller,0.0,0,IN,,,,
981491,tt9064492,,Blink,Blink,2018-09-28,15,Science Fiction|Mystery|Thriller,0.0,0,IN,,,,
559082,tt8998738,Q64768720,Lovefucked,Jaoon Kahan Bata Ae Dil,2018-10-26,105,Romance|Drama,4.8,9,IN,,,,
536895,tt8484590,Q55080335,Teri Bhabhi Hai Pagle,Teri Bhabhi Hai Pagle,2018-07-13,123,Comedy,9.0,1,,,,,
641417,,,River Story,River Story,2018-03-01,6,Documentary,0.0,0,IN,,,,
534985,tt2150177,Q4900828,Bhaiaji Superhitt,Bhaiaji Superhitt,2018-11-23,139,Action|Thriller|Comedy,4.0,5,IN,,,Uttar Pradesh (India),India
414109,tt6121432,Q25212447,Toba Tek Singh,Toba Tek Singh,2018-08-24,73,Drama,7.0,2,IN,,,,
538123,tt7476874,,Adrishya,अदृश्य,2018-08-03,106,Drama|Family|Horror,0.0,0,IN,,,,
498918,tt4114302,Q19627523,Phir Se,Phir Se,2018-01-15,118,Romance|Drama,6.0,4,IN,,,London (United Kingdom),United Kingdom
483670,tt4682128,Q20649585,Redrum,Redrum,2018-08-10,92,Thriller,7.0,1,,,,,
571273,tt2802062,Q56452554,Ishqeria,Ishqeria,2018-09-21,118,Comedy|Romance,4.8,4,IN,,,,
535372,tt6613812,Q55603986,Angrezi Mein Kehte Hain,अंग्रेजी में कहते हैं,2018-05-18,104,Drama,5.9,9,IN,,,,
628735,tt9064242,,An Engineered Dream,An Engineered Dream,2018-07-20,72,Documentary,0.0,0,IN|JP|SG|KR|TW,,,,
596178,tt3257794,Q63247987,Music Teacher,Music Teacher,2018-09-21,101,Drama|Music|Romance,6.6,11,IN,,,,
637946,tt8011712,Q55635451,The Past,The Past,2018-05-11,120,Drama|Horror,1.7,3,,,,,
542143,tt8774128,Q56604899,Chalo Jeete Hain,Chalo Jeete Hain,2018-07-29,31,Documentary,0.0,0,IN,,,,
1477554,,,Delhi Metro,Delhi Metro,2018-07-25,8,Comedy,10.0,1,IN,,,,
508362,tt6791258,,August 25,August 25,2018-01-01,17,Drama|Mystery,8.0,4,,,,,
718864,tt8484614,,Bhootwali Love Story,Bhootwali Love Story,2018-05-11,109,Comedy,6.0,1,,,,,
494211,tt4552546,Q48671696,3 Storeys,3 Storeys,2018-03-09,100,Drama,6.833,6,IN,,,,
581118,tt8406866,Q114665598,SP Chauhan,SP Chauhan,2018-02-07,136,Drama,8.6,4,IN,,,,
547650,tt8136908,Q56277772,Halkaa,Halkaa,2018-09-07,114,Drama,5.3,9,IN,,,,
585981,tt8491220,,Kuch Pal Pyar Ke,Kuch Pal Pyar Ke,2018-05-18,104,Drama|Thriller,4.0,1,IN,,,,
1339832,,,Welcome To The Horror House,Welcome To The Horror House,2018-01-01,5,,0.0,0,,,,,
370994,tt4794022,Q20058702,Udanchhoo,उडंछू,2018-01-05,123,Comedy|Crime|Drama,5.0,1,IN,,,,
1138984,tt11011668,Q56614301,Balamji Love You,Balamji Love You,2018-10-16,146,Drama|Action,0.0,0,IN,,,,
561292,tt6144958,Q58411234,Jack & Dil,Jack & Dil,2018-11-02,98,Romance|Comedy,0.0,0,,,,,
525869,tt7698922,,Her First Time,Her First Time,2018-05-10,8,Drama,7.3,3,IN,,,,
1262293,,,Purana Pyaar,Purana Pyaar,2018-05-30,22,Romance,0.0,0,IN,,,,
554826,tt8476998,Q59727229,Bhonsle,भोंसले,2018-10-05,128,Drama,6.429,7,IN,,,Mumbai (India),India
545576,tt8857610,Q96394804,Namdev Bhau in Search of Silence,Namdev Bhau,2018-10-11,84,Comedy,6.5,2,IN,,,,
485096,tt7742704,Q55390718,Meri Nimmo,मेरी निम्मो,2018-04-27,90,Drama,7.5,4,,,,,
785043,tt7305704,,Mirchi Malini,Mirchi Malini,2018-04-29,44,Thriller,7.0,1,,,,,
785010,tt7722184,Q22905744,Pakhi,Pakhi,2018-09-21,100,Crime,7.0,1,,,,,
732717,tt6768582,,Everything is fine,Everything is fine,2018-05-10,18,Drama,5.0,2,IN,,,,
726960,tt12300832,,Panchaali,Panchaali,2018-05-26,49,Action,3.0,4,,,,,
538578,tt8458064,,The Indian Post Graduate,The Indian Post Graduate,2018-02-18,105,,0.0,0,,,,,
532913,,,Bhoot Bhaijaan,भूत भाईजान,2018-06-15,122,Comedy|Drama,10.0,1,IN,,,,
1470813,tt8959858,Q56615496,Plus Minus,Plus Minus,2018-09-14,18,Drama,7.7,3,,,,,
422586,tt6190346,,Jannat E Milan,Jannat E Milan,2018-03-23,135,Drama|Music|Romance,0.0,0,IN,,,,
580082,tt8133516,,Rogan Josh,Rogan Josh,2018-11-26,17,,3.2,4,IN,,,,
705674,tt11604654,,Through the Rainbow,Through the Rainbow,2018-12-08,30,,1.0,2,,,,,
580371,tt8706852,Q39055712,Hotel Milan,होटल मिलन,2018-11-16,130,Drama,2.0,1,,,,,
557568,tt9098208,,A Monsoon Date,A Monsoon Date,2018-10-28,21,Drama,0.0,0,IN,,,,
629889,tt9384614,,No More #MeToo,No More #MeToo,2018-09-09,15,Drama,0.0,0,,,,,
577316,tt8852654,,Maal Road Dilli,Maal Road Dilli,2018-10-12,145,Comedy,0.0,0,,,,,
568030,,Q59957388,Little Singham aur Kaal ka Mahajaal,Little Singham aur Kaal ka Mahajaal,2018-06-02,68,Family|Comedy|Action|Animation,0.0,0,,,,,
701532,tt9683802,,Love Training,Love Training,2018-11-02,129,Comedy,7.0,1,,,,,
1138995,tt13055964,Q56278976,Dulhan Ganga Paar Ke,Dulhan Ganga Paar Ke,2018-05-18,158,Action|Drama,0.0,0,IN,,,,
1363118,,,Maa,Maa,2018-01-10,13,Drama,0.0,0,,,,,
500055,tt4335954,Q48671327,My Birthday Song,My Birthday Song,2018-01-19,95,Thriller,5.7,3,IN,,,,
532921,tt8430866,Q55392205,Hanuman Vs Mahiravana,हनुमान वस माहिरवाना,2018-06-22,91,Animation,6.0,2,IN,,,,
741381,,,Please Mind the Gap,Please Mind the Gap,2018-07-22,20,,0.0,0,,,,,
543521,tt8634618,Q130465678,Gaurav Kapoor: HahaKaar,Gaurav Kapoor: HahaKaar,2018-07-20,50,Comedy,7.0,3,IN,,,,
848997,tt8413732,,Good Luck,Good Luck,2018-04-29,44,Thriller,0.0,0,IN|HK,,,,
1440182,,,The Barber,Kaanch,2018-12-07,5,Animation|Horror,0.0,0,IN,,,,
651802,,,Little Singham in London,Little Singham Chala London,2018-11-07,66,Animation,0.0,0,IN,,,,
846942,,,Roohi,Roohi,2018-09-06,7,Drama,0.0,0,IN,,,,
517528,,,Dream of A Green Panther,Dream of A Green Panther,2018-04-08,10,,8.0,1,IN,,,,
515194,tt8171022,Q114665596,Ishq Tera,Ishq Tera,2018-04-20,0,Romance,0.0,0,IN,,,,
531395,tt7745976,Q113401809,Boys Who Like Girls,Boys Who Like Girls,2018-09-30,68,Documentary,4.7,3,FI|IN|NO,,,,
517180,tt6966866,Q104866783,Counterfeit Kunkoo,Counterfeit Kunkoo,2018-01-18,15,Drama,7.2,5,IN,,,,
1198940,tt7560484,,Gauru: Journey of Courage,गौरू: यात्रा साहस की,2018-01-12,124,Adventure|Drama|Family,0.0,0,,,,,
568949,tt8458170,,Khejdi,Khejdi,2018-05-24,92,,6.0,1,,,,,
1041727,,,The Good Vibes,The Good Vibes,2018-08-08,117,Comedy|Drama,0.0,0,,,,,
487833,,,Redu,Redu,2018-05-18,0,Drama|Family,0.0,0,,,,,
785050,tt8537630,,Delhi 47 km,Delhi 47 km,2018-07-20,98,Drama,5.0,1,,,,,
543648,tt9318514,Q85851736,Reason,विवेक,2018-09-10,218,Documentary,8.5,4,IN,,,,
817873,,,Motu Patlu in the City of Gold,Motu Patlu in the City of Gold,2018-04-29,77,,0.0,0,,,,,
597310,tt7926824,Q101117482,When Obama Loved Osama,When Obama Loved Osama,2018-07-27,0,,5.0,1,,,,,
820819,tt20835872,,Motu Patlu Dino Invasion,Motu Patlu Dino Invasion,2018-06-24,80,Animation,0.0,0,IN,,,,
1465968,,,Overdose,OverDose,2018-09-20,1,Thriller,0.0,0,IN,,,,
549184,tt7274806,Q51654409,Kaashi in Search of Ganga,Kaashi in Search of Ganga,2018-10-26,125,Thriller|Drama,4.2,5,IN,,,,
584943,tt8933330,,Bhaagte Raho,Bhaagte Raho,2018-12-14,115,Comedy,0.0,0,,,,,
979317,,,A Kali Temple Inside Out,A Kali Temple Inside Out,2018-06-06,83,Documentary,0.0,0,,,,,
1448148,,,Hits of Lata Mangeshkar - Vol .1,Hits of Lata Mangeshkar - Vol .1,2018-01-01,230,Music,0.0,0,,,,,
945824,tt8364244,,The Colour of My Home,The Colour of My Home,2018-01-01,49,,0.0,0,IN,,,,
764690,tt9725058,,Lateef To Laden,Lateef To Laden,2018-10-26,0,Comedy,0.0,0,,,,,
513997,tt8182448,,Kautuk Srivastava : Anatomy Of Awkward,Kautuk Srivastava : Anatomy Of Awkward,2018-03-23,66,Comedy,8.0,1,IN,,,,
801929,tt8762020,,River Song,River Song,2018-07-22,104,Drama,6.0,1,IN,,,,
512131,tt6260316,,Dr. Abdul Kalam,Dr. Abdul Kalam,2018-12-31,0,,0.0,0,,,,,
759940,tt12008774,,The Last Letter,The Last Letter,2018-07-01,15,,0.0,0,,,,,
816866,tt11866294,,The Choice,The Choice,2018-02-17,0,,0.0,0,IN,,,,
1590146,,,Not  for Display,Not  for Display,2018-10-07,9,Documentary,0.0,0,IN,,,,
554829,tt8327336,,The Sound Man Mangesh Desai,The Sound Man Mangesh Desai,2018-10-27,122,,0.0,0,IN,,,,
502400,tt8842320,,Raghu Rai: An Unframed Portrait,Raghu Rai: An Unframed Portrait,2018-02-01,55,Documentary,5.0,1,,,,,
517101,tt8160932,Q130471786,Nishant Tanwar : Dilli Se Hoon B*@!%D,Nishant Tanwar : Dilli Se Hoon B*@!%D,2018-04-06,59,Comedy,6.2,4,IN,,,,
574377,,,Wajah,Wajah,2018-05-04,32,,4.0,1,,,,,
1224098,,,Anta Fazila,Anta Fazila,2018-01-01,0,Horror|Drama,0.0,0,,,,,
589957,tt8286142,,Ek Aasha,Ek Aasha,2018-09-01,123,Drama,4.0,3,AU|IN,,,,
1542226,tt29010018,,malwa maratha,malwa maratha,2018-06-04,95,Action,0.0,0,,,,,
1111390,,,Rudra: Dawn Of The Dangerous Dongreela,Rudra: Dawn Of The Dangerous Dongreela,2018-12-23,0,Animation|Fantasy|Family,0.0,0,IN,,,,
457686,tt6482642,,We are Humanity,We are Humanity,2018-05-02,90,Documentary,5.5,2,FR,,,,
898453,tt15816196,,Other Side of Love,Other Side of Love,2018-10-19,57,,1.0,2,,,,,
856826,tt8743140,Q130582327,Unmaad,Unmaad,2018-08-10,0,,0.0,0,,,,,
514873,,,Dream Of A Green Panther,Dream Of A Green Panther,2018-04-08,10,,0.0,0,IN,,,,
977001,,,For Susan,For Susan,2018-01-28,25,Documentary,0.0,0,,,,,
606616,tt30215853,,Bheemayan,Bheemayan,2018-11-07,62,War|Animation|Family|Action|Adventure,0.0,0,,,,,
1206166,,,Prabho Shivaji Raja,Prabho Shivaji Raja,2018-02-16,105,Animation,0.0,0,IN,,,,
589962,,,"Vardaniya, Beti Ek Vardaan","Vardaniya, Beti Ek Vardaan",2018-01-01,101,Drama,0.0,0,IN,,,,
988555,,,Paani: Of Women And Water,Paani: Of Women And Water,2018-01-01,22,Documentary,0.0,0,IN,,,,
847290,tt10256102,,Tehreer,Tehreer,2018-12-31,0,,0.0,0,,,,,
1361507,,,500 Rupees,500 Rupees,2018-01-17,16,Drama,0.0,0,,,,,
938140,tt13773494,,Compromise,Compromise,2018-01-01,80,Drama,0.0,0,,,,,
1395480,tt10846072,,Delhi Bus,Delhi Bus,2018-07-18,89,,0.0,0,,,,,
990843,,,After Party,After Party,2018-07-27,8,,0.0,0,,,,,
741374,,,Breaking Out!,Breaking Out!,2018-07-28,24,,0.0,0,,,,,
819849,tt9376752,,That Man in the Picture,That Man in the Picture,2018-01-01,0,,0.0,0,,,,,
1360343,tt8333430,,Shootout at etawah safari,Shootout at etawah safari,2018-04-13,128,Thriller,0.0,0,,,,,
1128667,tt26472160,,Veeru,Veeru,2018-06-20,0,Documentary,0.0,0,,,,,
779922,,,Womeniya: Rhythm of Change,Womeniya: Rhythm of Change,2018-09-30,19,Documentary,0.0,0,IN,,,,
921846,,,Chakarghinni,Chakarghinni,2018-01-01,117,Drama,0.0,0,IN,,,,
689060,tt8207126,,Biryani,Biryani,2018-02-22,20,Drama,0.0,0,IN,,,,
714599,tt7140956,,Maharajin,Maharajin,2018-01-17,30,Documentary,0.0,0,IN,,,,
1172297,tt12209930,,Bihari Gamchawala,Bihari Gamchawala,2018-11-03,0,Action|Romance,0.0,0,,,,,
1208147,tt8359682,,Laatsahab,Laatsahab,2018-06-02,0,,0.0,0,,,,,
986449,,,The Choice,The Choice,2018-05-25,8,,0.0,0,,,,,
949336,tt9140640,,Antim Paath,Antim Paath,2018-12-31,22,Drama,0.0,0,,,,,
877162,tt14787362,,Hum Teen Saat Saat,Hum Teen Saat Saat,2018-04-12,0,,0.0,0,,,,,
585268,tt7430722,Q64390886,War,War,2019-10-02,152,Action|Thriller|Adventure,6.759,397,IN,Bellagio (Italy)|Blevio (Italy)|Lake Como (Italy)|Moltrasio (Italy),Italy,Mumbai (India),India
554600,tt8291224,Q58411644,Uri: The Surgical Strike,Uri: The Surgical Strike,2019-01-11,138,Action|Drama|War,7.1,500,IN,,,Jammu and Kashmir (India),India
556271,tt6988116,Q55080231,Kalank,कलंक,2019-04-17,166,Drama|Romance,5.8,62,IN,,,British Raj (British Empire),British Empire
1340329,tt11502700,,Sepia,Sepia,2019-12-10,30,Romance|Drama,0.0,0,IN,,,,
543693,tt8785426,Q56277377,Jabariya Jodi,ज़बरिया जोड़ी,2019-08-09,144,Drama|Romance,4.538,13,IN,,,Bihar (India),India
581361,tt8130968,Q55604677,Badla,बदला,2019-03-08,120,Crime|Thriller,7.254,185,IN,,,,
645998,tt11163028,Q78207282,House Arrest,House Arrest,2019-11-15,104,Comedy,6.3,16,IN,,,,
491625,tt2395469,Q48671143,Gully Boy,गल्ली बॉय,2019-02-14,156,Music|Drama,7.3,226,IN,,,Mumbai (India),India
539036,tt6078866,Q56452559,Soni,सोनी,2019-01-18,97,Drama|Crime,6.815,46,IN,,,,
627715,tt9248934,Q58411779,Marjaavaan,मरजावाँ,2019-11-15,133,Romance|Action,6.9,38,IN,,,,
466550,tt6593054,Q28879408,Drive,Drive,2019-11-01,119,Action|Thriller,5.0,64,IN,,,Mumbai (India),India
596650,tt9052870,Q59725641,Chhichhore,छिछोरे,2019-09-05,146,Romance|Comedy|Drama,7.7,195,IN,,,,
560964,tt7463730,Q56274036,Junglee,जंगली,2019-03-29,115,Action|Adventure,6.7,110,IN,,,,
503129,tt7255568,Q28444714,Student of the Year 2,Student of the Year 2,2019-05-10,146,Romance|Comedy|Drama,4.1,89,IN,,,,
658767,,,Intercourse,Intercourse,2019-12-25,22,,6.0,1,IN,,,,
431582,tt2257284,Q39071317,Line of Descent,Line of Descent,2019-12-13,104,Crime|Drama,4.6,7,US|IN,,,Delhi (India),India
514586,tt7778680,Q65117495,Photograph,फोटोग्राफ,2019-03-15,111,Drama|Romance,6.7,84,DE|IN|US,,,Mumbai (India),India
813117,,,Shadow Bird,Sonsi,2019-11-22,26,Fantasy|Mystery,0.0,0,IN,,,,
590401,tt8647400,Q48671600,De De Pyaar De,De De Pyaar De,2019-05-17,135,Romance|Comedy,6.1,66,IN,,,,
576121,tt7639372,Q7827995,Total Dhamaal,टोटल धमाल,2019-02-22,127,Comedy|Adventure,5.2,56,IN,,,,
613446,tt8902990,Q56277682,The Sky Is Pink,The Sky Is Pink,2019-10-11,143,Romance|Drama|Comedy,7.75,82,IN|GB|US,,,,
569594,tt7721800,Q48674144,Bharat,भारत,2019-06-05,155,Action|History|Drama,5.986,72,IN,,,,
696483,tt6303094,,Tindey,Tindey,2019-09-28,20,Comedy,4.3,3,IN,,,,
577328,tt8983202,Q58411760,Kabir Singh,कबीर सिंह,2019-06-20,172,Drama|Romance,6.353,194,IN,,,Mumbai (India),India
534075,tt7485048,Q48674720,Super 30,सुपर 30,2019-07-12,153,Drama,7.302,144,IN,,,,
643534,tt8504014,Q62080705,Good Newwz,गुड न्यूज़,2019-12-27,132,Romance|Comedy|Family|Drama,6.519,104,IN,,,,
498448,tt6264938,Q47090463,Kesari,केसरी,2019-03-21,151,Action|Drama|History|War,7.1,127,IN,,,British Raj (British Empire),British Empire
583169,tt9056988,,Number Game,Number Game,2019-02-15,117,Horror|Mystery|Thriller,6.0,1,IN,,,,
597089,tt10324144,Q62073524,Article 15,Article 15,2019-05-28,130,Crime|Drama|Thriller,7.6,184,IN,,,,
611594,tt9248972,Q60738336,Mission Mangal,मिशन मंगल,2019-08-15,133,Drama|History,6.7,84,IN,,,,
578285,tt9663460,Q77889594,Unbroken,Rubaru Roshni,2019-01-26,110,Documentary,7.7,7,IN,,,,
582153,,,Gully Boy: Live In Concert,Gully Boy: Live In Concert,2019-02-14,57,Music|Documentary,5.4,4,IN,,,,
491622,tt6903440,Q30639027,Manikarnika: The Queen of Jhansi,iमणिकर्णिका,2019-01-25,148,History|Drama|Action,6.5,57,IN,,,Uttar Pradesh (India),India
667914,,,The Typewriter,The Typewriter,2019-12-13,26,Romance,0.0,0,IN,,,,
649487,tt9495690,Q65081567,Pagalpanti,पागलपंती,2019-11-22,149,Comedy|Action,4.3,23,IN,,,,
689816,tt9540058,,Paarth Saarathi,Paarth Saarathi,2019-12-09,22,Crime|Drama,0.0,0,,,,,
541495,tt8055888,Q56278775,The Man Who Feels No Pain,मर्द को दर्द नहीं होता,2019-03-21,136,Action|Comedy,6.8,82,IN,,,,
611748,tt7721946,Q48495861,Housefull 4,Housefull 4,2019-10-25,142,Comedy|Drama|Romance,5.5,109,IN,,,London (United Kingdom),United Kingdom
606599,tt8983168,Q61964946,Commando 3,कमांडो 3,2019-11-28,133,Action|Thriller,7.0,41,IN,,,,
533148,tt8108164,Q48671694,Ek Ladki Ko Dekha Toh Aisa Laga,एक लड़की को देखा तोह ऐसा लगा,2019-02-01,121,Romance|Drama,5.6,65,IN,,,Punjab (India),India
590350,tt9680136,Q63093209,Pati Patni Aur Woh,पति पत्नी और वो,2019-12-06,115,Comedy|Romance,6.1,52,IN,,,,
452095,tt5178120,Q39058711,The Song of Scorpions,The Song of Scorpions,2019-09-19,120,Drama,7.6,8,FR|CH|IN,,,,
399071,tt5605730,Q20487444,Cabaret,Cabaret,2019-01-09,93,Music|Romance|Drama,2.7,3,IN,,,,
667542,tt9822470,,Reunion,Reunion,2019-01-01,68,Drama|Romance,10.0,2,IN,,,,
460868,tt6986710,Q30611767,The Accidental Prime Minister,The Accidental Prime Minister,2019-01-11,111,History|Drama,5.3,27,IN,,,,
640076,tt8983180,Q59726725,Made In China,Made In China,2019-10-25,130,Comedy|Drama,5.8,23,IN,,,Ahmedabad (India),India
496339,tt7059844,Q63091614,Dabangg 3,दबंग्ग ३,2019-12-20,150,Action|Comedy|Crime,4.776,67,IN,,,,
613225,tt8130558,Q64768598,One Day: Justice Delivered,One Day: Justice Delivered,2019-07-05,124,Crime|Thriller|Drama,4.6,10,IN,,,,
619061,tt7743400,Q77885665,Jhalki,झलकी,2019-09-27,105,Drama,6.8,5,,,,,
621385,tt10671436,Q77885023,Barot House,Barot House,2019-08-07,90,Thriller|Mystery,6.2,11,IN,,,,
621003,tt9052960,Q63966964,Laal Kaptaan,लाल कप्तान,2019-10-18,155,Drama|Action,7.283,30,IN,,,British Raj (British Empire),British Empire
579224,tt9248940,Q60737643,Dream Girl,ड्रीम गर्ल,2019-09-13,142,Romance|Comedy,6.4,95,IN,,,,
577332,tt8176040,Q50624631,Panipat,पानीपट,2019-12-06,171,Action|History|War|Romance,6.1,40,IN,,,Afghanistan,Afghanistan
585062,tt8908002,Q56042818,Luka Chuppi,लुक्का चुप्पी,2019-03-01,126,Comedy|Romance,5.99,103,IN,,,,
535144,tt8108200,Q55080201,Sonchiriya,सोनचिरिया,2019-03-01,145,Crime|Action|Drama,8.0,43,IN,,,,
550485,tt8869978,Q59725624,Batla House,Batla House,2019-08-15,146,Action|Drama|Thriller,6.8,69,IN,,,Delhi (India),India
585862,tt8550208,Q64768011,Romeo Akbar Walter,रोमियो अकबर वॉल्टर,2019-03-15,141,Action|Thriller,6.136,45,IN,,,,
551688,tt8108196,Q55080162,Judgementall Hai Kya,जजमेंटल है क्या,2019-07-26,153,Comedy|Drama|Thriller,5.5,24,IN,,,,
579230,tt9420648,Q63941454,Bala,बाला,2019-11-07,133,Comedy|Romance,6.518,109,IN,,,Lucknow (India),India
648316,tt8130904,Q85532356,The Body,The Body,2019-12-13,101,Thriller|Mystery,5.625,44,IN,,,,
651989,,,Silent Ties,Silent Ties,2019-11-18,10,,0.0,0,IN,,,,
599598,tt8484942,Q59726501,India's Most Wanted,India's Most Wanted,2019-05-17,123,Action|Thriller,5.1,14,IN,,,,
589735,tt9078990,,Khamiyaza,Khamiyaza,2019-01-11,130,Action|Drama,4.0,1,,,,,
849878,,,The Promise,The Promise,2019-11-13,25,Romance|Fantasy,0.0,0,IN,,,,
581928,tt9496198,,Parking Closed,Parking Closed,2019-02-08,112,Thriller,0.0,0,IN,,,,
589291,tt9558612,Q62233423,PM Narendra Modi,पी एम नरेंद्र मोदी,2019-05-24,135,Drama|History,3.7,11,IN,,,India,India
783434,tt9511022,,Rescue,Rescue,2019-06-14,80,Drama,5.0,1,,,,,
507941,tt8144834,Q62815320,Section 375,Section 375,2019-09-13,124,Drama|Thriller,7.438,81,IN,,,,
629551,,,Good News,Good News,2019-12-27,131,,0.0,0,,,,,
690480,tt8569206,Q85851316,Little Baby,Little Baby,2019-09-27,105,Family|Drama,0.0,0,IN,,,,
710285,tt12942206,,In the Land of Poison Women,Bishkanyar Deshot,2019-06-12,104,Drama,0.0,0,IN,,,,
624794,tt10645878,Q96399844,Posham Pa,Posham Pa,2019-08-21,150,Crime|Drama|Thriller,6.0,5,IN,,,,
614256,tt10288820,Q56063769,Chhota Bheem: Kung Fu Dhamaka,Chhota Bheem: Kung Fu Dhamaka,2019-05-10,97,Animation|Adventure|Action,8.3,3,,,,China,China
1412843,tt10545460,,SUNO,SUNO,2019-06-22,11,,0.0,0,,,,,
663885,,,Missing Days,Gumnaam Din,2019-09-20,29,Documentary,0.0,0,IN,,,,
587317,tt8435324,Q77885433,Bombay Rose,Bombay Rose,2019-08-28,93,Animation|Drama|Romance,6.7,33,FR|IN|QA|GB,,,,
559673,tt7527082,Q48672739,Hamid,Hamid,2019-03-15,108,Drama,7.107,14,IN,,,,
589968,tt9000388,Q110752567,Tottaa Pataaka Item Maal,टोटा पटाखा आइटम माल,2019-07-27,107,Drama,4.7,3,IN,,,,
1085579,,,The Family Man Reunion,The Family Man Reunion,2019-10-04,6,,0.0,0,IN,,,,
591101,tt5668770,Q62568912,Mardaani 2,मर्दानी 2,2019-12-12,103,Action|Crime|Thriller,7.049,82,IN,,,Mumbai (India),India
594673,tt8108268,Q55080130,The Tashkent Files,The Tashkent Files,2019-04-12,144,Drama|Mystery|Thriller|History,7.22,59,IN,,,,
603540,tt8529208,,#Gadhvi (He thought he was Gandhi),#Gadhvi (He thought he was Gandhi),2019-06-21,109,Drama,5.0,1,IN,,,,
557127,tt8779064,,Chuskit,Chuskit,2019-02-18,89,Drama|Family,10.0,1,IN,,,,
546241,tt4232066,Q63433476,Once Again,Once Again,2019-04-24,101,Drama|Romance,6.188,16,AT|DE|IN,,,,
1139006,tt10923312,,Crack Fighter,Crack Fighter,2019-03-21,155,Action|Drama,0.0,0,,,,,
551745,tt8207768,Q64768023,My Dear Prime Minister,मेरे प्यारे प्राइम मिनिस्टर,2019-03-14,104,Drama,6.455,11,IN,,,Mumbai (India),India
616172,tt8206760,Q65052793,Jhootha Kahin Ka,Jhootha Kahin Ka,2019-07-19,135,Comedy|Drama,4.7,5,IN,,,,
576152,tt9472208,Q60685996,Battalion 609,Battalion 609,2019-01-11,142,Action|War|Drama,0.0,0,,,,,
593214,tt9052936,Q63244731,Blank,Blank,2019-05-03,111,Action|Thriller,6.8,13,IN,,,,
568856,tt8396186,Q60737599,Amavas,अमावस,2019-02-07,133,Horror|Romance|Thriller,5.5,4,IN,,,,
1644517,tt11384950,,Maa Retire Hoti Hai,Maa Retire Hoti Hai,2019-01-20,134,Drama,0.0,0,IN,,,,
582375,tt9105014,Q65121656,Notebook,Notebook,2019-03-29,115,Romance|Drama,5.804,23,IN,,,,
641286,tt10816510,Q66809663,P Se Pyaar F Se Faraar,P Se Pyaar F Se Faraar,2019-10-18,132,Crime|Drama|Romance,10.0,2,IN,,,Uttar Pradesh (India),India
601801,tt10243678,Q64212378,Chopsticks,चॉपस्टिक्स,2019-05-31,100,Comedy|Drama,6.132,53,IN,,,,
604195,tt8304386,Q60852854,The Zoya Factor,The Zoya Factor,2019-09-19,134,Romance,5.5,30,IN,,,,
569494,tt5013008,Q18703134,Fraud Saiyaan,Fraud Saiyaan,2019-01-18,109,Comedy|Drama,4.333,12,IN,,,,
922194,tt8528530,,I Am Zero,I Am Zero,2019-01-20,62,Drama,0.0,0,IN,,,,
684218,tt8852598,Q55629883,Talak! Talak! Talak!,Phir Ussi Mod Par,2019-04-12,134,Drama,0.0,0,,,,,
657955,tt1285301,Q5652236,Happi,Happi,2019-12-25,135,Comedy|Drama,8.0,1,IN,,,,
694094,tt10329204,,Fatafat,Fatafat,2019-04-01,0,,0.0,0,,,,,
783442,tt3798718,,Dombivli Return,Dombivli Return,2019-02-22,129,Drama|Thriller,6.1,12,,,,,
460001,tt0456407,Q3986976,The Fakir of Venice,The Fakir of Venice,2019-02-08,87,Comedy|Drama,5.0,5,IN,,,Venice (Italy),Italy
1538848,tt6611698,,Toyhouse,टॉयहाउस,2019-02-20,15,Drama,0.0,0,IN,,,,
601469,tt10318332,Q64768634,Badnaam Gali,Badnaam Gali,2019-05-10,95,Drama|Comedy|Family,6.455,11,,,,Delhi (India),India
646173,tt10443846,Q64438323,Yeh Saali Aashiqui,ये साली आशिकी,2019-11-29,127,Thriller|Romance,8.5,15,IN,,,,
636449,tt11046300,Q73172157,Ujda Chaman,Ujda Chaman,2019-11-01,120,Comedy|Drama,6.581,31,IN,,,,
569584,tt8108208,Q56291313,Why Cheat India,Cheat India,2019-01-18,121,Drama|Crime,5.48,24,IN,,,,
642257,tt10757606,Q130582294,Biswa Kalyan Rath: Sushi,Biswa Kalyan Rath: Sushi,2019-10-25,60,Comedy,6.9,11,IN,,,,
651803,,,Little Singham Bandarpur Mein Hu Ha Hu,Little Singham Bandarpur Mein Hu Ha Hu,2019-01-01,67,Animation,0.0,0,IN,,,,
621005,tt8706884,Q65967069,Prassthanam,प्रस्थानम,2019-09-20,138,Action|Drama,6.8,12,IN,,,,
531601,tt7881524,Q55604191,Arjun Patiala,अर्जुन पाटियाला,2019-07-19,107,Comedy|Romance,4.1,8,IN,,,,
1083098,tt10294928,,Chubhan,Chubhan,2019-08-14,27,Drama,0.0,0,IN,,,,
651800,,Q78190380,Little Singham: Mahabali,Little Singham: Mahabali,2019-12-10,68,Animation,0.0,0,IN,,,,
146329,tt2211174,Q85741278,Ammaa Ki Boli,Ammaa Ki Boli,2019-08-30,118,Comedy|Drama,4.5,5,IN,,,,
586776,tt10011102,Q64768400,The Sholay Girl,The Sholay Girl,2019-03-08,106,Action|Drama,7.0,1,IN,,,,
682893,tt9084978,,Moksh To Maya,मोक्ष तो माया,2019-07-26,113,Drama|Thriller,3.0,3,IN,,,,
692584,tt8017136,Q97358859,Tony,टॉनी,2019-11-29,124,Thriller,7.5,2,IN,,,,
523278,tt8108206,Q62023954,Saand Ki Aankh,Saand Ki Aankh,2019-10-25,146,Drama,6.983,28,IN,,,,
637116,tt9399168,Q77892265,Roam Rome Mein,Roam Rome Mein,2019-10-05,101,,0.0,0,IT|IN,,,Rome (Italy),Italy
545071,tt7559180,Q24905135,99 Songs,99 Songs,2019-10-09,130,Music|Drama|Romance,5.2,8,IN,,,,
598849,,,Mallika,Mallika,2019-03-16,23,Fantasy,0.0,0,,,,,
1617032,,,Timezoned,Timezoned,2019-03-29,13,Drama,0.0,0,IN,,,,
640421,tt8992946,Q85750641,Cargo,Cargo,2019-10-18,113,Fantasy|Science Fiction|Drama,4.8,22,IN,,,,
764787,tt10102490,Q64768498,1978,1978,2019-05-03,107,Horror|Thriller,6.0,2,,,,,
582108,tt6978954,Q38804974,Pal Pal Dil Ke Paas,पल पल दिल के पास,2019-09-20,144,Romance,5.6,6,IN,,,,
617123,tt10530392,Q97738467,Penalty,पिनल्टी,2019-07-19,128,Drama,4.0,3,IN,,,,
575883,tt10651680,,Sea of Lost Time,Sea of Lost Time,2019-01-26,45,Fantasy,0.0,0,IN,,,,
1107034,tt7022188,,Sparsh,Sparsh,2019-03-06,15,Drama,0.0,0,IN,,,,
642013,,,The Churning of the Ocean,Samudra Manthan,2019-10-22,106,,0.0,0,IN,,,,
629321,tt10518934,Q96379057,Gamak Ghar,গামক ঘর,2019-10-18,91,Drama|Family,9.3,3,IN,,,,
622255,tt10414864,,The Hour of Lynching,The Hour of Lynching,2019-05-24,19,Documentary,0.0,0,IN,,,,
643438,tt9172840,Q77893875,Motichoor Chaknachoor,मोतीचूर चकनाचूर,2019-11-15,150,Romance|Drama,6.4,27,IN,,,,
590351,tt9390222,Q59726330,72 Hours: Martyr Who Never Died,72 Hours: Martyr Who Never Died,2019-01-19,130,War|History,4.2,3,,,,,
698667,tt9337750,,In the Month of Love,माघ के महीने में,2019-10-01,31,Drama|Family,0.0,0,IN,,,,
595633,tt9602804,Q64768590,The Last Color,The Last Color,2019-01-04,90,Drama,7.8,5,IN,,,,
640402,tt9378950,Q77029909,Ghost,घोस्ट,2019-10-18,130,Horror|Thriller,5.5,10,IN|US,,,,
556310,tt4971258,Q59725631,Bombairiya,बॉम्बईरिया,2019-01-11,108,Comedy|Crime|Drama,7.0,10,IN,,,,
701691,tt11628870,,Wig,Wig,2019-07-18,26,Drama,0.0,0,IN,,,,
496028,tt8268972,Q48672446,Khamoshi,ख़ामोशी,2019-06-14,86,Thriller,5.7,3,IN,,,,
942201,,,An Early Spring,Jhat Aayi Basant,2019-12-01,38,Drama|Family,0.0,0,IN,,,,
599796,tt9239772,Q59726791,Setters,Setters,2019-05-03,126,Crime|Thriller,4.4,5,,,,,
631848,,,Midnight Romance,Midnight Romance,2019-09-15,110,Drama|Romance,0.0,0,,,,,
803441,,,Baatein,Baatein,2019-12-29,21,Drama,0.0,0,IN,,,,
570910,tt7777196,Q56291271,Thackeray,ठाकरे,2019-01-25,139,Drama|History,5.4,21,IN,,,,
642197,tt8996486,,Mizaru,Mizaru,2019-05-18,17,Drama,10.0,1,IN|US,,,,
598048,tt7791496,Q56276904,Yours Truly,Yours Truly,2019-01-20,84,Drama,7.6,5,IN,,,,
652416,tt9074318,Q96220706,Son Rise,Son Rise,2019-07-19,120,Documentary,0.0,0,,,,,
621692,tt7189494,Q77884313,Chicken Curry Law,Chicken Curry Law,2019-08-09,127,Crime|Thriller|Drama,0.0,0,IN,,,,
705721,tt11328542,,Devi Aur Hero,देवी और हीरो,2019-11-15,116,Drama|Crime,0.0,0,IN,,,,
462857,tt10783732,,Piya Behrupiya,Piya Behrupiya,2019-03-17,127,Drama|Music,0.0,0,IN,,,,
640746,tt11134856,Q77894053,Chhappad Phaad Ke,Chhappad Phaad Ke,2019-10-18,120,Drama|Comedy,7.8,3,IN,,,,
594541,tt9248996,Q132853434,Sharmaji Ki Lag Gai,Sharmaji Ki Lag Gai,2019-03-15,122,Comedy,4.0,1,,,,,
548945,tt6689882,Q58319153,Rangeela Raja,रंगीला राजा,2019-01-18,162,Comedy|Drama,0.0,1,IN,,,,
644835,tt11007068,Q96392101,Marne Bhi Do Yaaron,Marne Bhi Do Yaaron,2019-11-01,0,Comedy,0.0,0,IN,,,,
695824,tt9758204,,Derma,Derma,2019-02-08,16,Horror,10.0,1,IN,,,,
652049,tt8472964,Q96374932,Chintu Ka Birthday,Chintu Ka Birthday,2019-09-14,83,Drama,6.958,25,IN,,,,
666190,tt11333404,,Verdict,Verdict,2019-01-01,78,Mystery,0.0,0,,,,,
589469,tt10118064,Q104679039,377 Ab Normal,377 अब नार्मल,2019-03-19,94,Drama,6.0,3,IN,,,,
1083244,tt12874554,,Masterpiece,Masterpiece,2019-06-24,19,Thriller,0.0,0,IN,,,,
620276,tt10198432,,Chase: No Mercy To Crime,Chase: No Mercy To Crime,2019-08-02,130,,0.0,0,IN,,,,
611537,tt10305616,Q63952830,Malaal,मलाल,2019-07-05,136,Romance|Drama,5.5,8,IN,,,Mumbai (India),India
1181296,tt8537592,,One Night at Villa,One Night at Villa,2019-10-25,90,Horror,0.0,0,IN,,,,
641094,tt13894422,,"At Home, Walking",Pavlechi keli tirtha,2019-10-24,114,Documentary,0.0,0,IN,,,,
1167798,,,Aslam Ka Dost,Aslam Ka Dost,2019-07-14,18,Drama,0.0,0,,,,,
582352,tt9390026,Q65058472,706,706,2019-01-11,120,Thriller,5.2,10,IN,,,,
607308,tt6862542,Q64587280,Hume Tumse Pyaar Kitna,हमे तुमसे प्यार कितना,2019-07-04,151,Drama|Thriller,4.0,1,,,,Mumbai (India),India
639411,tt11066130,Q73028295,Upstarts,Upstarts,2019-10-18,112,Comedy|Drama,6.3,9,IN,,,,
782006,,,Ek Mulaqat,Ek Mulaqat,2019-07-15,7,Romance,0.0,0,,,,,
588265,tt3679070,Q16251734,Milan Talkies,मिलन टॉकीज,2019-03-15,141,Drama|Romance,4.3,3,IN,,,Uttar Pradesh (India),India
645370,tt9176260,Q65051139,Bypass Road,Bypass Road,2019-11-08,137,Drama|Thriller,5.2,8,IN,,,,
1352947,,,Unsaid,Unsaid,2019-10-17,0,Drama,0.0,0,,,,,
1351901,tt13200882,,This Town That Future,This Town That Future,2019-06-09,24,Drama,3.0,1,,,,,
635946,tt12252500,,The Booth,The Booth,2019-05-11,15,Drama,6.7,8,IN,,,,
616686,tt8897986,Q56550877,Family of Thakurganj,Family of Thakurganj,2019-07-19,127,Drama|Action,5.0,1,IN,,,Lucknow (India),India
854461,tt10427988,,Shuruaat Ka Twist,Shuruaat Ka Twist,2019-05-31,142,,5.0,1,IN,,,,
704661,tt10334286,Q64768629,Chhoriyan Chhoron Se Kam Nahi Hoti,छोरिया छोरो से कम नहीं होती,2019-05-17,114,Action|Drama,5.0,1,IN,,,,
657447,tt8414820,,Binnu Ka Sapna,Binnu Ka Sapna,2019-02-02,32,Drama,6.0,1,IN,,,,
618473,tt10519182,Q64768712,Khandaani Shafakhana,खानदानी शफाखाना,2019-08-02,136,Comedy|Drama,6.2,9,IN,,,,
603255,tt8371204,,Lihaaf: The Quilt,Lihaaf: The Quilt,2019-07-19,85,Drama,2.7,3,FR|IN|SG,,,,
641051,tt10708996,,Catch the Light,Catch the Light,2019-06-15,20,Drama,0.0,0,IN,,,,
586467,tt6018556,Q60738398,Rakkhosh,Rakkhosh,2019-01-20,113,Horror,6.1,8,IN,,,,
1079696,,,Fool For Love,Fool For Love,2019-02-11,15,Romance,0.0,0,,,,,
688033,tt11269896,,Notes on Guler,Notes on Guler,2019-08-15,50,Documentary,0.0,0,IN,,,,
638768,tt8351356,Q133809695,Market,Iewduh,2019-10-05,94,Drama,8.0,1,IN,,,,
636424,tt11390452,,Daawat-e-Biryani,Daawat-e-Biryani,2019-10-01,85,Drama,10.0,1,IN,,,,
1318963,,,Return to cinder,Return to cinder,2019-10-01,22,Drama,0.0,0,,,,,
593032,tt9657158,,Chousar Firangi,चौसर फिरंगी,2019-04-05,122,Drama,6.3,3,IN,,,,
642717,tt7676816,,His Father's Voice,His Father's Voice,2019-04-19,105,Drama|Fantasy|Romance,5.0,1,,,,,
1129972,tt11502772,Q65064693,Sabse Bada Champion,Sabse Bada Champion,2019-12-13,0,,0.0,0,IN,,,,
1477600,,,Trash Joke & Trial Show Snippets,Trash Joke & Trial Show Snippets,2019-06-26,6,Comedy,7.5,2,IN,,,,
628566,tt9179426,Q64768335,Satellite Shankar,Satellite Shankar,2019-11-08,130,Action|Drama,7.375,8,IN,,,,
926679,tt11237638,,Josef - Born in Grace,Josef - Born in Grace,2019-11-07,100,Drama,0.0,0,IN,,,,
638671,tt11152342,,Just Like That,Aise Hee,2019-10-05,109,Drama,8.0,2,IN,,,,
605455,tt10409774,Q130465576,Fastey Fasaatey,फसते फसाते,2019-06-21,121,Drama|Romance,0.0,0,IN,,,,
525235,tt6514218,Q48672719,Noblemen,Noblemen,2019-06-28,109,Drama,5.1,8,IN,,,,
1206664,tt7799882,,Kahani Mitra Ki,Kahani Mitra Ki,2019-02-17,69,,0.0,0,,,,,
778094,,,Super Bheem Aur Avinashi Trimoorthy,Super Bheem Aur Avinashi Trimoorthy,2019-01-01,65,,0.0,0,,,,,
627072,tt8747548,Q96313144,Axone,Axone,2019-10-02,96,Drama|Comedy,6.083,18,IN,,,Delhi (India),India
1018230,,,Gully Life: The Story of Divine,Gully Life: The Story of Divine,2019-07-17,50,,0.0,0,,,,,
697771,tt9664696,,Aunty Sudha Aunty Radha,Aunty Sudha Aunty Radha,2019-10-28,49,Documentary,0.0,0,IN,,,,
706915,tt8512694,Q123376950,Main Zaroor Aaunga,मैं ज़रूर आऊंगा,2019-09-27,100,Drama|Horror|Thriller,5.7,11,IN,,,,
637185,tt8943662,Q85795511,The Wayfarers,राहगीर,2019-10-07,81,Drama,6.0,1,IN,,,,
607698,tt12150172,,Nirmal Anand Ki Puppy,Nirmal Anand Ki Puppy,2019-07-11,100,Drama,10.0,1,,,,,
875542,tt13243342,,Little Men,Little Men,2019-06-06,21,,0.0,0,,,,,
649298,tt8537284,,Bedhab,Bedhab,2019-10-31,37,Mystery|Fantasy|Thriller|Drama,0.0,0,IN,,,,
1477529,,,Cows and Momos of India,Cows and Momos of India,2019-05-14,20,Comedy,9.0,1,IN,,,,
768375,,,Usman Ka Radio,उस्मान का रेडियो,2019-08-29,10,,0.0,0,IN,,,,
656751,,,Inside My Dream,Inside My Dream,2019-09-21,16,Horror,0.0,0,,,,,
596085,,,Gun Pe Done,गन पे डन,2019-04-12,116,Crime|Comedy|Romance,0.0,0,IN,,,,
581634,tt9248962,Q60738453,Dosti Ke Side Effects,Dosti Ke Side Effects,2019-02-08,131,,0.0,0,,,,,
719595,tt11007050,Q85816512,#Yaaram,#Yaaram,2019-10-18,110,,5.0,1,,,,,
589971,tt9654806,,2 Band Radio,2 Band Radio,2019-04-06,92,Comedy,5.0,1,IN,,,,
642568,tt9766310,Q77894216,Kanpuriye,Kanpuriye,2019-10-25,103,Drama,4.0,1,IN,,,,
1129359,tt11355002,,Khatoon Ki Khidmat,Khatoon Ki Khidmat,2019-01-09,27,Drama|Family,0.0,0,,,,,
635592,,,Displacement and Resilience,Displacement and Resilience,2019-09-28,60,Documentary,0.0,0,CA|IN|PH|TN,,,,
605452,tt3797888,Q64768663,Kissebaaz,किस्सेबाज़,2019-06-14,123,Drama,3.5,2,,,,,
638781,tt11152358,,Pearl of the Desert,Maru ro Moti,2019-10-19,82,Documentary,5.0,1,KR|IN,,,,
1477558,,,Dogs,Dogs,2019-10-27,22,Comedy,10.0,1,IN,,,,
596335,tt4355838,Q63433570,Albert Pinto Ko Gussa Kyun Aata Hai?,अल्‍बर्ट पिंटो को गुस्‍सा क्‍यूं आता है?,2019-04-12,94,Crime|Drama,4.5,2,IN,,,,
589165,tt7624840,Q132797755,Paharganj,पहाड़गंज,2019-04-12,104,Mystery|Drama,7.0,1,IN,,,,
633962,tt8528674,,I Know You,I Know You,2019-03-22,0,Horror,3.0,1,,,,,
773735,tt10816478,Q77890179,Phulmania,फुलमनिया,2019-09-06,120,Drama,0.0,0,IN,,,,
609244,tt10500140,Q130404716,Anu Menon: Wonder Menon,Anu Menon: Wonder Menon,2019-06-14,80,Comedy,6.0,1,,,,,
1352943,,,Sumati,Sumati,2019-01-01,15,,0.0,0,,,,,
639419,tt9890322,Q77893433,Nirvana Inn,Nirvana Inn,2019-10-06,115,Mystery|Drama|Thriller,6.0,1,IN|KR,,,,
666131,tt10651258,,Durmargudu,Durmargudu,2019-07-05,128,Action|Thriller,5.0,1,,,,,
893170,tt10245574,,Daddy's Got Moves,Aap Ke Aa Jane Se,2019-05-08,18,Drama|Comedy|Family,10.0,1,IN,,,,
850178,tt12235486,,1+1,1+1,2019-11-10,25,Romance,0.0,0,IN,,,,
622896,tt8954990,,Mushkil,मुश्किल,2019-08-09,119,Horror|Thriller,3.0,1,IN,,,,
584206,tt9319812,Q64768193,Hum Chaar,Hum Chaar,2019-02-15,143,Drama,5.7,3,IN,,,Mumbai (India),India
1085571,,,"Making ""Sacred Games""","Making ""Sacred Games""",2019-08-11,10,Documentary,8.0,1,IN,,,,
681001,tt8806502,,Junction Varanasi,जंक्शन वाराणसी,2019-10-18,149,Action|Drama|Romance,0.0,0,IN,,,,
954368,tt7253358,,Mrityubhoj: The Death Feast,Mrityubhoj: The Death Feast,2019-02-18,52,Documentary,0.0,0,IN,,,,
994391,tt6597160,Q77893758,Jacqueline I Am Coming,Jacqueline I Am Coming,2019-10-18,112,,10.0,1,,,,,
1399573,,,3rd EYE,3rd EYE,2019-03-05,2,Horror,0.0,0,IN,,,,
592108,tt10017956,Q64768425,Gone Kesh,Gone Kesh,2019-03-29,104,Comedy|Drama,6.091,11,,,,,
737508,tt8479688,Q65049782,Nakkash,नक्काश,2019-05-31,104,Drama,0.0,0,,,,,
933715,,,Bhumigat,Bhumigat,2019-12-07,27,Drama,0.0,0,IN,,,,
594163,tt9089992,Q64768526,Blackboard vs Whiteboard,Blackboard vs Whiteboard,2019-04-12,152,Family,7.0,1,IN,,,,
628991,tt9649816,Q106153792,Sisters of the Trees,Sisters of the Trees,2019-09-05,0,Documentary,5.0,2,AR|IN,,,,
670207,,,Slave,Gulaam,2019-10-05,5,Drama,10.0,1,IN,,,,
1103289,,,Mukti - De Ke Roshni Tu Mujhe,Mukti - De Ke Roshni Tu Mujhe,2019-03-06,23,,0.0,0,,,,,
646455,tt8991706,Q115817495,Bebaak,Bebaak,2019-05-23,20,Drama,7.7,3,IN,,,,
1755376,tt9742298,,Dwarkadhish - Kingdom of Krishna,Dwarkadhish - Kingdom of Krishna,2019-03-17,45,Documentary,0.0,0,,,,,
214419,tt3073326,Q18125191,The World of Goopi and Bagha,Goopy Gawaiya Bagha Bajaiya,2019-03-01,78,Animation|Music|Fantasy,9.0,1,IN,,,Asia,Asia
638793,tt11664616,,Aani Maani,Aani Maani,2019-10-20,94,Drama,7.5,3,IN,,,,
1237575,tt11655792,,Laddoo,Laddoo,2019-01-30,12,Drama,6.0,1,,,,,
1336651,tt11199324,,Level 13,Level 13,2019-12-04,13,Drama,0.0,0,,,,,
587121,tt9496212,Q16057457,22 Yards,२२ यार्ड्स,2019-03-15,140,Drama,8.5,2,,,,,
649742,,,This Summer in Waiting,"Opekshar Baisakh, Chaitrer Onubhuti",2019-08-01,15,Drama,0.0,0,IN,,,,
855625,tt7639446,Q106900916,The Pickup Artist,The Pickup Artist,2019-04-10,111,Crime|Mystery|Thriller,6.0,1,,,,,
616870,tt10670724,Q110933302,Hyderabad Nawabs 2,Hyderabad Nawabs 2,2019-07-19,125,Comedy|Drama,8.5,3,IN,,,,
623731,tt7333966,,Megalopolis,Megalopolis,2019-07-22,79,,0.0,0,,,,,
640499,tt12319324,,Satyameva Jayate,Satyameva Jayate,2019-08-15,90,Drama|Crime,8.0,1,IN,,,,
641063,,,"Ishq, Dosti and All That","Ishq, Dosti and All That",2019-08-03,19,,0.0,0,,,,,
803684,tt10328288,Q130472783,Shaadi Ke Patasey,Shaadi Ke Patasey,2019-07-19,0,,0.0,0,,,,,
660300,tt10580164,,Love Shots,लव शॉट्स,2019-10-18,104,,10.0,1,IN,,,,
641816,,,Little Singham: Kaal Ki Tabaahi,Little Singham: Kaal Ki Tabaahi,2019-06-15,66,Action|Comedy,8.0,1,IN,,,,
820824,tt20872624,,Motu Patlu & Robo Kids,Motu Patlu & Robo Kids,2019-05-26,84,Animation,10.0,1,IN,,,,
1258011,,,We Came Here to Make God,We Came Here to Make God,2019-01-01,21,Documentary,0.0,0,,,,,
725062,tt13492448,,Phati Padi Hai Yaar,फटी पड़ी है यार,2019-12-12,120,Comedy,6.0,1,,,,,
1452824,tt28888795,,I have a colored dream,I have a colored dream,2019-01-03,13,Documentary,0.0,0,,,,,
952890,,,Ladakh Chale Rickshawala,Ladakh Chale Rickshawala,2019-02-15,64,Documentary,0.0,0,IN,,,,
904396,tt11214652,,Yahi Soch Toh Badalni Hai!,Yahi Soch Toh Badalni Hai!,2019-09-23,4,,0.0,0,,,,,
692388,tt8028076,Q77901163,X Ray: The Inner Image,X Ray: The Inner Image,2019-12-06,93,Thriller,0.0,0,IN,,,,
638460,tt10044896,,Kasganj,Kasganj,2019-04-12,78,Drama|Crime,0.0,0,IN,,,,
747668,tt9743484,,Sapera,Sapera,2019-03-27,11,Documentary,0.0,0,SE,,,,
646302,tt10882870,Q130471779,Almost Sanskari by Neeti Palta,Almost Sanskari by Neeti Palta,2019-11-08,57,Comedy,7.5,3,IN,,,,
817882,,,Shiva: Journey to Plunotaria,Shiva: Journey to Plunotaria,2019-01-01,80,Animation,10.0,1,IN,,,,
683109,tt8336814,,Zindagi tumse,Zindagi tumse,2019-11-01,120,,0.0,0,,,,,
831504,,,The Last Chapter,The Last Chapter,2019-09-10,22,Drama,4.0,2,IN,,,,
615535,tt7441944,,Tennis Buddies,Tennis Buddies,2019-03-29,110,Drama,10.0,1,,,,,
849182,tt10179154,Q114665603,Cypher,Cypher,2019-09-20,130,Family,0.0,0,,,,,
726808,tt9680166,,Yeh Suhaagraat Impossible,Yeh Suhaagraat Impossible,2019-03-08,92,Comedy,0.0,0,,,,,
661412,tt10990740,Q77894107,Vicky Velingkar,Vicky Velingkar,2019-12-06,0,,0.0,0,,,,,
849906,,,Arabic Seduction,Arabic Seduction,2019-11-11,14,Romance|Music,0.0,0,IN,,,,
817875,tt20866760,,Motu Patlu the Superheroes – Super Villains from Mars,Motu Patlu the Superheroes – Super Villains from Mars,2019-01-26,79,Animation,10.0,1,,,,,
787979,,,Chai Coffee,Chai Coffee,2019-09-28,49,Drama|Romance,0.0,0,IN,,,,
581925,tt9648624,,End Counter,End Counter,2019-02-08,138,Crime|Drama|Thriller,0.0,0,,,,,
1371839,,,In Her City...,In Her City...,2019-04-08,11,Romance,0.0,0,IN,,,,
756036,,,Megha's Divorce,Megha's Divorce,2019-01-01,0,Documentary|Comedy,0.0,0,IN,,,,
688478,tt9085028,,Umakant Pandey Purush Ya,Umakant Pandey Purush Ya,2019-02-01,120,Comedy|Drama,7.0,1,,,,,
694019,,,What Next Partner,Ibb Kya Kothie,2019-01-01,14,,0.0,0,,,,,
646846,,,La Llorona,La Llorona,2019-11-16,23,,0.0,0,IN,,,,
654701,tt10023008,,Raid,Raid,2019-06-02,0,,0.0,0,IN,,,,
1163065,,,Honey Bunny Lost In Space,Honey Bunny Lost In Space,2019-04-27,44,,0.0,0,IN,,,,
619689,tt9297632,Q60737701,Ram Ki Janmabhoomi,Ram Ki Janmabhoomi,2019-03-29,0,,0.0,0,,,,,
635105,tt8287476,,Gray,Gray,2019-05-18,33,,0.0,0,,,,,
1698388,,,The Sacred Cow,البقرة المقدسة,2019-07-10,53,Documentary,0.0,0,IN,,,,
1234214,tt10620162,,"Forever Yours, Bansho","Sadaiv Tumhara, Bansho",2019-01-31,4,Drama,6.0,1,IN,,,,
631187,tt11142962,,Bitter Chestnut,Khanaur,2019-10-06,100,Drama,0.0,0,IN,,,,
849898,,,The Yoga Experience,The Yoga Experience,2019-11-10,16,Romance,0.0,0,IN,,,,
636715,tt10840002,Q130471808,Pata Nahi Par Bolna Hai: A Comedy Special by Karunesh Talwar,Pata Nahi Par Bolna Hai: A Comedy Special by Karunesh Talwar,2019-10-04,52,Comedy,8.5,2,IN,,,,
664745,tt11522516,,Blood,Blood,2019-12-28,70,Drama,0.0,0,,,,,
820827,,,Rudra: The Rise of King Pharaoh,Rudra: The Rise of King Pharaoh,2019-09-01,90,Animation|Fantasy|Family,0.0,0,IN,,,,
1301769,tt10023004,,Lights Out,Lights Out,2019-10-24,78,,0.0,0,,,,,
641076,,,Shaadi Ke Kapde,Shaadi Ke Kapde,2019-08-02,10,,0.0,0,,,,,
813089,tt11285922,,Ladli,Ladli,2019-06-16,40,,0.0,0,,,,,
1187167,tt10263986,,Ek Gulelbaaz the Catapult,Ek Gulelbaaz the Catapult,2019-01-01,124,Drama|Family,0.0,0,,,,,
1055640,,,Chhota Bheem Aur Kaalsura Ka Jaadui Jaal,Chhota Bheem Aur Kaalsura Ka Jaadui Jaal,2019-01-01,0,Action|Adventure|Animation,0.0,0,,,,,
1418510,tt12133690,,Peerun,Peerun,2019-09-08,23,Drama,0.0,0,,,,,
741379,tt9317586,,A Safe Person to Talk to,A Safe Person to Talk to,2019-08-02,19,,0.0,0,,,,,
1172305,tt11317792,,Main Superking Don Hu,Main Superking Don Hu,2019-11-22,0,Action|Drama,0.0,0,,,,,
633715,tt9724148,,Naresh,Naresh,2019-01-16,5,,0.0,0,,,,,
738408,tt10530334,,Alia,Alia,2019-10-18,15,,0.0,0,,,,,
583669,,,Routine,Routine,2019-02-18,9,Drama,0.0,0,IN,,,,
869463,,,Stains,Stains,2019-11-29,30,Drama,0.0,0,IN,,,,
717375,tt8302394,,Shehjar,Shehjar,2019-10-02,120,,0.0,0,,,,,
708244,tt10254090,,Baitullah,Baitullah,2019-09-22,6,Drama,4.0,1,IN,,,,
719915,tt10450828,,Fallen Angels,Fallen Angels,2019-11-22,8,,1.0,2,,,,,
757923,,,Chalchitra Railyatra,Chalchitra Railyatra,2019-05-09,42,Documentary,0.0,0,IN|US,,,,
642569,,,Chai Darbari,Chai Darbari,2019-05-26,29,Documentary,0.0,0,IN,,,,
604361,,,Seed Mother,Seed Mother,2019-05-08,3,,0.0,0,IN,,,,
1154566,,,Confetti,Confetti,2019-01-01,3,,0.0,0,,,,,
633719,tt9861220,,Is She Raju?,Is She Raju?,2019-03-08,150,Comedy,0.0,0,IN,,,,
1128673,tt23490830,,Wajood,Wajood,2019-06-16,0,Drama|Family,0.0,0,IN,,,,
1055591,tt11238094,,Baaghi Ek Yodha,Baaghi Ek Yodha,2019-10-04,162,Action|Drama,0.0,0,,,,,
733253,tt12775242,,Outcast,Outcast,2019-11-11,112,,0.0,0,,,,,
808058,tt9900388,,Hansa Ek Sanyog,Hansa Ek Sanyog,2019-05-03,135,,0.0,0,,,,,
622686,tt8417694,,Naach Bhikhari Naach,Naach Bhikhari Naach,2019-03-08,72,,0.0,0,,,,,
807192,tt14196140,Q130582159,College Fukrey,College Fukrey,2019-03-12,0,,0.0,0,,,,,
635947,tt12929976,,Mud mud ke na dekh,Mud mud ke na dekh,2019-06-16,22,Drama,0.0,0,IN,,,,
733450,,,By the Beach,By the Beach,2019-12-13,5,,0.0,0,,,,,
850237,tt12465618,,Agent Mona,Agent Mona,2020-11-09,25,Romance|Crime,7.0,1,IN,,,,
594669,tt8366590,Q72398161,Baaghi 3,बाघी ३,2020-03-05,144,Action|Adventure|Thriller,6.2,128,IN,,,,
850804,,,The Interview,The Interview,2020-08-24,21,Romance,0.0,0,IN,,,,
658412,tt7212754,Q79947747,Ludo,लूडो,2020-11-12,150,Crime|Comedy,7.2,138,IN,,,,
850952,tt12028552,,Paying Guest,Paying Guest,2020-06-11,20,Romance,0.0,0,IN,,,,
849775,tt13781794,,Bye 2,Bye 2,2020-12-07,0,,1.0,2,IN,,,,
849920,tt13438922,,All Ladies Do It,All Ladies Do It,2020-10-13,97,Romance|Drama,1.0,2,IN,,,,
662231,tt11027850,Q84560519,Hacked,Hacked,2020-02-07,118,Thriller,5.22,25,,,,,
822197,tt13071306,,Keep Punching,Keep Punching,2020-11-20,25,Drama,5.0,1,IN,,,,
739812,tt12969078,Q101245073,Atkan Chatkan,अत्कन् चत्कन्,2020-09-05,122,Drama|Music,4.0,4,IN,,,,
849783,,,Lonely Girl,Lonely Girl,2020-08-09,0,,0.0,0,IN,,,,
603673,tt10350922,Q63349731,Laxmii,लक्ष्मी,2020-11-09,141,Horror|Comedy,4.492,63,IN,Dubai (United Arab Emirates),United Arab Emirates,India,India
714338,tt12393526,Q96631747,Bulbbul,बुलबुल,2020-06-24,94,Horror|Fantasy|Thriller,6.558,181,IN,,,West Bengal (India),India
645489,tt10350626,Q65065630,Gunjan Saxena: The Kargil Girl,गुंजन सक्सेना: द कारगिल गर्ल,2020-07-23,112,Drama,7.28,90,IN,India|Lucknow (India),India,Kargil district (India),India
605456,tt10840884,Q85804927,Taish,Gray Man,2020-10-29,143,Thriller|Drama|Crime,7.4,15,IN|GB,,,,
851155,,,The Weekend,The Weekend,2020-11-10,20,Romance,0.0,0,IN,,,,
584850,tt8108274,Q19807569,Tanhaji: The Unsung Warrior,तानाजी: द अनसंग वॉरियर,2020-01-10,135,Action|Drama|History,6.4,91,IN,,,,
601643,tt10230404,Q81202661,Ghost Stories,Ghost Stories,2020-01-01,144,Horror,5.208,89,IN,,,,
606717,tt8907986,Q62892931,Angrezi Medium,अंग्रेजी मिडीयम,2020-03-12,145,Drama|Comedy,7.0,81,IN,,,,
857858,,,Zid,Zid,2020-10-08,0,,0.0,0,IN,,,,
816779,tt12242312,,Intercourse 3,Intercourse 3,2020-03-18,23,Romance|Comedy,0.0,0,IN,,,,
744368,tt12242248,,Intercourse 2,Intercourse 2,2020-09-18,23,Romance,0.0,0,IN,,,,
616880,tt10463030,Q77884684,Bhoot: Part One - The Haunted Ship,Bhoot: Part One - The Haunted Ship,2020-02-21,114,Horror|Thriller,5.6,40,IN,,,,
589615,tt12567088,Q97495364,Raat Akeli Hai,रात अकेली है,2020-07-31,149,Crime|Mystery|Thriller,6.833,102,IN,India,India,India,India
862122,tt11786778,,Kaande Pohe,Kaande Pohe,2020-02-12,11,,0.0,0,,,,,
672520,tt11691696,Q96220560,Shukranu,Shukranu,2020-02-14,96,Comedy|Drama,6.7,9,IN,,,,
666353,tt8176312,Q56279146,Gul Makai,Gul Makai,2020-01-31,0,War|Drama,0.0,0,IN,,,Pakistan,Pakistan
775520,tt8537578,Q114694712,Sayonee,Sayonee,2020-12-18,111,Action|Romance,0.0,0,IN,,,,
719949,tt7363104,Q77894018,Khuda Haafiz,खुदा हाफिज,2020-08-14,134,Action|Thriller,6.938,55,IN,,,,
851246,,,Foreplay,Foreplay,2020-08-21,24,Romance,0.0,0,IN,,,,
645484,tt8110330,Q55648020,Dil Bechara,दिल बेचारा,2020-08-07,101,Drama|Romance,6.6,99,IN,Jamshedpur (India),India,Jamshedpur (India),India
710667,tt12357758,,Climax,Climax,2020-06-06,52,Drama|Thriller,2.7,15,IN,,,,
853943,,,Raat Bhar,Raat Bhar,2020-09-21,0,,0.0,0,IN,,,,
849540,tt12724884,,Ambition,Ambition,2020-06-30,23,,0.0,0,IN,,,,
850286,,,Fraud Ishq,Fraud Ishq,2020-05-11,20,Romance,0.0,0,IN,,,,
635503,tt10515526,Q77892513,Lootcase,लूटकेस,2020-07-31,132,Comedy,6.5,71,IN,Mumbai (India),India,Mumbai (India),India
853305,tt12821010,,Strange,Strange,2020-07-24,23,,0.0,0,IN,,,,
709681,tt8747450,Q97025345,Chaman Bahaar,Chaman Bahaar,2020-06-19,111,Drama,5.6,32,IN,,,,
601807,tt10230426,Q94939303,Mrs. Serial Killer,Mrs. Serial Killer,2020-05-01,106,Thriller,6.2,94,IN,,,,
850806,,,Nympho,Nympho,2020-08-11,21,Romance,0.0,0,IN,,,,
761510,tt12983052,Q104834783,Pepper Chicken,Pepper Chicken,2020-11-06,0,Thriller,0.0,0,IN,,,,
644712,tt9648672,Q62023603,Street Dancer 3D,Street Dancer 3D,2020-01-24,146,Drama,6.554,46,IN,,,,
853609,,,Instinct,Instinct,2020-10-21,0,,0.0,0,IN,,,,
850928,tt11963374,,Love Duo,Love Duo,2020-03-06,23,Romance,0.0,0,IN,,,,
714874,tt21962488,,Purush,Purush,2020-04-17,98,Drama,0.0,0,,,,,
858809,,,Mafia,Mafia,2020-09-28,0,,0.0,0,IN,,,,
750494,tt13503772,,Lata,Lata,2020-09-21,21,Drama,5.0,7,IN,,,,
661043,tt9877170,Q62020357,Malang,मलंग,2020-02-06,135,Romance|Action|Adventure|Crime|Thriller,6.971,69,IN,,,,
850808,,,Faasla,Faasla,2020-07-07,23,Romance,0.0,0,IN,,,,
735919,tt11651796,Q104522006,AK vs AK,AK vs AK,2020-12-24,108,Comedy|Action|Drama|Crime,6.739,67,IN,,,,
853672,,,Love Exchange,Love Exchange,2020-12-30,0,,0.0,0,IN,,,,
1477597,,,Names & Pigeons,Names & Pigeons,2020-01-23,8,Comedy,9.0,2,IN,,,,
1754145,,,The Dream,The Dream,2020-08-19,0,Mystery|Drama,9.0,1,,,,,
849747,,,Dahleez,Dahleez,2020-11-04,0,,0.0,0,IN,,,,
869019,,,Dil Do,Dil Do,2020-09-30,0,,0.0,0,IN,,,,
543930,tt12826720,,Chaahat,Chaahat,2020-02-25,24,Romance,1.0,2,IN,,,,
695429,tt8265146,,Ateet,Ateet,2020-04-21,120,Thriller|Drama,3.0,2,IN,,,,
816823,tt12489978,,The Deal,The Deal,2020-06-10,22,,0.0,0,IN,,,,
849782,tt15389476,,Khwaab,Khwaab,2020-10-12,43,,0.0,0,IN,,,,
706783,tt11651780,Q96374956,Choked: Paisa Bolta Hai,चोक्ड: पैसा बोलता है,2020-06-05,114,Drama|Crime|Thriller,6.423,38,IN,,,,
822201,tt13788380,,Closets,Almariyaan,2020-11-13,18,Drama|Family,0.0,0,IN,,,,
1645208,tt11754636,,Aakhri Safar,Aakhri Safar,2020-02-09,13,Comedy|Horror,8.5,2,,,,,
761226,tt13381376,Q116730390,Welcome Home,Welcome Home,2020-11-06,125,Drama|Horror|Thriller,6.707,29,IN,,,,
556270,tt7886848,Q63348882,Sadak 2,सड़क २,2020-10-16,134,Romance|Drama|Action,4.2,8,IN,Mumbai (India)|Mysore (India)|Ooty (India)|Uttarakhand (India),India,Mumbai (India),India
590403,tt10023024,Q64768455,Love Aaj Kal,लव आज कल,2020-02-13,141,Romance|Drama,5.577,52,IN,,,,
730428,tt10230422,Q65068618,Class of '83,क्लास ऑफ '83,2020-08-21,98,Action|Crime|Drama,5.893,42,IN,,,,
767374,tt13404870,Q104841157,It's My Life,It's My Life,2020-11-29,139,Romance|Comedy,3.0,1,IN,,,,
856189,,,Intercourse Reloaded,Intercourse Reloaded,2020-11-02,0,,0.0,0,IN,,,,
851114,,,Dream,Dream,2020-07-10,23,Romance,0.0,0,,,,,
729081,tt5775536,,My Client's Wife,My Client's Wife,2020-07-31,107,Mystery|Thriller,6.5,5,IN,,,,
744676,tt10543680,Q77892946,Ginny Weds Sunny,गिन्नी वेड्स सन्नी,2020-10-09,125,Romance|Comedy|Drama|Family,5.959,37,IN,,,,
850945,tt12235446,,Move on,Move on,2020-04-08,22,Romance|TV Movie,0.0,0,IN,,,,
746726,tt12316908,,X Zone,X Zone,2020-09-25,97,Thriller,9.5,2,IN,,,,
668435,tt10964430,Q77892452,Thappad,थप्पड़,2020-02-27,144,Drama,6.92,75,IN,,,,
509873,tt8132516,,White,White,2020-05-09,74,Drama,0.0,0,IN,,,,
851446,,,Lost Love,Lost Love,2020-06-23,0,,0.0,0,IN,,,,
714281,tt12498060,,Kriya,Kriya,2020-08-20,96,Horror|Fantasy|Comedy,3.5,6,IN|GB,,,,
856173,,,Sach,Sach,2020-11-30,0,,0.0,0,IN,,,,
718156,tt14088516,,Unlock,Unlock,2020-06-27,59,Horror|Thriller,6.3,3,IN,,,,
1380287,tt13540894,,My Friend Ganesha 4,My Friend Ganesha 4,2020-01-01,124,Action|Animation|Comedy,0.0,0,,,,,
744181,tt9875128,Q104857711,Halahal,हलाहल,2020-09-21,97,Mystery|Drama,6.6,7,IN,,,,
710733,tt10968008,,Taanashah,तानाशाह,2020-02-07,101,Drama,0.0,0,IN,,,,
744876,tt10235600,Q101157418,Kaali Khuhi,काली खुहि,2020-10-30,90,Horror|Drama|Thriller,4.6,24,IN,,,,
740221,tt13551840,,Captain Vidyut,Captain Vidyut,2020-10-01,78,Action|Comedy|Animation,0.0,0,IN,,,,
851132,,,Suno Devarji,Suno Devarji,2020-12-24,68,Romance,0.0,0,IN,,,,
1088856,,,Half Full,Half Full,2020-04-15,11,,0.0,0,,,,,
607297,tt9248952,Q64768725,Jawaani Jaaneman,जवानी जान,2020-01-31,130,Comedy,6.0,42,IN,,,,
702550,tt11229134,Q85757974,Durgamati: The Myth,दुर्गमती - एक कल्पना,2020-12-11,156,Horror|Thriller,5.7,12,,,,,
661671,tt10930586,Q84318478,Shikara,Shikara,2020-02-07,118,Drama|Romance,4.2,9,IN,,,,
853611,,,Sur Taal,Sur Taal,2020-10-05,0,,0.0,0,IN,,,,
734819,tt12929738,Q101245144,London Confidential,London Confidential,2020-09-18,78,Thriller|Crime|Drama,5.6,5,IN,,,,
679045,tt10964468,Q84195189,Shakuntala Devi,शकुंतला देवी,2020-07-31,127,Drama|Family|Comedy,6.5,42,IN,,,,
590404,tt9614460,Q62023950,Chhapaak,छपाक,2020-01-09,123,Drama,7.132,38,IN,,,,
853592,,,Trapped,Trapped,2020-09-21,0,,0.0,0,IN,,,,
1085859,tt9052986,,The Lovers,The Lovers,2020-02-24,21,Crime|Drama|Family,0.0,0,IN,,,,
675592,tt10062614,Q85764775,Guilty,Guilty,2020-03-06,119,Thriller|Drama,6.6,61,IN,,,,
738567,tt10731264,Q85804270,Suraj Pe Mangal Bhari,सूरज पे मंगल भारी,2020-11-15,134,Comedy|Drama,6.5,16,IN,,,,
754348,tt11611446,,Adheen,Adheen,2020-01-13,22,Drama,4.0,1,IN,,,,
678798,tt11231440,Q85757434,Door Ke Darshan,दूर के दर्शन,2020-02-28,114,Comedy|Drama,5.5,13,IN,,,,
1354501,,,Seven Feet,Seven Feet,2020-10-25,7,,0.0,0,,,,,
694089,tt11401900,,ACID,ACID,2020-01-03,95,Drama,4.0,1,IN,,,,
856193,,,Hello Doctor,Hello Doctor,2020-10-28,0,,0.0,0,IN,,,,
849740,,,Call Girl,Call Girl,2020-10-24,0,,10.0,1,IN,,,,
681235,tt7805960,Q48671148,Torbaaz,Torbaaz,2020-12-11,132,Drama,7.3,15,IN,,,Afghanistan,Afghanistan
856198,,,Teddy,Teddy,2020-08-17,0,,0.0,0,IN,,,,
970577,tt11805890,Q138339285,Rizwan,Rizwan,2020-02-20,130,,7.0,1,,,,,
671909,tt10230436,Q85816658,Yeh Ballet,Yeh Ballet,2020-02-21,117,Drama,7.6,23,IN,,,,
614179,tt10280276,Q65081543,Coolie No. 1,Coolie No. 1,2020-12-25,135,Comedy|Drama,5.093,74,IN,"Bangkok (Ayutthaya Kingdom, Konbaung dynasty, Rattanakosin Kingdom, Thailand, Thonburi Kingdom)",Ayutthaya Kingdom|Konbaung dynasty|Rattanakosin Kingdom|Thailand|Thonburi Kingdom,India,India
856178,tt13759622,,Scorned,Scorned,2020-10-29,0,,0.0,0,IN,,,,
741724,tt12671760,,Catdog,Catdog,2020-05-12,21,Drama,1.0,1,IN,,,,
780170,tt11688770,,Shubh Raatri,Shubh Raatri,2020-11-06,52,Horror,0.0,0,IN,,,,
666593,,,Can You Imagine,Can You Imagine,2020-07-25,0,Horror,0.0,0,,,,,
606535,tt10309906,Q73128497,Shubh Mangal Zyada Saavdhan,शुभ मंगल ज़्यादा सावधान,2020-02-21,120,Comedy|Romance,6.0,65,IN,,,India,India
1129970,tt12152704,,Family - A Made at Home Short Film,Family - A Made at Home Short Film,2020-04-06,4,,5.7,3,IN,,,,
783989,tt13406130,,Filmi Raasleela,Filmi Raasleela,2020-08-18,126,,0.0,0,,,,,
881582,,,Contract Killer,Contract Killer,2020-12-31,0,,0.0,0,,,,,
851131,,,Suno Bhabhiji,Suno Bhabhiji,2020-12-31,42,Romance,0.0,0,IN,,,,
681236,tt11227156,,SarCar Ki Seva Mei,SarCar Ki Seva Mei,2020-04-04,0,Comedy,0.0,0,,,,,
1235825,tt12217948,,Special Day,Special Day,2020-05-09,11,Drama,0.0,0,,,,,
850182,,,Family,Family,2020-03-13,23,,0.0,0,IN,,,,
739907,tt12782066,Q104776293,Tallukh,Tallukh,2020-09-04,83,Romance|Crime|Mystery|Drama,7.5,2,,,,,
639414,tt9176296,Q58411480,Dolly Kitty and Those Twinkling Stars,डॉली किट्टी और वो चमकते सितारे,2020-09-18,120,Comedy|Drama,5.2,15,IN,,,Delhi (India),India
679994,tt11268020,Q85756618,Devi,Devi,2020-03-02,13,Drama,7.5,12,IN,,,,
1035895,,,Service Boy,Service Boy,2020-07-31,16,,0.0,0,,,,,
739512,tt12965070,Q116264782,Vilom,Vilom,2020-09-15,80,Romance|Drama,2.0,2,IN,,,,
850957,,,Uff,Uff,2020-06-04,100,Romance,0.0,0,IN,,,,
849780,tt13751982,,Amar Prem,Amar Prem,2020-09-30,0,,0.0,0,IN,,,,
855635,tt13759838,,Cannibal,Cannibal,2020-12-27,0,,0.0,0,IN,,,,
733137,tt9110350,,Monster,Monster,2020-08-12,9,Horror|Fantasy,5.5,4,IN,,,,
851449,,,Needs,Needs,2020-06-02,24,,0.0,0,IN,,,,
851161,,,Sparsh,Sparsh,2020-05-12,21,Romance,0.0,0,IN,,,,
850935,tt12028270,,Online Ishq,Online Ishq,2020-02-02,23,Romance,0.0,0,IN,,,,
1453444,tt11508604,,The Sleepwalkers,The Sleepwalkers,2020-06-17,33,Thriller,0.0,0,IN,,,,
710914,tt11891874,,The Comedian,The Comedian,2020-05-31,25,,0.0,0,,,,,
850801,,,Ghat Ghat Kaa Pani,Ghat Ghat Kaa Pani,2020-10-17,27,Romance,0.0,0,IN,,,,
611356,tt10333912,Q64768686,Gulabo Sitabo,गुलाबो सिताबो,2020-06-12,124,Drama|Comedy,5.974,57,IN,,,Lucknow (India),India
1192361,tt12195998,,Phone Call,Phone Call,2020-07-30,8,,0.0,0,,,,,
656007,tt8983166,Q61995311,Panga,पंगा,2020-01-24,131,Romance,6.7,29,IN,,,,
797913,tt12278870,,Gulabi Lens,Gulabi Lens,2020-07-22,20,Romance|Drama,0.0,0,IN,,,,
759999,tt11508224,Q85773258,Kaanchli,Kaanchli,2020-02-07,102,Drama,3.0,1,IN,,,,
693836,tt10885444,Q77889909,Khaali Peeli,खाली पीली,2020-10-01,113,Romance|Action|Comedy|Thriller,5.571,15,IN,Mumbai (India),India,Mumbai (India),India
671539,tt10875678,Q65060520,Happy Hardy And Heer,Happy Hardy And Heer,2020-01-31,123,Comedy|Romance,2.0,2,IN,,,,
678960,tt11573410,Q85764883,Guns of Banaras,गन्स ऑफ़ बनारस,2020-02-28,135,Action|Crime|Drama,0.0,0,IN,,,,
743382,tt10230414,Q99857702,Serious Men,Serious Men,2020-10-02,115,Drama|Comedy,6.7,43,IN,,,,
660056,tt9766280,Q64768405,Bhangra Paa Le,भंगड़ा पा ले,2020-01-03,131,Music,5.4,8,IN,,,London (United Kingdom),United Kingdom
727485,,,Nawab,Nawab,2020-02-04,10,Comedy,4.0,1,IN,,,,
455004,tt4486148,Q55080302,Shimla Mirchi,शिमला मिर्ची,2020-01-03,129,Romance,0.0,0,IN,,,,
814425,tt12856592,,Durga,Durga,2020-07-20,15,Drama,5.0,2,IN,,,,
735182,tt12642180,Q101245088,Ram Singh Charlie,रामसिंह चार्ली,2020-08-28,97,Drama|Comedy,7.6,7,,,,,
853612,,,Noorie,Noorie,2020-10-29,29,,0.0,0,IN,,,,
496348,tt3734580,Q16248590,Ghoomketu,Ghoomketu,2020-05-22,102,Comedy|Drama,5.917,12,IN,,,,
720796,tt3698454,Q97184307,Yaara,यारा,2020-07-30,131,Action|Drama,5.4,18,IN,,,,
757329,tt13130532,Q116179185,Footfairy,Footfairy,2020-10-24,115,Crime|Thriller,4.2,10,IN,,,,
664602,tt8976992,,The Shepherdess and the Seven Songs,Laila aur satt geet,2020-02-28,96,Drama,4.0,5,IN,,,,
851452,,,Office Affair,Office Affair,2020-06-26,0,,0.0,0,IN,,,,
751640,tt13178692,,376 D,376 D,2020-10-09,128,Crime|Thriller,4.5,3,IN,,,,
856159,,,Waqt,Waqt,2020-12-14,0,,0.0,0,IN,,,,
748457,tt10916102,Q101245230,Bahut Hua Sammaan,बहुत हुआ सम्मान,2020-10-02,125,Comedy|Crime|Drama,6.808,13,IN,,,,
741075,,,AARAMBH,AARAMBH,2020-08-01,26,,0.0,0,,,,,
853331,,,Mirror,Mirror,2020-11-14,21,,0.0,0,IN,,,,
857852,,,One Night,One Night,2020-09-18,0,,3.0,1,IN,,,,
667585,tt8983164,Q62073359,Chhalaang,Chhalaang,2020-11-13,136,Comedy|Drama,6.159,41,IN,Film City (India)|Haryana (India)|Mumbai (India),India,Haryana (India)|Jhajjar (India),India
814430,tt12714864,,The Relationship Manager,The Relationship Manager,2020-07-18,18,Drama,8.0,2,IN,,,,
560702,tt12505468,Q101245137,Kadakh,कड़ख,2020-06-18,108,Thriller|Comedy|Crime|Drama,5.778,9,IN,,,,
774696,tt12997998,,Wishlist,Wishlist,2020-12-11,93,Drama|Romance,6.0,1,IN,,,,
598859,tt7881550,Q85773255,Kaamyaab,कामयाब,2020-03-06,109,Comedy|Drama,6.7,20,IN,,,,
939537,tt11841830,,Black Rose,Black Rose,2020-10-01,120,Thriller,0.0,0,IN,,,,
858787,,,Blackmail Pe Blackmail,Blackmail Pe Blackmail,2020-11-14,0,,0.0,0,IN,,,,
638665,tt9343754,Q97354127,Eeb Allay Ooo!,Eeb Allay Ooo!,2020-12-18,97,Comedy|Drama,7.455,11,IN,,,,
714625,tt12235304,,Chu Kat Gaya,Chu Kat Gaya,2020-03-18,0,Romance,0.0,0,IN,,,,
849520,,,Tit for Tat,Tit for Tat,2020-06-05,0,,5.0,1,IN,,,,
772879,tt13491620,Q104835790,Unpaused,Unpaused,2020-12-18,113,Comedy|Drama,6.6,14,IN,,,,
831279,tt11891982,,Hunger,Hunger,2020-10-01,8,Drama,0.0,0,IN,,,,
683395,tt11964084,Q92845657,Virgin Bhanupriya,Virgin Bhanupriya,2020-07-16,0,Comedy|Drama,1.0,1,IN,Mumbai (India),India,Mumbai (India),India
773911,tt9390240,Q104879859,Shakeela,शकीला,2020-12-25,126,Drama|Romance,6.2,4,IN,,,,
728133,tt12779208,Q104855155,Milestone,मील पत्थर,2020-09-03,98,Drama,6.024,21,IN,,,,
750224,tt30216076,Q131322002,Chhota Bheem's Russian Adventures,Chhota Bheem Ka Roosi Romanch,2020-09-04,62,Animation,0.0,0,,,,,
727864,tt12045028,,Nympho: The Lust Story,Nympho: The Lust Story,2020-09-27,126,Drama|Romance,1.3,3,IN,,,,
851243,,,Love and Lust,Love and Lust,2020-08-28,23,Romance,0.0,0,IN,,,,
719918,tt10632744,Q106691884,Hum Bhi Akele Tum Bhi Akele,Hum Bhi Akele Tum Bhi Akele,2020-02-14,117,,2.7,3,,,,,
850817,,,My Last Imagination,My Last Imagination,2020-06-16,27,Romance,0.0,0,IN,,,,
850260,,,Good news Bad news,Good news Bad news,2020-08-11,22,Romance,0.0,0,IN,,,,
678803,tt11743900,,Cookie,कुकी,2020-02-28,104,Horror|Drama,0.0,0,,,,,
849526,,,Hunger,Hunger,2020-05-05,23,,0.0,0,IN,,,,
953703,,,Motu Patlu Dangerous Road Trip in Switzerland,Motu Patlu Dangerous Road Trip in Switzerland,2020-06-24,55,Animation|TV Movie|Comedy|Family,9.0,1,IN,,,,
655459,tt9817760,Q64768303,Jai Mummy Di,जय मम्मी दी,2020-01-16,103,Comedy|Romance,4.929,21,IN,,,,
856164,,,Used Man,Used Man,2020-12-06,0,Romance,0.0,0,IN,,,,
698436,tt9367742,,Tryst With Destiny,Tryst With Destiny,2020-04-15,128,Drama,8.0,1,IN,,,,
869014,,,Pati Patni Aur Postman,Pati Patni Aur Postman,2020-10-05,0,,0.0,0,IN,,,,
686919,tt11953628,Q90346730,Maska,Maska,2020-03-27,111,Comedy,5.2,19,IN,,,Mumbai (India),India
748019,tt13138420,,Unkahee,अनकही,2020-09-26,41,Crime|Drama|Thriller,5.5,1,,,,,
703809,tt12827140,,The Song We Sang,The Song We Sang,2020-02-05,20,Drama|Romance,0.0,0,IN,,,,
684806,tt11442270,Q131351397,Bunker,बंकर,2020-01-17,98,Drama|War,8.0,2,IN,,,,
853597,,,Soulmate,Soulmate,2020-09-14,0,,0.0,0,IN,,,,
725311,tt10199974,Q97403721,Pareeksha,परीक्षा - एक आखिरी इम्तिहान,2020-07-26,102,Drama,5.8,15,IN,,,,
715493,,,Mysterious Lust,Mysterious Lust,2020-05-12,23,Romance,0.0,0,IN,,,,
669480,tt12841428,,A Rifle and a Bag,A Rifle and a Bag,2020-01-27,89,Documentary,5.3,3,IN|IT|QA|RO,,,,
757809,tt8733760,Q128454029,Chote Nawab,Chote Nawab,2020-10-16,103,,3.0,1,,,,,
743126,tt10330110,,Captive,नजरबंद,2020-10-28,85,Drama,0.0,0,IN,,,,
693838,tt11112526,Q77894201,Indoo Ki Jawani,इंदु की जवानी,2020-12-11,115,Comedy,3.773,11,IN,Lucknow (India),India,Ghaziabad (India),India
849502,,,Tharki Chotu,Tharki Chotu,2020-04-14,0,,0.0,0,IN,,,,
851206,,,My Girlfriend’s Love Story,My Girlfriend’s Love Story,2020-09-18,57,Drama,0.0,0,IN,,,,
853614,,,The Last Truth,The Last Truth,2020-09-10,24,Drama|Romance,0.0,0,IN,,,,
659672,tt9691324,Q82260981,Sab Kushal Mangal,सब कुशाल मंगल,2020-01-03,135,Romance|Comedy,4.5,2,IN,,,,
679041,tt11177996,Q85765958,The Winds - Hawayein,The Winds - Hawayein,2020-05-01,0,Adventure|Romance|Drama,0.0,0,,,,,
682838,tt11261918,Q97168616,O Pushpa I Hate Tears,O Pushpa I Hate Tears,2020-02-28,127,Comedy|Drama|Thriller,10.0,1,IN,,,,
1510451,tt9358912,,Aparichit,Aparichit,2020-06-25,20,Drama|Thriller|Horror,0.0,0,IN,,,,
1615701,tt27688444,,Apno Se Bewafai,Apno Se Bewafai,2020-04-10,131,,0.0,0,,,,,
732953,tt12845296,,The Hidden Strike,The Hidden Strike,2020-08-14,100,War|Action,0.0,0,,,,,
748027,tt12758600,Q101245056,Comedy Couple,कॉमेडी कपल,2020-10-21,117,Comedy|Romance|Drama,8.8,2,IN,,,,
691449,tt11730940,Q96373040,Bamfaad,Bamfaad,2020-04-10,101,Romance|Drama,6.0,3,IN,,,,
857859,tt12724986,,Yes I am Hungry,Yes I am Hungry,2020-01-28,0,,0.0,0,IN,,,,
857857,tt12724992,,Do Minute,Do Minute,2020-01-24,0,,0.0,0,IN,,,,
851227,,,I Am Here,I Am Here,2020-10-18,23,Romance|Horror,0.0,0,IN,,,,
778745,tt13400476,Q130694026,Teri Diwali Meri Christmas,Teri Diwali Meri Christmas,2020-12-12,63,Adventure|Romance|Fantasy,10.0,1,IN,,,,
849459,tt7766018,Q64768645,The Pushkar Lodge,The Pushkar Lodge,2020-04-17,115,Drama,0.0,0,IN,,,,
853296,tt12741102,,Colours Of Night,Colours Of Night,2020-07-14,18,,0.0,0,IN,,,,
1004820,,,"They Called it Love, But Was it Love?","They Called it Love, But Was it Love?",2020-12-01,8,,0.0,0,,,,,
746878,tt12467352,,Writ,Vidhan,2020-07-29,84,Romance,2.3,3,,,,,
853977,tt12821676,,Aisa Bhi Hota Hai,Aisa Bhi Hota Hai,2020-02-28,0,,0.0,0,IN,,,,
787988,tt13685100,,55 km/sec,55 km/sec,2020-12-20,22,Science Fiction|Romance,7.0,1,IN,,,,
1190690,,,Machis ki Dibiya,Machis ki Dibiya,2020-07-30,20,,0.0,0,,,,,
709386,tt11058440,Q96193620,Natkhat,नटखट,2020-06-02,33,Drama,4.75,4,IN,,,,
850184,,,Maid for each other,Maid for each other,2020-06-13,20,,0.0,0,IN,,,,
683762,tt9011790,,Children Of The Soil,Children Of The Soil,2020-03-10,5,Animation|Music|Drama|Documentary,7.0,1,IN,,,,
870631,,,COVID-19: India's War Against The Virus,COVID-19: India's War Against The Virus,2020-07-16,52,Documentary,0.0,0,,,,,
802035,,,Lekin,Lekin,2020-02-22,15,Romance,0.0,0,DK,,,,
694781,tt13740878,,Mushk,Mushk,2020-04-17,142,Drama,0.0,0,IN,,,,
728187,tt12743636,Q101245087,Mee Raqsam,मी रक़्सम,2020-08-21,95,Drama,5.7,3,IN,,,,
782008,tt11847678,,Mannat,मन्नत,2020-11-11,26,Drama,0.0,0,IN,,,,
656566,tt11262978,,Amit Tandon: Family Tandoncies,Amit Tandon: Family Tandoncies,2020-02-28,72,Comedy,6.2,5,IN,,,,
680015,tt12044426,,Dheet Patangey,Dheet Patangey,2020-03-02,113,Drama,6.0,1,IN,,,,
756694,tt10133680,Q132240276,Kasaai,Kasaai,2020-10-23,0,,0.0,0,,,,,
681419,tt3802574,Q96419103,Operation Parindey,Operation Parindey,2020-03-07,55,Action|Thriller,3.0,2,IN,,,,
929454,,,Ghar Se,Ghar Se,2020-06-30,10,Thriller,0.0,0,IN,,,,
758208,tt11676022,,Article 21 A,Article 21 A,2020-01-31,19,Drama|TV Movie,10.0,1,,,,,
681272,tt11880600,Q96375956,Darbaan,दरबान,2020-12-04,89,Drama,7.0,3,,,,,
820825,,,Rudra: Secret of the Black Moon,Rudra: Secret of the Black Moon,2020-05-24,87,Animation|Fantasy|Family,0.0,0,IN,,,,
813737,tt13282096,,The Cage of life,The Cage of life,2020-10-23,0,,0.0,0,IN,,,,
756865,tt12940972,,Call Him Eddy,Call Him Eddy,2020-08-20,21,,0.0,0,IN,,,,
736938,,,Special mutton curry,Special mutton curry,2020-08-25,0,,0.0,0,IN,,,,
853616,tt12750676,,The Last Trip,The Last Trip,2020-07-20,0,,0.0,0,IN,,,,
610160,tt8976464,Q64855129,Chippa,Chippa,2020-06-01,91,Drama,6.6,5,IN,,,,
669583,,,Did It Happen?,Did It Happen?,2020-02-02,0,,6.5,6,IN,,,,
715085,tt12502244,,Home Stories,घर की कहानियां,2020-06-12,47,Family|Drama,0.0,0,IN,,,,
666094,tt11742184,,Chronicle of Space,स्थलपुराण,2020-02-21,85,Family,0.0,0,IN,,,,
1129278,tt11719180,,The key of life,The Key Of Life,2020-01-07,11,Drama,0.0,0,IN,,,,
806327,tt8226398,,Donkey,Gadhedo,2020-01-21,16,Comedy,0.0,0,IN,,,,
1405875,tt28612260,,Jugaad,Jugaad,2020-09-01,8,Documentary,0.0,0,,,,,
824536,tt7670556,,Motu Patlu in the Game of Zones,Motu Patlu in the Game of Zones,2020-12-19,87,Animation|Comedy|Mystery|Fantasy|Adventure|Action,10.0,1,IN,,,,
702882,tt11774804,Q97516205,Court Martial,Court Martial,2020-01-19,120,Drama,0.0,0,IN,,,,
770868,tt13598738,,Rubaru,Rubaru,2020-09-18,18,Drama,10.0,1,IN,,,,
754463,,,A Silent Warble,A Silent Warble,2020-01-06,16,Drama,0.0,0,IN,,,,
766900,tt13502066,Q112186463,Fukrey Boyzzz: Space Mein Fukrapanti,Fukrey Boyzzz: Space Mein Fukrapanti,2020-11-14,74,Animation,0.0,0,,,,,
769553,,,Chanda Ke Joote,चंदा के जूते,2020-03-08,22,,0.0,0,,,,,
741058,,,The Holy Fish,The Holy Fish,2020-08-01,90,,0.0,0,,,,,
874469,tt12934616,,Little Singham: Kaal Ka Badla,Little Singham: Kaal Ka Badla,2020-05-23,69,,10.0,1,,,,,
962281,tt13358398,,4 SUM,4 SUM,2020-12-31,96,Drama|Thriller|Crime,5.0,1,,,,,
747517,tt12618940,,Khayali Pulao,Khayali Pulao,2020-07-09,27,Drama,0.0,0,IN,,,,
832921,,,I do it for the Sparrow and the Mouse,I do it for the Sparrow and the Mouse,2020-01-01,104,,0.0,0,,,,,
784492,tt20872956,,Motu Patlu Vs Dr. Destroyer,Motu Patlu Vs Dr. Destroyer,2020-01-03,0,Animation,0.0,0,IN,,,,
853932,,,Laal Ghaas Par Neele Ghode,Laal Ghaas Par Neele Ghode,2020-11-04,3,Fantasy|Music|Adventure,10.0,1,IN,,,,
724414,tt12038276,,Color of Him,Color of Him,2020-03-28,15,Drama|Romance,0.0,0,IN,,,,
758145,tt12930096,,Ritu Goes Online,Ritu Goes Online,2020-10-10,16,,0.0,0,,,,,
854174,,,Lyrically Bleating Horns,Lyrically Bleating Horns,2020-03-26,11,Drama,1.0,1,IN,,,,
821902,tt13534804,,Siyavar Ram,Siyavar Ram,2020-11-14,95,Animation,0.0,0,IN,,,,
658461,tt11502856,Q85807492,The Hundred Bucks,The Hundred Bucks,2020-02-21,120,Drama,0.0,0,IN,,,Mumbai (India),India
900505,,,Kaale Chitte Rang,Kaale Chitte Rang,2020-06-02,49,Crime,0.0,0,IN,,,,
1413334,,,Crimson Hood,Crimson Hood,2020-07-27,1,Horror,0.0,0,IN,,,,
738984,,,Once Upon a Village,एक था गाँव,2020-09-30,61,Documentary,0.0,0,IN,,,,
831560,,,The Paris Metro - Nostalgic Flâneur,The Paris Metro - Nostalgic Flâneur,2020-11-04,2,Animation|Documentary,0.0,0,IN,,,,
760409,,,My Brother,मेरा भाई,2020-12-03,22,Drama,2.5,1,SG,,,,
759425,tt1703807,,Depth of Pyaar,Depth of Pyaar,2020-03-10,93,Thriller|Drama|Romance,0.0,0,,,,,
847150,,,The Last Nightmare,The Last Nightmare,2020-11-18,0,,0.0,0,IN,,,,
835501,tt14570048,,Myakut,Myakut,2020-07-03,87,,0.0,0,,,,,
733417,,,Un.Suitables,Un.Suitables,2020-07-28,26,,0.0,0,,,,,
701961,,,Wandering Cloud,Honortan Rimil,2020-05-08,18,Drama,0.0,0,IN,,,,
695708,tt12146594,,Chosen Few,Chosen Few,2020-04-21,21,Crime|Drama,10.0,1,IN,,,,
747021,tt11709788,,Kehta Hai Yeh Dil,कहता है यह दिल,2020-02-28,116,Comedy|Drama,0.0,0,IN,,,,
1248953,,,Motu Patlu The Superheroes Vs Alien Ghost,Motu Patlu The Superheroes Vs Alien Ghost,2020-06-22,84,,0.0,0,,,,,
748771,tt9828864,,Dhoosarit - The Grey,Dhoosarit - The Grey,2020-09-27,90,,0.0,0,,,,,
1710085,tt39334476,,Chhoti Si Baat,Chhoti Si Baat,2020-06-22,27,Thriller|Drama,0.0,0,IN,,,,
758948,,,DHONG,DHONG,2020-10-29,7,,10.0,0,,,,,
742645,,,Mayadweep,Mayadweep,2020-08-01,0,Documentary,0.0,0,IN,,,,
851235,tt11496832,,Antervyathaa,Antervyathaa,2020-01-03,0,,0.0,0,,,,,
849905,,,The Butterfly Stroke,The Butterfly Stroke,2020-11-13,18,Romance|Fantasy,0.0,0,IN,,,,
1092350,tt14281336,,One Stop for Love,One Stop for Love,2020-04-06,65,Romance|Comedy,0.0,0,,,,,
1245206,tt23016898,,Honey Bunny In Rabbit Island,Honey Bunny In Rabbit Island,2020-06-10,0,Animation|Comedy,0.0,0,,,,,
733320,tt12715526,,Desire?,Desire?,2020-07-24,28,Documentary,8.0,1,,,,,
849458,tt4907258,Q30592201,Omprakash Zindabad,Omprakash Zindabad,2020-12-18,0,Comedy|Drama,0.0,0,,,,,
811018,,,Jadbharata,जड़भरत,2020-04-21,7,Fantasy,0.5,1,,,,,
786024,tt12677010,,Namumkin Tere Bin Jeena,Namumkin Tere Bin Jeena,2020-11-27,0,,1.0,1,,,,,
759287,,,MURDA,MURDA,2020-10-30,8,Drama|Horror,0.0,0,IN,,,,
754757,,,Silent Emotions,Silent Emotions,2020-01-23,24,,0.0,0,,,,,
1325243,,,Dhauli,Dhauli,2020-01-16,92,Drama,0.0,0,,,,,
1128663,tt23490342,,2020: A Positive Year,2020: A Positive Year,2020-05-30,0,Drama,0.0,0,IN,,,,
1097712,,,3rd Stanza,3rd Stanza,2020-01-01,40,Drama|Romance,0.0,0,,,,,
761547,,,Dedh Gaanth,Dedh Gaanth,2020-08-14,0,,0.0,0,,,,,
732201,,,Pencil Box,Pencil Box,2020-07-29,30,,0.0,0,,,,,
870649,,,Entrance Exam,Entrance Exam,2020-06-11,60,,0.0,0,IN,,,,
757722,,,Nagastyle,Nagastyle,2020-11-01,0,Documentary,0.0,0,IN,,,,
1020298,tt10572912,,In Search of Bidesia,In Search of Bidesia,2020-01-11,66,Documentary|Music,0.0,0,,,,,
893160,,,Uncertain,Kadachit,2020-12-10,17,Drama,0.0,0,IN,,,,
1378024,,,Anxiety,Anxiety,2020-08-13,11,Comedy,0.0,0,,,,,
733251,,,Secrets Of Seenagers,Secrets Of Seenagers,2020-07-24,44,,0.0,0,,,,,
732197,,,Guptadhan,Guptadhan,2020-07-29,10,,0.0,0,,,,,
465007,,,Raag,Raag,2021-03-26,0,Drama,0.0,0,IN,,,,
741397,tt9108892,,Harami,हरामी,2021-06-30,100,Crime|Drama|Romance,7.6,5,US|IN,,,,
706108,tt9015962,Q135471438,Borderlands,Borderlands,2021-06-04,67,Documentary,7.3,3,IN,,,,
592508,tt9531772,Q61994951,Sooryavanshi,सूर्यवंशी,2021-11-05,145,Action|Crime|Thriller,5.8,184,IN,"Bangkok (Ayutthaya Kingdom, Konbaung dynasty, Rattanakosin Kingdom, Thailand, Thonburi Kingdom)|Hyderabad (India)|Mumbai (India)",Ayutthaya Kingdom|India|Konbaung dynasty|Rattanakosin Kingdom|Thailand|Thonburi Kingdom,Mumbai (India),India
842000,tt14207622,,The Knot,उलझन,2021-06-11,107,Drama,0.0,0,IN,,,,
599925,tt10295212,Q65065643,Shershaah,शेरशाह,2021-08-12,135,Action|Drama|Thriller|War,7.3,132,IN,,,,
601337,tt7518786,Q85419123,83,83,2021-12-23,160,Drama|History,7.2,72,IN,England (United Kingdom),United Kingdom,Dulwich College (United Kingdom)|Edinburgh (United Kingdom)|England (United Kingdom)|Glasgow (United Kingdom)|Mumbai (India)|Nevill Ground (United Kingdom)|Royal Tunbridge Wells (United Kingdom)|The Oval (United Kingdom),India|United Kingdom
695969,tt11027830,Q80384464,Haseen Dillruba,हसीन दिलरुबा,2021-06-30,136,Romance|Mystery|Thriller,6.758,128,IN,,,,
858383,tt14985658,Q134695341,Oye Mamu!,Oye Mamu!,2021-08-06,0,Comedy,0.0,0,IN,,,,
858807,,,Mafia 2,Mafia 2,2021-06-03,0,,0.0,0,IN,,,,
776557,tt13630174,Q110281432,Writing with Fire,Writing with Fire,2021-01-30,97,Documentary|History,7.3,35,IN,,,,
767377,tt13510660,Q104834950,Dhamaka,धमाका,2021-11-19,104,Thriller|Drama|Crime,6.816,106,IN,,,,
806516,tt14257028,Q106372065,1232 KMs,1232 KMs,2021-03-24,86,Documentary|Drama,8.8,2,IN,,,,
653457,tt10895576,Q85785582,Mimi,मिमी,2021-07-26,132,Comedy|Drama,6.864,114,IN,,,,
618911,tt9766332,Q87196215,Atrangi Re,अतरंगी रे,2021-12-24,138,Romance|Comedy|Drama,6.521,73,IN,,,,
829808,tt13847502,Q109252847,D Company,D Company,2021-05-15,89,Action|Crime|Thriller,5.0,1,IN,,,,
824744,tt11314148,Q85800832,Shiddat,शिद्दत,2021-10-01,146,Romance|Drama,6.9,42,IN|GB,,,,
852194,,,Zeher,Zeher,2021-07-16,0,,0.0,0,IN,,,,
695958,tt8907992,Q85807258,The Girl on the Train,द गर्ल ऑन द ट्रेन,2021-02-26,128,Drama|Thriller,5.7,98,IN,England (United Kingdom)|London (United Kingdom)|United Kingdom,United Kingdom,England (United Kingdom)|London (United Kingdom)|United Kingdom,United Kingdom
1006154,,,The Making,The Making,2021-06-26,13,Drama,0.0,0,IN,,,,
1305770,tt11860510,,Peepal Tree,Peepal Tree,2021-10-29,85,Drama,0.0,0,,,,,
660042,tt9614452,Q74560421,The Big Bull,द बिग बुल,2021-04-08,154,Crime|Drama,5.133,15,IN,,,,
679844,tt10888594,Q71954796,Radhe,राधे,2021-05-12,135,Action|Adventure|Crime|Thriller,3.799,67,IN,Lonavala (India),India,,
832657,tt9769820,,NCR: Chapter One,NCR: Chapter One,2021-02-03,65,,0.0,0,,,,,
786190,tt11142762,Q85791783,Pagglait,पगलैट,2021-03-26,114,Drama|Comedy,6.569,51,IN,,,,
598826,tt10280296,Q64152707,Sardar Udham,सरदार उधम,2021-10-16,162,Crime|Drama|History,7.196,140,IN,,,,
885588,tt14169522,,The Case,The Case,2021-07-22,12,Drama|Crime,0.0,0,DE|IN,,,,
1604955,tt16539448,,Clean,Clean,2021-12-24,22,Drama,0.0,0,,,,,
608746,tt10483386,Q17075453,Mumbai Saga,मुंबई सागा,2021-03-19,125,Action|Drama|Crime,5.6,28,IN,Mumbai (India),India,Mumbai (India),India
694103,tt10098288,Q64768529,Roohi,रूही,2021-03-11,134,Horror|Comedy,4.393,42,IN,Agra (India),India,,
721048,tt11260832,Q75071510,Bell Bottom,Bell Bottom,2021-08-19,123,Action|Thriller,6.217,46,IN,,,,
986166,,,Systam,SYस्टM,2021-04-30,27,Drama,0.0,0,IN,,,,
802403,tt14091818,Q106362967,Ajeeb Daastaans,Ajeeb Daastaans,2021-04-16,142,Drama|Romance,6.083,48,IN,,,,
862701,tt15250998,Q108770555,Ankahi Kahaniya,अनकही कहानियाँ,2021-09-17,110,Drama|Romance,5.8,15,IN,,,,
911360,tt13723562,Q110362904,420 IPC,420 IPC,2021-12-17,99,Crime|Drama,6.3,3,IN,,,,
679024,tt11045422,Q85810104,Toofaan,तूफ़ान,2021-07-16,161,Drama,5.15,30,IN,,,,
734780,tt11213600,Q106831272,Sardar Ka Grandson,सरदार का पोता,2021-05-18,140,Comedy|Drama|Romance|Family,7.1,29,IN,,,,
804005,tt13698928,Q105730524,Silence... Can You Hear It?,Silence... Can You Hear It?,2021-03-26,136,Thriller|Drama,6.13,23,IN,,,,
870103,tt15331278,,Crime Factory,Crime Factory,2021-08-27,129,TV Movie|Drama,0.0,0,IN,,,,
882847,tt12247290,Q114246782,Jolsobi,Jolsobi,2021-10-29,0,Drama,5.0,1,,,,,
590397,tt10062556,Q65085740,Bhuj: The Pride of India,भुज: द प्राइड ऑफ इंडिया,2021-08-13,113,War|History|Action|Drama,5.259,27,IN,,,,
885548,tt14716140,,Cheepatakadumpa,Cheepatakadumpa,2021-11-04,24,Comedy|Drama,0.0,0,IN,,,,
669696,tt10761694,Q85804881,Tadap,तड़प,2021-12-03,126,Action|Romance,6.333,15,IN,,,,
901562,tt16169406,Q109927939,Andaman,Andaman,2021-11-20,115,Drama,0.0,0,IN,,,,
869218,tt15321182,,Nafs Said,Nafs Said,2021-08-28,13,Drama,0.0,0,US,,,,
760932,tt13860794,,Not Today,Not Today,2021-01-08,92,Drama,0.0,0,IN,,,,
666390,tt10569922,Q79821532,Bunty Aur Babli 2,बंटी और बबली २,2021-11-19,138,Comedy|Crime|Drama,4.7,12,IN,Abu Dhabi (United Arab Emirates),United Arab Emirates,Mumbai (India),India
1068182,tt15085540,,Purvanchal Diaries,Purvanchal Diaries,2021-06-07,50,Crime,0.0,0,IN,,,,
534081,tt7094488,Q48671184,Sandeep Aur Pinky Faraar,संदीप और पिंकी फरार,2021-03-18,126,Thriller|Drama,6.543,23,IN,Mahipalpur (India)|Pithoragarh district (India),India,Delhi (India),India
885534,tt23785222,,Repulsive,Khabsurat,2021-09-09,15,Drama,0.0,0,IN,,,,
810416,tt5991562,,Tremors,Tremors,2021-03-26,14,,0.0,0,,,,,
674531,tt8984572,Q79597361,Bob Biswas,बॉब बिस्वास,2021-12-03,132,Crime|Thriller|Action,6.522,23,IN,,,,
828871,tt13529034,Q108901401,Meenakshi Sundareshwar,मीनाक्षी सुंदरेश्वर,2021-11-05,141,Romance|Drama,5.6,38,IN,,,,
755836,tt12861850,Q104879226,Chandigarh Kare Aashiqui,चंडीगढ़ करे आशिकी,2021-12-10,117,Drama|Romance,5.981,52,IN,,,,
801831,tt9176086,Q63257096,Saina,साइना,2021-03-26,133,Drama,6.2,10,IN,,,,
739146,tt10083640,Q63108829,Bhoot Police,भूत पुलिस,2021-09-10,129,Adventure|Horror|Comedy,5.2,43,IN,,,,
922396,tt4799820,,Pati Patni and Joe,Pati Patni and Joe,2021-12-31,106,Comedy|Drama,5.0,5,IN,,,,
1732147,tt13323178,,Sir Sir Sarla,Sir Sir Sarla,2021-05-28,108,Drama,0.0,0,IN,,,,
842347,tt8763398,,Googly Gumm Hai,Googly Gumm Hai,2021-07-02,80,Adventure|Thriller|Romance|Mystery,10.0,1,IN,,,,
658075,tt8983220,Q85767755,Hungama 2,हंगामा २,2021-07-23,156,Comedy,4.4,19,IN,,,,
794008,tt13989310,Q106092165,Koi Jaane Na,कोई जाने ना,2021-04-02,141,Thriller|Mystery,5.5,4,IN,,,,
819727,,,Rifle Ganj,Rifle Ganj,2021-04-15,122,Crime|Drama,3.0,1,,,,,
830891,tt10741542,Q107176275,Sherni,शेरनी,2021-06-18,130,Drama,6.279,34,IN,,,,
811007,,,Shero,Shero,2021-02-01,14,Documentary,6.0,1,IT,,,,
812547,tt12258380,Q96373124,The Flute,Bansuri,2021-04-16,108,Drama,0.0,0,IN,,,,
695951,tt10309902,Q63928274,Chehre,चेहरे,2021-08-27,139,Thriller|Mystery|Drama,6.352,27,IN,Slovakia,Slovakia,,
794819,tt10895556,Q75174902,Rashmi Rocket,रश्मि रॉकेट,2021-10-15,129,Drama,6.0,17,IN,,,,
843912,tt7598716,Q105317229,Maassab,Maassab,2021-01-29,0,,0.0,0,,,,,
753637,tt9569142,,Laali,लाली,2021-01-08,35,Drama,0.0,0,IN,,,,
890986,tt15523028,Q131820585,Bekhudi,बेखुदी,2021-10-29,122,Romance|Thriller,7.5,2,IN,,,,
790019,tt13912632,Q106623488,Sanak,सनक,2021-10-15,117,Action|Thriller,6.315,27,IN,,,,
711643,tt12861212,Q104879238,Chhorii,छोरी,2021-11-26,129,Horror|Thriller,6.5,34,IN|US,,,,
891855,tt15770326,,DRE7MS,DRE7MS,2021-12-21,83,Drama|Fantasy|Romance,0.0,0,IN,,,,
1438073,tt14915872,,WingMan (The Universal Irony of Love),WingMan (The Universal Irony of Love),2021-06-24,63,Comedy|Drama,0.0,0,IN,,,,
1428344,tt8382394,,Mehrunisa,Mehrunisa,2021-01-16,90,,0.0,0,,,,,
798159,tt11816092,Q108824626,Hum Do Hamare Do,हम दो हमारे दो,2021-10-29,129,Comedy|Drama|Family,5.5,24,IN,,,,
859670,tt11067726,Q126086650,12x12,बारह X बारह,2021-01-15,118,Drama,0.0,0,IN,,,,
718739,tt14253018,Q113023223,RK/RKAY,RK/RKAY,2021-05-14,95,Romance|Comedy,6.2,4,IN,,,,
643807,tt10196464,Q77890337,Ramprasad Ki Tehrvi,रामप्रसाद की तेहरवी,2021-01-01,106,Drama|Family|Comedy,6.6,26,IN,,,,
732621,tt10040978,Q48672443,12 “o” CLOCK,12 “o” CLOCK,2021-01-08,105,Horror|Thriller,3.0,3,IN,,,,
947920,tt12044326,,Ek Jhalak,Ek Jhalak,2021-09-02,20,,6.0,1,IN,,,,
805916,tt13676588,,Decision,Decision,2021-02-07,8,Drama|Mystery,10.0,1,,,,,
813360,tt14071150,Q107391262,Flight,Flight,2021-04-02,110,Action|Thriller,10.0,1,IN,,,,
764684,tt10986404,Q123537518,The River of Love,The River of Love,2021-01-01,71,Fantasy|Adventure,0.0,0,IN,,,,
744991,tt11102314,Q85847850,Tribhanga,त्रिभंग,2021-01-15,95,Drama|Family,7.129,31,IN,,,,
925861,,,Dal Bhat,Dal Bhat,2021-08-20,32,,0.0,0,,,,,
1169076,tt28757616,,Chand Saanse,Chand Saanse,2021-08-20,20,Drama,0.0,0,IN,,,,
1045194,tt7779818,,Lights! Camera! Murder!,Lights! Camera! Murder!,2021-08-09,122,Romance|Drama,8.0,1,IN,,,,
1090374,tt14269234,,Friction,Friction,2021-09-30,24,Drama,0.0,0,IN,,,,
886440,tt15715122,Q85760162,Dybbuk,Dybbuk,2021-10-29,118,Horror|Thriller|Drama,5.1,18,IN,,,,
764336,tt13199556,Q101245449,Lahore Confidential,Lahore Confidential,2021-02-04,108,Thriller|Mystery|Drama,6.3,3,IN,,,,
791009,tt9176102,Q119789477,Tuesdays And Fridays,Tuesdays And Fridays,2021-02-19,106,Romance|Comedy|Music,4.3,7,IN|GB,,,,
1721308,,,Dayalu,Dayalu,2021-12-01,10,Drama,0.0,0,IN,,,,
817778,,,Third Eye,Third Eye,2021-04-13,31,Drama,0.0,0,IN,,,,
695973,tt10739666,Q72416858,Satyameva Jayate 2,सत्यमेव जयते 2,2021-11-25,141,Action|Crime|Drama|Thriller,5.385,26,IN,,,,
1129429,tt14852670,Q124129641,Manvee,Manvee,2021-07-01,87,Drama,0.0,0,,,,,
888978,,,Bon Appétit,Bon Appétit,2021-03-19,11,Drama,0.0,0,IN,,,,
866052,tt15170362,Q5179184,The Interview: Night of 26/11,The Interview: Night of 26/11,2021-08-27,116,Thriller,6.7,3,IN,,,,
807309,tt5866300,Q122188297,The Wife,The Wife,2021-03-19,106,Horror,6.0,3,IN,,,,
774098,tt13143988,Q106075475,Nail Polish,Nail Polish,2021-01-01,128,Crime|Thriller|Drama,6.632,20,IN,,,,
858288,tt15145772,Q108370736,200: Halla Ho,200: Halla Ho,2021-08-20,115,Crime|Thriller,8.0,4,IN,,,,
862164,tt14078240,,Sita,सीता,2021-04-06,19,Drama,8.5,2,IN,,,,
583631,tt9537936,,Tank Cleaner,Tank Cleaner,2021-02-19,157,Thriller|Drama|Crime,9.0,3,IN,,,,
1240208,,,Dark Skin,Dark Skin,2021-04-08,11,Drama|Family,0.0,0,,,,,
824697,tt14490618,,B.A. Pass 3,B.A. Pass 3,2021-05-01,136,Drama|Romance,3.2,6,IN,,,,
918742,tt15581368,,Rohingya - People from nowhere,Rohingya - People from nowhere,2021-12-01,107,Documentary|Adventure|History,7.0,1,IN,,,,
829549,tt10833732,Q16058253,Ahaan,आहान,2021-03-19,81,Comedy|Drama,6.0,1,IN,,,,
1127644,tt14606008,Q118218690,Happy Birthday,Happy Birthday,2021-05-05,0,,0.0,0,,,,,
931541,tt15684298,,Quickie,Quickie,2021-01-01,0,Drama|Romance,8.9,7,GB,,,,
956301,tt15511612,,Halfpace,Halfpace,2021-12-18,110,Thriller|Crime|Romance,0.0,0,IN|US,,,,
798303,tt11368252,,Bawri Chhori,Bawri Chhori,2021-02-19,0,,4.0,3,,,,,
859133,,,Physiotherapist,Physiotherapist,2021-02-14,0,,0.0,0,IN,,,,
921403,tt16750728,Q110413309,Murder At Teesri Manzil 302,मर्डर एट तीसरी मंजिल 302,2021-12-31,0,Thriller|Drama,0.0,0,,,,,
874539,tt14412532,Q108429282,The Rapist,The Rapist,2021-10-07,132,Crime|Drama,0.0,0,IN,,,,
837134,tt14331982,,Baikunth,Baikunth,2021-03-29,72,Family|Drama,0.0,0,,,,,
1128742,tt15264758,,Manu,Manu,2021-08-28,17,,0.0,0,,,,,
1305773,,,Geeli Pucchi,Geeli Pucchi,2021-12-01,43,Drama,0.0,0,,,,,
858605,tt14955174,,Rimi,Rimi,2021-07-22,13,Drama,0.0,0,IN,,,,
862078,tt14381682,Q116205255,The Miniaturist of Junagadh,The Miniaturist of Junagadh,2021-08-15,29,Drama,0.0,0,IN,,,,
807072,tt14260080,Q106237691,Hello Charlie,हैलो चार्ली,2021-04-09,102,Adventure|Comedy,6.4,16,IN,,,,
811390,,,Cinemavala,Cinemavala,2021-03-28,44,Drama,0.0,0,IN,,,,
1206195,tt28814528,,Anand,Anand,2021-07-28,18,,0.0,0,,,,,
851983,tt15113492,Q107920214,Ek Duaa,Ek Duaa,2021-07-26,19,Drama,0.0,0,IN,,,,
838663,tt14813274,,Bhuj: The Day India Shook,Bhuj: The Day India Shook,2021-06-11,0,Documentary,0.0,0,IN,,,,
844710,tt14922300,Q107598260,Collar Bomb,Collar Bomb,2021-07-09,86,Crime|Thriller,5.1,7,IN,,,,
859128,,,Prem Tantra,Prem Tantra,2021-01-31,0,,0.0,0,IN,,,,
847263,tt21798068,,Phir Milenge Chalte Chalte,Phir Milenge Chalte Chalte,2021-07-01,6,Romance,0.0,0,,,,,
770578,tt13562940,Q104829517,Dial 100,Dial 100,2021-08-06,104,Mystery|Thriller,5.962,13,IN,,,,
893614,tt15831978,Q114695722,Cash,Cash,2021-11-19,119,Comedy|Drama,6.8,4,IN,,,,
813109,tt13098736,,Dammy,Dammy,2021-10-29,27,Drama,0.0,0,IN,,,,
803449,,,Coffee & Wine,Coffee & Wine,2021-02-14,20,Drama,0.0,0,IN,,,,
883173,tt12631660,Q111949498,Aafat-e-Ishq,आफत-ए-इश्क,2021-10-29,115,Comedy|Drama|Thriller,4.0,1,IN,,,,
732886,tt12887178,Q104608354,14 Phere,१४ फेरे,2021-07-23,112,Comedy|Romance|Drama,6.1,17,IN,,,,
784167,tt13802376,Q105616541,The Power,द पावर,2021-01-14,154,Drama|Action,6.4,14,IN,,,,
776303,tt9569610,Q63563794,Kaagaz,काग़ज़,2021-01-07,109,Drama|Comedy,6.75,30,IN,India,India,Uttar Pradesh (India),India
869472,tt12677016,,Transistor,Transistor,2021-08-02,25,Romance|Drama,0.0,0,IN,,,,
836263,tt14690080,Q108044601,Shaadisthan,शादीस्थान,2021-06-11,93,Adventure|Drama|Music,7.2,6,IN,,,,
879015,tt15387268,Q113212477,Urf Ghanta,उर्फ़ घंटा,2021-09-26,0,,0.0,0,,,,,
856279,,,In Laws,In Laws,2021-08-07,0,,0.0,0,IN,,,,
862717,tt11460818,Q108403369,Helmet,हेल्मेट,2021-09-03,105,Comedy|Drama,6.167,12,IN,,,,
846804,tt12822900,,Shankar's Fairies,Shankar's Fairies,2021-08-13,87,Drama,0.0,0,IN,,,,
917388,tt13013820,Q115802603,Faactory,Faactory,2021-09-03,0,Action|Crime|Drama|Romance|Thriller,1.0,1,,,,,
946170,tt14419226,,A Separate Sky,A Separate Sky,2021-05-09,0,Drama,0.0,0,IN,,,,
868642,tt13451792,Q108607613,Kya Meri Sonam Gupta Bewafa Hai?,क्या मेरी सोनम गुप्ता बेवफा है?,2021-09-10,136,Comedy|Drama,6.0,3,IN,,,,
1028077,tt16088214,,Gupt Gyaan,Gupt Gyaan,2021-11-18,17,Drama|Comedy|Romance,6.7,3,IN,,,,
842361,tt14927320,Q107468874,Invisible Demons,Invisible Demons,2021-11-26,71,Documentary,6.8,17,DE|FI|IN,,,,
826404,tt12592680,,My Dog Is Sick,Mera Kutta Bimaar Hai,2021-08-14,64,Fantasy|Horror|Romance,1.0,2,,,,,
799719,tt8622232,Q55635884,Time to Dance,Time to Dance,2021-03-12,107,Drama|Romance,4.0,1,IN,,,,
925501,tt21078546,,Dream Boy,Dream Boy,2021-05-26,22,,0.0,0,,,,,
1485154,,,The Last Laugh,The Last Laugh,2021-12-22,5,Documentary,0.0,0,IN,,,,
778217,,,Kutta,Kutta,2021-02-15,13,Drama,0.0,0,IN,,,,
1477504,,,Sarojini Nagar,Sarojini Nagar,2021-05-21,20,Comedy,7.0,2,IN,,,,
1200794,tt9031022,,Chaska,Chaska,2021-02-27,13,Horror,0.0,0,,,,,
1477552,,,Security Check,Security Check,2021-05-05,18,Comedy,9.0,1,IN,,,,
870130,,,Gajra,गजरा,2021-11-21,19,Drama,0.0,0,IN,,,,
1114909,tt10731688,,Breed,Breed,2021-09-11,92,,0.0,0,,,,,
841719,tt14787528,Q130695809,WOMB: Women of My Billion,WOMB: Women of My Billion,2021-06-17,98,Documentary,0.0,0,IN|US,,,,
1228093,,,The Last Matinee Show,The Last Matinee Show,2021-01-01,84,Drama|TV Movie,0.0,0,IN,,,,
1323154,tt12599344,,Cowmedy,Cowmedy,2021-06-04,20,Comedy|Drama,0.0,0,IN,,,,
869272,tt12577490,,#Cafe2022,#Cafe2022,2021-08-28,24,Science Fiction,5.0,1,IN,,,,
899439,tt13131636,Q110078761,Velle,वेल्ले,2021-12-10,125,Comedy|Crime,6.6,5,IN,,,,
782848,tt13773882,Q85783030,Madam Chief Minister,मैडम चीफ मिनिस्टर,2021-01-22,123,Drama,5.8,11,IN,,,,
885291,,,"To Caterpillar, From Butterfly","To Caterpillar, From Butterfly",2021-11-04,98,Drama|Mystery,0.0,0,IN,,,,
832056,tt14667580,,Infected 2030,Infected 2030,2021-05-20,23,Drama,0.0,0,IN,,,,
788122,tt10755608,,Jamun,Jamun,2021-01-21,92,Drama|Family,7.0,5,IN,,,,
879002,tt15624918,,The Brittle Thread,Jhini Bini Chadariya,2021-11-01,97,Drama,6.2,4,IN,,,,
681225,tt9448946,Q96417730,Babloo Bachelor,बब्लू बैचलर,2021-10-22,130,Drama|Comedy,6.0,1,IN,,,,
1055671,tt30218410,,Chhota Bheem aur Malongh ka Raaz,Chhota Bheem aur Malongh ka Raaz,2021-05-01,62,Animation,0.0,0,IN,,,,
877444,tt15489366,Q111103178,Ladies Only,Ladies Only,2021-10-09,79,Documentary,0.0,0,DE|IN,,,,
1001636,tt14820436,,In The Month of July,In The Month of July,2021-03-05,81,,0.0,0,,,,,
885296,tt13013204,,Shoebox,Shoebox,2021-11-04,98,Drama,0.0,0,IN,,,,
1434731,tt15157934,,Pinki Ki Shaadi,Pinki Ki Shaadi,2021-06-27,27,Drama,0.0,0,IN,,,,
919601,tt4117088,Q108083844,Switchh,Switchh,2021-04-23,0,,8.0,1,,,,,
629104,tt10500478,Q85739347,Aadhaar,आधार,2021-02-05,107,Comedy|Drama,0.0,0,IN,,,,
860409,tt15097128,Q114246766,Happy Birthday Mummyji,Happy Birthday Mummyji,2021-07-23,14,Drama,5.0,1,IN,,,,
830878,,,The Scent of Earth,The Scent of Earth,2021-12-07,2,Animation,0.0,0,IN,,,,
674723,tt10709592,Q85800753,Sheer Qorma,Sheer Qorma,2021-06-18,30,Drama,0.0,0,IN,,,,
862508,tt9043760,,Badnaam,Badnaam,2021-08-16,119,Romance|Thriller,0.0,0,IN,,,,
960682,tt16043032,,Asli Cricket,Asli Cricket,2021-12-31,0,,0.0,0,,,,,
826178,tt8591792,Q108522103,Bhavai,भवई,2021-10-22,114,Romance|Drama,0.0,0,IN,,,,
816836,tt14167424,Q106618222,Searching for Sheela,Searching for Sheela,2021-04-22,58,Documentary,5.7,26,IN,,,,
1305243,tt17507072,,Silsila SidNaaz Ka,Silsila SidNaaz Ka,2021-07-22,0,Romance,0.0,0,,,,,
833321,tt14562284,,My Goal football,My Goal football,2021-04-02,0,Drama,0.0,0,,,,,
883288,tt14873790,,The Green Force,The Green Force,2021-06-12,120,Crime,0.0,0,IN,,,,
895206,tt32333879,,Ek Anjaan Rishtey Ka Guilt,Ek Anjaan Rishtey Ka Guilt,2021-11-05,0,,0.0,0,,,,,
851209,,,Hum Aapke Fan Hai,Hum Aapke Fan Hai,2021-05-07,42,Romance|Drama,0.0,0,IN,,,,
788603,tt12724920,,Machaan,Machaan,2021-01-22,124,Drama,8.5,2,IN,,,,
1055672,tt30218592,,Chhota Bheem ki Citi Pitti Gul,Chhota Bheem ki Citi Pitti Gul,2021-09-12,62,Animation,0.0,0,IN,,,,
761876,tt13144076,Q107176185,Raat Baaki Hai,रात बाकि है,2021-04-16,89,Crime|Thriller|Drama,6.0,1,IN,,,,
1040221,tt14104732,,Doori,Doori,2021-02-05,8,Drama,0.0,0,IN,,,,
862073,tt14430964,,Sitapur: The City of Gangsters,Sitapur: The City of Gangsters,2021-08-14,155,Thriller,0.0,0,,,,,
1137590,tt14821284,,Dulhan Wahi Jo Piya Man Bhaye,Dulhan Wahi Jo Piya Man Bhaye,2021-01-14,144,Drama,0.0,0,,,,,
877875,tt12223246,,Cinemaa Zindabad,Cinemaa Zindabad,2021-12-26,125,Drama,0.0,0,,,,,
892713,,,Green Room: Thehrav,Green Room: Thehrav,2021-08-16,11,Drama,0.0,0,IN,,,,
870788,tt14108032,,The Purple Night,The Purple Night,2021-05-14,59,Action,0.0,0,,,,,
901161,tt11026788,,Ye Mard Bechara,Ye Mard Bechara,2021-11-19,134,Comedy,0.0,0,IN,,,,
883280,,,Life in Dark,Life in Dark,2021-06-18,110,Crime|Thriller,0.0,0,IN,,,,
921410,tt7309776,Q39059438,Waah Zindagi,वाह ज़िंदगी,2021-12-31,130,Comedy|Drama|Romance,9.0,2,IN,,,,
848547,,,Wo Meri Student Hai,Wo Meri Student Hai,2021-05-10,125,Comedy|Drama,5.0,1,IN,,,,
1191127,tt15134262,,Ring Mili Kya,Ring Mili Kya,2021-07-30,14,,0.0,0,,,,,
921481,tt20873188,,Motu Patlu In The Toy World,Motu Patlu In The Toy World,2021-12-31,80,Animation,0.0,0,IN,,,,
737248,tt12916150,,Noise of Silence,Noise of Silence,2021-02-02,110,Drama|Romance,7.0,1,IN,,,,
846340,,,Stranger In The City,Stranger In The City,2021-07-01,28,Drama,8.0,1,,,,,
826648,tt13265312,,Ghar Pe Bataao,Ghar Pe Bataao,2021-03-28,72,Drama,6.0,3,,,,,
844460,tt5674064,,Black Bud,Black Bud,2021-06-23,92,Drama|Crime|Thriller,3.5,4,IN,,,,
858993,tt13577982,,Secrets of Sinauli,Secrets of Sinauli,2021-02-09,56,,8.0,9,IN,,,,
855414,tt9603216,,Lines,Lines,2021-07-29,77,Drama,7.0,1,IN,,,,
1013084,tt18341150,,Holy-Water,Pataal-tee,2021-08-03,24,Drama,0.0,0,,,,,
922785,tt15678528,,After Death,मरणोपरांत,2021-09-29,6,Documentary,0.0,0,,,,,
946023,tt15282840,,Dropout Daughters,Dropout Daughters,2021-01-01,22,Documentary|Drama,0.0,0,,,,,
1103293,,,Happy Teacher's Day,Happy Teacher's Day,2021-09-04,9,,0.0,0,,,,,
665776,tt11681668,,Ashes to Idols,Ashes to Idols,2021-04-10,15,Documentary,0.0,0,IN,,,,
916363,tt6143092,Q96375192,Code Name Abdul,Code Name Abdul,2021-12-10,114,Thriller|Drama,0.0,0,,,,,
892271,tt15740060,,Tathagat,Tathagat,2021-10-22,84,Drama,7.0,2,IN,,,,
858660,,,Just Another Day,Just Another Day,2021-08-06,10,,0.0,0,,,,,
863965,,,Choices,Choices,2021-08-19,86,,0.0,0,IN,,,,
1175155,tt29007294,,Doga: Mumbai Ka Rakhwala,Doga: Mumbai Ka Rakhwala,2021-06-20,18,Action|Thriller|Crime,7.0,1,IN,,,,
830405,tt14624470,Q130617232,Gaurav Gupta: Market Down Hai,Gaurav Gupta: Market Down Hai,2021-05-14,50,Comedy,6.0,1,IN,,,,
919998,tt16442870,,Driver,Driver,2021-07-31,14,,0.0,0,,,,,
892724,tt25009308,Q96406234,Squad,Squad,2021-11-12,124,Action,0.0,0,,,,,
893174,tt11086286,,Vikalp,Vikalp,2021-11-04,17,Drama,0.0,0,IN,,,,
797972,tt9766294,Q77906247,Fauji calling,Fauji calling,2021-02-25,0,,0.0,0,,,,,
1162566,tt23645290,,The Bridge,Pul - The Bridge,2021-03-19,10,Drama,0.0,0,,,,,
822185,tt15089080,,Shikhandi,Shikhandi,2021-05-20,24,,0.0,0,,,,,
1243225,tt22771822,,Sanghaar The Massacre,Sanghaar The Massacre,2021-04-16,47,,0.0,0,,,,,
829381,,,Pune Design Festival 2021 - Signature Film,Pune Design Festival 2021 - Signature Film,2021-01-01,1,,0.0,0,,,,,
847291,tt14941996,,Meera Mathur,Meera Mathur,2021-02-12,0,,0.0,0,,,,,
897706,tt13445934,,Eight Down Toofaan Mail,Eight Down Toofaan Mail,2021-11-20,97,,0.0,0,,,,,
897678,tt14389464,Q110147138,Alpha Beta Gamma,Alpha Beta Gamma,2021-11-20,119,Drama|Romance,0.0,0,IN|US,,,,
910806,,,Bedsores,Bedsores,2021-11-27,25,Drama,0.0,0,IN,,,,
866301,tt15283848,,Stand-Up Shorts,Stand-Up Shorts,2021-08-26,63,Comedy,5.0,2,IN,,,,
921066,tt13381462,,Bishwa,Bishwa,2021-09-30,0,Drama,0.0,0,IN,,,,
849864,tt14949724,Q130357096,27 September,27 September,2021-07-12,81,Drama,5.5,2,,,,,
796617,tt12084320,Q96391559,Main Mulayam Singh Yadav,Main Mulayam Singh Yadav,2021-02-09,148,,0.0,0,,,,,
893014,,,Trimming the Fat,Trimming the Fat,2021-11-10,0,,0.0,0,IN,,,,
801891,,,Brave Revolutionary Redubbed,Brave Revolutionary Redubbed,2021-03-25,20,Documentary,0.0,0,IN|SG,,,,
925695,tt16429936,,Sorry Bhaisaab,Sorry Bhaisaab,2021-12-16,20,Comedy,0.0,0,IN,,,,
1081487,,,Love is Love,Love is Love,2021-02-11,12,Romance,0.0,0,,,,,
809636,tt12648726,,Usambara Violet,Usambara Violet,2021-05-01,9,Documentary,0.0,0,HU,,,,
1080376,tt15007122,,Angithee,Angithee,2021-01-09,75,,0.0,0,,,,,
913462,tt27899076,,The Storm,Toofaan,2021-12-09,21,Documentary,7.0,1,IN,,,,
1433285,tt14356188,,Refl3ct,Refl3ct,2021-04-15,0,Science Fiction,0.0,0,IN,,,,
824297,tt16412084,,Happy Anniversary,Happy Anniversary,2021-04-30,23,Drama|Crime|Thriller,0.0,0,IN,,,,
1156708,tt33303471,,The Lost Kiss,The Lost Kiss,2021-11-08,20,Drama,0.0,0,,,,,
809489,,,In Black Darkness,Kaale Andheron Main,2021-03-20,99,Horror|Action,0.0,0,,,,,
851086,tt3522422,,Out Of Time,Out Of Time,2021-06-10,0,,0.0,0,,,,,
1038277,tt14236374,Q136457071,Pilibhit,Pilibhit,2021-07-22,23,Drama,0.0,0,IN,,,,
885585,tt15094368,,Radio,Reduva,2021-07-10,15,Drama,0.0,0,IN,,,,
885539,,,Centrifuge,Centrifuge,2021-11-04,16,Documentary,0.0,0,IN,,,,
1013049,,,In Our World,In Our World,2021-01-18,51,Documentary,0.0,0,IN,,,,
874467,,,Little Singham - Black Shadow,Little Singham - Black Shadow,2021-05-09,47,,10.0,1,,,,,
1587657,,,Jane,Jane,2021-05-06,17,,0.0,0,,,,,
899918,tt12747822,,Aruna Vasudev – Mother of Asian Cinema,Aruna Vasudev – Mother of Asian Cinema,2021-12-01,65,Documentary,0.0,0,IN,,,,
1524223,tt27636194,,UKV's Dhamaka,UKV's Dhamaka,2021-11-07,0,Action|Comedy,0.0,0,,,,,
914267,,,Welcome Son 2,Welcome Son 2,2021-11-07,73,,0.0,0,,,,,
870651,,,Hailstorm,गार,2021-09-10,61,Documentary,0.0,0,IN,,,,
1281765,tt19885444,,Triangle,Triangle,2021-11-26,7,,0.0,0,,,,,
1205251,,,The Maid,The Maid,2021-09-01,10,Drama,9.0,1,IN,,,,
832653,tt12021096,,Kabaad - The Coin,Kabaad - The Coin,2021-05-17,132,,0.0,0,,,,,
885577,,,Nitty-Gritty Punjab Police,Nitty-Gritty Punjab Police,2021-11-04,12,Drama,0.0,0,IN,,,,
885535,,,Bablu From Babylon,Bablu Babylon Se,2021-10-24,40,Drama,0.0,0,IN,,,,
982555,tt16447086,Q130694767,Track The Mystery,Track The Mystery,2021-07-16,84,,0.0,0,,,,,
899318,,,Friendship,यारी हो तो ऐसी Friendship,2021-11-18,0,,0.0,0,,,,,
819853,tt13370230,,Three Sisters and A Dream,Three Sisters and A Dream,2021-07-22,0,,0.0,0,,,,,
1005107,,,Aap Kaatar Me Hai,Aap Kaatar Me Hai,2021-10-29,126,,0.0,0,,,,,
853477,tt15091474,,Wrong Leela,Wrong Leela,2021-07-16,0,,9.0,1,,,,,
869051,,,PISHACHINI,PISHACHINI,2021-06-18,80,Horror,0.0,0,IN,,,,
1102882,,,Invisible Anguish 2,Invisible Anguish 2,2021-12-04,18,,0.0,0,,,,,
849460,tt15004832,,The Successful Loosers,The Successful Loosers,2021-07-09,102,,0.0,0,,,,,
839263,,,Neend (sleep),नींद,2021-06-22,4,,0.0,0,IN,,,,
1201349,tt40195757,,Neeras,Neeras,2021-03-02,10,Action|Crime|Thriller,6.0,1,IN,,,,
936665,tt14433692,,Dilli Kaand,Dilli Kaand,2021-09-24,112,Crime|Horror|Drama,0.0,0,IN,,,,
853489,tt25399162,,Social Mandiya,Social Mandiya,2021-07-23,0,,0.0,0,,,,,
1064374,tt15500608,,Naanera,नानेरा,2021-12-31,0,,0.0,0,IN,,,,
939540,,,COD (Cash On Delivery),COD (Cash On Delivery),2021-01-01,130,,0.0,0,,,,,
1324398,,,Dararein,Dararein,2021-09-20,92,Family,0.0,0,,,,,
1130704,tt16747572,,The Silence of Swastika,The Silence of Swastika,2021-12-30,56,History|Documentary,6.3,3,,,,,
806504,,,Sleep Of Trees,पेड़ों की नींद,2021-02-01,11,Documentary|Fantasy,0.5,1,,,,,
885501,,,Dogs,Khee,2021-09-01,35,Documentary,0.0,0,IN,,,,
1183056,tt15216098,,Lockdown to Unlock,Lockdown to Unlock,2021-09-20,100,Comedy,0.0,0,,,,,
885559,,,Firefly,जुगनू,2021-11-04,30,Drama,0.0,0,IN,,,,
889542,,,Wink,Wink,2021-02-28,0,,0.0,0,,,,,
885509,,,City of Lanes,Galiyon Ka Sheher,2021-07-17,40,Documentary,0.0,0,IN,,,,
832658,tt14427812,,Singapore Vignettes,Singapore Vignettes,2021-03-16,67,,0.0,0,,,,,
847315,,,Against the Wind,বিপরীত যাত্রা,2021-08-19,7,,0.0,0,,,,,
827584,tt14506416,,VanRakshak,VanRakshak,2021-04-23,93,,0.0,0,IN,,,,
864289,tt14859354,,The Darling Wife,The Darling Wife,2021-08-20,0,,0.0,0,,,,,
1051037,tt15768120,,Traded,Traded,2021-09-30,16,Documentary,0.0,0,,,,,
847349,tt14587470,,Vaidya,Vaidya,2021-08-19,23,,7.0,1,,,,,
1078866,tt15399566,,The Wicked Night,The Wicked Night,2021-08-13,15,Thriller,5.0,1,,,,,
869470,,,Transient,Aarzi,2021-09-28,12,Drama,0.0,0,IN,,,,
893179,tt15021488,,Bol Diyaan Unma,Bol Diyaan Unma,2021-08-11,10,Drama,0.0,0,IN,,,,
935972,tt15223470,Q108485671,Sumeru,Sumeru,2021-10-01,95,,0.0,0,,,,,
910477,,,Live Your Fairy Tale,Live Your Fairy Tale,2021-12-04,8,Documentary,0.0,0,IN,,,,
835084,tt14653702,,Antenna,Antenna,2021-05-14,84,,0.0,0,IN,,,,
1354082,,,The Third Eye,The Third Eye,2021-11-26,13,,0.0,0,,,,,
898461,tt15734508,,Mind Mera Mind,Mind Mera Mind,2021-06-06,14,Drama|Comedy,0.0,0,,,,,
1123995,,,Mitr Clinic - Pride and Beyond,Mitr Clinic - Pride and Beyond,2021-12-03,10,,0.0,0,IN,,,,
859013,tt13829988,,Wrong Number,Wrong Number,2021-03-12,42,,0.0,0,,,,,
869475,tt14203022,,Washing Machine,Washing Machine,2021-05-01,17,Drama,0.0,0,IN,,,,
1055689,,,Rudra: Land of Nowhere,Rudra: Land of Nowhere,2021-04-25,91,Animation|Fantasy|Family,0.0,0,IN,,,,
1000512,,,Asidh,असिद्ध,2021-09-03,24,,0.0,0,,,,,
875867,tt15320822,,Bond - In Isolation,Bond - In Isolation,2021-09-17,42,,10.0,1,,,,,
1038565,,,Ruuposh,Ruuposh,2021-07-18,0,,0.0,0,IN,,,,
920028,,,Raakh - A Silent Film,राख,2021-12-30,0,,0.0,0,IN,,,,
1433223,tt13788046,,YUG The Law of Karma,YUG The Law of Karma,2021-01-01,0,Action|Crime|Drama|Thriller,0.0,0,IN,,,,
844070,,,Honey and Bunny In Space Adventure,Honey and Bunny In Space Adventure,2021-07-10,45,Animation,0.0,0,,,,,
960963,,,Blooms of Longing,Blooms of Longing,2021-10-15,0,,0.0,0,,,,,
939547,,,Deva Rickshawala,Deva Rickshawala,2021-01-01,127,,0.0,0,,,,,
869286,,,Namak,Namak,2021-08-28,21,Drama|History,0.0,0,IN|US,,,,
840627,tt14671004,Q130617095,Aalas Motaapa Ghabraahat,Aalas Motaapa Ghabraahat,2021-06-15,52,Comedy,8.5,2,IN,,,,
1039067,tt22889100,,Amar Colony,अमर कॉलोनी,2022-11-24,75,Drama,10.0,1,IN,,,,
1029827,tt15501640,Q112665700,Drishyam 2,दृश्यम २,2022-11-18,140,Thriller|Drama|Mystery,8.029,120,IN,,,,
496331,tt6277462,Q27957908,Brahmāstra Part One: Shiva,ब्रह्मास्त्र पहला भाग: शिवा,2022-09-08,168,Action|Romance|Fantasy,6.3,209,IN,,,,
893165,tt34958457,,Manoranjan,Manoranjan,2022-02-03,24,Drama,5.5,4,IN,,,,
821119,tt13793230,Q107137046,Jaadugar,जादूगर,2022-07-15,167,Comedy|Drama|Romance,6.474,39,IN,,,,
601635,tt10028196,Q73093255,Laal Singh Chaddha,लाल सिंह चड्ढा,2022-08-11,164,Drama|Romance|Comedy,6.3,99,IN|US,,,,
783461,tt8907974,Q105951010,Looop Lapeta,लूप लपेटा,2022-02-04,131,Action|Comedy|Crime,6.1,70,IN,,,,
664332,tt10083340,Q85762670,Gangubai Kathiawadi,गंगूबाई काठियावाड़ी,2022-02-24,157,Crime|Drama,7.458,202,IN,Mumbai (India),India,Mumbai (India),India
799155,tt7529298,Q83615923,Attack,Attack,2022-04-01,123,Action|Science Fiction|Thriller,6.772,226,IN,Mumbai (India),India,,
799177,tt14099334,Q106348441,Bhediya,भेड़िया,2022-11-25,156,Horror|Comedy,6.9,81,IN,,,,
611598,tt9637132,Q75330260,Samrat Prithviraj,सम्राट पृथ्वीराज,2022-06-03,136,Action|Drama|History,6.484,31,IN,,,,
900783,tt10811166,Q104821313,The Kashmir Files,द कश्मीर फ़ाइल्स,2022-03-11,170,History|Drama,7.098,107,IN,,,,
956757,tt15315164,Q113574556,Cuttputlli,कठपुतली,2022-09-02,134,Crime|Mystery|Thriller,6.0,34,IN,,,,
801526,tt14152140,Q107584214,Darlings,डार्लिंग्स,2022-08-05,134,Comedy,7.0,81,IN,,,India,India
838145,tt14812784,Q108613403,A Night of Knowing Nothing,कुछ भी न जानने की एक रात,2022-04-13,99,Documentary,7.4,27,FR|IN,,,,
915831,tt15128068,Q112274220,"Monica, O My Darling","मोनिका, ओ माय डार्लिंग",2022-11-11,129,Crime|Comedy|Drama|Mystery|Thriller,7.1,117,IN,,,,
817866,tt14438964,Q106522114,Goodbye,गुडबाय,2022-10-07,145,Drama|Comedy|Family,7.3,20,IN,,,,
882826,tt15600222,Q115926106,An Action Hero,An Action Hero,2022-12-02,128,Action|Thriller|Comedy,6.517,86,IN|GB,,,,
679018,tt5301942,Q85771113,Jersey,जर्सी,2022-04-22,175,Drama,7.009,52,IN,,,,
883125,tt15654262,Q113954234,Chup,चुप,2022-09-23,130,Crime|Thriller,6.778,54,IN,,,,
888268,tt13919802,Q105951056,Anek,Anek,2022-05-27,146,Action|Thriller,6.103,29,IN,,,Northeast India (India),India
851783,tt13131350,Q110550806,Vikram Vedha,विक्रम वेधा,2022-09-29,160,Action|Crime|Thriller,6.735,51,IN,,,,
764928,tt9115574,Q112790473,Rashtra Kavach Om,राष्ट्र कवच ओम,2022-07-01,135,Action|Adventure|Thriller,4.923,13,IN|IT,,,,
1005581,tt10644708,Q113859517,Dhokha: Round D Corner,Dhokha: Round D Corner,2022-09-22,108,Crime|Thriller,5.371,31,IN,,,,
695962,tt6455162,Q67200799,Bhool Bhulaiyaa 2,भूल भुलैया 2,2022-05-20,143,Horror|Comedy,6.1,101,IN,,,,
764081,tt11783766,Q106578075,Ram Setu,राम सेतु,2022-10-25,149,Action|Adventure|Drama,5.1,38,IN,,,,
754716,tt11934846,Q105671795,Badhaai Do,बधाई दो,2022-02-11,147,Comedy|Drama,6.793,99,IN,,,,
965653,tt13022984,Q108685005,Khuda Haafiz Chapter 2: Agni Pariksha,खुदा हाफिज़ २: अग्निपरीक्षा,2022-07-08,146,Drama|Action|Romance,6.879,33,IN|US,,,,
1013576,tt21295380,,Unintentional,Unintentional,2022-08-26,20,Mystery|Drama|Thriller,10.0,1,IN,,,,
1052024,tt21348892,Q117843131,Rowdy,Rowdy ( राऊडी),2022-12-30,143,Action|Thriller,0.0,0,,,,,
911645,tt10733228,Q110362258,Gehraiyaan,गहराइयाँ,2022-02-11,148,Romance|Drama,5.667,42,IN,,,,
937409,tt18146164,,Uljhe Hue,Uljhe Hue,2022-02-11,27,Romance|Drama,3.5,2,IN,,,,
715765,tt10699086,Q97359846,Bachchhan Paandey,बच्चन पांडे,2022-03-18,147,Comedy|Action|Crime,5.5,38,IN,,,,
1187242,tt24261004,,Incognito,Incognito,2022-09-29,25,Thriller|Drama|Crime,0.0,0,IN,,,,
897525,tt13028258,Q110942315,A Thursday,A Thursday,2022-02-17,129,Thriller|Crime|Drama,6.632,57,IN,,,Mumbai (India),India
682401,tt11947158,Q106040398,Ek Villain Returns,एक विलेन रिटर्न्स,2022-07-29,127,Action|Crime|Thriller,5.967,137,IN,,,,
908397,tt15257644,Q109657200,Mili,मिली,2022-11-04,129,Thriller,6.522,23,IN,,,,
940258,tt17490994,,The Daughter,The Daughter,2022-03-12,16,Drama,0.0,0,IN,,,,
941596,tt14479746,Q111648003,Thar,Thar,2022-05-06,108,Western|Action|Thriller|Drama|Crime,5.898,44,IN,,,,
755045,tt11112808,Q104713406,Cirkus,सर्कस,2022-12-23,139,Comedy|Drama,4.0,20,IN,,,,
934419,tt14428598,Q115048848,Qala,क़ला,2022-11-24,119,Drama|Music,6.7,44,IN,,,,
1454520,,,The Master: Shyam Benegal,The Master: Shyam Benegal,2022-10-13,100,Documentary,4.0,1,IN,,,,
897097,tt15314640,Q111467967,Cobalt Blue,Cobalt Blue,2022-04-02,112,Romance|Drama,5.9,35,IN,,,,
1028080,tt19372700,,Vakeel Babu,Vakeel Babu,2022-09-22,22,Drama,0.0,1,,,,,
961945,,,BirdBox,BirdBox,2022-06-16,1,Animation,4.0,2,IN,,,,
1696578,tt33693527,Q115517358,Rowdy Inspector,Rowdy Inspector,2022-08-05,0,,0.0,0,IN,,,,
726207,tt12740760,Q113402105,Phone Bhoot,फोन भूत,2022-11-04,137,Horror|Comedy,5.324,35,IN,,,,
693841,tt10687220,Q67980392,Nikamma,निकम्मा,2022-06-17,147,Action|Comedy,3.778,9,IN,India,India,,
729700,tt12834962,Q107312025,Raksha Bandhan,रक्षा बन्धन,2022-08-11,110,Comedy|Drama|Family,6.203,32,IN,,,,
783723,tt13795296,Q105742453,Thank God,थैंक गॉड,2022-10-25,121,Comedy,6.306,36,IN,,,,
766116,tt11460992,Q106616993,Runway 34,रनवे ३४,2022-04-29,141,Thriller|Drama,6.522,68,IN,,,,
778625,tt9054970,Q104921112,Doctor G,डॉक्टर जी,2022-10-14,124,Comedy|Drama,6.279,62,IN,,,,
1055159,tt23746426,,Kora Kagazz,Kora Kagazz,2022-11-25,104,Drama,0.0,0,,,,,
1516982,tt26684552,,Home,Ghar,2022-04-27,13,Drama,0.0,0,,,,,
1046991,tt10233718,Q115694612,Vadh,वध,2022-12-09,110,Crime|Thriller,6.448,29,IN,,,,
919913,tt16113904,,Pariah,Gair,2022-05-01,25,Drama|Romance,4.0,3,,,,,
651534,tt11924110,Q124125185,Ladki: Dragon Girl,लड़की,2022-07-15,134,Action,6.5,8,IN,,,,
678999,tt10393870,Q77906136,Jayeshbhai Jordaar,जयेशभाई जोरदार,2022-05-13,124,Comedy|Drama,6.033,30,IN,,,,
712863,tt10598156,Q111801723,Dhaakad,Dhaakad,2022-05-20,131,Action|Thriller,4.7,14,IN,,,,
1018220,tt15238986,Q108122170,Plan A Plan B,प्लान ए प्लान बी,2022-09-30,106,Romance|Comedy,5.8,28,IN,,,,
969797,tt19864958,Q114696416,Maja Ma,मजा मा,2022-10-06,135,Comedy|Romance|Drama,6.8,20,IN,,,,
1014386,tt21848358,Q114065093,Jogi,जोगी,2022-09-16,116,Crime|Drama,6.9,18,IN,,,,
765019,tt13449624,Q104879981,JugJugg Jeeyo,जुगजुग जियो,2022-06-24,148,Comedy|Drama,6.365,51,IN,,,,
881983,tt15567704,Q111937382,Salaam Venky,Salaam Venky,2022-12-09,131,Drama,6.455,12,IN,,,,
1007575,tt21059938,,Disconnect,Disconnect,2022-04-05,120,Drama|Romance,0.0,0,,,,,
977128,tt11141944,,Biscut,Biscut,2022-02-07,34,Drama,10.0,1,IN,,,,
1159996,tt20319414,,Gray,Gray,2022-05-20,0,Drama,0.0,0,,,,,
449627,tt5705876,Q25206197,Tadka,तड़का,2022-11-04,115,Comedy|Drama|Romance,6.75,12,IN,,,,
1033916,tt22268148,Q116148256,Shadow Assassins,Shadow Assassins,2022-12-09,0,,6.0,1,IN,,,,
915867,tt15121860,Q112316846,Forensic,Forensic,2022-06-24,129,Crime|Thriller,5.1,12,IN,,,,
799713,tt14107554,Q106311023,Dasvi,दसवीं,2022-04-07,127,Drama|Comedy,6.19,42,IN,,,,
1002082,tt19838608,Q111907329,Babli Bouncer,बबली बाउंसर,2022-09-23,118,Comedy|Drama,5.708,12,IN,,,,
784940,tt13825336,Q106372003,Good Luck Jerry,गुड लक जैरी,2022-07-29,118,Comedy|Crime|Drama,5.25,15,IN,,,,
934878,tt15964308,Q112838878,Sherdil: The Pilibhit Saga,शेरदिल: द पीलीभीत सागा,2022-06-24,121,Drama,5.917,5,IN,,,,
1144071,,,Ek Anjaan Rishtey Ka Guilt 2,Ek Anjaan Rishtey Ka Guilt 2,2022-12-10,120,Drama|Romance,0.0,0,IN,,,,
988228,tt9795686,Q113561583,Holy Cow,Holy Cow,2022-08-26,90,Comedy|Drama,4.0,2,IN,,,,
796207,tt14042066,Q111991013,Dobaaraa,दोबारा,2022-08-19,135,Science Fiction|Mystery|Thriller,5.2,30,IN,,,,
1035672,tt20251896,Q115517531,Kahani Rubberband Ki,Kahani Rubberband Ki,2022-10-14,120,Comedy|Drama|Family,7.0,2,IN,,,,
1021796,tt22349690,,Mariam,Mariam,2022-10-06,78,,0.0,0,IN,,,,
877655,tt12856788,Q124129642,Dangerous,Dangerous,2022-04-08,99,Romance|Crime|Action|Thriller,2.2,5,IN,,,,
868553,tt12272408,,Amriki Pandit,Amriki Pandit,2022-12-31,0,Drama|Comedy,0.0,0,IN,,,,
1025505,,,Ishq Pashmina,इश्क़ पश्मीना,2022-09-23,0,Drama|Romance,0.0,0,,,,,
1041054,tt15145764,Q115489225,Freddy,Freddy,2022-12-02,124,Romance|Thriller,6.942,60,IN,,,,
768466,tt13534808,Q111837770,Janhit Mein Jaari,जनहित में जारी,2022-06-10,146,Comedy|Drama|Romance,6.111,18,IN,,,,
915617,tt15135004,,Hacker: Trust No One,Hacker: Trust No One,2022-02-08,84,Thriller,0.0,0,,,,,
966763,,,Nauha,Nauha,2022-05-17,26,Drama,1.0,1,,,,,
1052671,tt10457390,Q93310766,Khalli Balli,Khalli Balli,2022-09-16,113,Comedy|Horror,0.0,0,,,,,
1038592,,,iTales,iTales,2022-08-26,0,,0.0,0,IN,,,,
774806,tt13623916,Q110990613,Toolsidas Junior,तूलसीदास जूनियर,2022-03-04,130,Drama|Family,7.071,14,IN,,,,
1009432,tt15309708,Q114089149,Uunchai,ऊंचाई,2022-11-11,169,Comedy|Drama|Family,6.2,20,IN,,,,
954974,tt18284140,,The Protector,Muhafiz,2022-03-18,17,,0.0,0,,,,,
1054569,tt23623070,Q130846711,Zakir Khan: Tathastu,Zakir Khan: Tathastu,2022-12-01,94,Comedy|TV Movie|Documentary,8.8,10,IN,,,,
915776,tt15614274,Q115813830,Double XL,Double XL,2022-11-04,0,Comedy|Drama,5.3,11,IN,,,,
870387,tt9098938,Q111367540,Sharmaji Namkeen,शर्माजी नमकीन,2022-03-31,119,Comedy|Drama,6.879,33,IN,,,,
934747,tt17736704,Q115005876,Mister Mummy,मिस्टर मम्मी,2022-11-18,98,Comedy|Drama,4.9,11,IN,,,,
957136,tt18923048,Q111598988,Operation Romeo,Operation Romeo,2022-04-22,135,Drama|Thriller,6.4,7,IN,,,,
978489,,,Sanwri - Love Beyond Gender,Sanwri - Love Beyond Gender,2022-06-01,110,Romance|Drama,10.0,1,IN,,,,
828901,tt13364468,Q108101639,Love Hostel,Love Hostel,2022-02-25,101,Crime|Romance|Thriller,5.45,21,IN,,,,
1060899,tt24069260,Q135436967,Naam Tha Kanhaiyalal,Naam Tha Kanhaiyalal,2022-11-29,73,Documentary,0.0,0,,,,,
788944,tt13892718,Q114585957,Atithi Bhooto Bhava,अतिथि भूतो भव,2022-09-23,113,Comedy|Drama,9.0,2,IN,,,,
977673,tt20838498,Q116470680,Thai Massage,Thai Massage,2022-11-11,120,Comedy|Drama,6.0,13,IN,,,,
1425582,tt22307028,,Tere Liye,Tere Liye,2022-07-15,120,,8.7,7,GB,,,,
950416,tt18813694,,Jahaan,Jahaan,2022-03-17,13,Romance|Fantasy|Drama,10.0,1,IN,,,,
1009059,tt14332510,,Bulbule,Bulbule,2022-08-04,95,Thriller|Drama,9.0,1,,,,,
1116164,,,Aalam,Aalam,2022-08-15,17,Drama,0.0,0,,,,,
663457,tt16077702,Q111844179,Govinda Naam Mera,गोविंदा नाम मेरा,2022-12-16,131,Comedy|Drama|Romance,5.903,31,IN,,,,
963682,tt7782402,Q132204434,The Storyteller,The Storyteller,2022-10-08,112,Drama,7.1,6,IN,,,,
972208,,,Stories on the Next Page,Stories on the Next Page,2022-05-06,38,Drama,0.0,0,IN,,,,
1028349,tt22188072,,Conditions Apply,Conditions Apply,2022-09-22,0,,0.0,0,,,,,
1040756,,,reverie,reverie,2022-11-07,10,Documentary,0.0,0,IN,,,,
788348,tt13885320,Q115561244,India Lockdown,इंडिया लॉकडाउन,2022-12-02,117,Drama|Adventure,5.4,17,IN,,,,
938688,tt19832376,,The Tale Of A Santa And His Moth,The Tale Of A Santa And His Moth,2022-07-22,83,Drama,0.0,0,IN,,,,
1162352,tt21962962,,Dhavak,Dhavak,2022-08-30,41,Comedy|Drama,0.0,0,IN,,,,
944410,tt15361028,Q109284672,Jalsa,जलसा,2022-03-18,127,Drama|Thriller,6.3,33,IN,,,,
665685,tt8983228,Q65077997,Jhund,झुंड,2022-03-04,178,Drama,6.741,27,IN,,,,
852659,tt14767926,,#Homecoming,#Homecoming,2022-02-17,90,Drama,5.0,1,IN,,,,
896737,,,Before You Die,Before You Die,2022-02-18,0,,0.0,0,IN,,,,
983040,tt20421014,Q112114211,Ittu Si Baat,इत्तु सी बात,2022-06-17,110,Drama,3.0,1,IN,,,,
1009723,tt21613328,Q114686959,Middle Class Love,मिडिल क्लास लव,2022-09-16,130,Comedy|Drama|Romance,6.0,9,IN,,,,
1026792,tt22311492,Q115013634,Nazar Andaaz,नज़र अंदाज़,2022-10-07,103,Comedy|Drama,3.75,4,IN,,,,
976796,,,Two Perfect Strangers,Two Perfect Strangers,2022-05-21,18,Drama,0.0,0,IN,,,,
1091208,tt21610810,,Marigold,Marigold,2022-08-15,12,Drama,10.0,1,IN,,,,
1018844,tt11156056,Q131443636,Pyar Mein Thoda Twist,Pyar Mein Thoda Twist,2022-02-18,226,Romance|Drama|Comedy|Action,10.0,1,IN,,,,
1087023,tt19632136,Q112154478,Dear Dia,Dear Dia,2022-06-10,144,,0.0,0,,,,,
1025511,,,Dhaage,धागे,2022-09-16,118,Drama|Romance,0.0,0,,,,,
964971,tt14661320,,Powai,Powai,2022-08-01,126,Drama,0.0,0,IN,,,,
979137,tt16023790,,Rani Rani Rani,Rani Rani Rani,2022-07-24,97,Science Fiction|Drama|Thriller,6.0,4,IN,,,,
855485,tt9319826,Q64768657,Jungle Cry,Jungle Cry,2022-05-20,117,Drama,7.4,5,IN|GB,,,,
944732,,,Kinaara,Kinaara,2022-08-05,35,Drama,0.0,0,IN,,,,
1586616,tt23647766,,"Capital A, Small A","Capital A, Small A",2022-11-17,19,,0.0,0,,,,,
1017179,,,Mlechha,Mlechha,2022-08-24,3,Thriller,10.0,1,,,,,
850837,tt15048614,Q108084407,Blurr,Blurr,2022-12-09,126,Horror|Thriller|Mystery,4.542,12,IN,,,,
1181298,tt14101264,Q135321371,L.A.C.,L.A.C.,2022-12-15,90,Action|War|Thriller,0.0,0,IN,,,,
1007946,tt8690140,Q113581546,Saroj Ka Rishta,Saroj Ka Rishta,2022-09-16,122,Drama|Comedy,6.0,1,,,,,
1010257,tt13895146,,Gotakhor,Gotakhor,2022-06-23,100,,0.0,0,,,,,
776538,tt12312912,Q105952657,Fire in the Mountains,Fire in the Mountains,2022-05-20,84,Drama,8.0,2,IN,,,,
911154,tt6265050,Q109002043,Shabaash Mithu,शाबाश मिथु,2022-07-15,155,Drama|Family,6.067,16,IN,,,,
1018842,tt16392992,,Amaris,Amaris,2022-05-27,101,Drama,10.0,1,IN,,,,
1338647,,,Drink,Drink,2022-09-24,10,,0.0,0,,,,,
1283118,,,My Hate Letter To Cycles and/or Self harm,My Hate Letter To Cycles and/or Self harm,2022-07-22,19,Drama,8.0,1,IN,,,,
1139161,tt21862038,,Dadi Ka Murabba,दादी का मुरब्बा,2022-08-12,13,Drama,0.0,0,IN,,,,
1009626,tt21260998,Q113318034,Haryana,Haryana,2022-08-05,0,,0.0,0,IN,,,,
1085585,,,Kachha Baniyan Gang: The Real Story Behind Delhi Crime Season 2,Kachha Baniyan Gang: The Real Story Behind Delhi Crime Season 2,2022-09-13,11,,0.0,0,,,,,
1197531,tt23556090,,Home,Home,2022-11-01,13,Drama,5.0,1,IN,,,,
1033878,tt14398454,Q115930083,Tara vs Bilal,तारा वर्सेज बिलाल,2022-10-28,126,Romance|Comedy|Drama,6.3,18,IN,,,,
965026,,,Two Sisters And A Husband,Two Sisters And A Husband,2022-06-12,104,Drama|Music|Romance,0.0,0,IN,,,,
913532,tt12484724,Q105638598,Mere Desh Ki Dharti,मेरे देश की धरती,2022-05-06,142,Comedy|Drama,7.071,7,IN,,,,
926057,tt14174040,Q110734703,Kapil Sharma: I'm Not Done Yet,कपिल शर्मा: पिक्चर अभी बाकी है!,2022-01-28,54,Comedy,6.25,12,IN,,,,
1028069,tt19045628,,Arranged,Arranged,2022-03-25,23,,3.0,1,,,,,
946652,tt18568902,Q111473418,Kaun Pravin Tambe?,कौन प्रवीण तांबे?,2022-04-01,133,Drama,7.5,23,IN,,,,
1043143,,,Mask,मास्क,2022-12-01,0,Drama,7.0,1,IN,,,,
920026,tt13859494,Q122781612,Guthlee Ladoo,गुठली लड्डु,2022-07-09,105,Drama,7.0,4,IN,,,,
942173,tt18305352,Q130789358,Sumaira Shaikh: Dongri Danger,Sumaira Shaikh: Dongri Danger,2022-02-25,56,Comedy,1.5,2,IN,,,,
787538,tt13878694,Q115654457,Maarrich,मारीच,2022-12-09,126,Thriller|Crime,10.0,1,IN,,,,
1494695,tt35627550,,OUTCAST,OUTCAST,2022-11-23,7,,0.0,0,IN,,,,
1052662,tt21386494,Q114426833,Love You Loktantra,Love You Loktantra,2022-10-14,135,,0.0,0,,,,,
1008697,tt20251826,,15 Seconds A Lifetime,15 Seconds A Lifetime,2022-08-03,62,Documentary,0.0,0,IN,,,,
1021166,tt22099068,Q114257460,Code Name: Tiranga,कोड नेम: तिरंगा,2022-10-14,137,Action|Thriller,4.4,7,IN,,,,
999500,tt19768068,,#MaNan - A Kaisi Yeh Yaarian Movie,#MaNan - A Kaisi Yeh Yaarian Movie,2022-02-18,0,,10.0,1,IN,,,,
892529,tt14022026,Q114315314,Aa Bhi Ja O Piya,आ भी जा ओ पिया,2022-09-07,140,,0.0,0,IN,,,,
1238386,tt14974566,,Still Waters Go Deep,Still Waters Go Deep,2022-01-01,150,Drama|Mystery,0.0,0,IN,,,,
1012151,tt21333978,,Miami Seh New York,Miami Seh New York,2022-08-05,0,,0.0,0,,,,,
950896,tt16421128,,Manhole,Manhole,2022-06-13,9,Animation|Drama,0.0,0,IN,,,,
962482,,,"Mother, Who Will Weave Now?",माई को बीनै,2022-04-11,25,Animation,0.0,0,IN,,,,
983275,tt19072146,,Dark Rose: The Name of Fear,Dark Rose: The Name of Fear,2022-05-11,63,Thriller,0.0,0,IN,,,,
933037,tt6825762,,Side A Side B,Side A Side B,2022-02-10,0,Romance|Music|Drama,0.0,0,IN,,,,
926672,tt18305688,Q115816124,Dhuin,धुइन,2022-02-24,50,Drama,8.667,3,IN,,,,
1035366,tt21386020,Q111631646,Rocket Gang,Rocket Gang,2022-11-11,140,Comedy|Fantasy|Horror|Music,4.5,2,IN,,,,
1064376,,,If Only Trees Could Talk,सिकाईसाल,2022-12-19,102,,0.0,0,IN,,,,
955664,tt19121826,Q130789207,Jaspreet Singh: Koi Load Nahi,Jaspreet Singh: Koi Load Nahi,2022-03-29,59,Comedy,5.7,3,,,,,
1085852,tt22528704,,Baj Gai Seeti,Baj Gai Seeti,2022-10-08,29,Comedy,0.0,0,IN,,,,
1032045,tt12937680,,Woh 3 Din,Woh 3 Din,2022-09-30,104,Drama,0.0,0,IN,,,,
1055709,tt22478232,Q123461113,Jaggu Ki Lalten,Jaggu Ki Lalten,2022-10-14,0,,0.0,0,,,,,
942414,tt18311836,,Yatri Kripya Dhyan De,Yatri Kripya Dhyan De,2022-02-24,0,,5.0,3,,,,,
945324,tt20840000,Q112117282,Ardh,Ardh,2022-06-10,84,Drama|Comedy,4.667,7,IN,,,,
1222724,,,Honest Gay Dating In India,Honest Gay Dating In India,2022-01-18,8,Comedy,0.0,0,,,,,
1044120,tt17523226,,Why I Killed Gandhi,मैंने गांधी को क्यों मारा?,2022-01-30,45,Documentary,1.0,1,IN,,,,
1038099,,,Behind the Doors,Behind the Doors,2022-11-03,0,Documentary,0.0,0,IN,,,,
1071169,tt17497054,Q115805282,Dahini - The Witch,Dahini - The Witch,2022-11-21,0,Drama|Crime,0.0,0,IN,,,,
1160271,tt28244232,,Apaar,Apaar,2022-12-22,14,,0.0,0,,,,,
1062902,tt24216816,,Shadyantra,षड्यंत्र,2022-12-18,89,Drama|Thriller|Crime,10.0,1,IN,,,,
976088,,,Chaar Cup Chai,Chaar Cup Chai,2022-06-21,105,Drama,0.0,0,AU,,,,
1005728,tt21387380,Q118496312,Kacchey Limbu,कच्चे लिम्बू,2022-09-11,109,Drama,6.071,7,IN,,,,
1316295,,,Isharon Isharon Mein,इशारों इशारों में,2022-01-01,4,,0.0,0,IN,,,,
972529,tt21216720,,Badboli Bhavna,Badboli Bhavna,2022-05-05,0,,0.0,0,,,,,
944753,,,TWENTYTИƎWT,Banaras - The Red Land,2022-02-25,152,Drama|Documentary,0.0,0,IN|DE,,,,
926085,tt14934060,Q110664536,36 Farmhouse,36 Farmhouse,2022-01-21,107,Comedy|Drama|Mystery,5.2,4,IN,,,,
809309,tt10919304,Q85767787,Hurdang,हुड़दंग,2022-04-08,122,Drama|Romance,5.9,5,IN,,,,
986957,tt20807330,Q112683416,Titu Ambani,टीटू अम्बानी,2022-07-07,116,Romance|Drama,6.7,3,IN,,,,
988988,tt21237108,Q112689686,Judaa Hoke Bhi,जुदा होके भी,2022-07-15,114,Horror|Thriller,4.3,3,IN,,,,
573540,tt9408648,,Dear Molly,Dear Molly,2022-06-01,91,Drama,2.0,1,,,,,
1421546,tt21962884,,Token the Treasure,Token the Treasure,2022-09-02,128,Drama,0.0,0,,,,,
1040641,tt13719552,Q131355125,Before Life After Death,Before Life After Death,2022-11-26,136,Drama,0.0,0,SG,,,,
1028084,,,The List,The List,2022-09-22,18,,0.0,0,,,,,
1011874,tt8705332,,Match Of Life,Match Of Life,2022-08-05,2,Comedy,0.0,0,IN,,,,
1091609,tt14677728,Q118465260,Dada Lakhmi,दादा लखमी,2022-11-08,154,Drama|Music|History,10.0,1,IN,,,,
957754,tt25051378,,Longing,ਤਾਂਘ,2022-01-15,90,Documentary,0.0,0,IN,,,,
989114,tt7705476,Q111939510,10 Nahi 40,10 Nahi 40,2022-03-11,115,Drama,10.0,2,IN,,,,
1137908,tt22054074,,Gunehgaar,Gunehgaar,2022-09-24,54,Thriller,4.5,2,IN,,,,
732529,,,Maali (The Gardener),Maali (The Gardener),2022-08-18,90,Drama,0.0,0,IN,,,,
969342,tt27478657,Q125767836,Kiss.,Kiss.,2022-03-11,17,Science Fiction|Drama,3.8,2,IN,,,,
1523901,tt12013130,,Taken For Granted,घर की मुर्गी,2022-03-10,18,Drama,0.0,0,IN,,,,
1007695,tt21391884,,On Either Sides of the Pond,Pokhar Ke Dunu Paar,2022-09-16,105,Drama,8.0,2,IN,,,,
941728,tt7681514,,Ferrous,Ferrous,2022-02-08,135,,0.0,0,,,,,
743202,tt13174734,Q113993924,Matto Ki Saikil,Matto Ki Saikil,2022-09-16,95,Family|Drama,7.0,5,IN,,,,
1309739,tt21628742,,The Fallen are Connected,The Fallen are Connected,2022-12-20,116,Drama,0.0,0,IN,,,,
802793,tt19289040,Q113649029,Jahaan Chaar Yaar,जहां चार यार,2022-09-16,126,Comedy|Drama,0.0,0,IN,,,,
1186541,tt24787286,,Mein Mehmood,Mein Mehmood,2022-08-12,11,Drama,0.0,0,IN,,,,
1030221,tt22180338,,Opium,Opium,2022-10-29,77,Comedy|Science Fiction|Drama,0.0,0,,,,,
1080225,tt26441015,,Raja Bro,Raja Bhau,2022-12-17,25,Documentary|Family,1.0,2,,,,,
1011186,tt20873290,,Motu Patlu : Kung Fu Kings 6: The Secret of Devil's Heart,Motu Patlu : Kung Fu Kings 6: The Secret of Devil's Heart,2022-05-30,78,Comedy|Animation|TV Movie,0.0,0,IN,,,,
1163264,tt19798820,,1800 Life,1800 Life,2022-04-22,25,Science Fiction|Drama,0.0,0,IN,,,,
1029441,tt15416106,Q114658174,Aye Zindagi,ऐ ज़िन्दगी,2022-10-14,103,Drama,0.0,0,IN,,,,
972116,tt15193162,Q108133979,The Conversion,The Conversion,2022-05-06,134,,5.0,1,,,,,
1097856,tt27076761,,The Vanishing of Sarah Miles,The Vanishing of Sarah Miles,2022-02-12,32,Mystery,0.0,0,IN,,,,
557631,tt9061618,Q104867926,Taking the Horse to Eat Jalebis,Ghode Ko Jalebi Khilane Le Ja Riya Hoon,2022-06-10,122,Drama,8.0,1,IN,,,,
1215697,tt12937566,,Fatima,Fatima,2022-08-01,59,Documentary,0.0,0,,,,,
1181291,tt19797804,Q131786105,Love in Ukraine,Love in Ukraine,2022-05-27,90,Romance|Action|Thriller,0.0,0,IN,,,,
1015208,,,मजदूर मजबूर मज़बूत,मजदूर मजबूर मज़बूत,2022-08-28,8,Documentary,0.0,0,IN,,,,
768564,tt9060700,,The Check Post,The Check Post,2022-12-23,90,Drama,0.0,0,IN,,,,
926704,tt14469086,Q110954698,UnBlock,UnBlock,2022-02-14,18,Crime|Romance|Drama,0.0,0,,,,,
656999,tt11024972,Q113570474,Odd Couple,Odd Couple,2022-07-15,117,,7.125,4,IN,,,,
1035212,,,Run For Life Bhaag,Run For Life Bhaag,2022-09-03,104,,0.0,0,,,,,
1038569,,,Mustard Greens,Sarson Ka Saag,2022-11-03,9,,0.0,0,,,,,
1175512,tt28668102,,Pralhad,Pralhad,2022-09-01,32,Drama,0.0,0,,,,,
1010385,tt21398196,Q116610601,Siya,सिया,2022-09-16,0,Drama,6.0,3,,,,,
1224351,tt30476573,,The Magnetic Fighters,चुंबकीय सेनानी,2022-11-01,0,Action|Adventure|Fantasy,0.0,0,IN,,,,
1009629,tt21223154,,Naar Ka Sur,Naar Ka Sur,2022-08-05,0,,0.0,0,IN,,,,
974609,tt28586009,,Demons,Demons,2022-05-07,96,Drama,4.3,3,,,,,
1028345,tt22188136,,Good Morning,Good Morning,2022-09-22,0,,0.0,0,,,,,
1052680,tt15502162,,Hindutva,Hindutva,2022-10-07,144,,0.0,0,,,,,
1038098,tt21030584,,Bad Egg,Bad Egg,2022-07-20,28,,0.0,0,IN,,,,
1055688,tt20466784,,The Cannabis Diary,The Cannabis Diary,2022-05-21,0,Crime,0.0,0,,,,,
1314926,tt7430998,,Agam,आगम,2022-02-04,73,,0.0,0,,,,,
1040393,tt18377798,,Sanaa,Sanaa,2022-11-16,119,Drama,0.0,0,IN,,,,
1323155,,,Aakash Mehta: Life Right Now,Aakash Mehta: Life Right Now,2022-10-31,65,Comedy,8.0,1,IN,,,,
1038178,,,The Way We Are,Phir Kabhi,2022-10-07,19,Drama,0.0,0,IN,,,,
1053960,tt28591170,,Oranges in the Winter Sun,Oranges in the Winter Sun,2022-11-11,20,,4.0,1,,,,,
1727922,tt21741518,,Parvatinagar,Parvatinagar,2022-02-07,113,Crime|Mystery|Thriller,0.0,0,,,,,
1299908,tt10231812,,Khel Kood Aur Bhoot,खेल कूद और भूत,2022-05-13,120,Horror,0.0,0,BH|IN,,,,
1389531,tt30218735,,Veer Bahadur Bheem,Veer Bahadur Bheem,2022-03-18,64,Animation,0.0,0,IN,,,,
1116754,tt27097238,,Some Film by Guru Dutt,Guru Dutt Ki Koi Film,2022-08-29,30,Drama,0.0,0,IN,,,,
1034231,tt22188926,,Chakki,Chakki,2022-10-07,138,Drama,0.0,0,,,,,
1060889,tt21272246,,48 Kos,48 Kos,2022-07-08,0,Drama,0.0,0,,,,,
972675,tt7628180,Q114696411,Chitrakut,Chitrakut,2022-05-20,125,Drama,0.0,0,IN,,,,
970321,tt19882616,Q130789361,Sumit Sourav: Vansh Ka Naash,Sumit Sourav: Vansh Ka Naash,2022-05-03,64,Comedy,6.0,1,IN,,,,
1483571,tt29054840,,Birthday Wala Gift,Birthday Wala Gift,2022-09-08,0,,0.0,0,,,,,
882629,tt18072646,,Mirror,आईना,2022-01-25,70,Documentary,1.0,2,IN|LT|KR,,,,
1004599,,,Verses of War,Verses of War,2022-01-26,32,,0.0,0,,,,,
1189562,tt16771458,,The Good News,The Good News,2022-12-03,0,,0.0,0,,,,,
897670,tt19996158,Q115959721,Funral,फनरल,2022-06-10,126,,0.0,0,,,,,
1058961,,,Lords of Lockdown,Lords of Lockdown,2022-05-10,120,Documentary,0.0,0,IN,,,,
1161433,tt20511096,,From the Shadows,फ्रॉम द शैडो,2022-08-31,76,Documentary,7.0,1,IN,,,,
926894,tt17542388,,"The Wind in Your Body Is Only Visiting, Your Breath Will Soon Be Thunder","The Wind in Your Body Is Only Visiting, Your Breath Will Soon Be Thunder",2022-02-17,120,,0.0,0,,,,,
1181112,,,Somewhere Near and Far,Somewhere Near and Far,2022-10-29,23,Documentary,0.0,0,,,,,
1313641,,,Likkhe Jo Khat Tumhe,Likkhe Jo Khat Tumhe,2022-04-20,17,Drama,0.0,0,,,,,
937349,,,Life is Suffering. Death is Salvation,Life is Suffering. Death is Salvation,2022-03-18,0,,0.0,0,IN,,,,
1524195,tt37782337,,Baaraat,Baaraat,2022-03-12,0,Romance|Comedy,0.0,0,,,,,
1085841,tt25504278,,A Cheat Day,A Cheat Day,2022-12-15,24,Drama|Romance,0.0,0,IN,,,,
1216447,tt21600342,,Manhoos,Manhoos,2022-08-04,15,Drama,0.0,0,,,,,
916132,tt17388594,,Urf,Urf,2022-01-25,93,Documentary,0.0,0,,,,,
1020328,tt21919792,,Hacker 2.0,Hacker 2.0,2022-11-09,20,Action|Crime|Thriller,0.0,0,IN,,,,
926880,tt17554444,Q111104890,All Was Good,Sab changa si,2022-02-17,76,Documentary,0.0,0,,,,,
1356626,tt29289195,,A Harlot's Purse,A Harlot's Purse,2022-01-15,8,Drama,0.0,0,IN,,,,
1462086,tt36460680,,Siege in the Air,Siege in the Air,2022-05-17,30,Documentary,0.0,0,,,,,
1005112,tt17048292,,Sorry Day,Sorry Day,2022-01-14,104,,6.0,2,,,,,
1156687,tt21741396,,Love and Cocoa,Love and Cocoa,2022-08-07,4,Romance,10.0,1,,,,,
1391081,,,In A Dissent Manner,In A Dissent Manner,2022-09-01,62,,0.0,0,IN,,,,
1071334,tt23644208,,Sahebs Who Never Left,Sahebs Who Never Left,2022-11-14,32,,6.7,3,,,,,
1461280,tt18184196,,Gurujana,गुरुजना,2022-03-27,50,Documentary,0.0,0,IN,,,,
1036932,tt13478166,,Triple Cross,Triple Cross,2022-05-15,117,Thriller|Action,10.0,2,,,,,
1524125,tt37782273,,Roshni,Roshni,2022-01-01,0,Family|Drama,0.0,0,,,,,
1078425,tt12446654,,Green Signal,Green Signal,2022-12-02,95,TV Movie,5.0,1,,,,,
994646,tt19817038,,Aisa Q,Aisa Q,2022-03-13,92,,0.0,0,,,,,
1274628,tt20603460,,India's Sons,India's Sons,2022-11-19,90,Documentary,0.0,0,IN,,,,
1005094,tt25385756,,Macha Do Bawandar Macha Do,Macha Do Bawandar Macha Do,2022-07-24,83,,0.0,0,,,,,
960924,tt10071606,,Supreme Motherhood : The Journey of Mata Sahib Kaur,Supreme Motherhood : The Journey of Mata Sahib Kaur,2022-04-14,0,Animation|Adventure|History,0.0,0,IN,,,,
1280183,tt23129408,,Singapore Times – The Magic Box,Singapore Times – Bakse Ke Kisse,2022-11-05,0,,0.0,0,,,,,
973991,,,The Pomegranate Tree,The Pomegranate Tree,2022-04-29,17,Drama,0.0,0,US,,,,
489856,tt7510900,Q48671165,Murder at Koh E Fiza,Murder at Koh E Fiza,2022-11-23,0,Mystery,2.0,1,,,,,
983019,tt15340498,,First Second Chance,First Second Chance,2022-06-03,0,Drama,0.0,0,,,,,
1088228,tt24178362,,Guilt 2,Guilt 2,2022-02-02,90,,0.0,0,,,,,
1001190,tt22190042,,Makhlooq,Makhlooq,2022-08-11,24,,1.0,2,,,,,
1354077,tt22874812,,Abnormal,Abnormal,2022-07-22,37,,0.0,0,,,,,
940817,,,Clouds of Monsoon,Clouds of Monsoon,2022-03-10,30,Drama,0.0,0,,,,,
1190168,tt21857112,,Mimamsa,Mimamsa,2022-07-15,0,Thriller|Crime,0.0,0,,,,,
978479,,,Impasse,Impasse,2022-06-01,24,,0.0,0,,,,,
1011377,,,The Frog is the Pond's Witness,The Frog is the Pond's Witness,2022-10-12,3,,0.0,0,IN,,,,
1350816,tt18371616,,Dusht Aatma: Deadman Spirit,Dusht Aatma: Deadman Spirit,2022-02-24,81,Horror,0.0,0,IN,,,,
1084811,tt23134000,,Subhagi,Subhagi,2022-09-08,0,Drama,0.0,0,,,,,
1067424,tt15218458,,One and a Half Knot,Dedh Gaanth,2022-10-30,95,Drama,0.0,0,IN,,,,
1308413,,,Rajat Chauhan: My Crush Stories,Rajat Chauhan: My Crush Stories,2022-12-01,63,Comedy,7.0,1,IN,,,,
1072019,tt22814258,,The Next Morning,The Next Morning,2022-12-16,109,Crime|Drama,0.0,0,IN,,,,
964625,,,RAGE,RAGE,2022-04-20,5,Drama|War,10.0,1,,,,,
978506,tt23050316,,A Bit of Happiness,Thodi Si Khushi,2022-05-17,15,,0.0,0,,,,,
1036906,tt19893078,,Kadaknath,Kadaknath,2022-04-08,76,,0.0,0,,,,,
1038563,,,Raat: Night Time in Small Town India,Raat: Night Time in Small Town India,2022-08-06,35,Documentary,0.0,0,IN,,,,
1419022,tt20414698,,A Tale of an Onion Witch - Chapter 2,A Tale of an Onion Witch - Chapter 2,2022-06-27,22,Horror,0.0,0,IN,,,,
1069110,tt21916376,,Chintaa Mani,Chintaa Mani,2022-08-27,24,Comedy|Horror,2.0,1,IN,,,,
1382909,tt28081893,,Chhota Bheem Aur Mahavinashini ka Vinaash,Chhota Bheem Aur Mahavinashini ka Vinaash,2022-10-23,63,Animation,0.0,0,IN,,,,
931046,tt27048136,,Yun Hua Toh?,Yun Hua Toh?,2022-01-26,0,,0.0,0,,,,,
961328,,,2 (दो),2 (दो),2022-06-12,7,Documentary,0.0,0,IN,,,,
961494,,,Jai Bheem,जय भीम,2022-04-13,0,Animation,0.0,0,IN,,,,
1007945,tt11157934,,Modiji ki beti,Modiji ki beti,2022-10-14,104,,5.0,1,,,,,
1163043,,,Tapu & The Big Fat Alien Wedding,Tapu & The Big Fat Alien Wedding,2022-05-27,43,Animation|Comedy|Science Fiction,0.0,0,IN,,,,
1042339,,,All day and all of the night,All day and all of the night,2022-10-27,9,,0.0,0,,,,,
1297630,,,Sri Aurobindo Ghose: The Beginning of Spiritual Journey,Sri Aurobindo Ghose: The Beginning of Spiritual Journey,2022-08-15,38,,0.0,0,,,,,
1001128,tt15689940,,Aamras,Aamras,2022-08-11,21,,0.0,0,,,,,
978510,,,Chhoti Shameez,Chhoti Shameez,2022-06-02,15,,0.0,0,,,,,
1788283,tt19888200,,Maid for each other,Maid for Each Other,2022-04-15,59,Romance|Comedy|Drama,2.0,1,IN,,,,
1141868,,,Tante Siska,Tante Siska,2023-06-02,0,Drama|Romance,3.0,1,ID,,,,
872906,tt15354916,Q113493289,Jawan,जवान,2023-09-07,169,Action|Thriller,7.0,358,IN,,,,
720557,tt18411490,Q100704907,Tiger 3,टाइगर 3,2023-11-11,150,Action|Adventure|Thriller,5.7,70,AT|IN|RU|TR,,,,
1163258,tt23849204,Q122921105,12th Fail,12वीं फेल,2023-08-11,146,Drama,7.9,278,IN,,,,
781732,tt13751694,Q115947372,Animal,Animal,2023-12-01,201,Action|Crime|Drama,6.1,215,IN,,,,
1136736,tt27989067,Q119133685,Lust Stories 2,Lust Stories 2,2023-06-29,132,Romance|Drama,5.6,63,IN,,,,
864692,tt12844910,Q114620212,Pathaan,पठान,2023-01-25,146,Action|Adventure|Thriller,6.4,279,IN|IT|ES|TR,,,,
960876,tt15428134,Q122341144,Dunki,डंकी,2023-12-21,159,Adventure|Comedy|Drama,6.3,124,IN,,,,
1018228,tt22297828,Q116980496,Chor Nikal Ke Bhaga,चोर निकल के भागा,2023-03-24,110,Crime|Thriller,6.895,152,IN,,,,
848116,tt14993250,Q108392396,Rocky Aur Rani Kii Prem Kahaani,रॉकी और रानी की प्रेम कहानी,2023-07-08,178,Comedy|Drama|Family|Romance,6.179,98,IN,,,,
611359,tt8672856,Q115723699,Tu Jhoothi Main Makkaar,तू झूठी मैं मक्कार,2023-03-08,164,Comedy|Romance|Family,6.3,225,IN|MU|ES,,,,
734253,tt12915716,Q105605280,Adipurush,आदिपुरुष,2023-06-16,179,Action|Adventure|Fantasy,4.4,117,IN,,,,
950071,tt15748830,Q121841702,Jaane Jaan,जाने जां,2023-09-21,139,Crime|Thriller|Drama,7.037,122,IN,,,,
986594,tt14295590,Q111753058,Mrs. Chatterjee Vs Norway,मिसिज़ चैटर्जी वर्सेज़ नॉर्वे,2023-03-16,135,Drama|Thriller,5.872,74,EE|IN,,,,
878926,tt15433600,Q112030370,Khufiya,ख़ुफ़िया,2023-10-05,158,Crime|Thriller|Mystery,6.3,58,IN,,,,
1264356,tt29468008,,"Next, Please","Next, Please",2023-11-02,12,Drama|Romance|Science Fiction,6.0,1,IN,,,,
946025,tt18413766,Q115810667,Kathal,कटहल,2023-05-19,115,Comedy|Drama,6.212,52,IN,,,,
1606582,tt10157676,,Door to Door,Dar-Badar,2023-01-07,45,Drama|History,0.0,0,IN|AF,,,,
1185638,tt29301456,Q123537524,Farrey,फ़रे,2023-11-24,109,Thriller,3.3,6,IN,,,,
975533,tt15979666,Q119625127,The Archies,द आर्चीज़,2023-11-22,144,Comedy|Drama|Romance,5.6,65,IN|US,Mauritius|Mumbai (India)|Ooty (India),India|Mauritius,,
885331,tt15441054,Q113987357,Gadar 2,गदर २,2023-08-10,168,Action|Drama,5.845,58,IN,,,Pakistan,Pakistan
1112552,tt27502523,Q118288464,Kennedy,कैनेडी,2023-05-24,147,Crime|Thriller,6.3,14,IN,,,,
875188,tt15434074,Q121755886,Kho Gaye Hum Kahan,खो गए हम कहाँ,2023-12-26,135,Drama|Comedy,6.6,80,IN,,,,
1082856,,,Who Am I?,Ko Aham?,2023-02-03,119,Drama|Family,9.0,1,,,,,
884434,tt13130948,Q109284953,Shehzada,शहज़ादा,2023-02-16,142,Drama|Comedy|Action,5.521,48,IN,,,,
1125221,tt13545522,Q117743269,Chatrapathi,छत्रपति,2023-05-12,124,Action|Drama,3.667,3,IN,,,,
778946,tt13131232,Q105499772,Mission Majnu,मिशन मजनू,2023-01-20,129,Action|Thriller,6.718,55,IN,,,,
1101227,,,The Missing Tale,Emlékek őrei,2023-03-13,84,Documentary,0.0,0,,,,,
814215,tt10786774,Q117279779,Sam Bahadur,सैम बहादुर,2023-11-30,150,Drama|History|War,7.0,39,IN,,,,
1177634,tt20754156,Q122781628,Tumse Na Ho Payega,तुमसे न हो पाएगा,2023-09-29,132,Comedy|Drama,7.591,11,IN,,,,
942411,tt27032419,Q126453800,Mrs.,मिसिज़,2023-11-17,111,Drama,6.66,25,IN,,,,
981101,tt23326218,Q124617942,Pine Cone,Pine Cone,2023-06-07,95,Romance|Drama,0.0,0,IN,,,,
1086512,tt27216785,,Angithee 2,Angithee 2,2023-01-31,0,Romance|Drama,10.0,1,IN,,,,
1204091,tt29299059,Q133540895,Mandali,मंडली,2023-10-27,118,Drama,0.0,0,IN,,,,
966719,tt3679040,Q112161059,Kisi Ka Bhai... Kisi Ki Jaan,किसी का भाई... किसी की जान,2023-04-21,144,Romance|Action,5.0,35,IN,,,,
767663,tt13491678,Q119975270,72 Hoorain,Bahattar Hoorain,2023-07-07,120,Documentary|Crime|Horror,4.5,3,IN,,,,
1137594,tt27834335,,Bewafa Sanam,Bewafa Sanam,2023-05-24,118,Drama|Romance,0.0,0,IN,,,,
1547522,,,The Mask,The Mask,2023-09-23,0,Drama,0.0,0,IN,,,,
888710,tt15732324,Q110263831,OMG 2,ओएमजी २,2023-08-11,155,Comedy|Drama,7.341,88,IN,,,,
763118,tt13334578,Q109535238,Ganapath,गणपत,2023-10-20,135,Action|Thriller,2.75,12,IN,,,,
965606,tt15302222,Q115807476,Bholaa,भोला,2023-03-30,144,Action|Adventure|Crime|Thriller,5.91,39,IN,,,,
1159983,tt26773410,Q121877074,Influencer Life,Influencer Life,2023-02-24,0,Drama,3.0,1,,,,,
1135851,,,Keramat Tunggak Part 2,Keramat Tunggak Part 2,2023-05-21,66,Drama|Romance,0.0,0,ID,,,,
1298689,tt30761450,,Alam,Alam,2023-01-01,8,,0.0,0,IN,,,,
1186985,tt29267827,,Gangster Ganga,Gangster Ganga,2023-10-02,25,Family|Drama,0.0,0,IN,,,,
1025067,tt22086334,Q115978799,Dream Girl 2,ड्रीम गर्ल 2,2023-08-25,134,Comedy|Romance,5.5,23,IN,,,,
1065320,tt24964506,,The Underbug,The Underbug,2023-01-20,69,Horror,0.0,0,IN,,,,
957999,tt23036080,Q122241003,Thank You For Coming,Thank You For Coming,2023-10-06,117,Comedy|Drama,4.7,13,IN,,,,
897515,tt15516226,Q115959696,Chhatriwali,Chhatriwali,2023-01-20,117,Comedy|Drama,6.385,13,IN,,,,
1211056,tt15483076,,Samosa & Sons,Samosa & Sons,2023-11-22,92,Drama,2.0,1,IN,,,,
1196652,tt29455939,,Flowering Man,Flowering Man,2023-10-27,24,Fantasy|Drama,0.0,0,IN,,,,
1063633,tt22188452,Q118903224,Haddi,हड्डी,2023-09-07,134,Drama|Crime,5.111,9,IN,,,,
1321937,tt27425654,,Chal Zindagi,Chal Zindagi,2023-05-26,130,Adventure|Drama,0.0,0,IN,,,,
1165459,tt29169633,,Suburban Tale,Tamso,2023-09-24,89,Horror,0.0,0,IN,,,,
1153862,tt9511468,Q121302142,Love-All,Love-All,2023-08-25,0,Drama,4.0,1,IN,,,,
1154148,,,UT 69,UT 69,2023-11-03,140,Drama,0.0,0,IN,,,,
1084803,,,RETROSPECT,RETROSPECT,2023-02-07,24,Drama,0.0,0,,,,,
1196317,tt29371859,Q123173236,Lakeerein,Lakeerein,2023-11-03,0,Drama,0.0,0,IN,,,,
1510241,tt27626564,,Chaar lugaai,Chaar Lugaai (चार लुगाई ),2023-05-19,121,Drama|Comedy|Mystery,4.0,2,IN,,,,
1198380,tt29458284,Q138939994,Everybody Loves Sohrab Handa,एवरीबडी लव्स सोहराब हांडा,2023-10-30,99,Thriller|Mystery|Drama|Crime,6.0,2,IN,,,,
1063366,tt20245062,,White Ant,White Ant,2023-01-20,15,Drama,5.0,3,IN|GB,,,,
1131409,tt21262240,Q117061514,Mission Raniganj,मिशन रानीगंज: द ग्रेट भारत रेस्क्यू,2023-10-06,134,Drama|Action|Thriller,6.538,26,IN,,,,
801049,tt12862042,Q106010385,Jogira Sara Ra Ra,जोगीरा सारा रा रा,2023-05-26,121,Romance|Comedy,7.0,1,IN,,,,
1142643,tt25403492,Q111744207,1920: Horrors of the Heart,1920: Horrors of the Heart,2023-06-23,122,Horror|Drama,3.2,12,IN,,,,
1200722,tt15415992,Q133575427,Sab Moh Maaya Hai,Sab Moh Maaya Hai,2023-11-18,95,Drama,5.333,3,IN,,,,
1164978,tt28586731,,Shera,Shera,2023-05-23,20,Adventure,0.0,0,IN|US,,,,
1215581,tt29895165,,Roz Marra,Roz Marra,2023-10-22,6,Drama,0.0,0,,,,,
1092606,tt14781376,,#MUTE,#MUTE,2023-02-27,0,Thriller,3.0,2,IN,,,,
1014390,tt27501039,Q117684092,Bloody Daddy,Bloody Daddy,2023-06-09,122,Action|Crime|Thriller,5.975,40,IN|AE,,,,
864573,tt15281704,Q115917572,Kuttey,कुत्ते,2023-01-13,112,Comedy|Crime|Thriller,5.886,23,IN,,,,
1137429,tt14188316,Q118485603,Chidiakhana,Chidiakhana,2023-06-02,0,Drama,10.0,1,IN,,,,
1501036,,,Kali,Kali,2023-11-06,10,Thriller|Horror,10.0,1,,,,,
1189126,tt14182628,,Kofuku,Kofuku,2023-10-09,19,Drama,0.0,0,IN,,,,
1142127,tt19755170,Q120360584,Bawaal,बवाल,2023-07-21,137,Drama|Romance|Action|History,6.55,40,IN,,,,
1171106,tt26744890,Q122904956,Khichdi 2: Mission Paanthukistan,Khichdi 2: Mission Paanthukistan,2023-11-16,122,Comedy|Family,4.0,5,IN,,,,
1188649,tt28946047,,Chalaak,Chalaak,2023-08-26,88,,0.0,0,,,,,
1119413,tt27226009,,UnWoman,UnWoman,2023-05-05,112,,1.0,1,,,,,
850180,tt15048606,Q116483092,Lost,लॉस्ट,2023-02-16,124,Drama,5.5,8,IN,,,,
926130,tt15516726,Q116738073,Selfiee,सेल्फी,2023-02-24,143,Comedy|Drama,6.037,27,IN,,,,
1121330,tt27511275,Q118142402,8 A.M. Metro,8 A.M. Metro,2023-05-19,116,Drama,7.25,8,IN,,,,
919031,tt15891396,Q110224039,Tiku Weds Sheru,टीकू वेड्स शेरू,2023-06-22,111,Comedy|Drama|Family,5.5,13,IN,,,,
974025,tt11905536,Q117260139,Gumraah,गुमराह,2023-04-07,130,Crime|Action|Thriller,6.7,30,IN,,,,
1052873,tt23804378,Q123334899,Three of Us,Three of Us,2023-11-03,100,Drama,7.7,20,IN,,,,
1154969,tt28396066,,Jaane Do,Jaane Do,2023-07-14,115,Romance|Drama,6.0,1,IN,,,,
1241044,,,Firefly,Jugnoo,2023-06-14,22,Drama,0.0,0,IN,,,,
945337,tt18266472,Q122585739,Sukhee,सुखी,2023-09-22,139,Comedy|Drama,6.038,13,IN|US,,,,
1114628,tt9313004,Q97101668,COAT,COAT,2023-05-26,0,Drama|Family,0.0,0,IN,,,,
1211409,tt9286896,,Kya Masti Kya Dhoom,क्या मस्ती क्या धूम,2023-12-17,141,Comedy,0.0,0,IN,,,,
1114114,tt15073166,Q117870761,IB 71,IB 71,2023-05-12,117,Action|Thriller|War,6.741,29,IN,,,,
1146746,,,Lazy Sunday,Lazy Sunday,2023-06-30,11,Drama,0.0,0,,,,,
1166124,,,Stay Quiet,Chupi Roh,2023-10-16,15,Drama|Documentary,0.0,0,IN,,,,
980165,tt14083776,,Karma Strikes,Karma Strikes,2023-12-22,135,Drama|Romance|Thriller,0.0,0,IN,,,,
1624313,tt36119998,,Bhavābdhi,Bhavābdhi,2023-12-01,15,Drama,10.0,1,,,,,
1020376,tt14914988,Q113801051,Satyaprem Ki Katha,सत्यप्रेम की कथा,2023-06-29,146,Drama|Romance,6.789,45,IN,,,,
1263502,,,Priye Ambak (प्रिय अम्बक),Priye Ambak (प्रिय अम्बक),2023-12-24,10,Documentary,0.0,0,,,,,
1137705,tt27950454,,Malwa Khushan,Malwa Khushan,2023-06-08,20,Drama|Romance,0.0,0,,,,,
1158378,tt15944428,,Ghoomer,घूमर,2023-08-17,134,Drama,7.955,11,IN,,,,
1204595,tt29333046,,Firki,Firki,2023-10-23,24,Comedy|Family,0.0,0,IN,,,,
1146136,tt12975816,,Shashank,Shashank,2023-06-14,105,Drama,0.0,0,IN,,,,
1081726,tt15680228,Q116797425,Bheed,भीड़,2023-03-24,112,Drama,6.1,20,IN,,,,
1137592,tt27907151,,Khiladi,Khiladi,2023-06-04,145,Action|Romance|Drama,0.0,0,IN,,,,
1301795,tt14861010,,ICU,ICU,2023-10-27,10,Family|Drama,8.0,1,,,,,
1174658,,,Mirage,Mirage,2023-10-06,12,Drama,0.0,0,,,,,
974792,tt18951176,Q117019661,Gulmohar,गुलमोहर,2023-03-03,132,Family|Drama,6.563,17,IN,,,,
1218599,tt30414452,,Orange Lilly,Orange Lilly,2023-12-16,87,Drama,0.0,0,,,,,
1157429,tt22892546,Q120986975,Akelli,अकेली,2023-08-25,127,Action|Drama|Thriller,6.333,6,IN,,,,
1189825,tt27123359,,The Journey of Donkers,The Journey of Donkers,2023-10-23,0,Thriller,0.0,0,IN,,,,
977891,tt27802487,Q122329561,Dono,दोनों,2023-10-05,156,Drama|Romance,4.7,3,IN,,,,
1188021,,,Chain Reaction,Chain Reaction,2023-10-08,5,,0.0,0,IN,,,,
1141322,,,Family Politics of Blood,Family Politics of Blood,2023-06-15,159,Crime|Drama|Family,0.0,0,IN,,,,
1184060,tt10944832,Q129824725,Country of Blind,Country of Blind,2023-10-06,101,Drama,0.0,0,IN,,,,
1069567,tt20319598,Q116701310,Lakadbaggha,लकड़बग्घा,2023-01-13,129,Action|Crime|Thriller,6.167,7,IN,,,,
1182583,,,Cinemaghar,Cinemaghar,2023-08-06,10,Documentary,0.0,0,IN,,,,
1001241,tt22743064,Q114713458,Yaariyan 2,यारियाँ २,2023-10-20,150,Romance|Drama|Family,4.4,7,IN,,,,
679031,tt11433822,Q85739358,Aankh Micholi,आँख मिचौली,2023-11-03,0,Comedy|Family,5.1,6,IN,,,,
1156202,tt28494851,Q134704484,Stolen,Stolen,2023-08-02,94,Drama|Thriller,7.167,39,IN,,,,
1185652,tt29170059,,Darranchhoo,Darranchhoo,2023-10-13,0,Comedy,0.0,0,IN,,,,
1117965,tt27206672,,Dear Avni,Dear Avni,2023-02-14,31,Romance,0.0,0,,,,,
1103937,tt21403688,Q120298205,Operation Mayfair,Operation Mayfair,2023-03-24,116,Crime|Thriller,3.2,4,,,,,
1171838,tt29669662,,Flickering Lights,Flickering Lights,2023-10-05,89,Documentary,0.0,0,IN,,,,
1189472,tt4896886,,Hume Toh Loot Liya,Hume Toh Loot Liya,2023-02-03,0,Comedy|Thriller|Mystery|Drama,0.0,0,,,,,
1205387,tt28814623,,Dear Daddu,Dear Daddu,2023-08-15,26,,0.0,0,,,,,
1106108,tt15360286,Q118903506,Bhagwan Bharose,भगवान भरोसे,2023-05-13,97,Drama|Comedy|Family,6.429,7,IN,,,,
1116866,tt27571619,,The Haunting,The Haunting,2023-04-21,31,History|Thriller,5.0,2,IN,,,,
920679,tt15576460,Q118485928,Zara Hatke Zara Bachke,ज़रा हट के ज़रा बच के,2023-06-02,132,Comedy|Drama|Romance,5.813,24,IN,,,,
1258904,tt29279958,,Meri Maa,Meri Maa,2023-06-02,0,,0.0,0,,,,,
1092654,tt27012110,Q117212122,Gaslight,गैसलाइट,2023-03-31,111,Horror|Thriller,5.565,23,IN,,,,
1198725,tt29613587,Q123670743,Mast Mein Rehne Ka,मस्त में रहने का,2023-12-08,127,Comedy|Drama,7.393,14,IN,,,,
984092,tt18561736,Q121544679,The Great Indian Family,द ग्रेट इंडियन फैमिली,2023-09-22,112,Comedy|Drama,4.846,13,IN,,,,
1046620,tt23554840,Q121462672,The Vaccine War,The Vaccine War,2023-09-28,160,Drama|Thriller,5.947,19,IN,,,,
1309214,,,Amar Katha,Amar Katha,2023-04-01,5,Fantasy|Comedy,10.0,1,IN,,,,
805785,tt26445483,Q122171194,Fukrey 3,फुकरे 3,2023-09-28,147,Comedy|Drama,5.6,20,IN,,,,
1095343,tt24640372,,Journey,Safar,2023-12-19,6,Drama,10.0,1,IN,,,,
1149632,tt26899075,Q117705959,Ab Dilli Dur Nahin,Ab Dilli Dur Nahin,2023-05-12,95,Drama,6.0,2,,,,,
1014060,tt21998526,Q116169915,Zwigato,Zwigato,2023-03-17,106,Drama,6.5,15,IN,,,,
1173033,tt26762684,,Yeh Shaadi Nahi Ho Sakti,Yeh Shaadi Nahi Ho Sakti,2023-02-19,0,,5.0,1,,,,,
1160562,tt28568397,Q121763738,Friday Night Plan,Friday Night Plan,2023-09-01,109,Comedy|Drama,5.667,12,IN,,,,
1129570,tt16078266,Q117286392,Rosh,Rosh,2023-05-12,113,Thriller,0.0,0,IN,,,,
1187054,tt23846874,Q123115322,Sajini Shinde Ka Viral Video,सजनी शिंदे की वायरल वीडियो,2023-10-27,114,Mystery|Thriller,6.425,20,IN,,,,
1123960,tt24485052,Q118179871,Sirf Ek Bandaa Kaafi Hai,सिर्फ एक बंदा काफ़ी है,2023-06-02,127,Drama,7.415,41,IN,,,,
1063593,tt26224086,,No Stranger at All,No Stranger at All,2023-01-21,40,Documentary,0.0,0,IN,,,,
1298685,tt30761054,,Birwa,Birwa,2023-01-01,10,Drama,0.0,0,IN,,,,
1135700,tt27577625,,Hello Hello Whats-Up,Hello Hello Whats-Up,2023-06-02,109,Comedy,4.0,2,IN,,,,
1067209,tt13801462,Q116675748,Gandhi Godse Ek Yudh,Gandhi Godse Ek Yudh,2023-01-26,130,Drama|History,4.5,2,IN,,,,
968748,tt21908676,Q119819397,Neeyat,नीयत,2023-07-07,132,Crime|Thriller|Mystery,5.1,15,IN,,,,
1063708,tt23864864,Q119307840,Joram,जोरम,2023-12-07,117,Adventure|Crime|Drama|Thriller,7.5,12,IN,,,,
1038487,tt22932536,Q115804361,Aazam,Aazam,2023-05-26,120,Crime|Drama|Mystery|Thriller,6.3,3,IN,,,,
1016217,tt21818816,Q115519176,While We Watched,While We Watched,2023-07-14,94,Documentary,7.778,9,IN|GB|US,,,,
1216709,tt28024755,Q123910754,Dry Day,ड्राई डे,2023-12-22,128,Comedy|Drama,7.083,6,IN,,,,
1019638,tt15175188,Q116152978,Faraaz,Faraaz,2023-02-03,112,Action|Thriller,4.65,10,IN,,,,
1138763,,,Salt of the Earth,Bhoomiyude uppu,2023-02-08,85,Drama,0.0,0,IN,,,,
1189269,tt29045767,,Armaand,Armaand,2023-10-10,9,Drama,0.0,0,IN,,,,
1149268,tt28282716,Q120630072,Trial Period,Trial Period,2023-07-21,125,Comedy|Drama,6.091,11,IN,,,,
1183156,tt27673831,,U Shape Ki Gully,U Shape Ki Gully,2023-10-02,130,Romance|Drama,0.0,0,IN,,,,
1046688,tt25434258,Q123260726,Apurva,अपूर्वा,2023-11-15,95,Crime|Thriller,5.8,10,IN,,,,
1186823,,,Sumo Didi,Sumo Didi,2023-10-27,118,Drama,0.0,0,IN,,,,
976827,tt27330026,Q122863643,Dhak Dhak,Dhak Dhak,2023-10-13,140,Adventure|Drama,5.9,14,IN,,,,
1403001,tt27250288,,Marne Ke Dar Se Mere Dil,Marne Ke Dar Se Mere Dil,2023-03-24,0,,0.0,0,,,,,
1221876,tt15839792,Q123169095,Narakasura,नरकासुरा,2023-11-03,142,,0.0,0,,,,,
1147897,tt20872920,Q120333437,Ishq-e-Nadaan,इश्क-ए-नादान,2023-07-14,120,Comedy|Drama|Romance,6.167,6,IN,,,,
1099930,,,Ouch 2,Ouch 2,2023-03-13,16,Drama,0.0,0,IN,,,,
1072758,tt23865712,Q123505874,Kadak Singh,कड़क सिंह,2023-11-24,136,Drama|Thriller,5.938,16,IN,,,,
1132482,tt27862531,Q119087554,Ajmer 92,अजमेर 92,2023-07-14,0,,0.0,0,IN,,,,
1199790,tt29455398,,Zende,Zende,2023-10-31,79,Documentary,0.0,0,IN,,,,
1663218,tt33974748,,The Pop,The Pop,2023-01-14,2,Drama|Adventure|Music,10.0,1,IN,,,,
1580122,tt30527915,,Abhishek Upmanyu: Employee No. 1,Abhishek Upmanyu: Employee No. 1,2023-12-21,40,Comedy,9.0,3,IN,,,,
1196095,tt9691290,Q127012903,Sharmajee Ki Beti,शर्माजी की बेटी,2023-11-01,115,Comedy|Drama,5.5,2,IN,,,,
1128349,tt27328190,Q120734958,Jackson Halt,जैक्सन हाल्ट,2023-05-05,121,Thriller|Crime|Mystery|Horror,7.0,1,IN,,,,
737370,tt6950476,Q122925760,Tejas,तेजस,2023-10-27,112,Drama,4.0,11,IN,,,,
1049623,tt23472806,Q116736456,Almost Pyaar with DJ Mohabbat,डीजे मोहब्बत के साथ लगभग प्यार,2023-02-03,119,Romance|Drama|Music,3.8,9,IN,,,,
733038,tt12887208,Q123282967,Pippa,पिप्पा,2023-11-10,140,War|Drama,5.0,11,IN,,,,
964845,tt27816768,Q118853741,Tarla,तरला,2023-07-07,127,Comedy|Drama,6.75,12,IN,,,,
915865,tt14339846,Q117474908,Mrs. Undercover,Mrs. Undercover,2023-04-14,107,Action|Comedy|Thriller,5.267,15,IN,,,,
781809,tt13732212,Q105686962,Mumbaikar,मुम्बईकर,2023-06-02,123,Crime|Drama,3.2,4,IN,,,,
1099677,tt15717242,Q117322876,Kanjoos Makhichoos,कंजूस मक्खीचूस,2023-03-24,116,Comedy|Drama,5.75,13,IN,,,,
1146132,tt28238386,,Shanaya - An Unsolved Mystery,Shanaya - An Unsolved Mystery,2023-06-27,90,Drama|Crime|Mystery,0.0,0,IN,,,,
1184551,tt22480126,Q130214435,Berlin,Berlin,2023-10-14,125,Thriller,6.222,9,IN,,,,
1166734,tt28364203,Q121298779,Non Stop Dhamaal,Non Stop Dhamaal,2023-08-18,100,Comedy,2.0,1,,,,,
1065835,tt15654502,Q123238753,The Ladykiller,The Ladykiller,2023-11-03,125,Thriller|Crime,6.5,2,IN,,,,
1511646,tt26763997,,Abhishek Upmanyu: Jealous of Sabziwala,Abhishek Upmanyu: Jealous of Sabziwala,2023-02-19,63,Comedy,8.8,4,,,,,
780381,tt5316648,Q104829803,Blind,Blind,2023-07-07,124,Crime|Thriller|Drama,5.2,4,IN|KR,,,,
1228403,tt30820627,,Online Blues,Online Blues,2023-01-01,112,Drama,0.0,0,IN,,,,
1022469,tt9859574,Q116873353,Shiv Shastri Balboa,शिव शास्त्री बलबोआ,2023-02-10,132,Comedy|Drama,5.3,6,IN,,,,
1517973,tt22436930,Q117599003,Bicycle Days,Bicycle Days,2023-04-14,90,Drama,0.0,0,IN,,,,
939423,tt15832148,Q114151707,Afwaah,अफ़वाह,2023-05-05,126,Thriller|Drama,5.857,14,IN|US,,,,
1182598,tt22769958,,Fly High Little Hearts,Udd Jaa Nanhe Dil,2023-09-25,100,Family|Drama,0.0,0,IN,,,,
1310859,,,Alvida - The Last Goodbye,Alvida - The Last Goodbye,2023-12-10,30,,0.0,0,IN,,,,
1145809,tt28152747,Q120298478,Sergeant,Sergeant,2023-06-30,104,Drama|Thriller,2.0,2,IN,,,,
1279224,tt28090269,,Aalingan,Aalingan,2023-10-10,17,,0.0,0,,,,,
985629,tt15429702,Q123477949,Do Ajnabee,Do Ajnabee,2023-11-24,89,,0.0,0,,,,,
1084121,tt26541768,Q116873302,Pill Hai Ke Manta Nahi,Pill Hai Ke Manta Nahi,2023-01-28,32,Comedy,0.0,0,,,,,
1214123,tt30151562,Q130789256,Zakir Khan: Mannpasand,Zakir Khan: Mannpasand,2023-12-07,94,Comedy,8.0,6,IN,,,,
1206181,tt29712522,,Baasan,Baasan,2023-11-01,69,Documentary,0.0,0,IN,,,,
1418425,tt39007516,,Landscapes of Longing,Landscapes of Longing,2023-10-25,14,Documentary,0.0,0,IN|US,,,,
1310868,,,Last Rehearsal,Last Rehearsal,2023-12-10,16,,0.0,0,IN,,,,
1138654,,,Liave it,Liave it,2023-06-11,30,,0.0,0,,,,,
1216714,,,Out Of Time,Out Of Time,2023-12-15,0,Thriller,0.0,0,,,,,
1209321,tt30146697,,Majbooriyan,Majbooriyan,2023-11-24,0,Drama,0.0,0,,,,,
1156337,tt17425020,Q121337955,One Friday Night,वन फ्राइडे नाइट,2023-07-28,92,Mystery|Crime|Thriller,4.8,4,IN,,,,
847732,tt14988886,Q117842616,U-Turn,U-Turn,2023-04-28,101,Horror|Mystery|Thriller,5.3,11,IN,,,,
1261684,tt27503994,,Nimmo Lucknow Wali,Nimmo Lucknow Wali,2023-03-02,115,Comedy|Drama,0.0,0,,,,,
1201303,tt11151958,,India Fashion Factory,India Fashion Factory,2023-12-25,120,Comedy,0.0,0,IN,,,,
1163180,tt28635101,,Rakshak - India's Braves,Rakshak - India's Braves,2023-08-11,76,Action|Drama|War,6.0,2,IN,,,,
1216735,tt36284916,,Aakash Gupta: Angry Young Man,Aakash Gupta: Angry Young Man,2023-12-16,62,Comedy,8.0,2,,,,,
1182714,tt26337526,,Juliet 2,Juliet 2,2023-02-24,0,Action|Thriller,0.0,0,,,,,
1353007,tt30146242,,The First Film,The First Film,2023-12-06,24,Drama|Family|History,0.0,0,IN,,,,
1092973,tt26744173,Q117421988,InCar,इन-कार,2023-03-03,106,Thriller|Drama,0.0,0,IN,,,,
1191608,,,Ri,རི,2023-11-07,95,,0.0,0,IN,,,,
1298690,tt30761075,,La Mer,La Mer,2023-01-01,12,,0.0,0,IN,,,,
423592,tt5589660,Q131299427,Pinky Beauty Parlour,Pinky Beauty Parlour,2023-04-14,116,Crime|Drama,4.0,1,IN,,,,
1105890,,,Night of the Bride,Night of the Bride,2023-10-01,7,Horror,0.0,0,IN,,,,
1207183,tt27304247,,The Face of the Faceless,द फेस ऑफ द फेसलेस,2023-02-07,136,Drama,0.0,0,IN,,,,
936229,tt27621015,Q123338264,Shastry Viruddh Shastry,शास्त्री विरुद्ध शास्त्री,2023-11-03,139,Drama|Family,6.0,7,IN,,,,
1184847,tt29330039,,I Killed Bapu,I Killed Bapu,2023-09-29,82,Drama|History,0.0,0,IN,,,,
1153051,tt27912491,,Anu,Anu,2023-07-29,13,Drama,6.2,6,IN|NZ,,,,
1094262,tt26734089,,Bandit Shakuntala,बैंडिट शकुन्तला,2023-02-27,0,Action,0.0,0,IN,,,,
1137036,tt8292768,,Night Encounters,Night Encounters,2023-05-23,86,Horror,10.0,1,,,,,
1126702,,,What About Them?,What About Them?,2023-04-21,7,Mystery,0.0,0,,,,,
1153067,tt28362963,,Checkmate,चेकमेट,2023-07-11,112,Action|Comedy,5.1,7,IN,,,,
1112692,tt26475846,,Kanwar,Kanwar,2023-04-17,118,Drama,0.0,0,IN,,,,
1186128,tt28524022,,Rat in the Kitchen,Rat in the Kitchen,2023-10-02,22,Thriller|Drama|Horror,8.0,1,IN,,,,
1203975,,,Naina,Naina,2023-11-17,15,Crime|Drama,10.0,1,,,,,
1257414,tt16246990,,The Purple Scarf,The Purple Scarf,2023-07-28,20,Drama|Family,0.0,0,,,,,
1086874,tt26735680,,The Last Coffee,The Last Coffee,2023-02-13,80,Drama,5.0,2,IN,,,,
1121191,tt27441605,Q130696038,Biswa Kalyan Rath's Mood Kharaab,Biswa Kalyan Rath's Mood Kharaab,2023-05-05,52,Comedy,5.7,6,IN,,,,
1215760,tt17346412,,Award,Premio,2023-12-14,122,Drama|Thriller,0.0,0,IN,,,,
1098371,tt26657267,,Furs and Strands,Furs and Strands,2023-03-15,15,Drama,0.0,0,IN,,,,
1204088,tt29606230,,Dhai Aakhar,Dhai Aakhar,2023-11-01,98,Drama,0.0,0,IN,,,,
1059455,tt26250432,,Which Colour?,Kayo Kayo Colour?,2023-01-25,96,Drama,0.0,0,IN,,,,
1108435,,,Dentures,बत्तीसी,2023-04-20,16,Documentary,0.0,0,IN,,,,
1175405,,,Wild Swans,Gorai Phakhri,2023-10-18,95,Drama,0.0,0,IN,,,,
1155640,tt28306975,Q120598879,Vash,Vash,2023-07-21,108,Horror,7.0,1,IN,,,,
1147762,tt23788994,,Whispers of Fire & Water,Whispers of Fire & Water,2023-08-08,83,Drama,6.0,1,IN,,,,
1309581,,,Bhramar,भ्रमर,2023-11-01,14,Drama,0.0,0,,,,,
1094184,tt10816692,,Lohardaga,Lohardaga,2023-03-10,120,Drama,10.0,1,IN,,,,
1174140,tt27881398,Q128502447,Joseph's Son,Joseph's Son,2023-06-13,85,Drama,0.0,0,IN,,,,
1133174,,,A Touch,A Touch,2023-06-11,28,,0.0,0,,,,,
1137712,tt25968276,,Taps,Taps,2023-06-08,15,Romance|Drama,0.0,0,IN,,,,
604198,tt10351180,Q65044911,Bad Boy,Bad Boy,2023-04-28,122,Comedy|Romance,3.5,2,IN,,,,
1315539,,,Prashasti Singh: Door Khadi Sharmaaye,Prashasti Singh: Door Khadi Sharmaaye,2023-07-11,51,Comedy,7.0,1,IN,,,,
1448006,,,Box of chocolates,Box of chocolates,2023-03-15,9,Comedy,7.0,2,IN,,,,
1154355,,,Some of My Folks,Some of My Folks,2023-07-29,32,Comedy|Drama,0.0,0,IN,,,,
1099967,tt6915770,Q123516217,Starfish,एक प्रकार की मछली जिस को पाँच - सात बाहु के सदृश अंग होते है,2023-11-24,119,Drama|Thriller|Romance,3.5,6,IN,,,,
1257423,tt22782162,,Anant - A Journey Towards The End,Anant - A Journey Towards The End,2023-12-08,22,Drama,0.0,0,IN,,,,
1148809,,,The Pathan Sisters,Les Sœurs Pathan,2023-08-08,76,Documentary,9.0,2,FR,,,,
1141821,tt28153892,Q123681483,Giddh (The Scavenger),Giddh: The Scavenger,2023-12-01,25,Drama,0.0,0,IN,,,,
1197534,tt27795362,,Identity,Naam,2023-06-15,23,Drama,0.0,0,IN,,,,
1218593,tt26826786,Q130240669,Once Upon Two Times,Once Upon Two Times,2023-12-29,109,Drama|Romance,5.0,2,IN,,,,
1073074,tt15180374,Q122146767,Mystery of Tattoo,Mystery of Tattoo,2023-09-01,114,Thriller,0.0,0,IN|GB,,,,
926915,,,Funkaar,Funkaar,2023-12-01,0,Comedy,0.0,0,IN,,,,
1195548,tt29529716,,Pagalpan Next level,Pagalpan Next level,2023-10-27,0,Drama,0.0,0,IN,,,,
1132076,tt27488740,,NRI Wives,NRI Wives,2023-05-26,0,Romance|Drama,0.0,0,,,,,
1167587,tt28667234,,Morchang,Morchang,2023-06-29,24,Fantasy,0.0,0,IN,,,,
1079170,tt2599878,Q124454674,Operation Fryday,Operation Fryday,2023-01-26,134,Action|Crime|Thriller,2.0,1,,,,,
1174363,tt28937198,,Mankhurd,Mankhurd,2023-12-19,84,Drama,0.0,0,IN,,,,
1211323,tt15777758,,Anari is backk,Anaari is Back,2023-11-24,0,Drama|Family,0.0,0,,,,,
1081988,tt26446979,Q120455639,Fursat,फ़ुर्सत,2023-02-03,30,Romance|Music|Science Fiction,5.25,8,IN,,,,
1239842,tt28301467,,The Softer Kiss,The Softer Kiss,2023-06-30,8,,0.0,0,,,,,
1624306,tt36091663,,Īkṣaṇa,Īkṣaṇa,2023-03-03,5,Drama,10.0,1,,,,,
1477500,,,Cheenk,Cheenk,2023-02-12,14,Comedy,6.0,1,IN,,,,
1099516,tt15378284,Q118220475,Am I Next,Am I Next,2023-03-17,86,Crime,5.0,4,IN,,,,
1148402,tt26446567,,Ghuspaith: Between Borders,Ghuspaith: Between Borders,2023-10-16,33,Thriller|Drama,8.0,1,,,,,
1158430,tt27989394,,Mushaira,Mushaira,2023-10-06,116,Mystery|Drama,9.0,1,IN,,,,
1086500,tt27923623,Q123987823,Safed,सफ़ेद,2023-12-29,70,Drama,2.0,2,IN,,,,
1136169,tt27930156,Q121461303,I Love You,आई लव यू,2023-06-16,95,Romance|Thriller,3.5,3,IN,,,,
1188051,tt28782545,Q123014466,The Purvanchal Files,The Purvanchal Files,2023-09-22,142,Action|Drama,0.0,0,IN,,,,
1274908,tt29685599,,My Father Is Afraid of Water,Papa ko pani se dar lagta hai,2023-12-06,28,Drama,0.0,0,IN,,,,
1149471,tt28023881,,The Pink Umbrella,The Pink Umbrella,2023-07-06,16,,0.0,0,IN,,,,
1187657,tt3793544,,Victor,Victor,2023-10-13,101,Crime|Drama|Thriller,0.0,0,IN|GB,,,,
1342223,,,Uplift,Uplift,2023-09-16,3,Thriller|Mystery,0.0,0,IN,,,,
1057228,tt11565160,Q116894028,The Y,The Y,2023-01-06,110,Horror|Thriller,4.0,2,IN,,,,
1254498,,,Stirred,Stirred,2023-01-01,22,,0.0,0,IN,,,,
1250623,tt28141900,,Ready Steady,Ready Steady,2023-03-20,90,,0.0,0,IN,,,,
1168566,,,The Rashomon Protocol,The Rashomon Protocol,2023-09-27,34,Thriller|Crime,0.0,0,IN,,,,
1107083,tt36336574,Q117212163,Farishta,Farishta,2023-03-09,150,Family|Drama,10.0,1,IN,,,,
1080841,tt26548127,Q130695949,Anubhav Singh Bassi: Bas Kar Bassi,Anubhav Singh Bassi: Bas Kar Bassi,2023-02-01,83,Comedy,7.0,6,IN,,,,
1239087,tt28106218,,The Evacuation: Operation Ganga,The Evacuation: Operation Ganga,2023-06-17,53,Documentary,0.0,0,,,,,
1064624,,,Four Slippers,चार चप्पलें,2023-01-25,34,Drama,0.0,0,IN,,,,
1276757,,,Bobby's Friends,Bobby's Friends,2023-11-03,105,Family|Drama,0.0,0,IN,,,,
1586588,,,JEE LE ZARA,JEE LE ZARA,2023-08-14,13,Drama,8.0,1,IN,,,,
1199505,tt29519500,,Hello Daddu,Hello Daddu,2023-11-20,0,Comedy|Drama,0.0,0,IN,,,,
1064483,tt24655620,,Moha,Moha,2023-01-25,103,Drama,0.0,0,IN,,,,
1119719,tt27648652,,Bhraanti An illusion,Bhraanti An illusion,2023-04-28,120,Horror|Romance|Fantasy,0.0,0,IN,,,,
1156633,tt28687925,,The World Is Family,वसुधैव कूटुम्बकम,2023-09-08,96,Documentary,0.0,0,IN,,,,
1121891,tt29359672,,It’s All in Your Head,It’s All in Your Head,2023-04-01,83,Comedy,0.0,0,,,,,
1460730,,,No Country for Moderation,No Country for Moderation,2023-06-10,58,Comedy,8.0,1,IN,,,,
1182368,tt29028448,Q130642585,1080 - The Legacy of Mahaveer,1080 - The Legacy of Mahaveer,2023-10-27,121,History|Drama,5.0,1,IN,,,,
1156679,tt28237049,,Kacche,Kacche,2023-06-28,11,Drama,10.0,1,,,,,
1180441,tt22870352,,Chaara,चारा,2023-07-25,14,Thriller,0.0,0,IN,,,,
1182689,tt28717574,Q122882708,Yaatris,Yaatris,2023-11-03,108,Comedy|Drama|Family,0.0,0,IN,,,,
1187302,,,Munna Ka Bachpan,Munna Ka Bachpan,2023-10-05,0,Drama,0.0,0,,,,,
1128881,,,Aakash Mehta: No Smoking,Aakash Mehta: No Smoking,2023-03-01,62,Comedy,9.0,1,IN,,,,
1196185,tt29454072,Q131170272,Pushtaini,Pushtaini,2023-10-28,90,Comedy|Drama,0.0,0,IN,,,,
1188542,tt29553641,,Laar,Laar,2023-10-08,20,Drama,4.0,1,IN,,,,
1184080,,,In The Forest One Thing Can Look Like Another,In The Forest One Thing Can Look Like Another,2023-09-30,16,Documentary,0.0,0,IN,,,,
1204441,,,Coming To Terms / Making Your Terms?,Kyaa Hai Ye Samjhauta,2023-01-01,9,,0.0,0,,,,,
1088849,tt26741767,,The Broken Table,The Broken Table,2023-02-15,24,Drama,5.5,2,IN,,,,
1146944,,,Spirit of the Mountains,Spirit of the Mountains,2023-04-07,0,Documentary,8.8,5,IN,,,,
1149489,tt27795016,,Aakash Mehta: Nasty,Aakash Mehta: Nasty,2023-07-07,76,Comedy,8.0,1,IN,,,,
1087538,tt25150506,,Ho Ja Mukt,Ho Ja Mukt,2023-01-21,0,Drama,0.0,0,,,,,
1157674,tt9325680,,Lomad,लोमड़,2023-08-04,99,Crime|Drama|Thriller,0.0,0,IN,,,,
1211406,tt29666603,,Kaisi Ye Dor,कैसीयेडोर,2023-12-15,127,Drama|Family,0.0,0,IN,,,,
1200128,tt29455936,,The Blessed and the Damned,D-Grade Se A-Grade Tak,2023-10-29,21,,0.0,0,,,,,
1619362,,,I Am Lesbian,I Am Lesbian,2023-06-08,15,Drama,0.0,0,,,,,
1190069,tt20198498,,The Last Envelope,The Last Envelope,2023-10-12,13,Drama|Family,7.0,1,IN,,,,
1450282,tt13388096,,The Lesson,Paath,2023-07-22,17,Drama,0.0,0,IN,,,,
1139605,,,Back to the Future,Back to the Future,2023-04-20,87,Documentary,0.0,0,IN,,,,
1152664,,,Tu Tu Main Main,Tu Tu Main Main,2023-07-15,147,Horror,0.0,0,IN,,,,
1091155,tt22033500,Q120550437,Sir Madam Sarpanch,Sir Madam Sarpanch,2023-04-14,104,Comedy,0.0,0,,,,,
1073117,,,Shubh Nikah,शुभ निकाह,2023-03-17,0,Comedy|Drama,0.0,0,IN,,,,
1187761,tt29001753,Q123570833,Dvand - The Internal Conflict,द्वंद,2023-09-29,116,Drama,0.0,0,IN,,,,
1363673,,,High on Dreams,High on Dreams,2023-10-29,4,Thriller,0.0,0,,,,,
1400609,tt31124551,,Baramasi - Daughters of the Immortal Tree,Baramasi - Daughters of the Immortal Tree,2023-05-16,13,Drama,0.0,0,,,,,
1691585,tt27555774,,Tedhi Medhi Kahaniyaan,Tedhi Medhi Kahaniyaan,2023-02-27,99,Comedy|Romance|Drama,0.0,0,IN,,,,
1142313,tt11603780,Q121057501,Veeram,Veeram,2023-04-07,161,Action|Drama|Family,3.0,1,,,,,
1063371,tt24400506,,Nocturnal Burger,Nocturnal Burger,2023-01-21,28,Drama,7.2,2,IN|US,,,,
1138617,,,Road Blocked Ahead,Road Blocked Ahead,2023-06-10,31,,0.0,0,,,,,
1159986,tt26216868,,Gunchakkar,Gunchakkar,2023-01-12,0,Comedy,0.0,0,IN,,,,
1078143,tt25399478,Q131355131,Black Sunshine Baby,Black Sunshine Baby,2023-01-24,85,Documentary,6.0,2,IN,,,,
1132662,tt26770525,,Lavaste,ला वास्ते,2023-05-26,0,Thriller,3.0,1,,,,,
1137112,tt27818066,,Privacy,Privacy,2023-06-30,85,Thriller,0.0,0,IN|US,,,,
1103285,,,Bhaskar Bechain,Bhaskar Bechain,2023-03-14,31,,0.0,0,,,,,
1020330,,,Hacker 3.0,Hacker 3.0,2023-03-24,20,Action|Crime|Thriller,10.0,1,IN,,,,
1639400,,,STUDIE,STUDIE,2023-05-10,12,Horror|Mystery,3.0,1,,,,,
1163960,,,Blue Dogs,Blue Dogs,2023-08-12,15,Drama|Crime,10.0,1,,,,,
1179320,tt22077198,,Kazi,Kazi,2023-12-18,105,Thriller,0.0,0,IN,,,,
1384496,tt34386551,,Through A Shattered Mirror,Tuta Aayna,2023-08-27,19,Drama|Thriller,10.0,1,IN,,,,
1338976,tt31162789,,Mangalmukhi- The Third Gender,Mangalmukhi- The Third Gender,2023-09-30,41,Documentary,0.0,0,,,,,
1217517,tt30843278,Q130303252,Hey Kameeni,Hey Kameeni,2023-12-22,120,Drama,0.0,0,IN,,,,
1200178,,,Descendants of the Dark,Descendants of the Dark,2023-10-27,62,Crime|Mystery|Thriller,0.0,0,IN,,,,
1125323,tt26229656,,A Knowing,A Knowing,2023-01-15,14,Thriller|Science Fiction|Romance,0.0,0,IN,,,,
1020324,,,Loveju,Loveju,2023-08-09,20,,0.0,0,,,,,
1146140,tt26695722,,Chhipkali,छिपकली,2023-05-26,118,Drama|Thriller,0.0,0,IN,,,,
1363283,tt33097960,,Jamna - The River Story,Jamna - The River Story,2023-12-24,38,Documentary,8.0,1,,,,,
1253556,tt30219072,,Chhota Bheem: The Great War of the Great Devil,Chhota Bheem Maha Shaitaan Ka Mahayudh,2023-08-13,30,Animation|Action|Adventure,0.0,0,,,,,
1310903,,,Makkaar,Makkaar,2023-12-10,19,,0.0,0,,,,,
1253557,tt30219110,,Chhota Bheem Shakti Astra Ki Khoj,Chhota Bheem Shakti Astra Ki Khoj,2023-11-11,0,Action|Adventure|Animation,0.0,0,,,,,
1534058,,,the pen,the pen,2023-04-30,15,Drama|Family|Fantasy,3.0,1,IN,,,,
1220497,tt30527106,,Daayre,Daayre,2023-12-20,0,Drama,0.0,0,,,,,
1203255,tt6300418,,Dr. B.R. Ambedkar: Now & Then,Dr. B.R. Ambedkar: Now & Then,2023-11-07,111,Documentary,10.0,1,,,,,
1298680,tt30761069,,Ankuran,Ankuran,2023-01-01,8,,8.0,1,IN,,,,
1242951,tt31151933,,Kris in Bollywood,Kris in Bollywood,2023-05-14,59,Animation,0.0,0,IN,,,,
1210148,,,I'm Yours,I'm Yours,2023-11-19,11,Romance|Drama,0.0,0,IN,,,,
1190669,tt32066117,,Land of My Dreams,Land of My Dreams,2023-10-05,73,Documentary,10.0,0,IN,,,,
1511722,tt21989626,Q127808519,Mother's Milk,Maa Ka Doodh,2023-01-26,126,Documentary,0.0,0,IN,,,,
1170387,,,One Two Three,Ekka Dokka Tekka,2023-08-19,0,,8.5,1,,,,,
1497359,,,Bechaini,Bechaini,2023-05-04,11,Mystery|Comedy,0.0,0,,,,,
1326225,tt28548667,,Mrit,मृत,2023-04-04,54,Horror,3.0,1,,,,,
1138881,tt28489865,,AANGAN: 'A BLOOMING SPACE’,AANGAN: 'A BLOOMING SPACE’,2023-06-07,34,,0.0,0,,,,,
1206056,tt15716566,,Dil Hai Gray,Dil Hai Gray,2023-11-01,132,Drama,0.0,0,IN,,,,
1064439,,,Letters Unwritten to Naiyer Masud,Letters Unwritten to Naiyer Masud,2023-01-25,64,Documentary,0.0,0,IN,,,,
1180535,,,ANGWAL,ANGWAL,2023-05-04,0,Documentary,0.0,0,IN,,,,
1498521,,,Delhi Blues,Delhi Blues,2023-03-15,2,Action|Comedy|Crime|Drama|Animation,5.0,1,,,,,
1147675,,,IIFA Awards,IIFA Awards,2023-06-20,0,TV Movie,0.0,0,,,,,
1205430,tt29467900,,Zoya,Zoya,2023-10-28,5,,0.0,0,,,,,
1178824,,,Paperplanes,Paperplanes,2023-06-14,7,Animation|Drama,0.0,0,IN,,,,
1206158,,,Dr. Minestein,Dr. Minestein,2023-11-01,89,Drama,0.0,0,IN,,,,
1310333,,,Vishal Tyagi: Modern Romance,Vishal Tyagi: Modern Romance,2023-12-30,75,Comedy,1.0,1,IN,,,,
1155565,tt27614472,,Divit,दिवित,2023-07-21,0,Drama,1.0,1,,,,,
1184240,tt25729566,Q122817315,A Winter Tale at Shimla,A Winter Tale at Shimla,2023-05-12,0,,0.0,0,,,,,
1106101,,,The Peacock's Tale,Dastan-E-Mor,2023-03-29,21,Comedy|Crime,10.0,1,IN,,,,
1077410,tt15545626,Q116188793,Zindagi Shatranj Hai,Zindagi Shatranj Hai,2023-01-20,0,Thriller,0.0,0,,,,,
1415995,tt28483258,,The Black Chapter of Ajmer,The Black Chapter of Ajmer,2023-07-16,50,Documentary|Crime,0.0,0,,,,,
1378021,,,Buying a Bra  By Yashwardhan Choudhary,Buying a Bra  By Yashwardhan Choudhary,2023-08-18,12,Comedy,8.0,1,,,,,
1207844,,,How India Stole and Killed Cricket,How India Stole and Killed Cricket,2023-11-14,27,Documentary,0.0,0,IN,,,,
1150730,tt28803246,,The Spark,चिंगारी,2023-10-08,96,Drama,0.0,0,IN,,,,
1174425,tt28755773,,Lost & Found in Singapore,Lost & Found in Singapore,2023-08-25,0,Drama,0.0,0,,,,,
1226515,tt29313633,,Sahebs Who Never Left - Part 2: The Aftermath,Sahebs Who Never Left - Part 2: The Aftermath,2023-09-28,47,,0.0,0,,,,,
1210407,,,The History of Indian Elections,The History of Indian Elections,2023-11-18,83,Documentary,0.0,0,,,,,
1379084,,,Temporal Paranoia,Temporal Paranoia,2023-04-11,9,Science Fiction|Thriller,0.0,0,,,,,
1460399,tt32590036,,6-A Akash Ganga,6-A Akash Ganga,2023-11-24,120,Documentary,0.0,0,,,,,
1206186,tt10861914,,Behrupiya - The Impersonator,Behrupiya - The Impersonator,2023-11-01,21,Documentary,0.0,0,IN,,,,
1305592,,,Mother's Milk,माँ का दूध,2023-01-27,0,,0.0,0,,,,,
1195749,,,Voicenote to my mother,Voicenote to my mother,2023-01-01,0,Animation,0.0,0,,,,,
1192354,,,Before we die,Before we die,2023-10-17,36,,0.0,0,,,,,
1065075,,,A Flower In A Foglight,A Flower In A Foglight,2023-01-25,51,,0.0,0,IN,,,,
1170428,,,Dreams Awaken,जागते ख्वाब,2023-08-04,19,,0.0,0,,,,,
1318954,tt30852396,,"A Tiger Tale, Therefore",Atah bagh katha,2023-12-13,24,,0.0,0,,,,,
1068938,,,Knotted,Knotted,2023-01-02,12,Documentary,0.0,0,,,,,
1250845,,,Jugaad,Jugaad,2023-03-27,12,Documentary,0.0,0,CA,,,,
1138649,,,Dew Drops,OAS,2023-06-07,16,,0.0,0,,,,,
1138677,,,Rightful,Jaayaz,2023-06-10,16,,0.0,0,,,,,
1160018,tt28259207,Q125207809,KILL,KILL,2024-07-03,105,Action|Crime|Thriller,7.173,550,IN,,,,
1277236,tt32023291,Q130525094,Main Ladega,मैं लड़ेगा,2024-04-26,148,Drama,6.4,16,IN,,,,
784651,tt13818368,Q114889877,Fighter,फाइटर,2024-01-24,166,Action|Drama,6.119,168,IN,,,,
1108828,tt18277182,Q123982001,Girls Will Be Girls,गर्ल्स विल बी गर्ल्स,2024-08-21,119,Drama|Romance,7.06,50,FR|IN|NO,,,,
1045931,tt21383812,Q124656178,Crew,Crew,2024-03-29,124,Comedy,6.7,84,IN,,,,
1014214,tt11976134,Q123528206,Singham Again,सिंघम अगेन,2024-11-01,145,Action|Drama|Thriller|Crime,4.809,47,IN,,,,
1187619,tt27744786,Q124364758,Shaitaan,शैतान,2024-03-08,132,Thriller|Horror,6.235,113,IN,,,,
936622,tt18072316,Q118067937,Bade Miyan Chote Miyan,बड़े मियाँ छोटे मियाँ,2024-04-11,164,Action|Science Fiction,6.1,55,IN,,,,
1148172,tt28075881,Q130424855,Do Patti,दो पत्ती,2024-10-24,128,Thriller|Drama,6.757,68,IN,,,,
1112426,tt27510174,Q124254266,Stree 2,स्त्री 2: सरकटे का आतंक,2024-08-15,143,Horror|Comedy,6.7,107,IN,,,,
1201015,tt26745657,Q124797679,Madgaon Express,मडगांव एक्सप्रेस,2024-03-22,145,Comedy|Drama,6.4,45,IN,,,,
1051023,tt27028399,Q124030529,Murder Mubarak,मर्डर मुबारक,2024-03-15,142,Comedy|Crime|Thriller,6.54,63,IN,,,,
1252457,tt27671792,Q131355417,Vijay 69,विजय 69 (Vijay 69),2024-11-08,112,Drama|Comedy,7.0,28,IN,,,,
1083241,tt27757805,Q124445827,Baby John,बेबी जॉन,2024-12-25,162,Action|Drama|Thriller|Crime,6.0,27,IN,,,,
1110390,tt27459160,Q124260479,Teri Baaton Mein Aisa Uljha Jiya,तेरी बातों में ऐसा उलझा जिया,2024-02-09,143,Romance|Comedy|Science Fiction,5.9,62,IN,,,,
1163194,tt21626284,Q124714626,Lost Ladies,लापता लेडीज़,2024-03-01,123,Comedy|Drama|Romance,7.8,180,IN,,,,
1238167,tt27930683,Q131194522,Agni,Agni,2024-12-06,122,Action|Adventure,6.769,13,IN,,,,
1245700,tt21626774,Q129183521,Sector 36,सेक्टर 36,2024-08-18,124,Crime|Thriller|Drama,7.0,96,IN,,,,
1196940,tt24245466,Q124819487,Ruslaan,रुसलान,2024-04-26,140,Action,4.333,3,IN,,,,
1372059,tt33744610,,Ghamasaan,घमासान,2024-10-18,142,Thriller|Action,8.0,1,IN,,,,
1444358,tt32155770,,Burning Butterflies,Burning Butterflies,2024-09-06,0,Horror|Thriller|Mystery,6.5,6,IN,,,,
1184889,tt26733317,Q129900370,Jigra,जिगरा,2024-10-10,155,Action|Drama|Thriller,6.0,79,IN,,,,
1227136,tt27936770,Q124323601,Bhakshak,भक्षक,2024-02-08,134,Drama|Crime,7.233,43,IN,Bihar (India),India,Muzaffarpur (India),India
1072693,tt26225118,Q127513170,Phir Aayi Hasseen Dillruba,फिर आई हसीन दिलरुबा,2024-08-09,133,Mystery|Thriller|Romance,6.333,57,IN,,,,
1356885,tt32623558,,Black Coffee,Black Coffee,2024-05-30,0,Drama,0.0,0,,,,,
1341448,tt33245905,Q129581086,Kahan Shuru Kahan Khatam,कहां शुरू कहां ख़तम,2024-09-20,104,Comedy|Drama,2.0,1,IN,,,,
1020951,tt27470893,Q124218653,Chandu Champion,चंदू चैंपियन,2024-06-14,143,Drama,7.23,37,IN,,,,
899718,tt16139258,,Yodha,योद्धा,2024-03-15,131,Action|Thriller,6.561,33,IN,,,,
1352958,tt32135874,Q136954074,Blind Spot,Chashma,2024-10-22,26,Drama,0.0,0,,,,,
1353040,tt26249782,Q130639283,Navras Katha Collage,नवरस कथा कोलाज,2024-10-18,0,Drama,0.0,0,IN,,,,
1312769,tt23752842,Q127692307,The Heist,The Heist,2024-07-19,130,Action|Crime|Thriller,0.0,0,IN|MU|GB,,,,
1167917,tt28278958,,Bhed Bakri Bhoot,Gote Goat Ghost,2024-07-27,29,Drama,0.0,0,IN,,,,
1187058,tt27995594,Q126086642,Munjya,मुंज्या,2024-06-07,121,Comedy|Horror,6.213,47,IN,,,,
1233531,tt30970235,Q124325961,Article 370,आर्टिकल 370,2024-02-23,158,Action|Thriller|Drama,7.098,51,IN,,,,
1148486,tt28153480,Q124883584,Vedaa,वेदा: संविधान के रक्षक,2024-08-15,151,Action|Drama|Thriller,5.913,23,IN,,,,
1380062,tt33377907,,Sheep Barn,Bhediya Dhasaan,2024-12-14,134,Drama,10.0,1,IN,,,,
1171099,tt4501268,Q126877461,Maharaj,महाराज,2024-06-21,132,Drama|History,6.856,66,IN,,,,
668340,tt10869778,Q80155482,Maidaan,मैदान,2024-04-10,181,Drama,7.8,25,IN,,,,
1213712,tt29330913,Q130213343,Vicky Vidya Ka Woh Wala Video,विक्की विद्या का वो वाला वीडियो,2024-10-10,152,Comedy,4.8,22,IN,,,,
1309551,,,The Influenced,The Influenced,2024-11-30,19,Drama|Thriller,0.0,0,IN,,,,
980599,tt26932223,Q126954881,Bhool Bhulaiyaa 3,भूल भुलैया 3,2024-11-01,158,Horror|Comedy,5.4,49,IN,,,,
1146577,tt12736014,Q128736684,CTRL,कन्ट्रोल,2024-10-04,99,Thriller|Drama,6.092,76,IN,,,,
1275546,,,Walk,Walk,2024-04-09,100,Drama,0.0,0,IN,,,,
1277400,tt32020028,,Appu,Appu,2024-04-19,92,Animation|Comedy|Drama|Family,0.0,0,IN,,,,
1086729,tt26658272,Q124728747,Amar Singh Chamkila,अमर सिंह चमकीला,2024-04-12,146,Drama|Music,7.694,36,IN,Ludhiana (India)|Mehsampur (India)|Mumbai (India),India,,
1403659,,,The Dress,The Dress,2024-12-15,4,Drama,0.0,0,IN,,,,
1147759,tt28297544,Q129935317,Rapture,Rimdogittanga,2024-05-15,127,Drama,6.2,5,CN|IN|NL|QA|CH,,,,
1311214,tt35463266,,Thursday Special,Thursday Special,2024-07-01,26,Family|Drama,0.0,0,IN,,,,
1252470,tt31522415,Q130632329,Sikandar Ka Muqaddar,सिकंदर का मुकद्दर,2024-11-29,143,Thriller|Crime|Mystery,5.703,59,IN,,,,
1284266,tt31261286,Q130263312,Badtameez Gill,Badtameez Gill,2024-11-29,0,,0.0,0,IN,,,,
1375204,tt37731880,,Tabula Rasa,Tabula Rasa,2024-10-24,12,Drama,0.0,0,IN,,,,
1381436,tt33266114,,Chanchal Haseena,Chanchal Haseena,2024-08-22,98,Romance,0.0,0,,,,,
1215938,tt22869490,Q123956214,Crakk: Jeetega... Toh Jiyegaa,जीतेगा: तो जिएगा!,2024-02-23,154,Action|Thriller,5.273,11,IN,,,,
890116,tt15392282,Q122642379,Merry Christmas,मेरी क्रिसमस,2024-01-12,143,Drama|Mystery|Thriller,6.831,59,IN,,,,
1621011,,,Lion,Lion,2024-02-09,4,Drama,0.0,0,IN,,,,
1403696,tt34991464,,Benaam Rishta,Benaam Rishta,2024-12-13,91,Drama,0.0,0,IN,,,,
1124876,tt19838634,Q125510637,Ulajh,Ulajh,2024-08-02,134,Drama|Thriller,5.575,20,IN,,,,
1374329,tt33808098,,CycleMahesh,CYCLEमहेश,2024-11-14,61,Documentary|Drama,0.0,0,IN,,,,
1252455,tt31514262,Q127375342,Wild Wild Punjab,वाइल्ड वाइल्ड पंजाब,2024-07-10,111,Comedy|Adventure,6.5,27,IN,,,,
1448329,tt35052083,,The Blue Bicycle,Neeli Cycle,2024-11-12,22,Drama,0.0,0,IN,,,,
1211740,tt30320605,Q127624073,Nocturnes,Nocturnes,2024-07-25,82,Documentary,8.0,3,IN|US,,,,
1580513,tt37678305,,Gaia,Gaia,2024-12-29,0,Thriller,0.0,0,IN,,,,
967344,tt23475174,Q124532446,Sarfira,सरफिरा,2024-07-12,155,Drama,6.607,14,IN,,,,
1241592,tt27056012,Q127630083,Khel Khel Mein,खेल खेल में,2024-08-15,135,Comedy|Drama,6.038,40,IN|GB,,,,
1266109,tt28500558,Q125289290,Silence 2: The Night Owl Bar Shootout,Silence 2: The Night Owl Bar Shootout,2024-04-16,142,Thriller|Crime,6.8,8,IN,,,,
1389626,tt23752132,Q134446758,Pune Highway,Pune Highway,2024-11-23,128,Drama|Thriller,6.0,1,IN,,,,
1685831,tt29310319,,The Handbag,The Handbag,2024-06-20,15,Drama,10.0,1,IN,,,,
1086725,tt34513232,,Tees,Tees,2024-11-07,142,Drama|Science Fiction,0.0,0,IN,,,,
984101,tt24517830,Q126595873,Bad Newz,बैड न्यूज़,2024-07-19,140,Comedy|Romance|Drama,4.734,32,IN,,,,
1263031,tt27866861,Q130646747,I Want to Talk,I Want to Talk,2024-11-21,123,Drama|Family,7.0,8,IN,,,,
1093971,tt23790740,Q124369136,Srikanth,श्रीकांत - आ रहा है सबकी आँखें खोलने,2024-05-10,134,Drama,7.516,32,IN,,,,
901315,tt16227342,Q125372920,Mr. & Mrs. Mahi,मिस्टर एंड मिसेज माही,2024-05-31,139,Drama|Romance,5.889,18,IN,,,,
1317911,tt31115432,Q127566781,Bloody Ishq,ब्लडी इश्क,2024-07-26,138,Horror|Drama,7.5,2,IN,,,,
1272714,tt21397220,Q125703026,A SON OF HIMALAYA,A SON OF HIMALAYA,2024-06-11,40,Documentary,0.0,0,,,,,
1304039,tt32370994,Q128787367,Malhar,Malhar,2024-06-20,0,Drama,0.0,0,,,,,
1213906,tt30889755,Q124693553,The Sabarmati Report,द साबरमती रिपोर्ट,2024-11-14,123,Drama|Thriller|Crime,5.636,11,IN,,,,
918785,tt28023902,Q138583041,Jab Khuli Kitaab,जब खुली किताब,2024-11-26,115,Comedy|Drama|Family,10.0,1,IN,,,,
1340951,,,Trump Card,Trump Card,2024-10-12,6,Drama|Crime|Thriller,0.0,0,,,,,
1229078,tt15181064,Q120414927,Kakuda,ककूड़ा,2024-07-12,117,Comedy|Horror,5.714,7,IN,,,,
1325559,tt31146224,,Mic Drop,Mic Drop,2024-11-07,27,Documentary,0.0,0,IN,,,,
1675879,tt35135669,,Nails,Nails,2024-12-12,15,,0.0,0,,,,,
1274100,tt32110139,,U=Me,U=Me,2024-04-11,28,Drama,0.0,0,IN,,,,
1337163,,,Pari,Pari,2024-05-07,30,,0.0,0,,,,,
1252467,tt27139868,Q135294173,Yo Yo Honey Singh: Famous,Yo Yo Honey Singh: Famous,2024-12-20,80,Documentary|Drama|Music,5.6,5,IN,,,,
1262530,tt31897917,Q131956867,The Mehta Boys,द मेहता बॉयज,2024-09-20,116,Comedy|Drama|Family,6.778,18,IN,,,,
1083590,tt26659814,Q126285104,Auron Mein Kahan Dum Tha,औरों में कहां दम था,2024-08-02,145,Romance|Drama|Action,5.3,11,IN,,,,
1277154,,,Mirage,Mirage,2024-04-19,24,,9.0,1,IN,,,,
1408634,tt31615134,,Welcome Wedding,Welcome Wedding,2024-03-29,0,Comedy,2.0,1,,,,,
881614,tt15560952,Q129824701,Adbhut,अद्भुत,2024-09-15,120,Thriller,7.75,4,IN,,,,
1298506,tt27330732,Q126279815,Luv Ki Arrange Marriage,Luv Ki Arrange Marriage,2024-06-14,121,Comedy|Romance|Family,3.8,2,IN,,,,
901223,tt16141850,Q109669863,Tatkshan,Tatkshan,2024-04-19,0,,0.0,0,IN,,,,
797223,tt14056466,Q129815195,Yudhra,युध्रा,2024-09-20,142,Action|Thriller,4.0,5,IN,,,,
1366507,tt33576313,,The Moon,The Moon,2024-10-15,11,Drama,6.5,2,IN,,,,
1327907,tt10545214,Q127945769,Aliya Basu Gayab Hai,Aliya Basu Gayab Hai,2024-08-09,103,Crime|Mystery|Thriller,0.0,0,IN,,,,
1222306,tt23988936,,Saali Mohabbat,साली मोहब्बत,2024-11-22,108,Drama,5.333,6,IN,,,,
969173,tt19864942,Q116689545,Ae Watan Mere Watan,ऐ वतन मेरे वतन,2024-03-21,133,Drama|Thriller|History,6.3,6,IN,,,,
1171133,tt15416100,Q111019247,Visfot,विस्फोट,2024-09-06,131,Thriller|Crime,6.0,3,IN,,,,
1286808,tt32333907,,Thanks Mom,Thanks Mom,2024-05-15,23,,0.0,0,,,,,
1258022,tt31702853,Q124858115,JNU: Jahangir National University,JNU: Jahangir National University,2024-06-21,150,Drama,0.0,0,IN,,,,
1284426,,,Alfiya & Ahmed,Alfiya & Ahmed,2024-05-08,41,Drama|Comedy,0.0,0,AE,,,,
1663194,,,Naam Namak Nishan,Naam Namak Nishan,2024-08-14,400,,0.0,0,,,,,
1236545,tt31171944,Q125157665,Lantrani,लंतरानी,2024-02-09,99,Comedy|Drama,5.2,5,IN,,,,
957328,tt14753612,Q124665170,Swatantrya Veer Savarkar,स्वतंत्र वीर सावरकर,2024-03-22,176,History|Drama,6.4,12,IN,,,,
1206050,tt32607174,Q126617484,Rautu ka Raaz,रौतू का राज़,2024-06-28,135,Drama|Crime|Mystery,7.1,10,IN,,,,
1322271,tt31704663,,The UP Files,The U P Files,2024-07-26,122,Drama,0.0,0,,,,,
1564413,,,Malakavva,Malakavva,2024-12-27,20,Documentary,0.0,0,IN,,,,
863067,tt15206368,Q108470887,Dedh Bigha Zameen,डेढ़ बीघा जमीन,2024-05-31,100,Family|Drama,6.8,5,IN,,,,
1305023,,,Achaar,Achaar,2024-06-15,11,Family,0.0,0,,,,,
989880,tt28435822,Q130381556,The Signature,The Signature,2024-10-04,100,Family|Drama,6.0,1,IN,,,,
1360501,,,Lori,Lori,2024-10-19,31,Thriller|Horror|Mystery,0.0,0,IN,,,,
1460115,,,Gainfully Employed,Gainfully Employed,2024-08-15,100,Comedy,10.0,1,IN,,,,
1449797,,,Dirty Deal,Dirty Deal,2024-11-02,23,Crime|Comedy|Drama,0.0,0,IN,,,,
1419877,tt34000796,,Daddy,Daddy,2024-09-01,15,,0.0,0,,,,,
1262839,,,Uberman,Uberman,2024-02-28,80,Drama,0.0,0,,,,,
1236671,tt31100872,Q124739921,Dange,दंगे,2024-03-01,150,Action|Drama|Thriller,8.1,9,IN,,,,
1262485,tt28654369,Q125026831,Bhaiyya Ji,भैया जी,2024-05-24,135,Action|Drama,5.875,8,IN,,,,
1338324,tt27524888,,Spaces,Spaces,2024-06-25,21,Fantasy,0.0,0,IN,,,,
1414672,tt34937376,,Sadabahar,सदाबहार,2024-12-01,98,Drama,0.0,0,IN,,,,
1209645,,,Chemical India,Chemical India,2024-12-31,0,Drama,0.0,0,IN,,,,
1374689,tt26899139,Q133342172,Pyre,Pyre,2024-11-19,111,Drama,0.0,0,IN,,,,
1303277,,,Plum Cake,Plum Cake,2024-06-13,12,Drama|Family,0.0,0,IN,,,,
1356246,tt33543152,,Beinteha,Beinteha,2024-09-13,32,Drama,0.0,0,IN,,,,
1611186,,,Dil Dosti Dilemma,Dil Dosti Dilemma,2024-04-25,285,,0.0,0,IN,,,,
1399165,,,Silent Cycle,Silent Cycle,2024-09-19,21,Drama,0.0,0,,,,,
1248965,tt27940442,Q126478688,Blackout,Blackout,2024-06-07,116,Comedy|Thriller,5.917,12,IN,,,,
1234075,tt30990682,,2bhk,2bhk,2024-01-20,29,Drama|Comedy,0.0,0,IN,,,,
1373129,tt27252585,Q130383567,Aayushmati Geeta Matric Pass,Aayushmati Geeta Matric Pass,2024-10-18,140,Drama,0.0,0,IN,,,,
1274217,tt30783769,Q125470463,Kaam Chalu Hai,Kaam Chalu Hai,2024-04-19,82,Drama,5.333,3,IN,,,,
1069910,tt15260176,Q131303345,Despatch,Despatch,2024-10-19,151,Drama|Thriller,4.429,7,IN,,,,
1378729,,,Home,Ghar Aangan,2024-11-07,11,Animation,0.0,0,IN,,,,
807222,tt13070226,Q130288810,"Love, Sitara","लव, सितारा",2024-09-27,106,Drama|Romance,4.7,7,IN,,,,
1377079,tt33513689,,Skyward,Gagan Gaman,2024-10-21,30,,0.0,0,IN,,,,
1230333,,,Jhumri Talayian,Jhumri Talayian,2024-01-01,47,Thriller|Horror,0.0,0,IN,,,,
1320404,tt27208639,Q130236373,Ek Kori Prem Katha,Ek Kori Prem Katha,2024-04-05,129,Drama,0.0,0,,,,,
1407977,tt32424212,,The Zebras,The Zebras: Dark Start,2024-12-30,165,Drama,1.0,1,IN,,,,
1395184,,,Kabzaa,Kabzaa,2024-11-29,25,Documentary,10.0,1,IN,,,,
951015,tt15576290,Q124304410,Do Aur Do Pyaar,दो और दो प्यार,2024-04-19,139,Romance|Comedy|Drama,5.333,6,IN,,,,
1225803,tt30577309,,Troy the Bharat Putra,भारत पुत्र को ट्रॉय करें,2024-07-26,127,Adventure|Drama|Family,0.0,0,IN,,,,
1052381,tt13562602,Q131033161,Naam,Naam,2024-11-22,0,Mystery,4.0,1,IN,,,,
1389152,tt27620861,Q131831430,Hisaab Barabar,Hisaab Barabar,2024-11-26,112,Drama|Thriller|Comedy,4.909,11,IN,,,,
1264800,tt32308617,Q126077205,Savi,सावी,2024-05-31,123,Action|Thriller,6.9,23,IN,,,,
1593506,tt37741140,,Chaukhat,Chaukhat,2024-03-08,18,Family|Drama,0.0,0,,,,,
1458588,tt32889356,,"A Night, After All",Shaam hi toh hai,2024-08-25,15,Drama,0.0,0,IN,,,,
1397755,,,Chirag Panjwani: Meri Pehli Shaadi,Chirag Panjwani: Meri Pehli Shaadi,2024-11-15,73,Comedy,6.0,1,IN,,,,
1414280,tt35484972,,The Prince of Jhansi,झाँसी का राजकुमार,2024-08-18,92,Comedy|Drama,0.0,0,IN,,,,
1169534,tt28221135,Q123749605,Bastar: The Naxal Story,बस्तर: द नक्सल स्टोरी,2024-03-15,119,Action|Crime|Drama|War,6.3,6,IN,,,,
1371030,tt29120307,Q131303346,Vanvaas,वनवास,2024-12-20,160,Drama,7.0,5,IN,,,,
1362595,tt33754645,,CHHAT,CHHAT,2024-10-21,5,Romance,0.0,0,IN,,,,
1315021,tt27116571,Q130412404,Amar Prem Ki Prem Kahani,अमर प्रेम की प्रेम कहानी,2024-10-04,118,Romance|Comedy|Drama,5.5,2,IN,,,,
1211427,tt12592846,Q139997568,Until I Fly,Until I Fly,2024-03-10,90,Documentary,8.0,1,FR|GB,,,,
1030224,tt22170828,Q116214085,A Place of Our Own,एक जगह अपनी,2024-01-12,88,Drama,0.0,0,IN,,,,
1298000,tt32468179,,Kaleidoscope,Kaleidoscope,2024-05-26,4,Horror,0.0,0,,,,,
1064356,tt24973142,Q124412409,All India Rank,अखिल भारतीय रैंक,2024-02-23,101,Drama|Comedy,6.75,10,IN,,,,
1291909,tt31943592,Q125536141,Kartam Bhugtam,Kartam Bhugtam,2024-05-17,0,,0.0,0,IN,,,,
1309546,,,Khidki,Khidki,2024-06-01,16,Drama,0.0,0,IN,,,,
1251968,tt15458936,Q124714427,Dukaan,Dukaan,2024-04-05,122,Drama,5.0,1,IN,,,,
1279012,tt31236745,Q131581544,Kuch Sapney Apne,Kuch Sapney Apne,2024-12-07,120,Romance|Drama,0.0,0,,,,,
1550098,,,At the margins,At the margins,2024-12-31,20,Documentary|Drama,0.0,0,IN,,,,
1224231,tt29298252,Q125149907,Dashmi,दशमी,2024-02-16,0,Drama|Thriller,0.0,0,IN,,,,
1274193,,,The Tour,Pravas,2024-04-19,95,Drama,0.0,0,IN,,,,
1376020,tt34265723,,Forbidden Love,Forbidden Love,2024-10-24,101,Drama,0.0,0,IN,,,,
1245244,tt31307868,,Scammy Boys,Scammy Boys,2024-02-16,0,Thriller|Action,3.0,1,,,,,
1131851,tt30893648,Q129905515,The Diary of West Bengal,দ্য ডায়েরি অব ওয়েস্ট বেঙ্গল,2024-08-30,135,Crime|Drama,0.0,0,IN,,,,
1238560,tt31110331,,Ajab Gajab Dhamal,अजब गजब धमाल मूवी,2024-01-30,141,Action|Comedy,1.0,1,IN,,,,
1032706,tt22543124,Q124555611,Kuch Khattaa Ho Jaay,कुछ खट्टा हो जाए,2024-02-16,125,Comedy|Drama,3.0,2,IN,,,,
1409979,tt35185670,,Kisko Tha Pata,Kisko Tha Pata,2024-12-25,139,Drama|Romance,3.0,1,IN,,,,
942561,tt21836384,Q111213921,Ghudchadi,घुड़चढ़ी,2024-08-09,114,Drama|Romance,2.0,2,IN,,,,
1275507,tt32278285,,Jal Tu Jalaal Tu,Jal Tu Jalaal Tu,2024-04-18,30,,0.0,0,IN,,,,
1178521,tt18764974,,Fire of Love: RED,Fire of Love: RED,2024-01-05,108,Thriller|Mystery,0.0,0,IN,,,,
1360109,tt33099369,,The Legend of Sudarshan Chakra,The Legend of Sudarshan Chakra,2024-11-15,2,History,0.0,0,,,,,
1297049,tt29114624,Q122642767,Chhota Bheem and the Curse of Damyaan,छोटा भीम और दम्यान का श्राप,2024-05-31,145,Action|Adventure|Fantasy|Comedy|Family,0.0,0,IN,,,,
1341476,tt20452454,Q130362806,Binny and Family,Binny and Family,2024-09-27,126,Comedy|Drama|Family,3.0,1,IN|GB,,,,
1376168,,,Dabbo,Dabbo,2024-10-28,14,,0.0,0,,,,,
1735346,tt32218357,,The Silent Prayer,The Silent Prayer,2024-03-22,53,Drama,0.0,0,IN,,,,
1316723,tt32897361,,Jamoora,जमूरा,2024-10-11,90,Documentary|Drama,0.0,0,IN,,,,
1249641,,,Struggler,संघर्षशील,2024-02-24,0,Documentary,0.0,0,IN,,,,
1712125,tt32765621,,Sipahi,Sipahi,2024-06-25,62,,0.0,0,,,,,
1238067,tt31229144,,Zehan,Zehan,2024-02-01,112,Crime|Thriller,0.0,0,,,,,
1257074,tt23709962,Q125213964,Patna Shuklla,पटना शुक्ला,2024-03-29,125,Drama,6.889,9,IN,,,,
1223371,tt27866501,Q119362769,Accident or Conspiracy: Godhra,गोधरा,2024-07-19,132,History|Crime|Drama|Thriller,5.667,3,IN,,,,
1286006,,,Desh Ke Gaddar,Desh Ke Gaddar,2024-05-03,0,Drama,0.0,0,,,,,
1277152,,,Óbur,Óbur,2024-04-18,24,Drama,10.0,1,IN,,,,
1231008,tt22022102,,Pinky and Papa,Pinky Aur Papa,2024-02-02,16,Drama,0.0,0,,,,,
1325547,tt33069966,,P for Paparazzi,P for Paparazzi,2024-11-07,26,Documentary,0.0,0,,,,,
1062522,tt23186222,,In the Belly of a Tiger,In the Belly of a Tiger,2024-02-18,91,Drama|Horror,7.0,1,CN|FR|IN|ID|TW|US,,,,
825685,tt7624920,Q106106609,No Means No,No Means No,2024-03-22,165,Romance|Drama|Thriller,0.0,0,IN|PL,,,,
1265977,tt31939497,Q125473169,Woh Bhi Din The,वो भी दिन थे,2024-03-29,126,Comedy|Drama,4.0,3,IN,,,,
1219902,tt13854200,,Return Ticket,वापसी का टिकिट,2024-06-05,0,Drama|Thriller,5.6,9,IN,,,,
1086726,tt14398312,Q120824303,"LSD 2: Love, Sex aur Dhokha 2","एलएसडी 2: लव, सेक्स और धोखा 2",2024-04-19,119,Drama|Comedy|Crime,5.9,6,IN,,,,
1361765,tt33480140,,Sightless Skins,Sightless Skins,2024-04-08,24,,0.0,0,,,,,
982159,tt20202992,Q125157673,Fairy Folk,Fairy Folk,2024-03-01,100,Comedy|Fantasy,10.0,1,IN,,,,
1365609,tt32134742,Q133871353,Zero Se Restart,Zero Se Restart,2024-12-13,88,Documentary,0.0,0,IN,,,,
1519701,,,B25,B25,2024-12-01,33,,0.0,0,,,,,
1378043,tt33751282,,Ballad of the Mountain,Ballad of the Mountain,2024-11-07,17,Drama,0.0,0,IN,,,,
1477520,,,Langur,Langur,2024-02-26,8,Comedy,8.0,1,IN,,,,
1170784,tt15484752,,Qaid: No Wayyy Out,Qaid: No Wayyy Out,2024-02-23,151,Thriller,0.0,0,GB,,,,
1187928,tt21606552,,Places I've Called My Own,Places I've Called My Own,2024-09-02,28,Drama,0.0,0,FR|IN,,,,
1436801,tt35545711,,The Taste of It,The Taste of It,2024-09-21,18,Drama,0.0,0,AE,,,,
1243118,tt28684462,Q124978950,Kaagaz 2,कागज़ 2,2024-03-01,125,Drama,6.0,3,IN,,,,
1286718,tt32352085,,Chitthi,Chitthi,2024-05-15,10,,0.0,0,,,,,
1080808,tt20854856,,Ishq Vishk Rebound,Ishq Vishk Rebound,2024-06-21,106,Romance|Drama|Comedy,3.0,3,IN,,,,
1066714,tt25134642,Q116158209,Main Atal Hoon,मैं अटल हूँ,2024-01-18,137,Drama,5.8,71,IN,,,,
812834,tt13905616,,My Mother's Girlfriend,My Mother's Girlfriend,2024-03-09,15,Drama|Romance,6.1,5,IN,,,,
1059268,tt21159080,Q131101351,Khwaabon Ka Jhamela,ख्वाबों का झमेला,2024-11-08,120,Drama|Romance|Comedy,3.2,2,IN|GB,,,,
1373946,,,Namak,Namak,2024-10-10,20,,0.0,0,,,,,
1341605,,,Sleeplessness,Sleeplessness,2024-01-19,5,,0.0,0,,,,,
1275358,tt32338945,Q141223177,In Retreat,بے قیام,2024-05-18,74,Drama,0.0,0,FR|IN,,,,
1224360,tt21357600,Q134309008,Bombay,बॉम्बे,2024-02-23,135,Crime|Drama|Thriller,0.0,0,IN,,,,
1341543,,,Uss Raat,Uss Raat,2024-03-27,11,Crime|Thriller,10.0,1,IN,,,,
1365005,tt33482897,,Colourrs of Love,Colourrs of Love,2024-10-04,0,Romance|Drama,0.0,0,,,,,
1181982,tt28094085,Q125417898,Luv You Shankar,लव यू शंकर,2024-04-19,117,Animation|Family|Fantasy,0.0,0,IN,,,,
1431112,tt35671262,,Lost in Teleportation,Lost in Teleportation,2024-06-16,15,Science Fiction,0.0,0,,,,,
1380003,tt13106208,,Body,Body,2024-12-14,142,Drama,0.0,0,IN,,,,
1268119,tt31702328,Q125491234,Bengal 1947,Bengal 1947,2024-03-29,127,,0.0,0,,,,,
1774321,tt31118437,Q140367237,Mann Behka,Mann Behka,2024-01-28,77,Drama|Romance|Comedy,0.0,0,,,,,
1556396,tt28282341,,What a Kismat,What a Kismat,2024-03-22,107,,0.0,0,,,,,
1270452,,,Planchette,Planchette,2024-12-27,81,Horror|Mystery,0.0,0,IN,,,,
955593,tt28102362,Q136083467,The Umesh Chronicles,The Umesh Chronicles,2024-06-02,134,Drama,0.0,0,IN,,,,
1398696,tt15779158,,One Last Time,One Last Time,2024-04-07,82,Drama,6.0,1,IN,,,,
1371763,tt33246678,Q130732621,The Miranda Brothers,The Miranda Brothers,2024-10-25,100,Drama,6.0,1,IN,,,,
1296736,tt32481179,Q126769133,House of Lies,House of Lies,2024-05-31,82,Mystery|Drama|Crime,0.0,0,IN,,,,
1354920,tt28356014,Q130326249,Jo Tera Hai Woh Mera Hai,जो तेरा है वो मेरा है,2024-09-20,102,Comedy|Drama,6.5,2,IN,,,,
1232520,tt30831880,,Sour Candy,अनार दाना,2024-02-20,20,Drama,0.0,0,IN,,,,
1229008,tt28458549,,Ahmiyat,Ahmiyat,2024-03-21,0,,0.0,0,,,,,
1287853,tt32362239,,Dead Dead Full Dead,Dead Dead Full Dead,2024-07-28,110,Crime|Comedy,0.0,0,IN,,,,
1498734,tt32392458,,Whiskey Sour,Whiskey Sour,2024-07-03,17,,0.0,0,,,,,
753522,tt13288022,Q104880249,Tera Kya Hoga Lovely,तेरा क्या होगा लवली,2024-03-08,120,Family|Comedy|Romance,4.778,9,IN|US,,,,
1379874,tt38080084,,Chaar Phool Hain Aur Duniya Hai,चार फूल हैं और दुनिया है,2024-11-07,55,Documentary,10.0,1,IN,,,,
1378237,tt33758019,,The Slow Train,The Slow Train,2024-10-21,5,,0.0,0,IN,,,,
1248457,tt34869601,,OutHouse,OutHouse,2024-12-20,96,Drama|Romance,6.0,1,IN,,,,
1351028,tt33492260,,A Fly on the Wall,ए फ्लाई ऑन द वॉल,2024-10-04,82,Documentary,0.0,0,IN,,,,
1233994,tt27613094,Q124285696,Six Nine Five,Six Nine Five,2024-01-18,137,Adventure|History|Drama,5.5,2,,,,,
1143431,tt15446834,Q122198271,Aseq,असेक,2024-06-22,107,Horror|Drama,0.0,0,IN,,,,
1281735,tt33575075,,Rhythm of a Flower,फूल का छन्द,2024-10-20,82,Animation|Music|History,0.0,0,IN,,,,
1323884,,,Preparing For The End Of The World,Preparing For The End Of The World,2024-08-03,90,Documentary|Drama,0.0,0,IN,,,,
1373996,tt14180214,,Rahul Dua: Oh Hello!,Rahul Dua: Oh Hello!,2024-10-04,51,Comedy,8.0,1,IN,,,,
1375685,tt33581282,,Tracker,ताक,2024-10-22,40,Drama,9.0,1,IN,,,,
1266033,tt13675862,,IRaH,आइरा,2024-04-05,0,Thriller,0.0,0,IN|GB,,,,
970390,,,Inverse,Inverse,2024-12-29,182,Science Fiction|Mystery|Fantasy,0.0,0,,,,,
1233350,tt30968510,,The Girl Who Lived in the Loo,The Girl Who Lived in the Loo,2024-02-20,12,Animation,0.0,0,IN,,,,
1309663,,,Madhur Virli: The IIT Dream,Madhur Virli: The IIT Dream,2024-06-09,72,Comedy,7.0,1,IN,,,,
1365050,tt28960478,,Nirahua Hindustani 4,निरहुआ हिंदुस्तानी 4 के बा,2024-08-15,0,Action|Romance|Comedy,4.0,1,IN,,,,
1219660,tt13378294,,Anubhuti,अनुभूति,2024-01-25,96,Music|Drama,0.0,0,IN,,,,
1482290,tt36553706,,Fifth Paratha,पांचवाँ पराठा,2024-05-17,24,Drama,0.0,0,,,,,
1372069,tt33745877,Q139694408,Go Noni Go,Go Noni Go,2024-10-23,114,Comedy|Romance|Drama,0.0,0,IN,,,,
1364187,,,The Purple Ring In The Mixed Fruit Jam,The Purple Ring In The Mixed Fruit Jam,2024-10-01,13,Comedy|Mystery,0.0,0,,,,,
1336138,tt33095240,Q129773104,Tikdam,तिकड़म,2024-08-23,118,Drama,8.0,1,IN,,,,
1241707,tt27055645,Q130737191,Mirg,मिर्ग,2024-02-09,83,Crime|Action|Comedy,0.0,0,IN,,,,
1272205,tt32064133,,TGB's Prayash,TGB's Prayash,2024-04-10,33,Drama|Family,10.0,1,IN,,,,
1545323,tt31794970,,Me and You,Me and You,2024-12-05,0,Romance|Adventure,0.0,0,IN,,,,
1319126,tt15378102,Q128904160,Chalti Rahe Zindagi,चलती रहे जिंदगी,2024-07-26,104,Drama,7.0,1,IN,,,,
1298015,tt32461320,,The Loose Noose,The Loose Noose,2024-05-26,13,Drama,0.0,0,,,,,
1320886,tt32843375,,Pyaar Ishq aur Possession,Pyaar Ishq aur Possession,2024-07-11,126,Drama,1.0,1,,,,,
1301258,tt26885613,Q125844601,Hamare Baarah,हमारे बारह,2024-06-21,148,Drama,0.0,0,IN,,,,
1704851,,,The Orchard and the Pardes,Bageecha aur Pardes,2024-01-27,98,Documentary,7.0,1,IO,,,,
1322634,,,Prisoner No. 626710 is present,Kaidi No. 626710 Haazir Hai,2024-09-13,60,Documentary,10.0,1,,,,,
1275462,tt18926478,,Irani Chai,ईरानी चाय,2024-12-14,140,Drama|Thriller,0.0,0,IN,,,,
1323151,,,Aakash & Prakash Mehta: Dark,Aakash & Prakash Mehta: Dark,2024-08-02,115,Comedy,6.0,1,IN,,,,
1324477,,,The Free Market - The Dark Side of Indian Start-Up Ecosystem,The Free Market,2024-08-01,90,Documentary,0.0,0,IN,,,,
1246887,tt30018040,Q124658878,Political War,Political War,2024-02-23,125,Drama,0.0,0,IN,,,,
1340979,,,Reporting Live From Vilaspuri,Reporting Live From Vilaspuri,2024-08-03,28,Crime|Thriller,10.0,2,IN,,,,
1292128,,,Culture Vulture,Culture Vulture,2024-05-16,109,Comedy,5.0,1,IN,,,,
1363915,tt33333953,,Krispy Rishtey,Krispy Rishtey,2024-10-18,134,Romance|Drama,0.0,0,IN,,,,
1378037,,,Lovely & Tip Top,Lovely & Tip Top,2024-11-07,31,Drama,0.0,0,IN,,,,
1507663,tt33480296,,Liberation,Rihaayi,2024-08-08,40,Drama|Romance,0.0,0,IN,,,,
1313497,tt27689950,Q130164723,A Wedding Story,A Wedding Story,2024-08-30,110,Horror,4.0,1,IN,,,,
1231925,tt23864668,,Mahadev Ka Gorakhpur,महादेव का गोरखपुर,2024-03-29,127,Action|Thriller,2.0,2,IN,,,,
1564135,,,The First Step,The First Step,2024-10-10,7,Thriller,0.0,0,,,,,
1623962,,,The Nomad’s Land - Van Gujjars,The Nomad’s Land - Van Gujjars,2024-01-24,12,Documentary,0.0,0,IN,,,,
1598197,tt35929577,,Peace of Music,Peace of Music,2024-12-04,1,Music,0.0,0,,,,,
1216872,tt29310746,Q125849482,Kooki,Kooki,2024-06-28,116,Drama,0.0,0,,,,,
1299723,tt9624498,Q126327869,Bajrang Aur Ali,Bajrang Aur Ali,2024-06-07,121,Drama,0.0,0,IN,,,,
1286981,tt14088270,,Gadera,Gadera,2024-05-10,108,Drama|History|Thriller,0.0,0,,,,,
1400562,tt31064317,Q131453340,Fear,Fear,2024-12-14,115,,6.0,0,,,,,
1275329,,,Delhi minus Umar Khalid,दिल्ली माइनस उमर ख़ालिद,2024-03-02,27,Documentary,10.0,1,,,,,
1279230,tt31541545,,Kitty Kelly's Diwali,Kitty Kelly Ki Diwali,2024-05-18,52,,0.0,0,,,,,
1356250,tt33297816,,Gadong,Gadong,2024-04-11,81,,0.0,0,,,,,
1183237,tt29003007,,Prachand,प्रचंड,2024-11-11,0,Thriller,0.0,0,IN,,,,
1359347,tt33483894,,Maaya Ka Moh,Maaya Ka Moh,2024-09-19,100,Drama,0.0,0,,,,,
1253070,tt19813764,Q124569066,Gin Ke Dus,गिन के दस,2024-03-15,0,Thriller,10.0,1,,,,,
1307694,,,Umar Khalid : From the Eyes of His Loved Ones,Umar Khalid : From the Eyes of His Loved Ones,2024-04-30,54,Documentary,7.0,1,,,,,
1215951,tt27649767,,Diamond Singh Aam Aadmi,हीरा सिंह आम आदमी,2024-01-14,162,Drama|Family,6.5,2,IN,,,,
1196392,tt29791529,,Bobby Beauty Parlour,Bobby Beauty Parlour,2024-06-30,18,Drama,0.0,0,IN,,,,
1414609,tt35305733,,Zabt,Zabt,2024-12-13,115,Drama|Thriller,3.0,1,IN,,,,
1208588,tt29666630,,Kadhale Kadhale,Kadhale Kadhale,2024-02-14,0,Drama|Romance,0.0,0,IN,,,,
1207042,tt29330191,,A Boy Who Dreamt of Electricity,A Boy Who Dreamt of Electricity,2024-10-07,74,Drama,0.0,0,,,,,
1477547,,,Shaadi aur Election,Shaadi aur Election,2024-06-12,10,Comedy,8.0,1,IN,,,,
1286731,tt30522843,,Night Queen,Night Queen,2024-05-15,29,,0.0,0,,,,,
1495499,,,Before We Heal,Before We Heal,2024-09-13,5,Drama,0.0,0,IN,,,,
1324230,,,Kevin Zingkhai: 404 Error No Love Found!,Kevin Zingkhai: 404 Error No Love Found!,2024-07-21,40,Comedy,1.0,1,IN,,,,
1272489,tt30889608,Q124422250,Gauraiya Live,गौरैया लाइव,2024-04-12,111,Drama,0.0,0,IN,,,,
1426794,,,In This Life,In This Life,2024-10-25,24,Romance|Drama,0.0,0,IN,,,,
1338399,,,The Abyss of shadows,The Abyss of shadows,2024-09-10,5,Drama|Mystery,9.0,3,IN,,,,
1365994,tt16737190,Q115517953,Bal Naren,Bal Naren,2024-09-20,93,Drama,0.0,0,IN,,,,
1440529,tt35149242,,Case 19: Vichchhiya,Case 19: Vichchhiya,2024-12-25,51,Horror|Mystery,0.0,0,IN,,,,
1252502,tt27627949,,Unlocked,Riha,2024-08-08,29,Drama,0.0,0,IN,,,,
1218528,tt11495838,Q96407852,Tauba Tera Jalwa,तौबा तेरा जलवा,2024-01-05,0,Romance|Thriller,0.0,0,IN,,,,
933290,tt18079046,,Bardovi,बारडोवी,2024-08-02,117,Horror|Drama|Thriller,4.0,1,IN,,,,
1221191,tt33529930,Q130642124,Bandaa Singh Chaudhary,बंदा सिंह चौधरी,2024-10-25,0,Action|Thriller,0.0,0,IN,,,,
1367294,,,Smritibrikkho: The Pursuit of Memories,Smritibrikkho: The Pursuit of Memories,2024-10-04,27,,0.0,0,,,,,
1282423,tt30981523,,Jinn Chapter 1,Jinn Chapter 1,2024-01-05,46,Horror,0.0,0,IN,,,,
1259977,,,Parchai,Parchai,2024-03-16,2,Drama,0.0,0,IN,,,,
1323178,tt33052572,,Namastey Sir,Namastey Sir,2024-07-28,38,Comedy|Drama,0.0,0,IN,,,,
1377437,,,Last Night in Kolaba,Kal Raat Kolaba Mein,2024-11-07,15,Drama|Crime,0.0,0,IN,,,,
1680573,tt31567057,,Chhota Bheem - The Story of Dholakpur,Chhota Bheem Dholakpur Ki Dastaan,2024-03-03,65,,0.0,0,IN,,,,
1346714,tt33450429,,Sad Letters of an Imaginary Woman,एक काल्पनिक औरत के उदास ख़त,2024-10-04,80,Drama,0.0,0,IN,,,,
1241219,tt31024654,Q124340421,Aakhir Palaayan Kab Tak..?,आख़िर पलायन कब तक..?,2024-02-16,0,Crime|Drama|Thriller,0.0,0,IN,,,,
1409666,,,Fear and Furniture,Fear and Furniture,2024-12-18,7,Thriller|Drama,0.0,0,,,,,
1264497,,,I Think I've Killed Someone,I Think I've Killed Someone,2024-03-24,29,Mystery|Thriller,0.0,0,IN,,,,
1378018,,,Hot Takes ep 1,Hot Takes ep 1,2024-09-13,27,Comedy,10.0,1,,,,,
1525025,tt32606791,,A Stranger by the Hill,A Stranger by the Hill,2024-06-21,100,Thriller,0.0,0,IN,,,,
1082334,tt31495418,,India’s 1st Best Trans Model Agency,India’s 1st Best Trans Model Agency,2024-11-13,88,Documentary,0.0,0,,,,,
1257653,tt12797274,,Gabru Gang,Gabru Gang,2024-04-26,183,Drama|Music|Family,0.0,0,,,,,
1240042,,,Country's Funeral,Desh Ka Shraddh,2024-02-05,2,Drama,0.0,0,,,,,
1374944,tt33558791,,समझौता,Settlement,2024-10-18,0,Drama,0.0,0,,,,,
1400148,,,Pranit More: DO VEGANS GIVE BLO*JOB?,Pranit More: DO VEGANS GIVE BLO*JOB?,2024-10-25,51,Comedy,7.0,1,IN,,,,
1654149,,,Nazar,Nazar,2024-12-27,22,Drama,0.0,0,IN,,,,
1310553,,,Qaid,Qaid,2024-07-02,25,Drama,0.0,0,,,,,
1399247,tt28962154,,Band of Maharajas,Band of Maharajas,2024-01-01,124,Drama|Music,0.0,0,IN,,,,
1478020,tt29560492,,End of 14 Days,End of 14 Days,2024-01-01,15,,0.0,0,,,,,
1275869,tt32084319,,The Alliance: Chapter One - Operation Metamorphosis,The Alliance: Chapter One - Operation Metamorphosis,2024-05-31,31,Action|Thriller,0.0,0,IN,,,,
1307658,,,Railway pe Line,Railway pe Line,2024-06-16,6,Romance|Comedy,5.0,1,,,,,
1380466,tt34222938,,Motu Patlu & The Rise of Zombies,Motu Patlu & The Rise of Zombies,2024-10-31,74,,4.0,1,,,,,
1396537,tt34736892,,Choices,Choices,2024-11-29,0,Drama|Romance,0.0,0,IN,,,,
1493423,tt31612810,,The Lost Girl,The Lost Girl,2024-04-05,142,Drama,0.0,0,,,,,
1224346,tt10579986,,Mom's Coming,माँ आ रही है,2024-11-24,122,Drama|Horror|Thriller,0.0,0,IN,,,,
1729868,,,Sindoor,Sindoor,2024-06-13,13,Drama|Romance,0.0,0,,,,,
1337569,tt32809527,,Zorawar Di Jacqueline,Zorawar Di Jacqueline,2024-08-16,157,Adventure|Comedy|Drama,0.0,0,,,,,
1276947,,,Darkness of Summer,Kodai irul,2024-04-20,84,Drama,0.0,0,IN,,,,
1618826,tt32611436,,Maatitel,Maatitel,2024-06-10,8,Animation,0.0,0,IN,,,,
1378255,tt33756117,,I Was Painted Red,I Was Painted Red,2024-10-21,5,,0.0,0,,,,,
1206172,,,The Light,The Light,2024-02-03,105,Drama|Animation,0.0,0,IN,,,,
1729857,,,SHIV | A 51hr experiment,SHIV | A 51hr experiment,2024-11-01,7,Drama,0.0,0,,,,,
1312056,,,How to become famous online,How to become famous online,2024-07-05,53,Comedy|Drama|Horror|Thriller,9.5,2,,,,,
1412640,,,Flame of the forest,Flame of the forest,2024-07-01,30,Documentary|Music,10.0,1,IN,,,,
1388377,,,Oxygen,Oxygen,2024-11-15,80,Drama|Crime,10.0,1,IN,,,,
1327841,tt33051930,,Tedi Medi,Tedi Medi,2024-08-09,28,Drama,0.0,0,IN,,,,
1234975,tt31024136,,Unknown PART - 1,Unknown PART - 1,2024-01-01,9,Thriller|Mystery,0.0,0,,,,,
1275743,tt32127401,,Rama Ayodhya,Rama Ayodhya,2024-01-14,94,,0.0,0,,,,,
1449590,tt35223475,,Daitya,Daitya,2024-10-25,0,,0.0,0,,,,,
1447042,,,THE LAST DAYS: LIFE'S FINAL MOMENTS,THE LAST DAYS: LIFE'S FINAL MOMENTS,2024-05-19,0,,0.0,0,,,,,
1341616,tt27899596,,Imamdasta,Imamdasta,2024-02-16,143,Drama,0.0,0,,,,,
1236783,,,Celestina and Lawrence,Celestina and Lawrence,2024-01-26,112,,0.0,0,,,,,
1352976,tt32553255,,जानु जांलेवा,Jaanu Jaanlewa (2024) AltBalaji Original,2024-06-09,22,Drama|Romance,0.0,0,,,,,
1263654,,,Meet My Soulmate Dia,Meet My Soulmate Dia,2024-02-18,2,Science Fiction|Romance,0.0,0,IN,,,,
1279015,tt32333612,,Dear Sahithya,Dear Sahithya,2024-02-20,22,,10.0,1,,,,,
1354364,,,Phas Gaya Sisyphus,फ़स गया Sisyphus,2024-08-31,17,Thriller|Fantasy,0.0,0,IN,,,,
1315206,,,Echo - The Sound Of Silence,Echo - The Sound Of Silence,2024-07-05,6,Drama|Horror,0.0,0,IN,,,,
1404067,,,Just a Writer,Just a Writer,2024-12-17,3,Thriller|Science Fiction,6.0,1,IN,,,,
1373979,,,Amar Dies Today,Amar Dies Today,2024-10-10,26,,0.0,0,,,,,
1274192,,,Life's First Lessons,Kuhipath,2024-04-19,98,Drama,0.0,0,IN,,,,
1400050,,,Mohit Morani: Homecoming,Mohit Morani: Homecoming,2024-10-19,65,Comedy,3.0,1,IN,,,,
1235027,,,Disorder,Disorder,2024-01-14,28,,0.0,0,,,,,
1274324,,,Wild Flower Garland,Katu pootha malay,2024-04-19,71,Drama,0.0,0,IN,,,,
1388012,,,Queens of Vikretamandi,Queens of Vikretamandi,2024-11-16,8,Documentary|Drama,0.0,0,IN,,,,
1237897,tt29865914,,Memoirs of My Camera,Memoirs of My Camera,2024-01-01,25,,0.0,0,,,,,
1518779,,,The thirst for a goal,Pyaasi Manzil,2024-02-23,74,Horror|Comedy,0.0,0,,,,,
1367296,,,Hello Kitty,Hello Kitty,2024-10-06,8,,0.0,0,,,,,
1285290,,,Rental,Rental,2024-03-26,25,Drama|Crime,0.0,0,IN,,,,
1528611,,,Maven,Maven,2024-06-21,0,Crime|Mystery|Thriller|Drama,10.0,1,IN,,,,
1316683,,,The Passengers,The Passengers,2024-02-18,13,,0.0,0,IN,,,,
1378264,,,What's in a Name?,What's in a Name? (Naam Main Kya Rakha Hain?),2024-10-21,5,,0.0,0,,,,,
1367290,tt32162708,,The Colour Yellow,The Colour Yellow,2024-10-04,27,Documentary,0.0,0,,,,,
1274953,tt32331990,,Phool Dei,Phool Dei,2024-03-27,7,Animation,0.0,0,IN,,,,
1308440,,,Rajat Chauhan: Engineering College to Corporate,Rajat Chauhan: Engineering College to Corporate,2024-05-27,44,Comedy,5.0,1,IN,,,,
1242223,tt31025578,,Ram Janmabhoomi Return Of A Splendid Sun,Ram Janmabhoomi Return Of A Splendid Sun,2024-01-01,0,,7.0,1,,,,,
1394209,,,"Pots, Pans, and Politics","Pots, Pans, and Politics",2024-11-28,41,Documentary,0.0,0,IN,,,,
1418240,tt34865836,,The Joint Operation,The Joint Operation,2024-04-04,12,Comedy,0.0,0,IN,,,,
1694554,tt34579896,,Babli by Night,Babli by Night,2024-04-25,24,,0.0,0,,,,,
1338811,tt32849862,,Hidden Battles of a Fragile Mind,Hidden Battles of a Fragile Mind,2024-07-11,0,Drama,0.0,0,,,,,
1534090,tt32452355,,The Super Husband,The Super Husband,2024-05-24,0,,0.0,0,,,,,
1400920,tt34577339,,Laal Helmet Babu,Laal Helmet Babu,2024-07-28,18,,0.0,0,,,,,
1337414,,,Survey City,सुर्वेवाले,2024-06-02,31,Documentary,0.0,0,,,,,
1292287,,,Hatheli,Hatheli,2024-05-25,0,,0.0,0,,,,,
1255604,tt27017865,,Mahashivratri: A Night With The Divine,Mahashivratri: A Night With The Divine,2024-03-08,0,,0.0,0,,,,,
1274856,,,Simulacrum,Bimbam,2024-04-20,16,Drama,0.0,0,IN,,,,
1789332,,,Mujhe Ghar Jana Hai,Mujhe Ghar Jana Hai,2024-08-02,11,Drama,0.0,0,IN,,,,
1291608,tt33014583,Q135230927,Dhurandhar,धुरंधर,2025-12-05,214,Action|Crime|Thriller,7.3,366,IN,,,,
1109086,tt27425164,Q124852530,War 2,वॉर 2,2025-08-13,173,Action|Thriller|Adventure,6.0,75,IN|ES|IT|AT,,,,
1225915,tt27843798,Q133797225,Jewel Thief - The Heist Begins,ज्वेल थीफ़ - The Heist Begins,2025-04-24,118,Action|Thriller,6.6,96,IN,,,,
1226572,tt28007064,Q127506216,Superboys of Malegaon,सुपरबॉय्ज़ ऑफ मालेगाँव,2025-02-27,128,Comedy|Drama,7.6,55,IN,,,,
1241634,tt28037987,Q135393743,Saiyaara,सैयारा,2025-07-18,150,Romance|Drama|Music,6.428,153,IN,,,,
1257960,tt31712434,Q125861557,Sikandar,सिकंदर,2025-03-29,133,Action|Drama,4.8,70,IN,,,,
1059007,tt11112532,Q85740122,Agra,Agra,2025-11-14,115,Drama,5.0,6,FR|IN,,,,
1196943,tt27922706,Q129281826,Chhaava,छावा,2025-02-14,161,History|Action|Drama,7.0,65,IN,,,,
1190511,tt27235410,Q125637377,Sitaare Zameen Par,सितारे ज़मीन पर,2025-06-20,155,Comedy|Drama,6.9,57,IN,,,,
1306845,tt32223398,Q131395445,Jaat,जाट,2025-04-10,153,Crime|Action|Thriller,6.3,36,IN,,,,
1416310,tt34336058,,The Last Ride,आख़िरी Ride,2025-07-05,23,Crime|Drama|Horror,0.0,0,IN,,,,
1196364,tt28102562,Q135906916,Thamma,थम्मा,2025-10-21,149,Horror|Comedy,6.5,58,IN,,,,
1195430,tt27852049,Q125295778,Deva,देवा,2025-01-31,155,Action|Thriller|Mystery|Crime,6.174,69,IN,,,,
1201012,tt21194868,Q132407629,Dhoom Dhaam,धूम धाम,2025-02-13,109,Comedy,7.011,88,IN,,,,
1216780,tt30422937,Q132852893,Nadaaniyan,नादानियां,2025-03-01,119,Romance|Comedy|Drama,5.9,55,IN,,,,
1227739,tt26733325,Q134486853,Homebound,Homebound,2025-09-26,122,Drama,7.75,70,IN|US|FR,,,,
1425101,tt35517755,Q139502226,I'm Not An Actor,मैं ऐक्टर नहीं हूँ,2025-11-07,122,Drama,6.0,1,IN|DE,,,,
1561969,tt29247040,Q136681363,Baramulla,बारामूला,2025-11-06,120,Horror,5.927,55,IN,,,,
1214835,tt28802657,Q126908584,De De Pyaar De 2,दे दे प्यार दे २,2025-11-13,146,Comedy|Romance|Drama,6.5,20,IN,,,,
1415974,tt37443891,Q137473408,Raat Akeli Hai - The Bansal Murders,रात अकेली है - द बंसल मर्डर्स,2025-11-27,136,Thriller|Mystery|Crime|Drama,6.1,28,IN,,,,
1227128,tt28089700,Q126918438,Raid 2,रेड २,2025-05-01,139,Crime|Drama|Thriller,6.443,61,IN,,,,
1434543,tt35727678,Q135927381,Ek Deewane Ki Deewaniyat,एक दीवाने की दीवानियत,2025-10-21,141,Romance|Drama|Thriller,5.8,22,IN,,,,
1395527,tt15464150,,Saale Aashiq,साले आशिक,2025-02-01,127,Romance|Drama,5.1,4,IN,,,,
1147546,tt26229612,Q132797538,The Diplomat,राजनयिक,2025-03-07,130,Thriller|Drama,6.532,47,IN,,,,
758923,tt6203702,Q131278913,Baaghi 4,बाघी ४,2025-09-05,156,Action|Romance|Thriller,3.5,24,IN,,,,
955496,tt27679608,Q124967588,Fateh,फ़तेह,2025-01-10,131,Action|Crime|Thriller,6.025,20,IN,,,,
1000438,tt21279420,Q115945804,Emergency,इमरजेंसी,2025-01-17,147,Drama|History|War,4.8,8,IN,,,,
1580286,tt38948631,Q138589524,Nishaanchi 2,निशांची - भाग २,2025-11-14,146,Drama|Crime,5.8,4,IN,,,,
1146210,tt9104736,Q125918989,Housefull 5,हाउसफ़ूल 5,2025-06-05,163,Comedy|Mystery|Thriller,5.108,51,IN|GB,,,,
1198208,tt29606499,Q125613310,Veera Dheera Sooran: Part 2,Veera Dheera Sooran: Part 2,2025-03-27,162,Action|Crime|Drama|Thriller,6.9,29,IN,,,,
1391013,tt33888131,Q135112481,Aap Jaisa Koi,Aap Jaisa Koi,2025-07-11,115,Romance|Comedy,6.3,29,IN,,,,
1404864,tt35076553,Q135975525,Inspector Zende,इंस्पेक्टर ज़ेंडे,2025-09-04,112,Comedy|Drama|Thriller,6.474,19,IN,,,,
1389158,tt30496762,Q134601073,Maa,माँ,2025-06-20,133,Horror,6.706,68,IN,,,,
1015981,tt27996020,Q126013443,Jolly LLB 3,Jolly LLB 3,2025-09-19,156,Drama|Comedy,6.549,51,IN,,,,
942058,tt21818782,Q123740700,Tehran,तेहरान,2025-08-14,116,Action|Thriller,6.158,19,IN,,,,
607141,tt6649234,Q133268178,Be Happy,Be Happy,2025-03-14,129,Drama|Music|Family,6.346,26,IN|US,,,,
1379877,tt26439870,Q131128597,Azaad,आज़ाद,2025-01-17,147,Drama|Action,6.154,13,IN,,,,
1311649,tt29429860,Q130460117,Son of Sardaar 2,सन ऑफ़ सरदार २,2025-08-01,145,Comedy|Drama,4.4,15,IN,,,,
1389169,,,The Confession of Mary,The Confession of Mary,2025-05-23,95,Mystery|Thriller|Drama,0.0,0,IN,,,,
1450639,tt30224483,,Karamati Paudha,Karamati Paudha,2025-01-29,19,Comedy|Fantasy|Drama,0.0,0,,,,,
1257409,tt15437986,Q125739634,The Shameless,निर्लज्ज,2025-05-14,115,Drama|Romance,6.4,6,FR|IN|CH|TW,,,,
1142921,tt28142095,Q136408439,Tere Ishk Mein,तेरे इश्क़ में,2025-11-28,169,Romance|Drama,5.36,25,IN,,,,
1143407,tt27056066,Q122909399,Sky Force,स्काई फ़ोर्स,2025-01-24,125,Action|Thriller|War|History,6.6,49,IN,,,,
1527619,tt33396471,Q141150717,Zora,Zora,2025-08-08,125,Drama|Mystery|Thriller,4.0,1,,,,,
845861,tt14418234,Q107539711,Akshardham: Operation Vajra Shakti,अक्षरधाम: ऑपरेशन वज्र शक्ति,2025-07-04,106,Action|Drama,9.25,4,IN,,,,
1213866,tt25504468,Q132156301,Loveyapa,लवयापा,2025-02-07,137,Comedy|Drama|Romance,4.9,12,IN,,,,
962851,tt18815884,Q137008749,Kaal Trighori,Kaal Trighori,2025-11-14,159,Thriller|Horror,0.0,0,IN,,,,
1367408,tt32828077,Q130460114,Aabeer Gulaal,Aabeer Gulaal,2025-09-11,133,Romance|Comedy,7.0,1,IN|GB,,,,
1481405,tt33338967,,Tara,Tara,2025-06-28,23,Romance,0.0,0,,,,,
1352528,tt27826850,Q136656938,Single Salma,सिंगल सलमा,2025-10-31,141,Comedy|Family,5.5,6,IN,,,,
1417941,tt36642456,Q136601804,Haq,हक़,2025-11-07,136,Drama,7.5,31,IN,,,,
1238164,tt30007502,Q136757570,Gustaakh Ishq,गुस्ताख इश्क़,2025-11-28,128,Romance|Drama,7.0,7,IN,,,,
1320810,tt33035197,Q130319751,Boong,Boong,2025-09-19,94,Drama,8.0,4,IN,,,Imphal (India)|Moreh (India),India
1312559,tt32832266,Q133809678,Maalik,मालिक,2025-07-11,152,Action|Thriller|Crime|Drama,5.9,17,IN,,,,
1407523,tt35146696,Q137133130,Tu Meri Main Tera Main Tera Tu Meri,तू मेरी मैं तेरा मैं तेरा तू मेरी,2025-12-24,144,Romance|Comedy,4.3,15,IN,,,,
1213777,tt13451410,Q126537613,Dhadak 2,धड़क २,2025-08-01,146,Romance|Drama,6.932,22,IN,,,,
1043887,tt23220552,Q131680641,Badass Ravi Kumar,Badass Ravi Kumar,2025-02-07,142,Action|Music|Comedy,4.8,8,IN,,,,
1054626,tt27162102,Q132774515,The Bhootnii,The Bhootnii,2025-05-01,130,Comedy|Horror|Romance,4.7,6,IN,,,,
1218602,tt23865942,Q135443295,Sarzameen,सरज़मीं,2025-07-25,137,Drama|Thriller|Action|Mystery,4.1,7,IN,,,,
1564181,tt38782916,,Soulmates,Soulmates,2025-10-17,104,Romance|Comedy|Drama,6.0,1,IN,,,,
1065426,tt24225606,Q130550614,Metro... In Dino,मेट्रो... इन दिनों,2025-07-04,159,Drama|Romance|Comedy,6.4,25,IN,,,,
1591399,tt7944312,Q137368494,The Great Shamsuddin Family,द ग्रेट शम्सुद्दीन फ़ैमिली,2025-12-12,97,Comedy|Drama|Family,7.4,5,IN,,,,
1619792,,,Bas!,Bas!,2025-12-05,1,Drama,5.0,1,,,,,
1536906,tt15568698,,Entanglement,Entanglement,2025-08-08,32,Drama|Science Fiction|Thriller,0.0,0,IN,,,,
900838,tt15416342,Q133815568,The Bengal Files,The Bengal Files,2025-09-05,205,Drama|History|Thriller,5.9,10,IN,,,,
1571782,tt38813422,Q136913486,Rangbaaz: The Bihar Chapter,Rangbaaz: The Bihar Chapter,2025-10-31,146,Action|Crime,4.0,1,IN,,,,
1179317,tt19223248,Q136428305,Lord Curzon Ki Haveli,Lord Curzon Ki Haveli,2025-10-10,108,Comedy|Thriller,0.0,0,IN,,,,
1687255,tt37106680,,Tapak,Tapak,2025-06-06,97,Mystery,0.0,0,,,,,
1595522,tt39132364,,Lalsa,Lalsa,2025-11-11,26,Drama,0.0,0,,,,,
1429726,,,Close Door,Close Door,2025-02-08,20,Horror|Thriller|Mystery,0.0,0,IN,,,,
1234603,tt31015496,Q124337174,The Fable,जुगनूमा,2025-09-12,119,Drama|Fantasy|Mystery,6.2,5,IN|US,,,,
1450853,tt33755482,,The Promise,The Promise,2025-03-18,11,Romance,6.8,3,IN,,,,
1650338,tt38059613,,Ali Ali,Ali Ali,2025-10-31,20,Documentary|Drama|Comedy,0.0,0,IN,,,,
1594317,tt31146564,Q136661861,Durlabh Prasad Ki Dusri Shadi,दुर्लभ प्रसाद की दूसरी शादी,2025-12-19,130,Comedy|Family,5.0,2,IN,,,,
1516737,,,Shticky Fingers,Shticky Fingers,2025-07-28,0,Drama,0.0,0,IN,,,,
1282557,tt31598703,Q133885801,Tanvi the Great,तन्वी द ग्रेट,2025-07-17,160,Drama,6.2,4,IN,,,,
1564959,tt37829516,,Barber of the Gods,Barber of the Gods,2025-11-02,20,Fantasy|Horror,0.0,0,IN,,,,
1499082,tt34794166,Q135537955,Nishaanchi,निशानची,2025-09-19,176,Crime|Drama,6.1,9,IN,,,,
1137339,tt3562110,Q133808481,Kesari Chapter 2: The Untold Story of Jallianwala Bagh,केसरी चैप्टर 2: जलियांवाला बाग की अनकही कहानी,2025-04-17,135,Drama|History,7.141,39,IN|IE,,,,
1248454,tt30742355,Q135987689,Sunny Sanskari Ki Tulsi Kumari,सन्नी संस्कारी की तुलसी कुमारी,2025-10-02,136,Romance|Comedy|Family,5.64,25,IN,,,,
1493846,tt11204286,,Vellapanti,Vellapanti,2025-05-30,0,Comedy|Romance,0.0,0,,,,,
1226354,tt33996113,Q134378758,Param Sundari,परम सुंदरी,2025-08-29,136,Romance|Drama|Comedy,5.458,24,IN,,,,
1585058,tt35665487,,Dining with the Kapoors,डाइनिंग विद द कपूर्स,2025-11-20,62,Documentary|Family,4.0,5,IN,,,,
1561205,tt27678883,,Controll,Controll,2025-10-10,116,Action|Thriller,3.0,1,IN,,,,
1487663,,,ESWY,ESWY,2025-05-25,8,Music|Romance|Comedy|Action,0.0,0,,,,,
1483365,tt32651287,,Pakka,Pakka,2025-06-25,18,Drama,0.0,0,NL,,,,
1474246,tt36147204,,KRISHNA ARJUN,KRISHNA ARJUN,2025-03-27,134,Drama|Crime,0.0,0,,,,,
1465052,tt36746996,,Tinctoria,Tinctoria,2025-04-15,26,Drama|Horror|Fantasy,0.0,0,IN,,,,
1521201,tt32375276,,Dear Men,Dear Men,2025-07-30,23,Drama,0.0,0,IN,,,,
1524304,tt36733578,,The Leopard,Waagh,2025-03-11,20,Drama,0.0,0,,,,,
1441055,,,Affliction,Marz,2025-01-03,5,,0.0,0,IN,,,,
1554037,tt38525492,Q136457051,Bhagwat - Chapter One: Raakshas,Bhagwat - Chapter One: Raakshas,2025-10-17,128,Thriller,6.885,13,IN,,,,
1188839,tt29444671,Q131553195,Dilli Dark,Dilli,2025-05-30,100,Drama,4.0,1,IN,,,,
1238198,tt6540996,Q118904000,Songs of Paradise,Songs of Paradise,2025-08-29,107,Music|Drama|Family,6.3,3,IN|US,,,,
1561136,,,SADDAM HUSSAINÉ,SADDAM HUSSAINÉ,2025-06-13,12,Western,0.0,0,,,,,
1338111,tt33242025,,Sarhadein,Sarhadein,2025-08-14,50,Family|Drama|Romance,0.0,0,,,,,
1531858,tt32495339,Q136385978,The Taj Story,The Taj Story,2025-10-31,161,Drama,5.3,9,IN,,,,
1351923,tt15911108,Q130396864,120 Bahadur,120  बहादुर,2025-11-18,137,Action|War,6.4,18,IN,,,,
1518616,tt36820765,,Vyarth,Vyarth,2025-07-19,20,Drama,0.0,0,IN,,,,
1301632,tt32058735,Q133849153,Bhool Chuk Maaf,भूल चूक माफ,2025-05-23,121,Comedy|Romance,6.09,39,IN|US,,,,
1339952,tt33307516,Q136565784,Kis Kisko Pyaar Karoon 2,किस किस को प्यार करूँ 2,2025-12-12,142,Comedy|Romance|Drama,5.3,13,IN,,,,
1590920,tt38672269,,Me No Pause Me Play,Me No Pause Me Play,2025-11-28,140,Drama,0.0,0,IN,,,,
1228827,tt30818815,Q136558780,Mastiii 4,Mastiii 4,2025-11-21,142,Comedy,5.5,14,IN,,,,
1509675,tt37535266,,Secret of a Mountain Serpent,"साँप, सपने, तुम और मैं",2025-08-28,108,Drama,0.0,0,IN|IT|LK,,,,
1580395,tt38814150,,Elaichi,Elaichi,2025-09-24,20,,0.0,0,IN,,,,
1448387,tt35684482,Q133820358,2020 Delhi,2020 Delhi,2025-11-14,135,Thriller|Drama,5.0,1,IN,,,,
1517129,tt37660512,Q136187181,Songs of Forgotten Trees,Songs of Forgotten Trees,2025-08-31,77,Drama,7.0,2,IN,,,,
1407988,tt27796511,,Marriage Cops,Marriage Cops,2025-04-27,79,Documentary,0.0,0,,,,,
1562241,tt37538305,Q136757581,Jassi Weds Jassi,Jassi Weds Jassi,2025-11-07,0,Comedy,0.0,0,,,,,
1550874,tt36150805,,Melting Man,Mard Mombatti,2025-10-30,24,Drama,0.0,0,IN,,,,
1479297,tt28517075,,Champaran Mutton,Champaran Mutton,2025-03-03,24,Comedy|Drama,0.0,0,IN,,,,
1005156,tt18939362,,Nikita Roy,निकिता रॉय,2025-07-18,112,Mystery|Horror,4.8,4,IN,,,,
1230555,tt28076316,Q134878939,Detective Sherdil,जासूस शेरदिल,2025-06-20,106,Comedy|Mystery,4.4,5,IN,,,,
1563109,tt38672425,Q136528252,Greater Kalesh,ग्रेटर कैलाश,2025-10-17,52,Drama|Family,5.3,3,IN,,,,
1296540,,,Hijra,Hijra,2025-04-07,30,,0.0,0,,,,,
1579561,tt28744268,,Flames,Laptein,2025-12-02,86,Drama|Thriller,0.0,0,IN,,,,
1386801,tt27721892,Q133866400,Logout,Logout,2025-04-18,109,Thriller,6.5,12,IN,,,,
1262669,tt29625386,Q127605826,Kapkapiii,कपकापी,2025-05-23,138,Horror|Comedy,4.3,3,IN,,,,
1575841,,,Sthiti,Sthiti,2025-11-07,24,Drama,0.0,0,IN,,,,
1759255,,,DIABLO - A Neo-Noir Flick,DIABLO - A Neo-Noir Flick,2025-03-14,34,Crime|Mystery|Comedy|Fantasy|Science Fiction|Thriller,10.0,2,IN,,,,
1453168,tt43589240,,Stream-Story,Kuhal-Katha,2025-03-23,32,Documentary,0.0,0,IN,,,,
1340486,tt33245951,Q134597333,Interrogation,Interrogation,2025-05-30,87,Thriller|Crime,4.0,3,IN,,,,
1483538,tt38026524,,Envy,Daah,2025-06-05,11,,0.0,0,,,,,
1336283,tt33312086,,Tara And Akash: Love Beyond Realms,Tara And Akash: Love Beyond Realms,2025-09-26,127,Drama|Romance|Fantasy,1.0,1,IN,,,,
1422871,tt38631581,,Automagic,Automagic,2025-02-01,13,Drama|Comedy,0.0,0,IN|FR,,,,
1534291,tt37867075,Q135967764,Ufff Yeh Siyapaa,उफ़्फ़ ये सियाप्पा,2025-09-05,116,Comedy|Action,5.0,4,IN,,,,
1536626,tt32447822,Q135943665,Love in Vietnam,Love in Vietnam,2025-09-12,132,Romance|Drama,6.0,2,IN|VN,,,,
1238170,tt28812582,Q134580068,Aankhon Ki Gustaakhiyan,आँखों की गुस्ताखियाँ,2025-07-11,141,Drama|Romance,6.8,4,IN,,,,
1413147,,,Zameer,Zameer,2025-01-04,17,Drama|Thriller,0.0,0,IN,,,,
1491583,,,AUSAL,AUSAL,2025-07-18,40,Family,0.0,0,IN,,,,
1510235,tt28630806,Q135193179,Udaipur Files: Kanhaiya Lal Tailor Murder,Udaipur Files: Kanhaiya Lal Tailor Murder,2025-08-08,125,Crime|Drama,7.0,1,IN,,,,
1528839,,,Unfiltered Naari,Unfiltered Naari,2025-07-10,139,Comedy,0.0,0,,,,,
1604247,,,Sitaaron Ke Sitaare,सितारों के सितारे,2025-12-19,98,Documentary,0.0,0,IN,,,,
1549390,tt36591334,,Vijeyta,Vijeyta,2025-09-19,103,Drama,0.0,0,,,,,
1362606,,,The Itch,Kuchar,2025-10-30,20,Drama,0.0,0,,,,,
1569173,,,VHAALL || Konkani Short Film,VHAALL,2025-01-01,9,Comedy,0.0,0,,,,,
1390561,tt34585335,,Hearth and Home,Alaav,2025-10-30,123,Drama,0.0,0,IN,,,,
1506821,tt35327667,Q135000306,Well Done C.A. Sahab!,Well Done C.A. Sahab!,2025-06-27,142,Drama|Comedy,0.0,0,IN,,,,
1431530,,,Woh Kaun Thi,Woh Kaun Thi,2025-02-05,118,Horror,0.0,0,IN,,,,
1464422,,,Screen Bound,Screen Bound,2025-04-12,5,Thriller,9.0,1,,,,,
1196942,tt22457506,Q132063726,Mere Husband Ki Biwi,मेरे हज़्बन्ड की बीवी,2025-02-21,142,Comedy,5.45,10,IN,,,,
1523672,,,Old Lady,Old Lady,2025-06-18,18,Thriller|Drama|Fantasy,10.0,1,,,,,
1484867,tt36158827,,"Milk, Rice and the Blood","Milk, Rice and the Blood",2025-05-05,45,Crime|Drama|Thriller|Mystery,0.0,0,IN,,,,
1459180,tt36451978,,Kaafir - The Movie,Kaafir - The Movie,2025-04-04,141,Drama|Thriller,6.0,1,IN,,,,
1453684,tt36372377,,Zakir Khan: Delulu Express,Zakir Khan: Delulu Express,2025-03-27,94,Comedy,6.8,5,IN,,,,
1541144,tt37645682,,The Giant Wheel Of Life,Aasmaani Jhoola,2025-08-07,20,Drama|Thriller|Comedy,0.0,0,IN,,,,
1525484,tt37970307,Q114876849,Ek Chatur Naar,एक चतुर नार,2025-09-12,134,Drama|Comedy|Crime,5.417,12,IN,,,,
1455440,tt36376123,Q133571443,Ajey: The Untold Story of a Yogi,Ajey: The Untold Story of a Yogi,2025-09-19,148,Drama,6.5,2,IN,,,,
1440754,tt16141930,,Dil Dosti Aur Dogs,Dil Dosti Aur Dogs,2025-02-28,101,Drama|Romance|Family,3.8,2,,,,,
1425607,tt28281899,,Gana,Gana,2025-01-31,141,Action,0.0,0,,,,,
1428777,tt33097837,Q133455838,Tumko Meri Kasam,Tumko Meri Kasam,2025-03-21,166,,5.0,1,,,,,
1583352,tt36266263,Q137554596,Early Days,Early Days,2025-12-10,100,Drama|Romance,0.0,0,IN|SG,Mumbai (India),India,Mumbai (India),India
1505116,tt37184259,,Nafratein,नफ़रतें,2025-06-27,118,Drama|Action|Romance,0.0,0,IN,,,,
1370264,tt30798612,Q132355940,Crazxy,Crazxy,2025-02-28,94,Thriller,5.6,25,IN,,,,
1441977,tt23631622,,Jaaiye Aap Kahan Jaayenge,Jaaiye Aap Kahan Jaayenge,2025-02-28,120,Drama|Comedy,4.0,1,IN,,,,
1499211,,,SEARCH,KHOJ,2025-06-13,10,Drama,8.0,1,IN,,,,
1603443,tt38839287,,Rise,Rise,2025-12-20,19,Drama,0.0,0,IN,,,,
1595736,tt33821001,,Apna Amitabh,Apna Amitabh,2025-12-12,108,Drama|Comedy,0.0,0,IN,,,,
1645681,,,Dohra,Dohra,2025-04-01,29,Mystery|Thriller,8.0,1,,,,,
1628732,,,Dupki,Dupki,2025-09-13,108,Drama|Comedy,0.0,0,IN,,,,
1377946,tt34038181,Q131428405,Match Fixing - The Nation At Stake,Match Fixing - The Nation At Stake,2025-01-10,146,Drama,10.0,1,IN,,,,
1452776,tt35217961,Q131675175,Baida,बैदा,2025-03-21,110,Adventure|Science Fiction|Thriller,3.0,1,IN,,,,
1084031,tt16436848,Q133567034,Chhorii 2,छोरी 2,2025-04-11,133,Horror|Drama,4.9,14,IN,,,,
1529053,tt35702637,,Momo Deal,Momo Deal,2025-09-08,13,Comedy|Drama,0.0,0,IN,,,,
1518098,tt35184447,,Rasa,Rasa,2025-07-25,133,,0.0,0,IN,,,,
1549392,,,Van Gogh,Van Gogh,2025-09-08,7,Drama,0.0,0,,,,,
1565025,,,Waiting At The Edge Of The Gallows,Waiting At The Edge Of The Gallows,2025-10-30,33,Documentary,0.0,0,IN,,,,
852957,tt6536576,,Chhota Bheem: Dinosaur World,Chhota Bheem: Dinosaur World,2025-12-02,65,Adventure|Fantasy,0.0,0,,,,,
1604783,tt38063392,,Mission Muh Dikhayi,मिशन मुँह दिखाई,2025-08-30,53,Family|Comedy|Drama,7.0,1,,,,,
1602023,tt20673370,,Rehna Nahi Bin Tere,Rehna Nahi Bin Tere,2025-12-12,111,,0.0,0,,,,,
1596151,tt32260076,Q137537086,Mamta Child Factory,Mamta Child Factory,2025-12-10,0,,0.0,0,,,,,
1453183,,,New India,Naya Bharat,2025-03-23,45,Comedy,10.0,1,IN,,,,
1221198,tt28377588,Q133890495,Ground Zero,Ground Zero,2025-04-25,137,Action|Thriller|War,6.7,11,IN,,,,
1540350,tt35449639,,30 Days of Autumn,30 Days of Autumn,2025-05-18,0,Drama,0.0,0,IN,,,,
1546251,,,Melancholy,Melancholy,2025-09-08,13,Drama,4.5,2,,,,,
1411790,,,Close Shave,Close Shave,2025-01-09,8,Thriller|Crime,10.0,1,IN,,,,
1356084,tt27866781,Q135161784,Kaalidhar Laapata,कालीधर लापता,2025-07-04,109,Comedy|Drama,7.8,15,IN,,,,
1416527,tt30526436,Q131601587,The Rabbit House,The Rabbit House,2025-01-03,136,Mystery|Drama|Thriller,8.0,1,,,,,
1578253,,,Delhi is Choking - One Percent,Delhi is Choking - One Percent,2025-11-08,17,Drama,0.0,0,,,,,
1525636,tt28754073,Q135537966,Heer Express,Heer Express,2025-09-12,140,Comedy|Drama|Family,5.3,3,IN,,,,
1412646,tt32106176,Q134285379,Kesari Veer,Kesari Veer,2025-05-23,161,Action|Drama|History,6.7,3,,,,,
1458697,tt32828158,,Paro - The Untold Story of Bride Slavery,Paro - The Untold Story of Bride Slavery,2025-03-22,105,,0.0,0,,,,,
1209731,tt13551618,,The B****di,The B****di,2025-02-17,0,Action,10.0,1,IN,,,,
1563270,,,Ashok,Ashok,2025-09-13,0,Drama,0.0,0,IN,,,,
1420430,,Q131831424,Unbreakable,Unbreakable,2025-01-18,30,Documentary,0.0,0,IN,,,,
1448638,,,Pehli Date,Pehli Date,2025-03-21,15,,5.0,2,,,,,
1530287,,,Haseeb Khan: Love Percentage,Haseeb Khan: Love Percentage,2025-08-14,55,Comedy,6.0,1,,,,,
1581979,,,Hind Ki Chadar - Guru Ladho Re,Hind Ki Chadar - Guru Ladho Re,2025-11-21,131,Animation,0.0,0,IN,,,,
1438543,tt38632574,,Desi Wool,देसी ऊन,2025-09-25,8,Animation,0.0,0,IN,,,,
1447109,tt36014845,Q136358513,Ghich Pich,घिच पिच,2025-08-08,94,Drama|Family|Comedy,0.0,0,IN,,,,
1515032,tt37600099,,Hills Don't Dance Alone,Hills Don't Dance Alone,2025-08-08,24,Drama,0.0,0,IN,,,,
443407,tt4826742,Q20647032,Chidiya,Chidiya,2025-05-30,115,Adventure|Drama|Family,5.5,4,IN,,,,
1686225,,,Baatan Hi Baatan Mein,बातन ही बातन में,2025-11-17,9,Romance,0.0,0,IN,,,,
1510251,tt37392885,Q135336617,Murderbaad,Murderbaad,2025-07-18,153,Thriller|Crime,0.0,0,IN,,,,
1446999,,,Ladies Toilet,Ladies Toilet,2025-03-08,4,Drama,0.0,0,IN,,,,
1168561,tt34700801,,My Amma's Tale,Amma ki katha,2025-11-06,21,Drama,0.0,0,IN|US,,,,
1454275,tt36592355,Q134318281,"I, Poppy","I, Poppy",2025-05-01,81,Documentary,0.0,0,IN,,,,
1376870,tt33581992,Q132492275,Humans in the Loop,Humans in the Loop,2025-09-05,74,Drama,6.8,5,IN,,,,
1462815,,,Joker,Joker,2025-04-22,74,,0.0,0,IN,,,,
1482085,tt36812950,Q135418366,Romeo S3,रोमियो एस3,2025-05-16,147,Action|Thriller,8.0,2,,,,,
1783247,,,The One Who Plays,Khilawadi,2025-05-01,27,,0.0,0,IN|GB,,,,
1535954,tt32454557,,Full Plate,फुल प्लेट,2025-09-18,109,Drama,0.0,0,IN,,,,
1447985,tt36129120,Q134089118,Aachari Baa,Aachari Baa,2025-03-14,99,Drama,6.5,2,IN,,,,
1443168,tt35162972,Q131573471,Pintu Ki Pappi,पिंटू की पुजारी,2025-03-21,135,Comedy|Romance|Drama,2.0,2,IN,,,,
1643845,tt28549237,,Amit Tandon: Masala Sandwich,Amit Tandon: Masala Sandwich,2025-04-22,72,Comedy,0.0,0,IN,,,,
1574360,tt36071695,,Cricket Dreams,Cricket Dreams,2025-02-28,78,Documentary,0.0,0,,,,,
965087,tt21108804,Q133816459,Phule,फुले,2025-04-25,125,History|Drama,6.75,4,IN,,,,
1510316,tt26628867,Q135112480,Sant Tukaram,संत तुकाराम,2025-07-18,135,Drama,0.0,0,IN,,,,
1547908,,,Ek Tha Phayalwaan,Ek Tha Phayalwaan,2025-09-01,20,,0.0,0,IN,,,,
1657598,,,The Call,The Call,2025-05-04,7,Thriller|Mystery|Drama,0.0,0,IN,,,,
1663197,tt36789168,,"The Storm, the Calm. The Madness, the Magic.","The Storm, the Calm. The Madness, the Magic.",2025-05-19,3,Drama,10.0,1,IN,,,,
1449256,tt32751390,Q133281180,Inn Galiyon Mein,Inn Galiyon Mein,2025-03-14,100,Drama,0.0,0,,,,,
1639017,,,Straight Ahead Short Film,Straight Ahead Short Film,2025-01-18,9,Drama,0.0,0,IN,,,,
1352526,tt32843232,Q135494100,Bayaan,बयान,2025-09-05,116,Drama|Crime|Thriller,0.0,0,IN,,,,
1431645,tt14597386,Q134107927,Bobby Aur Rishi Ki Love Story,बॉबी और ऋषि की लव स्टोरी,2025-02-11,97,Romance|Drama,2.0,1,IN,,,,
1436133,tt26655658,Q134079543,Kaushaljis vs Kaushal,कौशलजी वर्सेस कौशल,2025-02-21,132,Comedy|Drama|Family,7.5,2,IN,,,,
1741997,tt35469437,,Guardians of the Rhythm,Lakudiya Veer,2025-11-14,47,Drama|Fantasy,9.0,1,,,,,
1543405,,,My Videshi Girlfriend,My Videshi Girlfriend,2025-09-13,45,Drama|Family|Comedy,0.0,0,AE,,,,
1459394,tt8585744,,Video Parlour,Video Parlour,2025-05-26,0,Drama|Family|Romance,0.0,0,,,,,
1078814,,,Yugantar,Yugantar,2025-11-14,168,Mystery|Drama,0.0,0,,,,,
1436174,tt35672763,,Twin Flames Part 2,Twin Flames Part 2,2025-02-12,18,Drama|Romance,8.0,2,IN,,,,
1578108,tt32937308,,Whispers of a Qareen,قرین کی سرگوشی,2025-11-06,15,,0.0,0,IN,,,,
1220037,tt29498205,,Bun Tikki,Bun Tikki,2025-01-05,123,Drama,0.0,0,IN,,,,
1400553,tt35433415,Q131872343,Sweet Dreams,Sweet Dreams,2025-01-24,108,Romance|Drama,5.7,3,IN,,,,
1247544,tt30320975,,Prishati,प्रिशति,2025-02-28,0,Drama,0.0,0,IN,,,,
1477036,tt36854891,,CODE ERROR,CODE ERROR,2025-05-07,3,Drama|Horror,0.0,0,IN,,,,
1598138,tt37728726,,Red Letter,Red Letter,2025-08-09,36,Thriller|Crime,0.0,0,IN,,,,
1495424,,,Kanhaiya Vastavaiya,कन्हैया वस्तावैया,2025-06-10,38,Crime|Drama,0.0,0,IN,,,,
1503665,,,A Good Question,A Good Question,2025-06-29,20,Documentary,0.0,0,GB,,,,
1421571,tt35437002,,Ek Anchaahi Jalan,Ek Anchaahi Jalan,2025-01-16,87,Romance,10.0,1,IN,,,,
1600087,tt39222166,,Scenes from a Situationship,Scenes from a Situationship,2025-12-24,87,Romance|Drama,0.0,0,IN,,,,
1391050,,,Dancing Shadows,Jhanjhaarpur,2025-02-01,0,,0.0,0,,,,,
1545576,tt34000241,Q136222260,Mannu Kya? Karegga,Mannu Kya? Karegga,2025-09-12,141,Romance|Comedy,0.0,0,,,,,
1465841,tt36432042,,Pinch,पिंच,2025-06-06,83,Comedy|Drama,0.0,0,IN,,,,
1540775,tt21199592,,McGuffin,McGuffin,2025-08-08,93,Drama|Mystery|Thriller,2.0,1,,,,,
1583680,tt43407467,,Jo's Turn,Tumhari Baari Jo,2025-11-08,15,,0.0,0,IN,,,,
1262974,,,706,706,2025-04-01,0,Drama,0.0,0,IN,,,,
1461353,tt36091372,,Missing Face,Missing Face,2025-04-11,97,Thriller,0.0,0,IN,,,,
1494406,tt31101929,Q140351060,Kaisi Ye Paheli,कैसी ये पहेली,2025-11-28,101,Mystery|Thriller,0.0,0,IN,,,,
1507649,tt30224735,Q132672657,Andaaz 2,अंदाज़ 2,2025-08-08,146,Romance|Drama,1.0,1,IN,,,,
1478043,tt37151169,,A Life Inside Me,A Life Inside Me,2025-05-25,102,Drama,0.0,0,,,,,
1467506,tt13261550,Q134136882,Costao,Costao,2025-05-01,125,Drama,5.929,7,IN,,,,
1528644,,,What is Your Name?,नाम क्या है तुम्हारा?,2025-08-07,18,Drama,0.0,0,IN,,,,
1433326,,,Maqam,Maqam,2025-03-07,0,Drama,0.0,0,IN,,,,
1465479,,,Rains Don’t Make Us Happy Anymore,Rains Don’t Make Us Happy Anymore,2025-04-10,26,Documentary,0.0,0,IN,,,,
1525643,tt36390021,Q136311784,In Search of The Sky,In Search of The Sky,2025-09-06,87,Drama,0.0,0,IN,,,,
1483123,tt36491337,Q134434990,His Story of Itihaas,His Story of Itihaas,2025-05-30,144,Drama,0.0,0,IN,,,,
1524457,tt37787114,,Ishq Manzoor,Ishq Manzoor,2025-09-22,0,Romance,0.0,0,,,,,
1691210,,,Anyuta,Anyuta,2025-02-10,21,Drama,0.0,0,IN,,,,
1478007,tt37855669,,Because,Because,2025-06-05,19,,0.0,0,,,,,
1723521,,,Good Better Best,Good Better Best,2025-12-11,13,Mystery|Thriller,0.0,0,IN,,,,
1467001,,,Widow's Shadow,Widow's Shadow,2025-04-18,82,Romance|Drama,8.0,1,,,,,
1575858,,,Songs of the Mist,Kuhase Ke Geet,2025-11-07,22,Drama,0.0,0,IN,,,,
1205021,tt28539592,,Rambo,Rambo,2025-01-01,0,Action,0.0,0,IN,,,,
1464870,tt36107550,,The Dupatta Killer,The Dupatta Killer,2025-03-21,57,,6.0,1,,,,,
1516632,,,Notes From The Bunker,Notes From The Bunker,2025-07-18,60,Comedy,0.0,0,IN,,,,
1419486,tt34901083,Q131404012,Mission Grey House,Mission Grey House,2025-01-17,118,Action|Drama|Thriller,0.0,0,,,,,
1438037,tt21419928,Q131783204,Let's Meet,Let's Meet,2025-02-07,103,Romance,2.0,1,,,,,
1589598,tt38351599,,Yeh Dil Bill,Yeh Dil Bill,2025-09-05,115,Comedy|Romance,0.0,0,IN,,,,
1528129,,,Marasim,मरासिम,2025-08-15,13,Drama,0.0,0,IN,,,,
1508082,,,KISS-KA CALL?,KISS-KA CALL?,2025-07-03,80,Crime,0.0,0,IN,,,,
1504672,tt37472821,,A Guilty Man,दोषी,2025-06-27,9,Thriller|Mystery,0.0,0,IN,,,,
1554321,,,Cupboard Pickle,Almari ka Achaar,2025-07-25,20,,0.0,0,,,,,
1598488,tt37186169,,Janki,Janki,2025-12-12,163,Action|Drama|Romance,0.0,0,,,,,
1537800,tt12281558,,In Between,মাঝে,2025-08-29,54,Drama,0.0,0,IN,,,,
1101699,tt27134139,,Pyar Mei Qurban,Pyar Mei Qurban,2025-01-03,120,Action|Drama,0.0,0,,,,,
1537699,tt32485609,,Ru Ba Ru,Ru Ba Ru,2025-07-27,0,Drama,0.0,0,IN,,,,
1448454,,,गाजर का हलवा,Gajar Ka Halwa,2025-03-20,60,Family|Drama|History,0.0,0,IN,,,,
1563363,,,Counting Bodies Not Sheep,Counting Bodies Not Sheep,2025-10-10,13,Crime|Drama,0.0,0,IN,,,,
1564995,,,No Space To Pray,No Space To Pray,2025-10-30,40,Documentary,0.0,0,IN,,,,
1460303,tt31471297,Q138863201,Mercy,Mercy,2025-05-05,106,Drama,0.0,0,IN,,,,
1569871,tt38528039,,Parvati,Parvati,2025-11-30,6,Crime|Horror,10.0,1,IN,,,,
1413755,tt29468002,,Badminton,Badminton,2025-01-02,11,Drama|Comedy,0.0,0,IN,,,,
1301055,tt32161887,,Vampires Saga,Vampires Saga,2025-03-31,0,Romance|Fantasy|Horror,0.0,0,IN,,,,
1779578,,,Bhram-Nagri: The Land of Pushkar,Bhram-Nagri: The Land of Pushkar,2025-07-16,33,Documentary,9.0,1,IN,,,,
1492080,tt37162208,,Sankat Ka Samay,संकट का समय,2025-06-03,4,Crime|Drama|Thriller,0.0,0,IN,,,,
1542224,tt36496749,,Dreadful curiosity,Dreadful curiosity,2025-04-09,4,Horror|Thriller,0.0,0,IN,,,,
1530960,tt35969104,,An Ugly Loop,An Ugly Loop,2025-02-27,14,Drama,0.0,0,IN,,,,
1510263,tt37248371,,Chaar Diwaari,Chaar Diwaari,2025-08-24,40,Comedy|Family|Adventure|Drama,0.0,0,,,,,
1477544,,,Comedy is Difficult,Comedy is Difficult,2025-04-25,10,Comedy,7.0,1,IN,,,,
1548037,tt30050713,,Khalnigranaaya,Khalnigranaaya,2025-09-17,97,Action,0.0,0,IN,,,,
1719760,,,Let Go,Let Go,2025-07-20,35,Drama|Music,0.0,0,IN,,,,
1570832,,,Gothlela Rahasya - The Fridge,Gothlela Rahasya - The Fridge,2025-10-25,91,Horror,0.0,0,,,,,
1301862,tt30150182,,Second Chance,Second Chance,2025-06-13,104,Drama,0.0,0,IN,,,,
1564978,,,Mad Over Disco,Disco Deewane,2025-10-30,53,Documentary,0.0,0,IN,,,,
1564975,,,Little Things,Choti Baatein,2025-10-30,19,Documentary,0.0,0,IN,,,,
1495454,tt32454413,,Do Sadkaan,Do Sadkaan,2025-06-06,47,,0.0,0,,,,,
1461276,tt2949654,,Aasma,आसमा,2025-02-10,105,Action|Crime|Drama|Thriller,0.0,0,IN,,,,
1542109,,,#Unheard Stories - Kaunish,#Unheard Stories - Kaunish,2025-06-05,11,,0.0,0,,,,,
1455240,,,Kiss Kiss Kissik,Kiss Kiss Kissik,2025-03-21,137,Comedy|Drama|Romance,0.0,0,,,,,
1712641,,,Broken but Funny - 100 Jokes,Broken but Funny - 100 Jokes,2025-06-13,67,Comedy,0.0,0,,,,,
1732926,,,Unka Darshan,Unka Darshan,2025-09-08,0,Documentary,0.0,0,IN,,,,
1449539,tt27940347,,RIWAJ,RIWAJ,2025-03-07,0,Drama|Family,0.0,0,,,,,
1565006,,,Shen-Mo’s of Kibber,Shen-Mo’s of Kibber,2025-10-30,14,Documentary,0.0,0,IN,,,,
1586302,tt37919723,,Vasu,Vasu,2025-08-17,16,Drama,0.0,0,IN,,,,
1554696,,,"The Place Once Known as Earth and We, Homo Sapiens","The Place Once Known as Earth and We, Homo Sapiens",2025-09-20,0,Documentary,0.0,0,IN,,,,
1561142,tt38346232,,Saira Khan Case,Saira Khan Case,2025-10-10,121,Crime,0.0,0,IN,,,,
1473089,,,Food and Music,Khana aur Sangeet,2025-04-30,10,Documentary|Animation,0.0,0,IN,,,,
1564958,,,Babi,Babi,2025-10-30,32,Documentary,0.0,0,IN,,,,
1566113,,,Unfinished: An Incomplete Love Story,Na Muqammal,2025-10-19,7,Romance|Drama|Fantasy,0.0,0,IN,,,,
1563895,,,Whisper of mountains,Whisper of mountains,2025-11-22,90,,0.0,0,,,,,
681227,tt7322988,Q43302472,Firrkie,Firrkie,2025-02-21,0,Thriller|Action|Romance,0.0,0,,,,,
1710272,tt35467142,Q140188046,Heropanti Parody,Heropanti Parody,2025-01-18,10,Action,0.0,0,,,,,
1463718,,,Rasmalai,Rasmalai,2025-04-20,9,Animation,0.0,0,IN,,,,
1434374,,,Psychopath With A Camera,Psychopath With A Camera,2025-02-14,12,Thriller,0.0,0,IN,,,,
1455116,,,THE EVIDENCE HUNT,THE EVIDENCE HUNT,2025-04-30,89,Thriller|Horror,0.0,0,IN,,,,
1441271,,,Bloody Mosquito,Saala Macchar,2025-03-02,8,Thriller,0.0,0,IN,,,,
1482758,,,A Film in Search of Its Title,Title Toh Soch Raha Hoon,2025-06-01,15,Comedy|Documentary,0.0,0,IN,,,,
1779855,,,The Journey,Raahi,2025-02-28,14,Drama,4.0,1,IN,,,,
1512471,,,Tutti Frutti Cake,Tutti Frutti Cake,2025-06-05,18,,0.0,0,,,,,
1419465,,,Karken,Karken,2025-02-15,92,Drama,0.0,0,,,,,
1285423,,,Kerosene,Maatitel,2025-10-30,8,Animation,0.0,0,IN,,,,
1452888,,,REM:RESTRICTED,REM:RESTRICTED,2025-04-05,0,Thriller|Drama|Mystery,0.0,0,IN,,,,
1706184,tt43329764,,Postpartum,Postpartum,2025-11-13,55,Drama|Family,0.0,0,IN,,,,
770218,tt13556522,,Apne 2,अपने 2,2025-06-26,0,,0.0,0,IN,,,,
1492104,tt36591233,,Roads Less Travelled,Roads Less Travelled,2025-05-28,8,Drama|Mystery|Romance,0.0,0,IN,,,,
1503653,,,Unspoken,Ankahee,2025-06-30,9,Drama,0.0,0,,,,,
1554378,,,CHUPPI: AN ECHO MEANT FOR ONE,CHUPPI: AN ECHO MEANT FOR ONE,2025-09-29,17,Drama,0.0,0,IN,,,,
1612530,,,Ghost of The Mountain: The Story of The Elusive Snow Leopard,Ghost of The Mountain: The Story of The Elusive Snow Leopard,2025-03-29,22,Documentary,0.0,0,,,,,
1472264,,,We Are Alive,Zinda Hai,2025-08-25,101,Documentary|Music,0.0,0,,,,,
1447006,tt36057254,,Sinister Saaya,सिनिस्टर साया,2025-03-07,6,Horror|Mystery|Thriller,0.0,0,,,,,
1560099,,,The Law of the Fish,Matsya Nyaya,2025-10-30,15,Documentary,0.0,0,IN,,,,
1481585,tt36959000,,Trikaal,त्रिकाल,2025-05-04,13,Horror,0.0,0,IN,,,,
1564963,,,Dakan,Dakan,2025-10-30,25,,0.0,0,IN,,,,
1658770,,,Dreadful Redraft,Dreadful Redraft,2025-07-24,4,Horror|Thriller,0.0,0,IN,,,,
1620501,tt35254613,,Dil Awaara,Dil Awaara,2025-01-10,80,,0.0,0,,,,,
1585720,,,Ghor,घोर,2025-11-21,19,Thriller|Horror|Drama,0.0,0,IN,,,,
1471880,,,Beloved of Dreams,Sapno Ki Premika,2025-05-02,24,Romance,0.0,0,IN,,,,
1729876,,,Ardh Satya,अर्ध सत्य,2025-02-09,15,Drama,0.0,0,,,,,
1534859,,,Chalisa,Chalisa,2025-09-14,6,Animation|Music,0.0,0,IN,,,,
1591185,,,Susu,Susu,2025-11-29,16,,0.0,0,,,,,
1452634,,,Salaad Paapad Pickle Sweet,Salaad Paapad Pickle Sweet,2025-04-02,11,,0.0,0,,,,,
1582440,tt38509022,,Hi Zindagi,Hi Zindagi,2025-11-17,124,Drama|Comedy,0.0,0,IN,,,,
1561073,,,This Way,Iss Taraf,2025-10-11,9,,0.0,0,IN,,,,
1454842,tt28350159,,Bhagat Singh Ek Amar Gatha,Bhagat Singh Ek Amar Gatha,2025-03-20,0,Action|Documentary,0.0,0,,,,,
1550848,,,Kala Pani,काला पानी,2025-09-14,27,Animation|Music,0.0,0,IN,,,,
1503790,tt37439200,,Krishnamay,Krishnamay,2025-08-08,0,,0.0,0,IN,,,,
1257591,,,Untitled Saurabh Tewari directorial on Sandeshkhali,Untitled Saurabh Tewari directorial on Sandeshkhali,2025-02-28,0,,0.0,0,IN,,,,
1631134,,,Unplacement The Musical,Unplacement The Musical,2025-11-09,12,Music|Comedy|Drama,0.0,0,IN,,,,
1566677,,,Hijabi Hacker,Hijabi Hacker,2025-10-30,0,,0.0,0,IN,,,,
1552794,,,The Matchbox,The Matchbox,2025-09-26,0,,0.0,0,IN,,,,
1441704,tt38133034,,Roohrangi,Roohrangi,2025-10-30,63,Documentary,0.0,0,IN,,,,
1601826,tt37792342,,K.G.N,K.G.N,2025-12-25,130,Drama,0.0,0,,,,,
1638890,tt39227777,,Jholachhap,Jholachhap,2025-10-10,0,,0.0,0,,,,,
1548328,,,Collective Dreams Stitched into December,सामूहिक सपनों से सिला हुआ दिसंबर,2025-10-10,60,Documentary,0.0,0,IN,,,,
1565026,,,Woven Dreams,Woven Dreams,2025-10-30,24,Documentary,0.0,0,IN,,,,
1679228,,,Women,Women,2025-04-04,41,Comedy,0.0,0,IN,,,,
1654369,,,Burden of Doubt,Burden of Doubt,2025-03-10,7,Animation,0.0,0,IN,,,,
1698432,tt35349444,Q132204429,Plot Number 302,Plot Number 302,2025-02-07,88,,0.0,0,,,,,
1455569,tt35938459,,Dhushor,Dhushor,2025-03-14,54,,0.0,0,IN,,,,
1557089,,,Music In A Village Named 1PB,1 PB Mein Sufiyana Qalam,2025-10-30,130,Documentary,5.0,1,IN,,,,
1789698,,,Khoya Paya,Khoya Paya,2025-11-25,89,Drama,0.0,0,IN,,,,
1269325,tt27050858,Q141475414,Drishyam: The Conclusion,दृश्यम्: आख़िरी हिस्सा,2026-10-02,148,Thriller|Drama|Mystery|Crime,7.643,7,IN,,,,
1451944,tt39667834,Q141403479,Lust Stories 3,लस्ट स्टोरीज़ ३,2026-09-18,165,Romance|Drama,6.3,10,IN,,,,
1355228,tt33354945,Q141142556,Gandhari,गांधारी,2026-09-03,117,Action|Drama|Thriller,7.383,30,IN,,,,
1709391,tt39390582,Q138527176,Hanuman Ansh,हनुमान अंश,2026-08-07,150,Family|Drama,8.077,13,IN,Chitrakoot district (India)|Mumbai (India),India,,
656908,tt27988879,Q135196186,Ramayana,रामायण,2026-11-05,0,Fantasy|Drama|Action,0.0,0,IN|GB,,,,
1582770,tt39139925,Q137998501,Dhurandhar: The Revenge,धुरंधर: द रिवेंज,2026-03-18,235,Action|Crime|Thriller,7.3,168,IN,,,,
1727563,tt36626888,,Ohh My Dog,ओह माय डॉग,2026-08-07,150,Drama|Family,8.167,3,IN,,,,
1122030,tt28363783,Q131760998,Alpha,अल्फा,2026-07-02,141,Action|Thriller,5.141,32,IN,,,,
1375156,tt31806773,,Udta Teer,उड़ता तीर,2026-10-23,137,Comedy,0.0,0,IN,,,,
1303331,tt27548557,Q135913838,Dhamaal 4,धमाल ४,2026-07-10,143,Comedy,4.107,14,IN,,,,
1444466,tt36300841,Q140379862,Awarapan 2,आवारापन २,2026-08-14,142,Action|Drama|Romance,6.0,3,IN,,,,
1239134,tt29540862,Q136187174,Bhooth Bangla,भूत बंगला,2026-04-16,163,Horror|Comedy,5.6,68,IN,,,,
1763900,tt32921084,Q128600759,Cocaine,Cocaine,2026-09-05,141,Crime|Drama|Thriller,0.0,0,IN,,,,
1220538,tt21378820,,Pooja Meri Jaan,पूजा मेरी जान,2026-10-02,118,Thriller|Crime|Romance,0.0,0,IN,,,,
1378537,tt34339725,Q138035399,Mirzapur: The Movie,मिर्ज़ापुर - द मूवी,2026-09-03,197,Action|Crime|Drama|Thriller,6.789,19,IN|US,,,,
1529372,tt39528902,Q141248493,Don't Be Shy!,डोंट बी शाय!,2026-09-25,149,Romance|Comedy,7.0,1,IN|US,,,,
1475799,tt32378175,Q138622151,Haiwaan,हैवान,2026-09-11,164,Crime|Thriller,4.0,1,IN,,,,
1320660,tt33054858,Q139209789,Pati Patni Aur Woh Do,पति पत्नी और वो दो,2026-05-15,117,Comedy|Drama|Romance,5.9,21,IN,,,,
1628367,tt39664733,Q139694411,Kartavya,कर्त्तव्य,2026-05-15,109,Crime|Drama|Thriller,7.0,34,IN,,,,
1213898,tt30387012,Q126734387,Border 2,बॉर्डर २,2026-01-23,201,Action|Drama|War,7.5,37,IN,,,,
1389149,tt39631179,Q138504859,Accused,अक्यूज़्ड,2026-02-27,107,Thriller|Mystery|Drama,5.7,77,IN,,,,
1169537,tt29330744,Q130409656,Batwara 1947,बटवारा १९४७,2026-08-13,145,Action|Drama|War,6.0,1,IN,,,,
1698932,tt42854785,,Kaali Kheti,Kaali Kheti,2026-10-23,0,Horror,0.0,0,IN,,,,
1640649,tt40039371,,Love Lottery,Love Lottery,2026-09-25,123,Thriller,0.0,0,IN,,,,
1446616,tt36118360,Q138018477,Tu Yaa Main,तू या मैं,2026-02-11,145,Thriller|Romance,6.419,62,IN,,,,
1339876,tt27673536,Q131763755,Mardaani 3,मर्दानी 3,2026-01-30,131,Action|Crime|Thriller,7.578,45,IN,,,,
1484913,tt39632269,Q140374814,Ikka,इक्का,2026-07-10,141,Drama|Thriller,5.7,22,IN,,,,
1640396,tt44090550,,Prem Keetanu,Prem Keetanu,2026-10-02,142,Comedy|Romance,0.0,0,IN,,,,
1654581,tt40855841,Q141409027,Nayyi Navelli,नय्यी नवेल्ली,2026-10-16,0,Adventure|Fantasy|Comedy|Drama,0.0,0,IN,,,,
718833,tt12574330,,Bokshi,Bokshi,2026-12-04,142,Horror|Drama,0.0,0,IN,,,,
1431068,tt37333137,Q140043180,Main Vaapas Aaunga,मैं वापस आऊंगा,2026-06-11,167,Romance|Drama|Mystery,7.2,26,IN,,,"Punjab (India, Pakistan)",India|Pakistan
1727033,tt42481138,,BOMBAY STORIES,BOMBAY STORIES,2026-09-28,124,Drama,0.0,0,IN,,,,
1628448,tt33538438,Q139916838,Maa Behen,माँ बहन,2026-06-04,127,Comedy|Thriller|Drama,6.84,25,IN,,,,
1169516,tt28540171,Q140053031,Welcome To The Jungle,Welcome To The Jungle,2026-06-25,170,Action|Comedy|Adventure,5.1,41,IN,,,,
1392469,tt35064672,Q140247707,Cocktail 2,कॉकटेल २,2026-06-19,150,Romance|Comedy,5.5,37,IN,,,,
1759264,,,The Critique,The Critique,2026-09-04,27,Action|Comedy|Western|Crime,10.0,2,IN,,,,
1241693,tt31226272,Q137042776,Do Deewane Seher Mein,दो दीवाने शहर में,2026-02-20,137,Romance|Drama|Comedy,6.6,19,IN,,,,
1416391,tt34498610,Q132456719,Toaster,टोस्टर,2026-04-15,126,Comedy|Crime|Action,6.0,37,IN,,,,
1155818,tt28089784,Q131822415,Satluj,ਸਤਲੁਜ,2026-07-03,164,Crime|Drama|History,8.0,23,IN,,,,
1653208,tt40769151,Q139997574,The Great Grand Superhero: Aliens Ka Aagman,The Great Grand Superhero: Aliens Ka Aagman,2026-05-28,112,Comedy|Family|Drama,8.0,2,IN,,,,
1512084,tt37544992,Q140423150,Baby Do Die Do,Baby Do Die Do,2026-07-03,125,Mystery|Thriller|Crime|Action,7.6,4,IN,,,,
1475803,tt36822418,,Governor,गवर्नर,2026-06-12,122,Drama|Thriller,5.5,7,IN,,,,
1760576,tt43679244,,Zakir Khan: Papa Yaar,Zakir Khan: Papa Yaar,2026-09-18,78,Comedy,8.5,3,IN,,,,
1682974,tt35323618,Q140690410,The India Story,The India Story,2026-07-24,130,Drama|Thriller,0.0,0,IN,,,,
1145110,tt28228084,Q131178539,King,King,2026-12-24,0,Action|Thriller,0.0,0,IN,,,,
1486860,tt32875624,Q136765263,Haunted 3D: Echoes of the Past,Haunted 3D: Echoes of the Past,2026-06-12,140,Horror|Romance|Thriller,10.0,2,IN,,,,
1654516,tt40915016,Q141182291,Babita Singh Reporting,बबीता सिंह रिपोर्टिंग,2026-08-28,131,Crime|Drama,5.0,2,IN,,,,
1654566,tt40856286,Q141182293,Vibe,वाइब,2026-09-18,145,Action|Comedy|Drama,7.0,1,IN,,,,
1275574,tt31969779,Q137783833,O'Romeo,ओ रोमियो,2026-02-13,178,Romance|Action|Drama,5.6,18,IN,Mumbai (India)|Spain,India|Spain,,
1673393,tt41804839,Q139665854,Krishnavataram Part 1: The Heart (Hridayam),कृष्णावतरम भाग 1: हृदय (हृदयम्),2026-05-07,149,Adventure|Romance|Drama,8.9,7,IN,,,,
1783280,tt43636043,,Party Animals,Party Animals,2026-11-20,0,Comedy,0.0,0,IN,,,,
1081010,tt28773062,,Prahaar,प्रहार,2026-10-16,140,Crime|Drama,0.0,0,IN,,,,
1171094,tt35682680,Q136108819,Ek Din,एक दिन,2026-05-01,125,Romance|Drama,7.0,3,IN,,,,
1215889,tt32634611,Q137589958,Daayra,दायरा,2026-09-18,141,Crime|Drama,0.0,0,IN,,,,
1574560,tt36267730,Q141437458,Last Man in Tower,लास्ट मैन इन टावर,2026-09-11,97,Drama,0.0,0,IN,,,,
1625582,tt39310158,Q138381591,The Kerala Story 2,The Kerala Story 2,2026-02-27,131,Crime|Drama,5.4,5,IN,,,,
1262547,tt31852278,Q138357490,Subedaar,सूबेदार,2026-03-05,142,Action|Crime|Drama,6.938,8,IN,,,,
1772549,tt46065968,,Pehla Pyaar Doosri Baar,पहला प्यार दूसरी बार,2026-10-23,0,Romance|Comedy|Drama,0.0,0,IN,,,,
1371023,tt34498111,Q139900491,Chand Mera Dil,चाँद मेरा दिल,2026-05-22,142,Romance|Drama,5.455,11,IN,,,,
1728951,,,Mukhbir: The Story of a Spy - The Movie,मुखबिर: द स्टोरी ऑफ अ स्पाई - द मूवी,2026-07-09,150,Drama|Mystery|Thriller,0.0,0,,,,,
1389172,tt47657999,,Reporting Live,रिपोर्टिंग लाइव,2026-10-09,115,Crime|Thriller,0.0,0,IN,,,,
1209723,tt27124947,,Yeh Prem Mol Liya,ये प्रेम मोल लिया,2026-11-27,0,Romance|Family|Drama,0.0,0,IN,,,,
1435606,tt39392533,Q138337404,Assi,अस्सी,2026-02-20,134,Crime|Drama|Thriller,6.2,5,IN,,,,
1196946,tt15464188,Q136673072,Ikkis,इक्कीस,2026-01-01,148,History|War|Drama,6.596,26,IN,,,,
1431071,tt36201830,Q139916847,System,सिस्टम,2026-05-22,124,Thriller,7.0,5,IN|US,,,,
1282440,tt32245870,Q137799437,Happy Patel: Khatarnak Jasoos,हैप्पी पटेल: ख़तरनाक जासूस,2026-01-16,122,Comedy|Action|Romance,6.2,20,IN,,,,
1600771,tt41110859,Q139502203,Aakhri Sawal,आखरी सवाल,2026-05-15,117,Drama|Thriller,1.0,1,IN,,,,
1714993,tt38961362,Q140602759,Aryabhatt Ka Zero,आर्यभट्ट का जीरो,2026-08-07,116,Drama|Comedy,0.0,0,IN,,,,
1285815,tt32296379,,Mahakavya: Shri Ramayan Katha,Mahakavya: Shri Ramayan Katha,2026-09-25,176,Drama|Fantasy,0.0,0,IN,,,,
1737030,tt41894233,,To Fetch A Pail Of Water,Pukam Pukai,2026-01-28,108,Comedy|Drama,0.0,0,IN,,,,
1464795,tt37161355,Q139822840,Daadi Ki Shaadi,दादी की शादी,2026-05-08,150,Comedy|Drama|Family,4.714,7,IN,,,,
1736689,tt43696902,,Phoolan,Phoolan,2026-09-16,113,Action|Drama|History,0.0,0,IN,,,,
1616993,tt39392710,Q137863964,Safia/Safdar,Safia/Safdar,2026-01-16,106,Drama|Romance,2.0,1,IN,,,,
1293550,tt32389930,Q135678446,Bandar,बंदर,2026-06-04,136,Thriller,6.0,9,IN,,,,
1595507,tt30176955,Q137917335,Vadh 2,वध 2,2026-02-06,131,Crime|Drama|Thriller,5.6,10,IN,,,,
1569625,tt42034562,,Mauja Hi Mauja,Mauja Hi Mauja,2026-12-04,0,Action|Comedy,0.0,0,IN,,,,
1699532,tt42824418,Q141191688,Lovers in the Blue Night,लवर्स इन द ब्लू नाइट,2026-09-11,107,Romance|Drama,0.0,0,IN|US,,,,
1587124,tt39045215,Q137425633,Bhabiji Ghar Par Hain! Fun on the Run,भाभीजी घर पर हैं! फ़न ऑन द रन,2026-02-06,136,Adventure|Comedy|Family|Romance|TV Movie,5.0,3,IN,,,,
1411089,tt35257441,,Shakti Shalini,शक्ति शालिनी,2026-12-24,0,Horror|Comedy,0.0,0,IN,,,,
1748651,,,LOCKDOWN,LOCKDOWN,2026-07-31,9,Comedy,10.0,2,,,,,
1642850,tt40566596,,Bhai Tera Star Hai,Bhai Tera Star Hai,2026-07-30,150,Comedy,2.0,1,IN,,,,
1715215,tt34678039,,Almari,Almari,2026-10-07,140,Fantasy|Thriller,0.0,0,IN,,,,
1590846,,,V. Shantaram,V. Shantaram,2026-11-18,0,Drama,0.0,0,IN,,,,
1604487,,,The Audition,The Audition,2026-12-27,91,Drama,0.0,0,IN,,,,
1617536,tt38283987,Q136558776,One Two Cha Cha Chaa,One Two Cha Cha Chaa,2026-01-16,160,Action|Adventure|Comedy,8.0,1,IN,,,,
1384512,tt40002798,,Tera Yaar Hoon Main,Tera Yaar Hoon Main,2026-07-24,144,Action|Comedy|Drama|Romance,0.0,0,IN,,,,
1687100,,,Incredulity,Incredulity,2026-04-30,20,Drama,0.0,0,IN|US,,,,
1685113,tt40754849,,Baithi Hai,Baithi Hai,2026-04-06,0,,0.0,0,IN,,,,
1436192,,,Sarvagunn Sampann,सर्वगुण संपन्न,2026-08-14,0,Drama,0.0,0,,,,,
1722860,tt27880465,,Tavvai,Tavvai,2026-06-29,136,Mystery|Horror|Thriller,0.0,0,IN,,,,
1622462,tt39231954,,The Pact,The Pact,2026-01-21,25,Drama,0.0,0,,,,,
1351908,tt33334267,Q140137703,Bharat Bhhagya Viddhaata,भारत भाग्य विधाता,2026-06-12,127,Drama|Thriller,6.0,1,IN,,,,
1677044,tt41298092,,Licence,Licence,2026-04-24,117,,3.2,8,,,,,
1390575,tt28769460,,Nukkad Naatak,नुक्कड़ नाटक,2026-02-27,107,Drama,0.0,0,IN,,,,
1612071,tt39328668,,Elaichi: Ek Prem Katha,Elaichi: Ek Prem Katha,2026-01-08,0,Drama|Romance,0.0,0,,,,,
1728442,tt27579529,,Bayaar,Bayaar,2026-07-08,0,Drama|Mystery,0.0,0,IN,,,,
1714670,tt40744412,Q140137707,Heer Sara,Heer Sara,2026-06-12,99,Adventure|Comedy|Drama,5.0,1,IN,,,,
1770869,tt45162751,,The Unfated,Aapkarmi,2026-03-15,24,Drama,0.0,0,,,,,
1458035,,,Kumaari,Kumaari,2026-12-23,0,Thriller,0.0,0,,,,,
1589515,tt38916386,,Master Bantoo,Ustad Bantoo,2026-02-03,126,Drama,0.0,0,IN,,,,
1708638,tt42807347,,How To Not Have Sex,How To Not Have Sex,2026-05-30,136,Thriller|Drama|Mystery,0.0,0,IN,,,,
1651304,tt27618953,Q138583017,Kissa Court Kachahari Ka,Kissa Court Kachahari Ka,2026-03-13,119,Drama,0.0,0,,,,,
1481041,tt36277018,Q139082792,Ginny Wedss Sunny 2,गिन्नी वेड्स सन्नी 2,2026-04-24,134,Romance|Comedy|Drama,0.0,0,IN,,,,
1568964,tt38783003,Q137926934,Human Cocaine,Human Cocaine,2026-01-30,107,Action|Crime|Thriller,0.0,0,IN,,,,
1696678,tt42363501,,Sahan,Sahan,2026-05-20,104,Thriller,0.0,0,,,,,
1728033,,,Threshold,Dehleej,2026-06-21,2,Drama,0.0,0,IN,,,,
1683628,,,Last Photograph,Last Photograph,2026-03-27,45,Drama,0.0,0,,,,,
1738850,tt43620855,,Indrajaal,Indrajaal,2026-07-24,136,Comedy|Fantasy|Mystery,0.0,0,,,,,
1740946,tt43720506,Q140792940,The Bose Files: Sach Ya Sazish,The Bose Files: Sach Ya Sazish,2026-07-30,127,Drama|History,9.0,1,,,,,
1626312,tt32903849,Q138398647,Paro Pinaki Ki Kahani,Paro Pinaki Ki Kahani,2026-02-06,92,Drama|Romance|Crime|Thriller,0.0,0,,,,,
1489396,tt38840418,Q140471519,Eetha,ईथा,2026-12-04,0,Drama,0.0,0,IN,,,,
1021634,tt15692286,,"Max, Min and Meowzaki","Max, Min and Meowzaki",2026-07-24,138,Family|Romance|Comedy|Drama,0.0,0,IN,,,,
1731480,tt18342860,Q140723468,Simulacra,Simulacra,2026-07-17,121,Science Fiction|Drama|Romance,0.0,0,IN,,,,
1765342,tt43615888,,Mahaprabhu Jagannath,Mahaprabhu Jagannath,2026-08-28,104,Animation|Family|Fantasy,10.0,1,,,,,
1715954,,,Aditya Kulshreshtha: Fresher's Party,Aditya Kulshreshtha: Fresher's Party,2026-06-05,73,Comedy,7.0,1,,,,,
1622209,tt38066879,,Aasmani,Aasmani,2026-01-10,34,Drama,0.0,0,IN,,,,
1510775,tt37539573,,Gunmaaster G9,Gunmaaster G9,2026-11-27,0,Action|Romance,0.0,0,IN,,,,
1657678,tt41113860,Q140222799,Indian Institute of Zombies,Indian Institute of Zombies,2026-05-08,137,Comedy|Horror,0.0,0,IN,,,,
1564177,,,Dongri: Gangster's Paradise,Dongri: Gangster's Paradise,2026-10-09,0,,0.0,0,,,,,
1457939,tt36410586,Q136992536,Rahu Ketu,राहु केतु,2026-01-16,140,Adventure|Comedy|Fantasy,2.8,3,IN,,,,
1661715,tt36911080,,Lost & Found in Kumbh,Lost & Found in Kumbh,2026-08-23,0,,0.0,0,,,,,
1389153,tt19132352,,Jeevan Bheema Yojana,Jeevan Bheema Yojana,2026-09-04,120,Crime|Comedy,10.0,1,IN,,,,
1479690,tt34986731,,RaftaaR,RaftaaR,2026-10-16,0,Drama,0.0,0,IN,,,,
1625548,tt39400970,,Manushya,Manushya,2026-01-31,21,Drama,0.0,0,,,,,
1616489,,,Muntazir,Muntazir,2026-01-12,6,Drama,7.0,1,,,,,
1650325,,,Rang De!,Rang De!,2026-03-02,3,Romance,0.0,0,IN,,,,
1764394,,,Second Chances,Second Chances,2026-09-06,7,Drama|Family,0.0,0,IN,,,,
1461274,tt32176397,Q138546492,Charak: Fair of Faith,चरक : आस्था का किराया,2026-03-06,120,Drama|Thriller,0.0,0,IN,,,,
1667473,tt41868337,,Humid,Umas,2026-04-10,24,Drama,6.0,1,IN,,,,
1608545,,,Varun Grover: Nothing Makes Sense,Varun Grover: Nothing Makes Sense,2026-01-02,81,Comedy,9.0,1,IN,,,,
1094314,tt15671624,Q137766742,Mayasabha: The Hall of Illusion,मायासभा: द हॉल ऑफ इल्यूजन,2026-01-30,104,Fantasy|Thriller,0.0,0,IN,,,,
1713420,tt43215564,Q140440634,Uttar Da Puttar,Uttar Da Puttar,2026-07-24,103,Comedy,0.0,0,IN,,,,
1701812,tt43023105,Q140307039,Hum Angrezon Ke Zamane Ke Jailor Hai,Hum Angrezon Ke Zamane Ke Jailor Hai,2026-06-12,120,,0.0,0,IN,,,,
1607877,,,Manque,Manque,2026-01-01,8,Thriller,10.0,1,IN,,,,
1633765,tt34623382,Q138498533,Na Jaane Kaun Aa Gaya,ना जाने कौन आ गया,2026-03-06,113,Romance|Drama,0.0,0,IN,,,,
1651690,tt39391401,Q139547634,Ramyaa,Ramyaa,2026-03-13,110,Crime|Drama,0.0,0,,,,,
1416312,tt23472798,,Little Thomas,Little Thomas,2026-10-23,0,Drama|Comedy,0.0,0,IN,,,,
1718701,tt40235057,,Katti,Katti,2026-06-19,14,Drama|Family,0.0,0,,,,,
403514,tt43595281,Q24895639,Dial 1975,डायल १९७५,2026-07-01,134,Thriller|Drama,0.0,0,IN,,,,
1666844,tt43626904,,Chaar Diwaari,Chaar Diwaari,2026-02-28,20,Horror|Thriller|Drama,0.0,0,IN,,,,
1632098,tt39773359,,Zorr,Zorr,2026-02-06,128,Comedy|Horror|Thriller,4.0,1,,,,,
1758635,tt39708002,,Saugaat,Saugaat,2026-02-06,136,Drama,0.0,0,,,,,
1609035,tt39313733,Q137857320,Maya,माया,2026-01-15,140,Drama|Romance,0.0,0,IN,,,,
1546858,tt38390761,Q141320692,Small Clouds,Small Clouds,2026-06-18,24,Drama,0.0,0,IN,,,,
1775462,tt39284754,,Khoonta,Khoonta,2026-09-18,123,Drama,0.0,0,IN,,,,
873276,tt27787492,,Sudesha,Sudesha,2026-07-25,35,Documentary,0.0,0,IN|DE,,,,
855297,tt15210538,Q140628860,Dug Dug,डुग डुग,2026-05-08,106,Comedy|Music,10.0,1,IN,,,,
1651631,tt40671062,,Mann-Pishach,मन-पिशाच,2026-03-18,80,Horror|Thriller,0.0,0,IN,,,,
1602304,,,Bihu Attack,बिहू अटैक,2026-01-16,0,,0.0,0,,,,,
1453317,tt36853476,Q136024996,Hari Ka Om,Hari Ka Om,2026-09-18,128,Drama,0.0,0,,,,,
1681348,,,Charchaughi,Charchaughi,2026-01-13,169,Drama,0.0,0,,,,,
1704622,,,Heartstrings,Heartstrings,2026-02-21,10,Drama,0.0,0,IN,,,,
1661634,,,Happy Birthday Joshi,Happy Birthday Joshi,2026-04-02,0,,0.0,0,,,,,
1642322,,,Ekaki : The Conqueror,Ekaki : The Conqueror,2026-02-26,68,,6.0,1,,,,,
1769098,,,Parched,Parched,2026-09-07,3,Adventure|Thriller,6.0,1,,,,,
1673007,tt39642343,,Gudgudi,गुदगुदी,2026-05-20,0,,0.0,0,IN,,,,
1720201,tt37809949,Q140690392,Dulhaniya Le Aaeegi,Dulhaniya Le Aaeegi,2026-07-24,127,Comedy|Drama|Family,0.0,0,IN,,,,
1708681,,,Chirag Panjwani: Dr. Panjwani,Chirag Panjwani: Dr. Panjwani,2026-06-03,80,,10.0,1,,,,,
1635411,tt40790245,,The Calf Doll,खाल बछड़ा,2026-03-17,90,Drama,0.0,0,IN,,,,
1747646,tt39300679,,Herland,Herland,2026-09-09,61,Documentary,0.0,0,IN,,,,
1032081,tt28289030,,Hunter Among Us,Hunter Among Us,2026-01-09,104,Thriller,8.0,1,IN,,,,
1754336,tt44464871,,Prashasti Singh: Divine Feminine,Prashasti Singh: Divine Feminine,2026-08-20,73,Comedy,0.0,0,,,,,
1632280,,,The Return of the Army Man,The Return of the Army Man,2026-02-06,148,Action|Drama,8.0,1,IN,,,,
1645951,tt40902160,,The Gratitude List,The Gratitude List,2026-03-02,12,Drama|Comedy,0.0,0,IN,,,,
1785611,tt33321821,,Tu Hai Meri Kiran,Tu Hai Meri Kiran,2026-10-23,0,Romance|Thriller,0.0,0,IN,,,,
1690372,tt42473173,Q139741829,Krishna Aur Chitthi,Krishna Aur Chitthi,2026-05-29,121,Drama,0.0,0,IN,,,,
1691192,tt42459357,,Operation Sindoor: A Nation's Resolve,Operation Sindoor: A Nation's Resolve,2026-05-07,27,Documentary|War,10.0,1,,,,,
1495662,tt32362675,,Lakadbaggha 2: The Monkey Business,लकड़बग्घा 2,2026-11-06,0,Action,0.0,0,IN,,,,
1321677,,,Petals in the Wind,Pankhudiyaan,2026-08-17,95,Romance,0.0,0,,,,,
1688199,tt38870929,,Lost Queen,Lost Queen,2026-01-01,68,Documentary,0.0,0,,,,,
1701936,,,The Tide Turns,The Tide Turns,2026-02-04,61,Documentary,0.0,0,,,,,
1688572,,,The Last Tenant,The Last Tenant,2026-04-29,44,Drama,0.0,0,IN,,,,
1514601,tt37939747,Q138736770,Songs of the Djinns,Песни джиннов,2026-04-18,93,Drama,0.0,0,RU|IN,,,,
1708234,tt26559813,,Momacu,Momacu,2026-06-04,129,Drama|Action|Thriller,0.0,0,,,,,
1757526,tt42651803,,KALKI,KALKI,2026-07-05,11,Drama|Family,0.0,0,IN,,,,
1666893,tt41464105,Q140222782,Candy and the Pizza Ggirl,Candy and the Pizza Ggirl,2026-04-10,100,Fantasy|Drama|Comedy,0.0,0,IN,,,,
1620888,tt21853406,,Addiction,Addiction,2026-01-22,111,Romance|Drama|Crime,0.0,0,,,,,
1677663,tt39674544,,In the Chaos of Diwali,Diwali Ke Shor Mein,2026-04-24,102,Thriller|Drama|Comedy,10.0,1,IN,,,,
1785746,tt43657520,,Lamhaat,Lamhaat,2026-09-11,24,Drama,0.0,0,,,,,
1699486,tt42973748,,Pretend Play,Pretend Play,2026-03-15,21,Drama,0.0,0,IN,,,,
1206167,tt32361990,Q139694422,Return of the Jungle,Return of the Jungle,2026-05-29,105,Animation|Comedy,0.0,0,IN,,,,
1647699,,,Unseen Moves: A story of trust,Unseen Moves: A story of trust,2026-03-06,10,Thriller|Romance|Mystery,0.0,0,IN,,,,
1650331,,,Don’t Scroll,Don’t Scroll,2026-02-20,2,Drama,0.0,0,IN,,,,
1616578,tt39369370,,Delivery Boy Pizza On Time,Delivery Boy Pizza On Time,2026-01-15,101,Mystery,3.0,1,IN,,,,
1777209,,,Maheep Singh: FIR,Maheep Singh: FIR,2026-09-16,61,Comedy,0.0,0,,,,,
1659411,,,FLOWERS,FLOWERS,2026-03-28,26,Drama,0.0,0,IN,,,,
1199439,,,Diler,दिलेर,2026-11-27,0,Drama,0.0,0,,,,,
1705539,,,Skinny,Skinny,2026-05-07,4,Comedy|Horror,0.0,0,IN,,,,
1707360,tt35693669,,The Ink-Stained Hand and the Missing Thumb,The Ink-Stained Hand and the Missing Thumb,2026-07-09,120,Drama,0.0,0,IN,,,,
1649576,tt40559781,,Kashmir 1947,Kashmir 1947,2026-06-28,77,Documentary|History,0.0,0,IN,,,,
1599099,tt39089025,Q137635963,Azad Bharath,आज़ाद भारत,2026-01-02,0,History|Drama,2.0,1,IN,,,,
1663005,,,100 Stairs to Childhood,100 Stairs to Childhood,2026-04-03,2,Drama,0.0,0,IN,,,,
1748479,tt43746881,,Harrd Disk,Harrd Disk,2026-08-21,85,Action|Comedy|Thriller,0.0,0,IN,,,,
1650329,,,Chalti Ka Naam Gaadi,Chalti Ka Naam Gaadi,2026-03-06,2,,0.0,0,IN,,,,
1532239,tt37959966,,Chiranjeevi Hanuman: The Eternal,Chiranjeevi Hanuman: The Eternal,2026-09-25,0,Animation|Action|Adventure|Fantasy,0.0,0,IN,,,,
1663915,tt41400803,,Jaspreet Singh: Grown Up,Jaspreet Singh: Grown Up,2026-04-03,73,Comedy,6.8,3,IN,,,,
1718299,tt42506039,,Samarpit Father’s Love,Samarpit Father’s Love,2026-06-19,115,Family|Drama,0.0,0,,,,,
1725836,tt38127464,,Tu Kaun Mein Khamkha,Tu Kaun Mein Khamkha,2026-05-27,111,Comedy,0.0,0,,,,,
1738471,tt42756983,,A Long Marathon,A Long Marathon,2026-06-04,126,,0.0,0,,,,,
1539853,,,deepa didi: The Housekeeper,deepa didi: The Housekeeper,2026-04-05,24,Drama,0.0,0,,,,,
1693572,,,The Scene,कार्यक्रम,2026-04-29,14,Drama,0.0,0,,,,,
1755259,,,Light vs Darkness,Light Vs Darkness,2026-06-28,2,Drama,0.0,0,,,,,
1787082,,,Poniiy,Poniiy,2026-10-16,0,Adventure|Drama,0.0,0,IN,,,,
1724719,tt40427174,,Rahun Main Tere Rubaru,Rahun Main Tere Rubaru,2026-07-17,119,Thriller|Romance,0.0,0,IN,,,,
1741988,,,Ragebait,Ragebait,2026-01-15,15,Comedy,0.0,0,,,,,
1726784,,,Yogi,Yogi,2026-07-05,0,Documentary,0.0,0,IN,,,,
1648131,,,Eberhard as Seen by Amit,Eberhard as Seen by Amit,2026-03-27,96,Documentary,0.0,0,IN|CH,,,,
1650333,,,Bas Ek Pal,Bas Ek Pal,2026-02-13,2,Romance|Comedy,0.0,0,IN,,,,
1781690,tt43622752,Q141575526,India: As I Didn't Know Her,India: As I Didn't Know Her,2026-09-27,78,Documentary|Adventure|Drama|Comedy,0.0,0,,,,,
1721640,tt41475167,,Navya Chakra - Psycon World,Navya Chakra - Psycon World,2026-06-26,100,Crime|Drama|Fantasy|Thriller,0.0,0,IN,,,,
1619797,,,Smart Killer,Smart Killer,2026-01-16,0,,0.0,0,,,,,
1607810,,,"Murders Too Close, Love Too Far","Murders Too Close, Love Too Far",2026-01-15,0,,0.0,0,IN|IL,,,,
1547565,,,Songs The Woods Sing,Songs The Woods Sing,2026-06-27,14,,0.0,0,,,,,
1645943,tt40387889,,Paharganj to Phuket,Paharganj to Phuket,2026-03-23,16,Comedy,0.0,0,IN|TH,,,,
1735452,,,Before The Ceasefire,Before The Ceasefire,2026-01-26,2,History|Drama,5.0,1,IN,,,,
1684410,tt42204122,,Disciples,Disciples,2026-06-12,81,Documentary,8.0,1,IN|DE|DK|NO|QA,,,,
1764754,,,Harsh Gujral: Desi Boyfriend,Harsh Gujral: Desi Boyfriend,2026-02-06,45,Comedy,0.0,0,,,,,
1749650,,,For What It's Worth,For What It's Worth,2026-08-15,35,Documentary,0.0,0,,,,,
1728731,,,Munawar Faruqui: Dhandho,Munawar Faruqui: Dhandho,2026-07-11,108,Comedy,0.0,0,,,,,
1703229,,,SAMA,सम्,2026-05-21,5,Drama|Family|Music,8.0,1,,,,,
1657829,,,A Chronicle of the Lost,A Chronicle of the Lost,2026-04-18,25,,0.0,0,IN,,,,
1640825,tt40067003,,The Prisoner,The Prisoner,2026-02-27,19,Drama|Thriller,10.0,1,,,,,
1363288,,,Beyond Ratings,Beyond Ratings,2026-08-22,37,Documentary|Adventure,0.0,0,,,,,
1556316,tt31838907,,Chandni Bar 2,Chandni Bar 2,2026-12-03,0,,0.0,0,IN,,,,
1776685,,,SONG OF MY MOTHER'S SOUL,SONG OF MY MOTHER'S SOUL,2026-09-26,20,,0.0,0,,,,,
1129325,tt22778198,,Poos Ki Ek Raat,Poos Ki Ek Raat,2026-09-07,40,Mystery|Drama|Crime,0.0,0,,,,,
1732803,,,Mahun Dilwala Tahun Dilwali,Mahun Dilwala Tahun Dilwali,2026-06-12,156,Romance|Comedy,0.0,0,,,,,
1639724,,,Stars at Noon,ओझल सितारे,2026-01-14,20,Documentary,0.0,0,IN,,,,
1202167,tt27811608,,Nakhrewaalii,Nakhrewaalii,2026-11-13,0,Romance,0.0,0,IN,,,,
1523598,tt37537473,,Naina,Naina,2026-06-15,0,Romance|Comedy,0.0,0,IN,,,,
1758060,,,Amit Tandon: Hamare Zamane Mein,Amit Tandon: Hamare Zamane Mein,2026-07-08,103,,0.0,0,,,,,
1721639,tt41858252,,Tera Mera Nata,Tera Mera Nata,2026-06-26,116,Romance|Family|Drama,0.0,0,,,,,
1610924,,,The Memory Jar,The Memory Jar,2026-01-08,10,Drama|Family,0.0,0,,,,,
1783159,,,The Ordinary Star,The Ordinary Star,2026-10-29,65,Documentary,0.0,0,IN,,,,
1705536,tt42730027,Q140440653,Obsess,Obsess,2026-05-29,0,Drama,7.0,1,IN,,,,
1725742,,,KATTI (Un-friend) : The Heartfelt Story of Father & Son,KATTI (Un-friend) : The Heartfelt Story of Father & Son,2026-03-17,27,Drama|Family,0.0,0,,,,,
1786653,tt29373738,,The Last Meal,The Last Meal,2026-09-28,28,Drama|Family,0.0,0,IN,,,,
1700961,,,Pashyati,Pashyati,2026-03-29,25,Thriller|Mystery|Drama,10.0,2,,,,,
1680844,,,The Curious Case Of Robert Ledru,The Curious Case Of Robert Ledru,2026-04-24,3,,0.0,0,IN,,,,
1638463,tt39846631,Q138470000,The Night of Life: Before You Think About It,The Night of Life: Before You Think About It,2026-02-10,16,Drama|Mystery|Thriller,10.0,1,IN,,,,
1707873,,,Kaustubh Agarwal: Banger Issues,Kaustubh Agarwal: Banger Issues,2026-03-04,45,,0.0,0,,,,,
1747728,,,Life Without Mother,Life Without Mother,2026-03-11,0,Drama|Family,0.0,0,IN,,,,
1701869,,,Chalien Kahin,Chalien Kahin,2026-06-12,10,Music|Mystery,0.0,0,,,,,
1772825,tt45897032,,Peter Rebello,Peter Rebello,2026-10-02,160,Thriller|Drama,0.0,0,,,,,
1678400,,,#OneChance,#OneChance,2026-02-09,0,,0.0,0,,,,,
1733214,,,HIRAETH,HIRAETH,2026-07-18,38,Drama,10.0,1,IN,,,,
1773066,,,Nawmai: The Wancho Warrior,Nawmai: The Wancho Warrior,2026-09-18,113,Action|War,0.0,0,IN,,,,
1691541,,,She Sells Seashells,She Sells Seashells,2026-05-08,23,Drama,0.0,0,IN,,,,
1712147,,,Sacred Walls-The Journey of Bhuri Bai,Sacred Walls-The Journey of Bhuri Bai,2026-05-19,26,Documentary,0.0,0,,,,,
1606512,,,I Bleed Ashes,I Bleed Ashes,2026-01-01,12,Drama,0.0,0,IN,,,,
1746209,,,Bhram,Bhram,2026-06-24,0,Mystery|Horror,0.0,0,,,,,
1719273,,,सिगरेट//سگریٹ//CIGARETTE,सिगरेट//سگریٹ//CIGARETTE,2026-06-27,12,Thriller,0.0,0,IN,,,,
1752887,,,A TOY GUN,A TOY GUN,2026-08-21,15,Crime|Comedy,0.0,0,,,,,
1721282,tt43620682,,Aligned Apart,Aligned Apart,2026-08-07,21,Romance|Drama,10.0,1,,,,,
1752936,,,Before You Go,Before You Go,2026-08-20,2,Drama,0.0,0,IN,,,,
1662054,,,Madhur Virli: MasterPeace,Madhur Virli: MasterPeace,2026-04-01,94,Comedy,0.0,0,,,,,
1779591,,,The Alfred Eulogy,The Alfred Eulogy,2026-12-24,21,Drama,0.0,0,IN,,,,
1763591,,,The Transition,Roopantar,2026-09-06,20,Drama,0.0,0,,,,,
1639138,tt39328471,Q138347958,Shatak,Shatak,2026-02-20,112,Drama|History,9.0,1,,,,,
1759359,tt40655747,,The Legend of Udham Singh,The Legend of Udham Singh,2026-03-20,131,Drama|Action,0.0,0,IN,,,,
1626287,,,BIG BOUNTY : The Ultimate Bounty Hunt,BIG BOUNTY : The Ultimate Bounty Hunt,2026-01-20,10,Action|Mystery|Adventure,0.0,0,,,,,
1774411,tt43712014,,Bharat Desh Hai Mera,Bharat Desh Hai Mera,2026-09-18,0,Drama|War|History,0.0,0,,,,,
1724421,,,Qaid,Qaid,2026-07-03,23,Thriller,0.0,0,,,,,
1729403,,,Ire,Ire,2026-07-11,8,Horror|Drama|Thriller,0.0,0,IN,,,,
1732110,,,GOR,GOR,2026-10-08,20,Thriller|Science Fiction|Horror,0.0,0,,,,,
1682860,,,Nazar,Nazar,2026-06-29,14,,0.0,0,,,,,
1612706,,,Kal Kisne Dekha Hai,Kal Kisne Dekha Hai,2026-01-07,30,Adventure|Drama,0.0,0,IN,,,,
1616923,tt39363771,,The Wheel of the sky,Charkh-e-falak,2026-01-20,25,Drama,0.0,0,IN,,,,
1705299,,,THE ETERNAL MAN,THE ETERNAL MAN,2026-06-01,0,Horror,0.0,0,IN,,,,
1604404,,,Direct Recruitment,Seedhi Bharti,2026-05-24,8,,0.0,0,IN,,,,
1785071,,,"No, Thank You","No, Thank You",2026-09-29,3,,0.0,0,,,,,
1733936,,,The Abeyance,The Abeyance,2026-07-31,16,Drama|Romance,0.0,0,IN,,,,
1525100,tt37798779,,Haye Hukku Haye Hukku Haaye Haaye Haaye,Haye Hukku Haye Hukku Haaye Haaye Haaye,2026-02-14,0,Romance,0.0,0,IN,,,,
1670578,,,The Stolen Future,The Stolen Future,2026-04-18,18,,0.0,0,,,,,
1732052,,,Character's Creation,Character's Creation,2026-08-15,5,Drama|Thriller,0.0,0,,,,,
1624452,,,ROOM 110,ROOM 110,2026-02-04,7,Thriller,0.0,0,IN,,,,
1743170,tt38045934,,The Chair,The Chair,2026-08-05,7,Horror|Mystery|Drama,0.0,0,IN,,,,
1710034,,,Afreet - A Never Ending Night,Afreet - A Never Ending Night,2026-10-14,23,Horror|Comedy,0.0,0,IN,,,,
1751124,,,SANJAY VERMA,SANJAY VERMA,2026-08-15,23,Documentary,0.0,0,,,,,
1731375,,,Shit Story,Shit Story,2026-07-10,13,Comedy,0.0,0,IN,,,,
1647269,,,Last 1%,Last 1%,2026-02-13,5,,8.0,1,,,,,
1646241,,,Chai aur Parchi,Chai aur Parchi,2026-03-04,11,Drama|Mystery,0.0,0,IN,,,,
792220,tt13576680,,Vo Ladki,Vo Ladki,2026-06-10,0,,0.0,0,,,,,
1774699,,,Ek Kavita,Ek Kavita,2026-09-20,14,Drama,0.0,0,,,,,
1524093,tt37781182,,Jim Jam Jelly,Jim Jam Jelly,2026-03-03,0,Adventure|Comedy,0.0,0,IN,,,,
1787802,,,Madhur Virli: Casual - Tea,Madhur Virli: Casual - Tea,2026-10-03,98,,0.0,0,,,,,
1685929,,,House,घर,2026-04-17,18,,0.0,0,IN,,,,
1615337,tt39346085,,Audition Room,Audition Room,2026-01-10,14,Drama,0.0,0,IN,,,,
1647222,,,Apology,Apology,2026-07-25,30,Comedy|Drama,0.0,0,IN,,,,
1619576,,,The Argument: Was it ever over?,The Argument: Was it ever over?,2026-01-19,6,Mystery|Thriller,0.0,0,,,,,
951687,,,Narayan Pustika 2 - Endless,Narayan Pustika 2 - Endless,2026-12-30,201,,0.0,0,,,,,
1645505,tt40371627,,Beyond the Pages,Beyond the Pages,2026-03-14,8,Drama,0.0,0,IN,,,,
1721214,,,Settlements along the seashore,Samandar Kinaare Basi Bastiyaan,2026-04-26,61,,0.0,0,IN,,,,
1703919,,,Teesri Begum,Teesri Begum,2026-05-22,112,Drama,0.0,0,IN,,,,
1726973,,,Fresher's Party | Stand Up Special,Fresher's Party | Stand Up Special,2026-06-05,73,Comedy,0.0,0,IN,,,,
1753896,,,Abijit Ganguly: Baby,Abijit Ganguly: Baby,2026-08-19,28,,0.0,0,,,,,
1643091,,,स्वीकृतीची भूक,स्वीकृतीची भूक,2026-02-27,0,Documentary,0.0,0,,,,,
1649001,tt40450843,,Black pepper,KALA KAGAZ,2026-03-06,9,Drama|Family,0.0,0,,,,,
1679742,,,Mast Mahila Mandali,मस्त महिला मंडली,2026-04-28,73,Documentary,0.0,0,IN,,,,
1654368,,,KAAM 25,KAAM 25,2026-02-28,16,Crime,0.0,0,IN,,,,
1454883,tt36042513,,UKV's Dandelions,UKV's Dandelions,2026-01-04,0,Action,0.0,0,,,,,
1788785,tt46082139,,It's Only 47°C,It's Only 47°C,2026-06-10,16,Drama,0.0,0,IN,,,,
1790057,,,Ciggie NO Biggie,Ciggie NO Biggie,2026-09-04,13,Comedy,0.0,0,,,,,
1792173,,,Distant,डिस्टेंट,2026-02-20,88,Drama,0.0,0,IN,,,,
1792167,,,Only Me,Only Me,2026-10-09,0,,0.0,0,,,,,
