wikidata_id,title,release_date,director,narrative_location,narrative_coordinates,filming_location,filming_coordinates
Q137537086,Mamta Child Factory,2025-12-10,Mohsin Khan,,,,
Q137554596,Early Days,2025-12-10,,Mumbai,Point(72.8775 19.075833333),Mumbai,Point(72.8775 19.075833333)
Q135230927,Dhurandhar,2025-12-05,Aditya Dhar,,,,
Q136697978,Q136697978,2025-11-12,Pierre Filmon,Delhi,Point(77.216666666 28.666666666),,
Q138546644,The Great Sultana,2025-11-07,Sudhish Kumar Sharma,,,,
Q136385978,The Taj Story,2025-10-31,,,,,
Q137362603,18 Heartbeats: Recording Live,2025-10-31,Anurag Jha,,,,
Q136656938,Single Salma,2025-10-31,,,,,
Q135927381,Ek Deewane Ki Deewaniyat,2025-10-21,Milap Zaveri,,,,
Q131278913,Baaghi 4,2025-10-07,A Harsha,,,,
Q136697978,Q136697978,2025-10-01,Pierre Filmon,Delhi,Point(77.216666666 28.666666666),,
Q135537955,Nishaanchi,2025-09-19,Anurag Kashyap,,,,
Q126013443,Jolly LLB 3,2025-09-19,Subhash Kapoor,,,,
Q135943665,Love in Vietnam,2025-09-12,,,,,
Q135678446,Monkey in a Cage,2025-09-06,Anurag Kashyap,,,,
Q131278913,Baaghi 4,2025-09-05,A Harsha,,,,
Q133815568,The Bengal Files,2025-09-05,Vivek Agnihotri,,,,
Q134378758,Param Sundari,2025-08-29,,,,,
Q118904000,Songs of Paradise,2025-08-29,Danish Renzu,,,,
Q124852530,War 2,2025-08-14,Ayan Mukerji,,,,
Q130460117,Son of Sardaar 2,2025-08-01,Vijay Kumar Arora,,,,
Q133571443,Ajey: The Untold Story of a Yogi,2025-08-01,Ravindra Gautam,,,,
Q135319573,Mahavatar Narsimha,2025-07-25,,,,,
Q135443295,Sarzameen,2025-07-25,Kayoze Irani,,,,
Q135393743,Saiyaara,2025-07-18,Mohit Suri,,,,
Q133809678,Maalik,2025-07-11,,,,,
Q130550614,Metro... In Dino,2025-07-04,Anurag Basu,,,,
Q134601073,Maa,2025-06-27,,,,,
Q125637377,Sitaare Zameen Par,2025-06-22,R.S. Prasanna,,,,
Q125637377,Sitaare Zameen Par,2025-06-20,R.S. Prasanna,,,,
Q135092610,Sadanira,2025-06-20,Devrishi,,,,
Q140367237,Mann Behka,2025-05-30,Raghav Pillutla,,,,
Q133849153,Bhool Chuk Maaf,2025-05-23,,,,,
Q134434990,His Story of Itihaas,2025-05-23,Manpreet Singh Dhami,,,,
Q134486853,Homebound,2025-05-21,Neeraj Ghaywan,,,,
Q126918438,Raid 2,2025-05-01,Raj Kumar Gupta,,,,
Q133890495,Ground Zero,2025-04-25,Tejas Prabha Vijay Deoskar,,,,
Q133847559,Rimjhim: Woh Laut Aayi,2025-04-20,,,,,
Q133808481,Kesari Chapter 2,2025-04-18,,,,,
Q125861557,Sikandar,2025-03-30,A. R. Murugadoss,,,,
Q132797538,The Diplomat,2025-03-14,Shivam Nair,,,,
Q132355940,Crazxy,2025-02-28,Girish Kohli,,,,
Q126537613,Dhadak 2,2025-02-21,Shazia Iqbal,,,,
Q127012906,Chhaava,2025-02-14,Laxman Utekar,,,,
Q132407629,Dhoom Dhaam,2025-02-14,,,,,
Q125422662,All We Imagine as Light,2025-02-13,Payal Kapadia,,,,
Q126453800,Mrs.,2025-02-07,Arati Kadav,,,,
Q125295778,Deva,2025-01-31,Rosshan Andrrews,,,,
Q122909399,Sky Force,2025-01-24,,,,,
Q131128597,Azaad,2025-01-17,Abhishek Kapoor,,,,
Q115945804,Emergency,2025-01-17,Kangana Ranaut,,,,
Q131428405,Match Fixing,2025-01-10,,,,,
Q125422662,All We Imagine as Light,2025-01-03,Payal Kapadia,,,,
Q126537613,Dhadak 2,2025-01-01,Shazia Iqbal,,,,
Q136370164,Shape of Momo,2025-01-01,,,,,
Q136681363,Baramulla,2025-01-01,Aditya Suhas Jambhale,,,,
Q131355417,Vijay 69,2024-12-09,,,,,
Q130632329,Sikandar Ka Muqaddar,2024-11-29,Neeraj Pandey,,,,
Q123193268,Dard,2024-11-15,Anonno Mamun,,,,
Q56279881,Tumbbad,2024-11-15,Rahi Anil Barve | Anand Gandhi,Maharashtra,Point(75.713888055 19.75148),,
Q131355417,Vijay 69,2024-11-08,,,,,
Q126954881,Bhool Bhulaiyaa 3,2024-11-01,Anees Bazmee,,,,
Q130424855,Do Patti,2024-10-25,,,,,
Q125422662,All We Imagine as Light,2024-10-10,Payal Kapadia,,,,
Q122909399,Sky Force,2024-10-02,,,,,
Q125422662,All We Imagine as Light,2024-10-02,Payal Kapadia,,,,
Q130362806,Binny And Family,2024-09-27,,,,,
Q129581086,Kahan Shuru Kahan Khatam,2024-09-20,,,,,
Q129824701,Adbhut,2024-09-15,Sabbir Khan,,,,
Q129905515,The Diary of West Bengal,2024-08-30,,,,,
Q124254266,Stree 2,2024-08-15,Amar Kaushik,,,,
Q127945769,Aliya Basu Gayab Hai,2024-08-09,Preeti Singh,,,,
Q126285104,Auron Mein Kahan Dum Tha,2024-08-02,Neeraj Pandey,,,,
Q125510637,Ulajh,2024-08-02,Sudhanshu Saria,,,,
Q127566781,Bloody Ishq,2024-07-26,Vikram Bhatt,,,,
Q138508899,Uparwala & Sons,2024-07-26,,,,,
Q124532446,Sarfira,2024-07-12,Sudha Kongara Prasad,,,,
Q127375342,Wild Wild Punjab,2024-07-10,,,,,
Q126617484,Rautu Ka Raaz,2024-06-28,,,,,
Q112430183,Kalki 2898 AD,2024-06-27,Nag Ashwin,,,,
Q126877461,Maharaj,2024-06-21,Siddharth P. Malhotra,,,,
Q126279815,Luv Ki Arrange Marriage,2024-06-14,,,,,
Q126086642,Munjya,2024-06-07,Aditya Sarpotdar,,,,
Q126086650,Barah x Barah,2024-05-24,,,,,
Q125422662,All We Imagine as Light,2024-05-23,Payal Kapadia,,,,
Q126000372,Santosh,2024-05-20,Sandhya Suri,,,,
Q124693553,The Sabarmati Report,2024-05-03,Dheeraj Sarna,,,,
Q122642767,Chhota Bheem and the Curse of Damyaan,2024-05-01,Rajiv Chilaka,,,,
Q125470463,Kaam Chalu Hai,2024-04-19,Palash Muchhal,,,,
Q125289290,Silence 2: The Night Owl Bar Shootout,2024-04-16,,,,,
Q124728747,Amar Singh Chamkila,2024-04-12,Imtiaz Ali,,,Mumbai | Ludhiana | Mehsampur,Point(75.500122 31.025721) | Point(75.848611111 30.908333333) | Point(72.8775 19.075833333)
Q118502010,Devara: Part 1,2024-04-05,Koratala Siva,,,,
Q123749605,Bastar: The Naxal Story,2024-04-05,Sudipto Sen,,,,
Q124304410,Do Aur Do Pyaar,2024-03-29,,,,,
Q124656178,Crew,2024-03-29,Rajesh Krishnan,,,,
Q124797679,Madgaon Express,2024-03-22,Kunal Khemu,,,,
Q116689545,Ae Watan Mere Watan,2024-03-21,Kannan Iyer,,,,
Q124030529,Murder Mubarak,2024-03-15,Homi Adajania,,,,
Q104880249,Tera Kya Hoga Lovely,2024-03-08,,,,,
Q123982001,Girls Will Be Girls,2024-03-08,Shuchi Talati,,,,
Q124714626,Laapataa Ladies,2024-03-01,Kiran Rao,,,,
Q124739921,Dange,2024-03-01,Bejoy Nambiar,,,,
Q124325961,Article 370,2024-02-23,Aditya Suhas Jambhale,,,,
Q123956214,Crakk Jeetegaa... Toh Jiyegaa!,2024-02-23,Aditya Datt,,,,
Q124412409,All India Rank,2024-02-23,Varun Grover,,,,
Q124555611,Kuch Khattaa Ho Jaay,2024-02-16,G. Ashok,,,,
Q124340421,Aakhir Palaayan Kab Tak,2024-02-16,,,,,
Q124323601,Bhakshak,2024-02-09,Pulkit,Muzaffarpur,Point(85.383333333 26.12),Bihar,Point(85.13 25.37)
Q124260479,Teri Baaton Mein Aisa Uljha Jiya,2024-02-09,Amit Joshi | Aradhana Sah,,,,
Q123982001,Girls Will Be Girls,2024-02-01,Shuchi Talati,,,,
Q140367237,Mann Behka,2024-01-28,Raghav Pillutla,,,,
Q123982001,Girls Will Be Girls,2024-01-20,Shuchi Talati,,,,
Q116158209,Main Atal Hoon,2024-01-19,Ravi Jadhav,,,,
Q122642379,Merry Christmas,2024-01-12,Sriram Raghavan,,,,
Q136664622,Main Paapi Hoon,2024-01-05,Jay Dogra,,,,
Q127630083,Khel Khel Mein,2024-01-01,Muddassar Aziz,,,,
Q122341144,Dunki,2024-01-01,Rajkumar Hirani,,,,
Q123528206,Singham Again,2024-01-01,Rohit Shetty,,,,
Q136954074,Chashma (short film),2024-01-01,,,,,
Q121755886,Kho Gaye Hum Kahan,2023-12-26,,,,,
Q122341144,Dunki,2023-12-22,Rajkumar Hirani,,,,
Q123910754,Dry Day,2023-12-22,Saurabh Shukla,,,,
Q122341144,Dunki,2023-12-21,Rajkumar Hirani,,,,
Q123505874,Kadak Singh,2023-12-08,Aniruddha Roy Chowdhury,,,,
Q123670743,Mast Mein Rehne Ka,2023-12-08,Vijay Maurya,,,,
Q119625127,The Archies,2023-12-07,Zoya Akhtar,,,Mumbai | Ooty | Mauritius,Point(57.5 -20.2) | Point(76.693888888 11.408611111) | Point(72.8775 19.075833333)
Q117279779,Sam Bahadur,2023-12-01,Meghna Gulzar,,,,
Q115947372,Animal,2023-12-01,Sandeep Vanga,,,,
Q123537524,Farrey,2023-11-24,,,,,
Q119625127,The Archies,2023-11-22,Zoya Akhtar,,,Mumbai | Ooty | Mauritius,Point(57.5 -20.2) | Point(76.693888888 11.408611111) | Point(72.8775 19.075833333)
Q100704907,Tiger 3,2023-11-12,Maneesh Sharma,,,,
Q100704907,Tiger 3,2023-11-10,Maneesh Sharma,,,,
Q123282967,Pippa,2023-11-10,Raja Krishna Menon,,,,
Q123338264,Shastry Virudh Shastry,2023-11-03,Shiboprosad Mukherjee | Nandita Roy,,,,
Q85739358,Aankh Micholi,2023-10-27,Umesh Shukla,,,,
Q122921105,12th Fail,2023-10-27,Vidhu Vinod Chopra,,,,
Q137009833,Pyar Ki Policy,2023-10-27,Sudhish Kumar Sharma,,,,
Q109535238,Ganapath,2023-10-20,Vikas Bahl,,,,
Q114713458,Yaariyan 2,2023-10-20,Radhika Rao | Vinay Sapru,,,,
Q118903506,Bhagwan Bharose,2023-10-13,Shiladitya Bora,,,,
Q122863643,Dhak Dhak,2023-10-13,Tarun Dudeja,,,,
Q134985394,Bahadur: The Brave,2023-09-23,Diwa Shah,,,,
Q121841702,Suspect X,2023-09-21,Sujoy Ghosh,,,,
Q128923173,Ghuspaithiya,2023-09-12,Susi Ganeshan,,,,
Q124714626,Laapataa Ladies,2023-09-08,Kiran Rao,,,,
Q113493289,Jawan,2023-09-07,Atlee,,,,
Q125207809,Kill,2023-09-07,Nikhil Nagesh Bhat,,,,
Q121763738,Friday Night Plan,2023-09-01,,,,,
Q121302142,Love All,2023-08-25,,,,,
Q115978799,Dream Girl 2,2023-08-25,Raaj Shaandilyaa,,,,
Q121066362,Ghoomer,2023-08-18,R. Balki,,,,
Q113987357,Gadar 2,2023-08-11,Anil Sharma,Pakistan,Point(71.0 30.0),,
Q110263831,OMG 2 – Oh My God! 2,2023-08-11,Amit Rai,,,,
Q121337955,One Friday Night,2023-07-28,Manish Gupta,,,,
Q108392396,Rocky Aur Rani Ki Prem Kahani,2023-07-28,Karan Johar,,,,
Q120630072,Trial Period,2023-07-21,Aleya Sen,,,,
Q119087554,Ajmer 92,2023-07-21,,,,,
Q120360584,Bawaal,2023-07-21,Nitesh Tiwari,,,,
Q118853741,Tarla,2023-07-07,,,,,
Q119819397,Neeyat,2023-07-07,Anu Menon,,,,
Q119975270,72 Hoorain,2023-07-07,Sanjay Puran Singh Chauhan,,,,
Q119133685,Lust Stories 2,2023-06-29,R. Balki | Konkona Sen Sharma | Sujoy Ghosh | Amit Sharma,,,,
Q113801051,Satyaprem Ki Katha,2023-06-29,Sameer Vidwans,,,,
Q110224039,Tiku Weds Sheru,2023-06-23,,,,,
Q121461303,I Love You,2023-06-16,Nikhil Mahajan,,,,
Q105686962,Mumbaikar,2023-06-02,Santosh Sivan,,,,
Q118485928,Zara Hatke Zara Bachke,2023-06-02,Laxman Utekar,,,,
Q118288464,Kennedy,2023-05-25,Anurag Kashyap,,,,
Q118179871,Sirf Ek Bandaa Kaafi Hai,2023-05-23,,,,,
Q115810667,Kathal,2023-05-19,,,,,
Q118496312,Kacchey Limbu,2023-05-19,,,,,
Q117870761,IB71,2023-05-12,Sankalp Reddy,,,,
Q115805854,The Kerala Story,2023-05-05,,,,,
Q114151707,Afwaah,2023-05-05,Sudhir Mishra,,,,
Q117842616,U-Turn,2023-04-28,,,,,
Q65044911,Bad Boy,2023-04-28,Rajkumar Santoshi,,,,
Q117474908,Mrs Undercover,2023-04-14,,,,,
Q112030370,Khufiya,2023-04-12,Vishal Bhardwaj,,,,
Q117260139,Gumraah,2023-04-07,,,,,
Q117322876,Kanjoos Makhichoos,2023-03-24,Vipul Mehta,,,,
Q116980496,Chor Nikal Ke Bhaga,2023-03-24,,,,,
Q849343,Dilwale Dulhania Le Jayenge,2023-03-22,Aditya Chopra,London | India,Point(83.0 22.8) | Point(-0.1275 51.507222222),Switzerland | India | London,Point(8.231973 46.798562) | Point(-0.1275 51.507222222) | Point(83.0 22.8)
Q109284953,Shehzada,2023-02-17,Rohit Dhawan,,,,
Q137661625,Main Raj Kapoor Ho Gaya,2023-02-17,,,,,
Q116873353,Shiv Shastri Balboa,2023-02-10,Ajayan Venugopalan,,,,
Q116675748,Gandhi Godse – Ek Yudh,2023-01-26,Rajkumar Santoshi,,,,
Q124454674,Operation Fryday,2023-01-26,Vishram Sawant,,,,
Q114620212,Pathaan,2023-01-25,Siddharth Anand,,,,
Q105499772,Mission Majnu,2023-01-20,,,,,
Q115959696,Chhatriwali,2023-01-20,Tejas Prabha Vijay Deoskar,,,,
Q115917572,Kuttey,2023-01-13,,,,,
Q133849153,Bhool Chuk Maaf,2023-01-01,,,,,
Q119487174,Lafzon Mein Pyaar,2023-01-01,,,,,
Q122034458,Against the Tide,2023-01-01,,,,Mumbai,Point(72.8775 19.075833333)
Q111744207,1920 Horrors Of The Heart,2023-01-01,Krishna Bhatt,,,,
Q116738073,Selfiee,2023-01-01,Raj Mehta,,,,
Q105605280,Adipurush,2023-01-01,Om Raut,,,,
Q118903224,Haddi,2023-01-01,,,,,
Q112161059,Kisi Ka Bhai Kisi Ki Jaan,2022-12-30,Farhad Samji,,,,
Q6544526,Life's Good,2022-12-09,Anant Mahadevan,Mumbai,Point(72.8775 19.075833333),,
Q108084407,Blurr,2022-12-09,,,,,
Q115694612,Vadh,2022-12-09,Jaspal Singh Sandhu,,,,
Q115561244,India Lockdown,2022-12-02,Madhur Bhandarkar,,,,
Q115048848,Qala,2022-12-01,Anvita Dutt,,,,
Q106348441,Bhediya,2022-11-25,Amar Kaushik,,,,
Q112665700,Drishyam 2,2022-11-18,Abhishek Pathak,,,,
Q112274220,"Monica, O My Darling",2022-11-11,Vasan Bala,,,,
Q115803403,Anth The End,2022-11-11,,,,,
Q109657200,Mili,2022-11-04,Mathukutty Xavier,,,,
Q25206197,Tadka,2022-11-04,Prakash Raj,,,,
Q113402105,Phone Bhoot,2022-11-01,Gurmmeet Singh,,,,
Q105742453,Thank God,2022-10-25,Indra Kumar,,,,
Q106578075,Ram Setu,2022-10-24,Abhishek Sharma,,,,
Q106522114,Goodbye,2022-10-07,Vikas Bahl,,,,
Q115013634,Nazar Andaaz,2022-10-07,Vikrant Deshmukh,,,,
Q114696416,Maja Ma,2022-10-06,Anand Tiwari,,,,
Q108122170,Plan A Plan B,2022-09-30,Shashanka Ghosh,,,,
Q110550806,Vikram Vedha,2022-09-29,Gayatri | Pushkar,,,,
Q114585957,Atithi Bhooto Bhava,2022-09-23,,,,,
Q111907329,Babli Bouncer,2022-09-23,Madhur Bhandarkar,,,,
Q116483092,Lost,2022-09-22,Aniruddha Roy Chowdhury,,,,
Q113649029,Jahaan Chaar Yaar,2022-09-16,,,,,
Q114065093,Jogi,2022-09-16,Ali Abbas Zafar,,,,
Q27957908,Brahmāstra Part One: Shiva,2022-09-09,Ayan Mukerji,,,,
Q113574556,Cuttputlli,2022-09-02,,,,,
Q113561583,Holy Cow,2022-08-26,,,,,
Q104904706,Liger,2022-08-25,Puri Jagannadh,,,,
Q111991013,Dobaaraa,2022-08-19,Anurag Kashyap,,,,
Q73093255,Laal Singh Chaddha,2022-08-11,Advait Chandan,,,,
Q107312025,Raksha Bandhan,2022-08-11,Aanand L. Rai,,,,
Q107584214,Darlings,2022-08-05,,India,Point(83.0 22.8),,
Q106040398,Ek Villain Returns,2022-07-29,Mohit Suri,,,,
Q131056989,Recommended For You,2022-07-20,,,,,
Q124125185,Ladki: Dragon Girl,2022-07-15,Ram Gopal Varma,,,,
Q107137046,Jaadugar,2022-07-15,Sameer Saxena,,,,
Q109002043,Shabaash Mithu,2022-07-15,Srijit Mukherji,,,,
Q107468874,Invisible Demons,2022-07-07,Rahul Jain,,,,
Q112316846,Forensic,2022-06-24,,,,,
Q112838878,Sherdil: The Pilibhit Saga,2022-06-24,Srijit Mukherji,,,,
Q104879981,Jug Jugg Jeeyo,2022-06-24,Raj Mehta,,,,
Q112683486,Naadi Dosh,2022-06-17,Krishnadev Yagnik,,,,
Q111837770,Janhit Mein Jaari,2022-06-10,Jai Basantu Singh,,,,
Q115959706,Anya,2022-06-10,,,,,
Q112117282,Ardh,2022-06-10,Palash Muchhal,,,,
Q111844179,Govinda Naam Mera,2022-06-10,Shashank Khaitan,,,,
Q107468874,Invisible Demons,2022-05-26,Rahul Jain,,,,
Q111753058,Mrs. Chatterjee vs Norway,2022-05-20,Ashima Chibber,,,,
Q67200799,Bhool Bhulaiyaa 2,2022-05-20,Anees Bazmee,,,,
Q111801723,Dhaakad,2022-05-20,,,,,
Q77906136,Jayeshbhai Jordaar,2022-05-13,Divyang Thakkar,,,,
Q111631646,Rocket Gang,2022-05-06,Bosco Martis,,,,
Q106616993,Runway 34,2022-04-29,Ajay Devgn,,,,
Q85771113,Jersey,2022-04-22,Gowtham Tinnanuri,,,,
Q107468874,Invisible Demons,2022-04-18,Rahul Jain,,,,
Q107468874,Invisible Demons,2022-04-09,Rahul Jain,,,,
Q106311023,Dasvi,2022-04-07,,,,,
Q111467967,Cobalt Blue,2022-04-02,Sachin Kundalkar,,,,
Q109284672,Jalsa,2022-03-18,,,,,
Q104821313,The Kashmir Files,2022-03-11,Vivek Agnihotri,,,,
Q97119189,Radhe Shyam,2022-03-11,Radha Krishna Kumar,,,,
Q110990613,Toolsidas Junior,2022-03-04,,,,,
Q85762670,Gangubai Kathiawadi,2022-02-25,Sanjay Leela Bhansali,Mumbai,Point(72.8775 19.075833333),Mumbai,Point(72.8775 19.075833333)
Q111019247,Visfot,2022-02-23,,,,,
Q111213921,Ghudchadi,2022-02-23,Binoy Gandhi,,,,
Q110942315,A Thursday,2022-02-17,,Mumbai,Point(72.8775 19.075833333),,
Q129035365,Rosie: The Saffron Chapter,2022-02-14,Vishal Mishra,,,,
Q110954698,UnBlock,2022-02-14,,,,,
Q110362258,Gehraiyaan,2022-02-11,Shakun Batra,,,,
Q105951010,Looop Lapeta,2022-02-04,,,,,
Q110664536,36 Farmhouse,2022-01-21,,,,,
Q115926106,An Action Hero,2022-01-01,,,,,
Q114686959,Middle Class Love,2022-01-01,Anubhav Sinha,,,,
Q67980392,Nikamma,2022-01-01,Sabbir Khan,,,India,Point(83.0 22.8)
Q113134982,The Man & The Angel,2022-01-01,Rupesh Paul,,,,
Q88540764,Heropanti 2,2022-01-01,Ahmed Khan,,,,
Q108101639,Love Hostel,2022-01-01,Shanker Raman,,,,
Q85762670,Gangubai Kathiawadi,2022-01-01,Sanjay Leela Bhansali,Mumbai,Point(72.8775 19.075833333),Mumbai,Point(72.8775 19.075833333)
Q136664608,Pisaach: A Greed,2022-01-01,Sunny Prajapati,,,,
Q105671795,Badhaai Do,2022-01-01,Harshavardhan Kulkarni,,,,
Q111662938,All That Breathes,2022-01-01,Shaunak Sen,,,Wazirabad | Delhi | New Delhi,Point(77.222 28.728) | Point(77.208888888 28.613888888) | Point(77.216666666 28.666666666)
Q115654457,Maarrich,2022-01-01,Dhruv Lather,,,,
Q112676541,HIT: The First Case,2022-01-01,Sailesh Kolanu,,,,
Q105951056,Anek,2022-01-01,Anubhav Sinha,Northeast India,Point(92.7 26.0),,
Q114696411,Chitrakut,2022-01-01,,,,,
Q87196215,Atrangi Re,2021-12-24,Aanand L. Rai,,,,
Q85419123,83,2021-12-23,Kabir Khan,Nevill Ground | England | The Oval | Dulwich College | Glasgow | Mumbai | Edinburgh | Royal Tunbridge Wells,Point(0.263 51.132) | Point(0.267777777 51.121944444) | Point(72.8775 19.075833333) | Point(-0.084166666 51.439444444) | Point(-0.114980555 51.483719444) | Point(-3.189166666 55.953333333) | Point(-1.0 53.0) | Point(-4.25 55.861111111),England,Point(-1.0 53.0)
Q110362904,420 IPC,2021-12-17,Manish Gupta,,,,
Q104879226,Chandigarh Kare Aashiqui,2021-12-10,Abhishek Kapoor,,,,
Q79597361,Bob Biswas,2021-12-03,,,,,
Q104879238,Chhorii,2021-11-26,,,,,
Q107468874,Invisible Demons,2021-11-26,Rahul Jain,,,,
Q105077561,Antim: The Final Truth,2021-11-26,Mahesh Manjrekar,,,,
Q104834950,Dhamaka,2021-11-19,Ram Madhvani,,,,
Q108901401,Meenakshi Sundareshwar,2021-11-05,,,,,
Q61994951,Sooryavanshi,2021-11-05,Rohit Shetty,Mumbai,Point(72.8775 19.075833333),Mumbai | Hyderabad | Bangkok,Point(100.516666666 13.75) | Point(78.474722222 17.361666666) | Point(72.8775 19.075833333)
Q61994951,Sooryavanshi,2021-11-04,Rohit Shetty,Mumbai,Point(72.8775 19.075833333),Mumbai | Hyderabad | Bangkok,Point(100.516666666 13.75) | Point(78.474722222 17.361666666) | Point(72.8775 19.075833333)
Q108522103,Bhavai,2021-10-22,Hardik Gajjar,,,,
Q107468874,Invisible Demons,2021-10-18,Rahul Jain,,,,
Q106623488,Sanak,2021-10-15,,,,,
Q107468874,Invisible Demons,2021-10-15,Rahul Jain,,,,
Q85800832,Shiddat,2021-10-01,Kunal Deshmukh,,,,
Q107468874,Invisible Demons,2021-09-25,Rahul Jain,,,,
Q107468874,Invisible Demons,2021-09-19,Rahul Jain,,,,
Q108770555,Ankahi Kahaniya,2021-09-17,Abhishek Chaubey | Saket Chaudhary | Ashwiny Iyer Tiwari,,,,
Q108613403,A Night of Knowing Nothing,2021-09-12,Payal Kapadia,,,,
Q63928274,Chehre,2021-08-27,Rumi Jaffery,,,Slovakia,Point(19.7 48.7)
Q65065643,Shershaah,2021-08-12,Vishnuvardhan,,,,
Q108613403,A Night of Knowing Nothing,2021-07-25,Payal Kapadia,,,,
Q85767755,Hungama 2,2021-07-23,Priyadarshan,,,,
Q108613403,A Night of Knowing Nothing,2021-07-15,Payal Kapadia,,,,
Q107468874,Invisible Demons,2021-07-12,Rahul Jain,,,,
Q107539711,State of Siege: Temple Attack,2021-07-09,Ken Ghosh,,,,
Q104608354,14 Phere,2021-07-09,,,,,
Q85756534,Skater Girl,2021-06-11,Manjari Makijany,,,,
Q108044601,Shaadisthan,2021-06-11,Raj Singh Chaudhary,,,,
Q106831272,Sardar Ka Grandson,2021-05-18,,,,,
Q113023223,RK/RKay,2021-05-14,Rajat Kapoor,,,,
Q101245004,God of Cricket,2021-04-24,,,,,
Q106362967,Ajeeb Daastaans,2021-04-16,Shashank Khaitan,,,,
Q106646625,Consequence Karma,2021-04-09,,,,,
Q74560421,The Big Bull,2021-04-08,Kookie V. Gulati,,,,
Q107391262,Flight,2021-04-02,,,,,
Q85791783,Pagglait,2021-03-26,,,,,
Q105730524,Silence... Can You Hear It?,2021-03-26,,,,,
Q63257096,Saina,2021-03-26,Amole Gupte,,,,
Q48671184,Sandeep Aur Pinky Faraar,2021-03-19,Dibakar Banerjee,Delhi,Point(77.216666666 28.666666666),Pithoragarh district | Mahipalpur,Point(80.25 30.0) | Point(80.0 29.4)
Q17075453,Mumbai Saga,2021-03-19,Sanjay Gupta,Mumbai,Point(72.8775 19.075833333),Mumbai,Point(72.8775 19.075833333)
Q77906247,Mera Fauji Calling,2021-03-11,Aaryaan Saxena,,,,
Q101245449,Lahore Confidential,2021-02-04,Kunal Kohli,,,,
Q105317229,Maassab,2021-01-29,Aditya Om,,,,
Q85847850,Tribhanga,2021-01-15,Renuka Shahane,,,,
Q105616541,The Power,2021-01-14,Mahesh Manjrekar,,,,
Q63563794,Kaagaz,2021-01-01,Satish Kaushik,Uttar Pradesh,Point(80.91 26.85),India,Point(83.0 22.8)
Q104608137,Major,2021-01-01,,,,,
Q5179184,The Interview: Night of 26/11,2021-01-01,,,,,
Q96417730,Babloo Bachelor,2021-01-01,Agnidev Chatterjee,,,,
Q75071510,Bell Bottom,2021-01-01,Ranjit Tewari,,,,
Q106075475,Nail Polish,2021-01-01,,,,,
Q106092165,Koi Jaane Na,2021-01-01,,,,,
Q106237691,Hello Charlie,2021-01-01,,,,,
Q63108829,Bhoot Police,2021-01-01,,,,,
Q108824626,Hum Do Hamare Do,2021-01-01,Abhishek Jain,,,,
Q110281432,Writing with Fire,2021-01-01,Sushmit Ghosh | Rintu Thomas,,,,
Q8065586,Zamaanat,2021-01-01,S. Raamanathan,,,,
Q85785582,Mimi,2021-01-01,Laxman Utekar,,,,
Q85800753,Sheer Qorma,2021-01-01,Faraz Arif Ansari,,,,
Q114695722,Cash,2021-01-01,,,,,
Q114718345,Rohingya,2021-01-01,,,,,
Q104522006,AK vs AK,2020-12-24,Vikramaditya Motwane,,,,
Q104835790,Unpaused,2020-12-18,Avinash Arun | Krishna D.K. | Nikhil Advani | Raj Nidimoru | Nitya Mehra | Tannishtha Chatterjee,,,,
Q77894201,Indoo Ki Jawani,2020-12-11,Abir Sengupta,Ghaziabad,Point(77.416666666 28.666666666),Lucknow,Point(80.947 26.847)
Q48671148,Torbaaz,2020-12-11,,Afghanistan,Point(66.0 33.0),,
Q85804270,Suraj Pe Mangal Bhari,2020-11-15,Abhishek Sharma,,,,
Q62073359,Chhalaang,2020-11-13,Hansal Mehta,Jhajjar | Haryana,Point(76.324722222 29.184166666) | Point(76.656388888 28.606111111),Mumbai | Haryana | Film City,Point(76.324722222 29.184166666) | Point(72.8867 19.1613) | Point(72.8775 19.075833333)
Q77892946,Ginny Weds Sunny,2020-10-09,,,,,
Q101245144,London Confidential,2020-09-18,,,,,
Q80384464,Haseen Dillruba,2020-09-18,Vinil Mathew,,,,
Q65068618,Class of '83,2020-08-21,,,,,
Q101245087,Mee Raqsam,2020-08-21,Baba Azmi,,,,
Q97495364,Raat Akeli Hai,2020-08-02,,India,Point(83.0 22.8),India,Point(83.0 22.8)
Q97495364,Raat Akeli Hai,2020-07-31,,India,Point(83.0 22.8),India,Point(83.0 22.8)
Q97184307,Yaara,2020-07-30,Tigmanshu Dhulia,,,,
Q55648020,Dil Bechara,2020-07-24,Mukesh Chhabra,Jamshedpur,Point(86.183333333 22.8),Jamshedpur,Point(86.183333333 22.8)
Q96631747,Bulbbul,2020-06-24,Anvita Dutt,West Bengal,Point(87.0 23.0),,
Q96374956,Choked: Paisa Bolta Hai,2020-06-05,Anurag Kashyap,,,,
Q16248590,Ghoomketu,2020-05-22,Pushpendra Nath Misra,,,,
Q62892931,Angrezi Medium,2020-03-13,Homi Adajania,,,,
Q137087874,Atithi Kab Aoge Shhamshan,2020-03-11,,,,,
Q72398161,Baaghi 3,2020-03-06,Ahmed Khan,,,,
Q77892452,Thappad,2020-02-28,Anubhav Sinha,,,,
Q96419103,Operation Parindey,2020-02-28,Sanjay Gadhvi,,,,
Q62020357,Malang,2020-02-07,Mohit Suri,,,,
Q85791785,Pagleaazam,2020-01-31,,,,,
Q62023603,Street Dancer,2020-01-30,Remo D'Souza,,,,
Q82260981,Sab Kushal Mangal,2020-01-03,,,,,
Q62023603,Street Dancer,2020-01-01,Remo D'Souza,,,,
Q56279146,Gul Makai,2020-01-01,Amjad Khan,Pakistan,Point(71.0 30.0),,
Q77894018,Khuda Haafiz,2020-01-01,Faruk Kabir,,,,
Q65077997,Jhund,2020-01-01,Nagraj Manjule,,,,
Q65081543,Coolie No. 1,2020-01-01,David Dhawan,India,Point(83.0 22.8),Bangkok,Point(100.516666666 13.75)
Q90346730,Maska,2020-01-01,Neeraj Udhwani,Mumbai,Point(72.8775 19.075833333),,
Q77892513,Lootcase,2020-01-01,Rajesh Krishnan,Mumbai,Point(72.8775 19.075833333),Mumbai,Point(72.8775 19.075833333)
Q65085740,Bhuj: The Pride of India,2020-01-01,Abhishek Dudhaiya,,,,
Q83615923,Attack,2020-01-01,Lakshya Raj Anand,,,Mumbai,Point(72.8775 19.075833333)
Q77889909,Khaali Peeli,2020-01-01,Maqbool Khan,Mumbai,Point(72.8775 19.075833333),Mumbai,Point(72.8775 19.075833333)
Q92845657,Virgin Bhanupriya,2020-01-01,Ajay Lohan,Mumbai,Point(72.8775 19.075833333),Mumbai,Point(72.8775 19.075833333)
Q61995311,Panga,2020-01-01,Ashwiny Iyer Tiwari,,,,
Q94939303,Mrs. Serial Killer,2020-01-01,Shirish Kunder,,,,
Q77884684,Bhoot – Part One: The Haunted Ship,2020-01-01,,,,,
Q96373040,Bamfaad,2020-01-01,,,,,
Q75330260,Samrat Prithviraj,2020-01-01,Chandraprakash Dwivedi,,,,
Q71954796,Radhe,2020-01-01,Prabhu Deva,,,Lonavala,Point(73.407219444 18.748061111)
Q75174902,Rashmi Rocket,2020-01-01,Akarsh Khurana,,,,
Q124254267,Beautiful,2020-01-01,,,,,
Q73128497,Shubh Mangal Zyada Saavdhan,2020-01-01,,India,Point(83.0 22.8),,
Q64768455,Love Aaj Kal,2020-01-01,Imtiaz Ali,,,,
Q104855155,Milestone,2020-01-01,,,,,
Q64768529,Roohi,2020-01-01,Hardik Mehta,,,Agra,Point(78.02 27.18)
Q3037370,Dostana Returns,2020-01-01,Collin D'Cunha,,,,
Q85807258,The Girl on the Train,2020-01-01,Ribhu Dasgupta,United Kingdom | London | England,Point(-0.1275 51.507222222) | Point(-2.0 54.6) | Point(-1.0 53.0),United Kingdom | London | England,Point(-0.1275 51.507222222) | Point(-2.0 54.6) | Point(-1.0 53.0)
Q79821532,Bunty Aur Babli 2,2020-01-01,Varun V. Sharma,Mumbai,Point(72.8775 19.075833333),Abu Dhabi,Point(54.396944444 24.451111111)
Q84749112,Romeo,2020-01-01,Ali Khan,Delhi,Point(77.216666666 28.666666666),,
Q81202661,Ghost Stories,2020-01-01,Karan Johar,,,,
Q64152707,Sardar Udham,2020-01-01,Shoojit Sircar,,,,
Q84195189,Shakuntala Devi,2020-01-01,Anu Menon,,,,
Q19807569,Tanhaji,2020-01-01,Om Raut,,,,
Q84318478,Shikara,2020-01-01,Vidhu Vinod Chopra,,,,
Q79947747,Ludo,2020-01-01,Anurag Basu,,,,
Q63349731,Laxmii,2020-01-01,Raghava Lawrence,India,Point(83.0 22.8),Dubai,Point(55.309444444 25.269722222)
Q63348882,Sadak 2,2020-01-01,Mahesh Bhatt,Mumbai,Point(72.8775 19.075833333),Mumbai | Uttarakhand | Ooty | Mysore,Point(78.953888888 30.511111111) | Point(76.653055555 12.308611111) | Point(76.693888888 11.408611111) | Point(72.8775 19.075833333)
Q65065630,Gunjan Saxena: The Kargil Girl,2020-01-01,Sharan Sharma,Kargil district,Point(76.4 34.016666666),India | Lucknow,Point(83.0 22.8) | Point(80.947 26.847)
Q101157418,Kaali Khuhi,2020-01-01,Terrie Samundra,,,,
Q114694712,Sayonee,2020-01-01,,,,,
Q64768725,Jawaani Jaaneman,2020-01-01,Nitin Kakkar,,,,
Q85419123,83,2020-01-01,Kabir Khan,Nevill Ground | England | The Oval | Dulwich College | Glasgow | Mumbai | Edinburgh | Royal Tunbridge Wells,Point(0.263 51.132) | Point(0.267777777 51.121944444) | Point(72.8775 19.075833333) | Point(-0.084166666 51.439444444) | Point(-0.114980555 51.483719444) | Point(-3.189166666 55.953333333) | Point(-1.0 53.0) | Point(-4.25 55.861111111),England,Point(-1.0 53.0)
Q77894311,KTina,2020-01-01,,,,,
Q85764775,Guilty,2020-01-01,Ruchi Narain,,,,
Q65584097,Can You Imagine,2020-01-01,Subrata Das,,,,
Q63091614,Dabangg 3,2019-12-20,Prabhu Deva,,,,
Q128212704,Heena - Halala The Untold Story,2019-12-12,,,,,
Q78207282,House Arrest,2019-11-15,Shashanka Ghosh | Q7409572,,,,
Q65081567,Pagalpanti,2019-11-08,Anees Bazmee,,,,
Q63941454,Bala,2019-11-08,Amar Kaushik,Lucknow,Point(80.947 26.847),,
Q73172157,Ujda Chaman,2019-11-01,Abhishek Pathak,,,,
Q65051139,Bypass Road,2019-11-01,,,,,
Q48495861,Housefull 4,2019-10-26,Farhad Samji,London,Point(-0.1275 51.507222222),,
Q63966964,Laal Kaptaan,2019-10-18,Navdeep Singh,British Raj,Point(88.337777777 22.541111111),,
Q73028295,Upstarts,2019-10-18,Udai Singh Pawar,,,,
Q64390886,War,2019-10-03,Siddharth Anand,Mumbai,Point(72.8775 19.075833333),Blevio | Lake Como | Bellagio | Moltrasio,Point(9.0972 45.8605) | Point(9.261944444 45.9875) | Point(9.266666666 46.0) | Point(9.1 45.833333333)
Q65117495,Photograph,2019-10-03,Ritesh Batra,Mumbai,Point(72.8775 19.075833333),,
Q85739347,Aadhaar,2019-10-03,Suman Ghosh,,,,
Q64390886,War,2019-10-02,Siddharth Anand,Mumbai,Point(72.8775 19.075833333),Blevio | Lake Como | Bellagio | Moltrasio,Point(9.0972 45.8605) | Point(9.261944444 45.9875) | Point(9.266666666 46.0) | Point(9.1 45.833333333)
Q97354127,Eeb Allay Ooo!,2019-10-01,,,,,
Q27703167,Hotel Mumbai,2019-09-27,Anthony Maras,Mumbai,Point(72.8775 19.075833333),,
Q65967069,Prasthanam,2019-09-20,Deva Katta,,,,
Q96399844,Posham Pa,2019-08-23,Suman Mukhopadhyay,,,,
Q60738336,Mission Mangal,2019-08-15,Jagan Shakti,,,,
Q65117495,Photograph,2019-08-08,Ritesh Batra,Mumbai,Point(72.8775 19.075833333),,
Q65052793,Jhootha Kahin Ka,2019-07-19,Smeep Kang,,,,
Q48674720,Super 30,2019-07-12,Vikas Bahl,,,,
Q27703167,Hotel Mumbai,2019-06-21,Anthony Maras,Mumbai,Point(72.8775 19.075833333),,
Q56859514,Sir,2019-06-20,Rohena Gera,Mumbai,Point(72.8775 19.075833333),,
Q56859514,Sir,2019-06-19,Rohena Gera,Mumbai,Point(72.8775 19.075833333),,
Q48674144,Bharat,2019-06-12,Ali Abbas Zafar,,,,
Q48674144,Bharat,2019-06-05,Ali Abbas Zafar,,,,
Q24238536,Kaabil,2019-06-05,Sanjay Gupta,,,,
Q48674144,Bharat,2019-06-04,Ali Abbas Zafar,,,,
Q62233423,PM Narendra Modi,2019-05-24,Omung Kumar,India,Point(83.0 22.8),,
Q63433476,Once Again,2019-05-16,Kanwal Sethi,,,,
Q28444714,Student of the Year 2,2019-05-10,Punit Malhotra,,,,
Q56859514,Sir,2019-04-25,Rohena Gera,Mumbai,Point(72.8775 19.075833333),,
Q27703167,Hotel Mumbai,2019-04-11,Anthony Maras,Mumbai,Point(72.8775 19.075833333),,
Q27703167,Hotel Mumbai,2019-03-29,Anthony Maras,Mumbai,Point(72.8775 19.075833333),,
Q65121656,Notebook,2019-03-29,,,,,
Q56042818,Luka Chuppi,2019-03-01,Laxman Utekar,,,,
Q55080130,The Tashkent Files,2019-03-01,Vivek Agnihotri,,,,
Q106544081,Cakewalk,2019-02-17,Ram Kamal Mukherjee,,,,
Q48671143,Gully Boy,2019-02-14,Zoya Akhtar,Mumbai,Point(72.8775 19.075833333),,
Q38804974,Pal Pal Dil Ke Paas,2019-02-14,Sunny Deol,,,,
Q58319153,Rangeela Raja,2019-01-18,,,,,
Q30327528,Zero,2019-01-17,Aanand L. Rai,,,,
Q56859514,Sir,2019-01-17,Rohena Gera,Mumbai,Point(72.8775 19.075833333),,
Q58411644,Uri: The Surgical Strike,2019-01-11,Aditya Dhar,Jammu and Kashmir,Point(76.5 34.0),,
Q56859514,Sir,2019-01-10,Rohena Gera,Mumbai,Point(72.8775 19.075833333),,
Q85816512,Yaaram,2019-01-01,,,,,
Q85532356,The Body,2019-01-01,Jeethu Joseph,,,,
Q50624631,Panipat,2019-01-01,Ashutosh Gowariker,Afghanistan,Point(66.0 33.0),,
Q48674720,Super 30,2019-01-01,Vikas Bahl,,,,
Q47090463,Kesari,2019-01-01,Anurag Singh,British Raj,Point(88.337777777 22.541111111),,
Q96313144,Axone,2019-01-01,Nicholas Kharkongor,Delhi,Point(77.216666666 28.666666666),,
Q55080162,Judgementall Hai Kya,2019-01-01,Prakash Kovelamudi,,,,
Q55080201,Sonchiriya,2019-01-01,Abhishek Chaubey,,,,
Q55080231,Kalank,2019-01-01,Abhishek Varman,British Raj,Point(88.337777777 22.541111111),,
Q55604677,Badla,2019-01-01,Sujoy Ghosh,,,,
Q56550877,Family of Thakurganj,2019-01-01,,Lucknow,Point(80.947 26.847),,
Q58411480,Dolly Kitty Aur Woh Chamakte Sitare,2019-01-01,Alankrita Shrivastava,Delhi,Point(77.216666666 28.666666666),,
Q56291271,Thackeray,2019-01-01,,,,,
Q106691884,Hum Bhi Akele Tum Bhi Akele,2019-01-01,,,,,
Q56550874,Falsafa: The Other Side,2019-01-01,,,,,
Q64768686,Gulabo Sitabo,2019-01-01,Shoojit Sircar,Lucknow,Point(80.947 26.847),,
Q24905135,99 Songs,2019-01-01,,,,,
Q110752567,Tottaa Pataaka Item Maal,2019-01-01,Aditya Kripalani,,,,
Q48671694,Ek Ladki Ko Dekha Toh Aisa Laga,2019-01-01,Shelly Chopra Dhar,Punjab,Point(75.466666666 30.766666666),,
Q16251734,Milan Talkies,2019-01-01,Tigmanshu Dhulia,Uttar Pradesh,Point(80.91 26.85),,
Q56274036,Junglee,2019-01-01,Chuck Russell,,,,
Q5652236,Happi,2019-01-01,Bhavna Talwar,,,,
Q56277377,Jabariya Jodi,2019-01-01,,Bihar,Point(85.13 25.37),,
Q56277682,The Sky Is Pink,2019-01-01,Shonali Bose,,,,
Q56291313,Why Cheat India?,2019-01-01,Soumik Sen,,,,
Q85846365,Lafange Nawab,2019-01-01,,,,,
Q63244731,Blank,2019-01-01,,,,,
Q64212378,Chopsticks,2019-01-01,Sachin Yardi,,,,
Q114665601,Forever,2019-01-01,,,,,
Q64768643,Risknamaa,2019-01-01,Aarun Nagar,,,,
Q58411760,Kabir Singh,2019-01-01,Sandeep Vanga,Mumbai,Point(72.8775 19.075833333),,
Q61987242,My Name Is RaGa,2019-01-01,Rupesh Paul,,,,
Q60852854,The Zoya Factor,2019-01-01,Abhishek Sharma,,,,
Q114665605,Naughty Gang,2019-01-01,,,,,
Q114665604,Facebook Wala Pyar,2019-01-01,,,,,
Q114665603,Cypher,2019-01-01,,,,,
Q114665600,Modi: Journey of a Common Man,2019-01-01,,,,,
Q66473968,Aahvaan,2019-01-01,,,,,
Q63433570,Albert Pinto Ko Gussa Kyun Aata Hai?,2019-01-01,Soumitra Ranade,,,,
Q60737701,Ram Janmbhoomi,2019-01-01,,,,,
Q114665598,S.P. Chauhan,2019-01-01,,,,,
Q64768011,Romeo Akbar Walter,2019-01-01,,,,,
Q74571815,The Comeback - a tale of irrelevance,2019-01-01,Sharvan Anenden,,,,
Q64768657,Jungle Cry,2019-01-01,Sagar Ballary,,,,
Q60737647,Aadat,2019-01-01,Bhushan Patel,,,,
Q114686958,SP Chauhan,2019-01-01,,,,,
Q64768303,Jai Mummy Di,2019-01-01,,,,,
Q64768663,Kissebaaz,2019-01-01,,,,,
Q62568912,Mardaani 2,2019-01-01,,Mumbai,Point(72.8775 19.075833333),,
Q63091614,Dabangg 3,2019-01-01,Prabhu Deva,,,,
Q64768590,The Last Color,2019-01-01,Vikas Khanna,,,,
Q64768598,One Day: Justice Delivered,2019-01-01,,,,,
Q62888927,No Fathers in Kashmir,2019-01-01,Ashvin Kumar,,,,
Q62815320,Section 375,2019-01-01,,,,,
Q64768629,Chhoriyan Chhoron Se Kam Nahi Hoti,2019-01-01,,,,,
Q64768634,Badnaam Gali,2019-01-01,,Delhi,Point(77.216666666 28.666666666),,
Q63247987,Music Teacher,2019-01-01,Sarthak Dasgupta,,,,
Q62023950,Chhapaak,2019-01-01,Meghna Gulzar,,,,
Q114686957,Hans Ek Sanyog,2019-01-01,,,,,
Q62080705,Good Newwz,2019-01-01,Raj Mehta,,,,
Q62073524,Article 15,2019-01-01,Anubhav Sinha,,,,
Q64768425,Gone Kesh,2019-01-01,,,,,
Q64768400,The Sholay Girl,2019-01-01,Aditya Sarpotdar,,,,
Q64768335,Satellite Shankar,2019-01-01,Irfan Kamal,,,,
Q62023954,Saand Ki Aankh,2019-01-01,Tushar Hiranandani,,,,
Q65117495,Photograph,2019-01-01,Ritesh Batra,Mumbai,Point(72.8775 19.075833333),,
Q7500022,Shoebite,2019-01-01,Shoojit Sircar,,,,
Q60737643,Dream Girl,2019-01-01,Raaj Shaandilyaa,,,,
Q59726725,Made in China,2019-01-01,Mikhil Musale,Ahmedabad,Point(72.579722222 23.021944444),,
Q77893875,Motichoor Chaknachoor,2019-01-01,,,,,
Q66809663,P Se Pyaar F Se Faraar,2019-01-01,Manoj Tiwari,Uttar Pradesh,Point(80.91 26.85),,
Q64886270,The Devil's Daughter,2019-01-01,Ghorban Mohammadpour,India,Point(83.0 22.8),,
Q64768720,Jaoon Kahan Bata Ae Dil,2019-01-01,,,,,
Q64587280,Hume Tumse Pyaar Kitna,2019-01-01,,Mumbai,Point(72.8775 19.075833333),,
Q63952830,Malaal,2019-01-01,Mangesh Hadawale,Mumbai,Point(72.8775 19.075833333),,
Q77894053,Chhappad Phaad Ke,2019-01-01,,,,,
Q64768712,Khandaani Shafakhana,2019-01-01,,,,,
Q77893433,Nirvana Inn,2019-01-01,Vijay Jayapal,,,,
Q59725641,Chhichhore,2019-01-01,Nitesh Tiwari,,,,
Q59725631,Bombairiya,2019-01-01,,,,,
Q77894216,Kanpuriye,2019-01-01,,,,,
Q59725624,Batla House,2019-01-01,Nikhil Advani,Delhi,Point(77.216666666 28.666666666),,
Q77901163,X Ray- The Inner Image,2019-01-01,Rajiv S Ruia,,,,
Q58411779,Marjaavaan,2019-01-01,Milap Zaveri,,,,
Q64438323,Yeh Saali Aashiqui,2019-01-01,,,,,
Q77893758,Jacqueline I Am Coming,2019-01-01,,,,,
Q60685996,Battalion 609,2019-01-01,,,,,
Q60737599,Amavas,2019-01-01,Bhushan Patel,,,,
Q77889594,Rubaru Roshni,2019-01-01,Svati Chakravarty,,,,
Q77884202,Dosti Zindabad,2019-01-01,Partho Ghosh,,,,
Q77884313,Chicken Curry Law,2019-01-01,,,,,
Q77885023,Barot House,2019-01-01,,,,,
Q77885665,Jhalki,2019-01-01,Brahmanand S Siingh,,,,
Q77884614,Mentalhood,2019-01-01,,,,,
Q77890337,Ramprasad Ki Tehrvi,2019-01-01,Seema Bhargav,,,,
Q77892656,A Gift of Love: Sifar,2019-01-01,,,,,
Q77893120,Fixerr,2019-01-01,,,,,
Q63093209,Pati Patni Aur Woh,2019-01-01,Muddassar Aziz,,,,
Q77892265,Roam Rome Mein,2019-01-01,Tannishtha Chatterjee,Rome,Point(12.482777777 41.893055555),,
Q30327528,Zero,2018-12-26,Aanand L. Rai,,,,
Q56859514,Sir,2018-12-26,Rohena Gera,Mumbai,Point(72.8775 19.075833333),,
Q48671901,Hey Ram Hamne Gandhi Ko maar Diya,2018-12-23,,,,,
Q30327528,Zero,2018-12-21,Aanand L. Rai,,,,
Q30611767,The Accidental Prime Minister,2018-12-21,Vijay Gutte,,,,
Q56859514,Sir,2018-12-20,Rohena Gera,Mumbai,Point(72.8775 19.075833333),,
Q30692902,Pad Man,2018-12-14,R. Balki,New York City,Point(-74.006111111 40.712777777),,
Q7827995,Total Dhamaal,2018-12-07,Indra Kumar,,,,
Q55641537,Rajma Chawal,2018-11-30,Leena Yadav,Delhi,Point(77.216666666 28.666666666),,
Q39073948,Kedarnath,2018-11-23,Abhishek Kapoor,,,,
Q60737583,Pihu,2018-11-16,Vinod Kapri,,,,
Q38160453,Thugs of Hindostan,2018-11-08,Vijay Krishna Acharya,British Raj,Point(88.337777777 22.541111111),,
Q27958200,WELCOME M1LL10NS,2018-11-01,Milroy Goes,Goa,Point(74.043333333 15.401944444),,
Q29467996,Mukti Bhawan,2018-10-27,Shubhashish Bhutiani,Uttar Pradesh,Point(80.91 26.85),,
Q59733851,Gaon,2018-10-26,,,,,
Q51654409,Kaashi in Search of Ganga,2018-10-26,,,,,
Q48671600,De De Pyaar De,2018-10-19,Akiv Ali,,,,
Q58411623,Zaban Sambhal Ke,2018-10-19,,,,,
Q56279881,Tumbbad,2018-10-12,Rahi Anil Barve | Anand Gandhi,Maharashtra,Point(75.713888055 19.75148),,
Q29467155,Hichki,2018-10-12,Sidharth Malhotra,Mumbai,Point(72.8775 19.075833333),,
Q58411621,The Great Indian Dysfunctional Family,2018-10-10,,,,,
Q55080204,Loveyatri,2018-10-05,Abhiraj Minawala,,,,
Q59727229,Bhonsle,2018-10-05,Devashish Makhija,Mumbai,Point(72.8775 19.075833333),,
Q44612834,Andhadhun,2018-10-04,Sriram Raghavan,Maharashtra,Point(75.713888055 19.75148),,
Q56240003,Pataakha,2018-09-28,Vishal Bhardwaj,Rajasthan,Point(73.838888888 26.572777777),,
Q48965024,Sui Dhaaga,2018-09-28,Sharat Katariya,India,Point(83.0 22.8),,
Q48965024,Sui Dhaaga,2018-09-27,Sharat Katariya,India,Point(83.0 22.8),,
Q22905744,Pakhi,2018-09-21,Sachin Gupta,,,,
Q56859514,Sir,2018-09-20,Rohena Gera,Mumbai,Point(72.8775 19.075833333),,
Q56276778,Laila Majnu,2018-09-07,,Jammu and Kashmir,Point(76.5 34.0),,
Q29467155,Hichki,2018-09-06,Sidharth Malhotra,Mumbai,Point(72.8775 19.075833333),,
Q65049782,Nakkash,2018-09-01,Zaigham Imam,,,,
Q48671170,Batti Gul Meter Chalu,2018-08-31,Shree Narayan Singh,,,,
Q101117482,When Obama Loved Osama,2018-07-27,Sudhish Kumar Sharma,,,,
Q43302540,Dhadak,2018-07-20,Shashank Khaitan,Rajasthan,Point(73.838888888 26.572777777),,
Q48673905,Soorma,2018-07-13,Shaad Ali,Punjab,Point(75.466666666 30.766666666),Serbia,Point(20.933333333 43.95)
Q28811017,Sanju,2018-07-05,Rajkumar Hirani,New York City,Point(-74.006111111 40.712777777),,
Q28841910,Veere Di Wedding,2018-07-02,Shashanka Ghosh,,,,
Q43302472,Firrkie,2018-07-01,Ashok K Mishra,,,,
Q28811017,Sanju,2018-06-29,Rajkumar Hirani,New York City,Point(-74.006111111 40.712777777),,
Q43302283,Race 3,2018-06-15,Remo D'Souza,,,,
Q38804955,Fanney Khan,2018-06-15,Akshat Verma,,,,
Q28180128,Toilet - Ek Prem Katha,2018-06-08,Shree Narayan Singh,,,,
Q48672560,Karwaan,2018-06-01,Akarsh Khurana,,,,
Q28841910,Veere Di Wedding,2018-06-01,Shashanka Ghosh,,,,
Q53538931,X Videos,2018-06-01,,,,,
Q30597805,Ittefaq,2018-05-31,,Mumbai,Point(72.8775 19.075833333),,
Q26252641,Bhavesh Joshi Superhero,2018-05-25,Vikramaditya Motwane,Mumbai,Point(72.8775 19.075833333),,
Q56859514,Sir,2018-05-23,Rohena Gera,Mumbai,Point(72.8775 19.075833333),,
Q56859514,Sir,2018-05-14,Rohena Gera,Mumbai,Point(72.8775 19.075833333),,
Q43302462,Mulk,2018-05-13,Anubhav Sinha,,,,
Q39057768,Raazi,2018-05-11,Meghna Gulzar,,,,
Q48671559,FryDay,2018-05-11,,,,,
Q26720624,Jab Harry Met Sejal,2018-05-10,Imtiaz Ali,Europe,Point(15.5 53.5),,
Q47499776,Baazaar,2018-04-27,Gauravv K. Chawla,,,,
Q30639027,Manikarnika—The Queen of Jhansi,2018-04-27,Radhakrishna Jagarlamudi,Uttar Pradesh,Point(80.91 26.85),,
Q39070768,Pari,2018-04-19,Prosit Roy,,,,
Q48673919,October,2018-04-13,Shoojit Sircar,Delhi,Point(77.216666666 28.666666666),,
Q48671860,Nanu ki Jaanu,2018-04-06,,,,,
Q48735059,Blackmail,2018-04-06,Abhinay Deo,,,,
Q27957931,Hindi Medium,2018-04-04,Saket Chaudhary,Delhi,Point(77.216666666 28.666666666),,
Q125764059,Q125764059,2018-04-01,,,,,
Q38804949,Baaghi 2,2018-03-30,Ahmed Khan,Goa,Point(74.043333333 15.401944444),,
Q33101667,Yamla Pagla Deewana 3,2018-03-30,Navaniat Singh,,,,
Q63323482,Pareshaan Parinda,2018-03-23,,,,,
Q48735076,Sajjan Singh Rangroot,2018-03-23,Pankaj Batra,British Raj,Point(88.337777777 22.541111111),,
Q29467155,Hichki,2018-03-23,Sidharth Malhotra,Mumbai,Point(72.8775 19.075833333),,
Q29467155,Hichki,2018-03-22,Sidharth Malhotra,Mumbai,Point(72.8775 19.075833333),,
Q30600666,Ticket to Bollywood,2018-03-16,Anand Tiwari,,,,
Q39670177,Raid,2018-03-16,Raj Kumar Gupta,Lucknow,Point(80.947 26.847),,
Q48671858,Baa Baaa Black Sheep,2018-03-09,Vishal Pandya,,,,
Q48671696,3 Storeys,2018-03-09,,,,,
Q42322844,Hate Story 4,2018-03-09,Vishal Pandya,,,,
Q48671820,Veerey Ki Wedding,2018-03-02,Ashu Trikha,,,,
Q47516672,Sonu Ke Titu Ki Sweety,2018-02-23,Luv Ranjan,Turkey,Point(36.0 39.0),,
Q47544971,Welcome to New York,2018-02-23,Chakri Toleti,,,,
Q24806839,Love Sonia,2018-02-22,Tabrez Noorani,Los Angeles,Point(-118.24368 34.05223),,
Q65121929,Garbage,2018-02-17,Qaushiq Mukherjee,Goa,Point(74.043333333 15.401944444),,
Q29831625,Aiyaary,2018-02-16,Neeraj Pandey,,,Egypt,Point(29.0 27.0)
Q39071175,Krina,2018-02-16,,,,,
Q48671942,Love Per Square Foot,2018-02-14,Anand Tiwari,,,,
Q30692902,Pad Man,2018-02-09,R. Balki,New York City,Point(-74.006111111 40.712777777),,
Q48671200,Ascharya Fuck It,2018-02-01,Samit Kakkad,,,,
Q29026536,Chanda Mama Door Ke,2018-01-26,Sanjay Puran Singh Chauhan,,,,
Q27959891,Padmaavat,2018-01-25,Sanjay Leela Bhansali,Rajasthan,Point(73.838888888 26.572777777),Rajasthan,Point(73.838888888 26.572777777)
Q47004716,Jaane Kyun De Yaaron,2018-01-19,Akshay Anand,,,,
Q28127548,Secret Superstar,2018-01-19,Advait Chandan,Mumbai,Point(72.8775 19.075833333),,
Q48671327,My Birthday Song,2018-01-19,Sameer Soni,,,,
Q27536578,Wo India Ka Shakespeare,2018-01-19,,,,,
Q39047419,Mukkabaaz,2018-01-12,Anurag Kashyap,Uttar Pradesh,Point(80.91 26.85),,
Q20058702,Udanchoo,2018-01-05,,,,,
Q39075445,Haseena,2018-01-05,,,,,
Q64768661,Ekkees Tareekh Shubh Muhurat,2018-01-01,,,,,
Q56276904,Yours Truly,2018-01-01,Sanjoy Nag,,,,
Q56278775,Mard Ko Dard Nahi Hota,2018-01-01,Vasan Bala,,,,
Q64855129,Chippa,2018-01-01,,,,,
Q58411234,Jack and Dil,2018-01-01,,,,,
Q56278546,Mitron,2018-01-01,,,,Vadodara | Siddhpur | Ahmedabad | Surat,Point(72.579722222 23.021944444) | Point(72.37212 23.91783) | Point(72.84 21.205) | Point(73.2 22.3)
Q56277772,Halkaa,2018-01-01,Nila Madhab Panda,,,,
Q30610347,Manto,2018-01-01,Nandita Das,Lahore,Point(74.343611111 31.549722222),,
Q58411371,The Journey of Karma,2018-01-01,Jagbir Dahiya,,,,
Q30603116,Mogul,2018-01-01,Subhash Kapoor,,,,
Q56276867,Jalebi,2018-01-01,Pushpdeep Bhardwaj,,,,
Q56274037,Stree,2018-01-01,Amar Kaushik,,,,
Q20649585,Redrum,2018-01-01,,,,,
Q59725789,PK Lele A Salesman,2018-01-01,,,,,
Q18109332,Aayaam,2018-01-01,,,,,
Q17052183,Dussehra,2018-01-01,Manish Vatsalya,,,,
Q56278903,Home,2018-01-01,,,,,
Q56290106,Tikli and Laxmi Bomb,2018-01-01,Aditya Kripalani,,,,
Q56289851,Paltan,2018-01-01,J. P. Dutta,,,,
Q58411217,The Dark Side of Life: Mumbai City,2018-01-01,Tariq Khan,,,,
Q114665596,Ishq Tera,2018-01-01,,,,,
Q76382302,Turtle,2018-01-01,,,,,
Q114665597,Shaadi Teri Bajayenge Hum Band,2018-01-01,,,,,
Q55640940,Lupt,2018-01-01,Prabhuraj,,,,
Q104884175,Tungrus,2018-01-01,,,,,
Q16250434,Kill the Rapist?,2018-01-01,Sanjay Chhel,,,,
Q56550883,Game Paisa Ladki,2018-01-01,,,,,
Q7039936,Nirdosh,2018-01-01,,,,,
Q114686955,Ajooba (Animation),2018-01-01,,,,,
Q114686956,Rashtraputra,2018-01-01,,,,,
Q56452559,Soni,2018-01-01,,,,,
Q106153792,Q106153792,2018-01-01,Camila Menéndez | Lucas Peñafort,,,,
Q27703167,Hotel Mumbai,2018-01-01,Anthony Maras,Mumbai,Point(72.8775 19.075833333),,
Q56452554,Ishqeria,2018-01-01,,,,,
Q56452532,Kaadan,2018-01-01,Prabhu Solomon,India,Point(83.0 22.8),India,Point(83.0 22.8)
Q60737632,Evening Shadows,2018-01-01,Sridhar Rangayan,,,,
Q113627170,Rogan Josh,2018-01-01,,,,,
Q48734430,Badhaai Ho,2018-01-01,Amit Sharma,,,,
Q64768671,Mausam Ikrar Ke Do Pal Pyar Ke,2018-01-01,Partho Ghosh,,,,
Q114722398,Lashtam Pashtam,2018-01-01,,,,,
Q64768023,Mere Pyare Prime Minister,2018-01-01,Rakeysh Omprakash Mehra,Mumbai,Point(72.8775 19.075833333),,
Q55604191,Arjun Patiala,2018-01-01,Rohit Jugraj Chauhan,,,,
Q55470608,Missing,2018-01-01,,,,,
Q55390718,Meri Nimmo,2018-01-01,,,,,
Q55390584,Hope Aur Hum,2018-01-01,,,,,
Q4689411,Afra Tafri,2018-01-01,,,,,
Q55389592,Simmba,2018-01-01,Rohit Shetty,Goa,Point(74.043333333 15.401944444),,
Q4725618,Alibaba Aur 41 Chor,2018-01-01,,,,,
Q55080335,"She is your sister-in-law, o crazy",2018-01-01,,,,,
Q55080299,Namaste England,2018-01-01,Vipul Amrutlal Shah,England,Point(-1.0 53.0),,
Q55080288,Happy Phir Bhag Jayegi,2018-01-01,Muddassar Aziz,,,,
Q63433476,Once Again,2018-01-01,Kanwal Sethi,,,,
Q42530835,Brij Mohan Amar Rahe,2018-01-01,Nikhil Nagesh Bhat,Delhi,Point(77.216666666 28.666666666),,
Q48671597,Dil Juunglee,2018-01-01,Aleya Sen,,,,
Q55080154,Manmarziyaan,2018-01-01,Anurag Kashyap,Punjab,Point(75.466666666 30.766666666),,
Q55074962,PM Selfiewallie,2018-01-01,,,,,
Q54959074,Lust Stories,2018-01-01,Dibakar Banerjee | Zoya Akhtar | Anurag Kashyap | Karan Johar,,,,
Q53869754,Satyamev Jayate,2018-01-01,Milap Zaveri,,,,
Q48672739,Hamid,2018-01-01,,,,,
Q52254005,Phamous,2018-01-01,,,,,
Q50821743,Genius,2018-01-01,Anil Sharma,,,,
Q48967587,Nawabzaade,2018-01-01,,,,,
Q48674439,Eela,2018-01-01,Pradeep Sarkar,Mumbai,Point(72.8775 19.075833333),,
Q42955562,Oru Kadhai Sollatuma,2018-01-01,,,,,
Q55390756,Khajoor Pe Atke,2018-01-01,Harsh Chhaya,,,,
Q42530214,"Saheb, Biwi Aur Gangster 3",2018-01-01,Tigmanshu Dhulia,,,,
Q39069686,1921,2018-01-01,Vikram Bhatt,England,Point(-1.0 53.0),,
Q39070393,Gold,2018-01-01,Reema Kagti,,,,
Q39055712,Hotel Milan,2018-01-01,Vishal Mishra,,,,
Q39070768,Pari,2018-01-01,Prosit Roy,,,,
Q55613710,High Jack,2018-01-01,Akarsh Khurana,,,,
Q55635451,The Past,2018-01-01,,,,,
Q28753302,Tiger Zinda Hai,2017-12-22,Ali Abbas Zafar,,,,
Q28753302,Tiger Zinda Hai,2017-12-21,Ali Abbas Zafar,,,,
Q48671221,Journey of Bhangover,2017-12-15,,,,,
Q27877511,1 Chor 2 Mastikhor,2017-12-15,Prabhakar Sharan,,,,
Q48671209,Sallu Ki Shaadi,2017-12-08,,,,,
Q29344580,Fukrey Returns,2017-12-08,,Delhi,Point(77.216666666 28.666666666),,
Q16056821,102 Not Out,2017-12-01,Umesh Shukla,,,,
Q29025265,Tumhari Sulu,2017-12-01,,Mumbai,Point(72.8775 19.075833333),,
Q39057935,Kadvi Hawa,2017-11-24,Nila Madhab Panda,,,,
Q42954546,Ajji,2017-11-24,Devashish Makhija,,,,
Q42955397,Dil Jo Na Keh Saka,2017-11-17,,,,,
Q42955902,Panchlait,2017-11-17,Prem Prakash Modi,,,,
Q42956035,A Daughter's Tale PANKH,2017-11-17,,,,,
Q42530057,Qarib Qarib Singlle,2017-11-10,Tanuja Chandra,,,,
Q42303976,Shaadi Mein Zaroor Aana,2017-11-10,,,,,
Q28879408,Drive,2017-11-09,Tarun Mansukhani,Mumbai,Point(72.8775 19.075833333),,
Q29052733,Machines,2017-11-09,Rahul Jain,Gujarat,Point(71.838 23.156444444),,
Q39070633,Ribbon,2017-11-03,Rakhee Sandilya,,,,
Q30597805,Ittefaq,2017-11-03,,Mumbai,Point(72.8775 19.075833333),,
Q18170296,An Insignificant Man,2017-11-01,Vinay Shukla | Khushboo Ranka,,,,
Q20814732,Saankal,2017-11-01,,,,,
Q28127548,Secret Superstar,2017-10-20,Advait Chandan,Mumbai,Point(72.8775 19.075833333),,
Q5580865,Golmaal Again,2017-10-20,Rohit Shetty,,,,
Q28127548,Secret Superstar,2017-10-18,Advait Chandan,Mumbai,Point(72.8775 19.075833333),,
Q39057681,Ranchi Diaries,2017-10-13,,,,,
Q28180266,Sheitaan,2017-10-13,,,,,
Q27590070,Aksar 2,2017-10-06,Anant Mahadevan,,,,
Q24905463,2016 The End,2017-10-06,Jaideep Chopra,,,,
Q39659618,Call for Fun,2017-10-06,,,,,
Q39058606,Jia Aur Jia,2017-10-01,,,,,
Q27962910,Judwaa 2,2017-09-29,David Dhawan,,,,
Q22674141,Haseena Parkar,2017-09-22,Apoorva Lakhia,,,,
Q28914754,Newton,2017-09-22,Amit Masurkar,,,,
Q39057678,Umeed,2017-09-22,,,,,
Q39075967,The Final Exit,2017-09-22,,,,,
Q39659526,Lucknow Central,2017-09-15,Ranjit Tewari,Lucknow,Point(80.947 26.847),,
Q39072149,Omerta,2017-09-08,Hansal Mehta,,,,
Q21095435,Babumoshai Bandookbaaz,2017-08-25,Kushan Nandy,Uttar Pradesh,Point(80.91 26.85),,
Q28879641,Shubh Mangal Saavdhan,2017-08-25,,Delhi,Point(77.216666666 28.666666666),,
Q39047090,Qaidi Band,2017-08-25,Habib Faisal,,,,
Q20762668,Dangal,2017-08-18,Nitesh Tiwari,Punjab,Point(75.466666666 30.766666666),,
Q24904936,Main Khudiram Bose Hun,2017-08-11,,Indian independence movement,,,
Q28180128,Toilet - Ek Prem Katha,2017-08-11,Shree Narayan Singh,,,,
Q28127570,Poster Boys,2017-08-11,Shreyas Talpade,,,,
Q39058711,The Song of Scorpions,2017-08-09,Anup Singh,,,,
Q39070547,Gurgaon,2017-08-04,,Delhi,Point(77.216666666 28.666666666),,
Q28529484,Bhoomi,2017-08-04,Omung Kumar,Mumbai,Point(72.8775 19.075833333),,
Q25080787,Raag Desh,2017-07-28,Tigmanshu Dhulia,India,Point(83.0 22.8),,
Q30641050,Indu Sarkar,2017-07-28,Madhur Bhandarkar,,,,
Q27959486,Bareilly Ki Barfi,2017-07-21,Ashwiny Iyer Tiwari,,,,
Q27964501,Chef,2017-07-14,Raja Krishna Menon,,,,
Q27957954,Munna Michael,2017-07-07,Sabbir Khan,,,,
Q30638946,Ek Haseena Thi Ek Deewana Tha,2017-06-30,Suneel Darshan,,,,
Q26267945,Tubelight,2017-06-23,Kabir Khan,Jammu and Kashmir,Point(76.5 34.0),,
Q30641671,G Kutta Se,2017-06-16,,,,,
Q30638567,Love You Family,2017-06-09,,,,,
Q48671161,Mirror Game,2017-06-02,,,,,
Q30643083,Sweetiee Weds NRI,2017-06-02,,,,,
Q28457108,Sargoshiyan,2017-05-26,,Jammu and Kashmir,Point(76.5 34.0),,
Q28753308,Behen Hogi Teri,2017-05-26,,Mumbai,Point(72.8775 19.075833333),,
Q23822751,Sachin: A Billion Dreams,2017-05-26,James Erskine,,,,
Q27957931,Hindi Medium,2017-05-19,Saket Chaudhary,Delhi,Point(77.216666666 28.666666666),,
Q30638681,Jattu Engineer,2017-05-19,,,,,
Q29344739,Hanuman Da' Damdaar,2017-05-19,Ruchi Narain,,,,
Q19891069,Half Girlfriend,2017-05-19,Mohit Suri,India,Point(83.0 22.8),,
Q29344687,Dobaara: See Your Evil,2017-05-19,Prawaal Raman,,,,
Q27957931,Hindi Medium,2017-05-18,Saket Chaudhary,Delhi,Point(77.216666666 28.666666666),,
Q20201985,Baadshaho,2017-05-12,Milan Luthria,Rajasthan,Point(73.838888888 26.572777777),,
Q29344813,Thodi Thodi Si Manmaaniyan,2017-05-12,Aditya Sarpotdar,,,,
Q17151200,Ek Thi Rani Aisi Bhi,2017-05-06,Gul Bahar Singh,,,,
Q27959503,Sniff,2017-05-05,Amole Gupte,Mumbai,Point(72.8775 19.075833333),,
Q20762668,Dangal,2017-05-05,Nitesh Tiwari,Punjab,Point(75.466666666 30.766666666),,
Q27965063,Vodka Diaries,2017-05-05,Kushal Srivastava,Himachal Pradesh,Point(77.172222222 31.103333333),,
Q28179672,Shab,2017-05-01,Onir,Delhi,Point(77.216666666 28.666666666),,
Q30603350,The Test Case,2017-04-30,,,,,
Q27958197,The Mother,2017-04-21,,,,,
Q4901654,Bheja Fry 3,2017-04-21,Sagar Ballary,,,,
Q39058047,Karrle Tu Bhi Mohabbat,2017-04-21,,,,,
Q26252645,Kaalagandi,2017-04-21,Akshat Verma,Mumbai,Point(72.8775 19.075833333),,
Q17151200,Ek Thi Rani Aisi Bhi,2017-04-21,Gul Bahar Singh,,,,
Q29026553,Mirza Juuliet,2017-04-07,,Mumbai,Point(72.8775 19.075833333),,
Q26684075,Noor,2017-04-07,,,,,
Q28841927,Laali Ki Shaadi Mein Laaddoo Deewana,2017-04-07,,,,,
Q25302743,Phillauri,2017-03-31,Anshai Lal,Punjab,Point(75.466666666 30.766666666),,
Q20762668,Dangal,2017-03-24,Nitesh Tiwari,Punjab,Point(75.466666666 30.766666666),,
Q24034593,Bhanwarey,2017-03-24,Shaurya Singh,Delhi,Point(77.216666666 28.666666666),,
Q27963673,Gangs Of North East,2017-03-24,,,,,
Q30598240,Machine,2017-03-17,Abbas Alibhai Burmawalla | Mastan Alibhai Burmawalla,,,,
Q27590086,Sarkar 3,2017-03-17,Ram Gopal Varma,Mumbai,Point(72.8775 19.075833333),,
Q23992454,Badrinath Ki Dulhania,2017-03-10,Shashank Khaitan,,,,
Q25213036,Jeena isi Ka Naam Hai,2017-03-03,Keshhav Panneriy,,,,
Q24905099,Begum Jaan,2017-03-01,Srijit Mukherji,Punjab,Point(75.466666666 30.766666666),,
Q29344760,Kashmir Daily,2017-03-01,,Jammu and Kashmir,Point(76.5 34.0),,
Q28753367,9 O'Clock,2017-02-24,,,,,
Q20649561,Rangoon,2017-02-24,Vishal Bhardwaj,Myanmar,Point(96.0 22.0),,
Q28419461,Mona Darling,2017-02-24,,,,,
Q28961510,Wedding Anniversary,2017-02-24,,,,,
Q25302722,The Ghazi Attack,2017-02-24,Sankalp Reddy,,,,
Q25302722,The Ghazi Attack,2017-02-17,Sankalp Reddy,,,,
Q25217767,Raabta,2017-02-10,Dinesh Vijan,Croatia,Point(15.466667 45.25),,
Q25350238,Jolly LLB 2,2017-02-10,Subhash Kapoor,Lucknow,Point(80.947 26.847),,
Q28914754,Newton,2017-02-10,Amit Masurkar,,,,
Q28196248,Hind Ka Napak ko Jawab - MSG Lion Heart - 2,2017-02-10,,,,,
Q19833751,Raees,2017-02-02,Rahul Dholakia,Gujarat,Point(71.838 23.156444444),,
Q21998258,Shraap 3D,2017-02-01,Faisal Saif,,,,
Q24238536,Kaabil,2017-01-25,Sanjay Gupta,,,,
Q39059624,Majaz- Ae Gham-e-Dil Kya Karun,2017-01-20,Ravindra Singh,,,,
Q28064048,"Where to, Miss?",2017-01-19,Manuela Bastian,,,,
Q23044946,Ok Jaanu,2017-01-13,Shaad Ali,Mumbai,Point(72.8775 19.075833333),,
Q25302739,Commando 2,2017-01-06,Deven Bhojani,,,,
Q28753399,Prakash Electronic,2017-01-06,Manoj Sharma,,,,
Q55393399,127B,2017-01-01,Seshu KMR,,,,
Q27590067,Tera Intezaar,2017-01-01,,Mumbai,Point(72.8775 19.075833333),,
Q27590108,Mr. Kabbadi,2017-01-01,Sema Kapur Chhibber,Lucknow,Point(80.947 26.847),,
Q28127577,Coffee with D,2017-01-01,Vishal Mishra,Karachi,Point(67.01 24.86),,
Q27590579,Guest iin London,2017-01-01,Ashwni Dhir,London,Point(-0.1275 51.507222222),,
Q25302758,Mom,2017-01-01,Ravi Udyawar,Georgia,Point(44.0 42.0),,
Q27701604,The House Next Door,2017-01-01,Milind Rau,Mumbai,Point(72.8775 19.075833333),,
Q27877511,1 Chor 2 Mastikhor,2017-01-01,Prabhakar Sharan,,,,
Q16243464,Bank Chor,2017-01-01,Bumpy,,,,
Q55393589,Raktdhar,2017-01-01,,,,,
Q55603986,Angrezi Mein Kehte Hain,2017-01-01,,,,,
Q26720627,Curse of the Kohinoor,2017-01-01,,,,,
Q27959206,Mubarakan,2017-01-01,Anees Bazmee,,,,
Q26720624,Jab Harry Met Sejal,2017-01-01,Imtiaz Ali,Europe,Point(15.5 53.5),,
Q26267945,Tubelight,2017-01-01,Kabir Khan,Jammu and Kashmir,Point(76.5 34.0),,
Q30598475,Irada,2017-01-01,Aparnaa Singh,,,,
Q60737521,Sound of Silence,2017-01-01,Biju,,,,
Q17062473,Kalpvriksh,2017-01-01,Manika Sharma,,,,
Q53719915,Bioscopewala,2017-01-01,,Afghanistan,Point(66.0 33.0),,
Q30598153,Union Leader,2017-01-01,Sanjay Patel,,,,
Q20859728,Sons of Sardaar,2017-01-01,,,,,
Q50574194,Ladies First,2017-01-01,Uraaz Bahl,,,,
Q114705417,Paas Aao,2017-01-01,,,,,
Q30554097,Parmanu: The Story Of Pokhran,2017-01-01,Abhishek Sharma,Rajasthan,Point(73.838888888 26.572777777),,
Q30638568,Dear Maya,2017-01-01,,Himachal Pradesh,Point(77.172222222 31.103333333),,
Q19899128,Vartak Nagar,2017-01-01,,,,,
Q29832561,Anaarkali of Aarah,2017-01-01,Avinash Das,Bihar,Point(85.13 25.37),,
Q21647212,"Tom, Dick, and Harry 2",2017-01-01,Deepak Tijori,,,,
Q64768494,Ajab singh ki gajab kahani,2017-01-01,,,,,
Q22903290,1982 - A Love Marriage,2017-01-01,,,,,
Q64768193,Hum Chaar,2017-01-01,,Mumbai,Point(72.8775 19.075833333),,
Q28753483,Beyond the Clouds,2017-01-01,Majid Majidi,Mumbai,Point(72.8775 19.075833333),,
Q28179646,A Gentleman,2017-01-01,Krishna D.K. | Cyril Raffaelli | George Aguilar | Parvez Shaikh | Jigar Saraiya | Raj Nidimoru | Sachin Sanghvi,,,,
Q24238537,Meri Pyaari Bindu,2017-01-01,,,,,
Q39059438,Waah Zindagi,2017-01-01,,,,,
Q27590331,Naam Shabana,2017-01-01,Shivam Nair,Mumbai,Point(72.8775 19.075833333),,
Q39071317,The Field,2017-01-01,,Delhi,Point(77.216666666 28.666666666),,
Q39073250,Sameer,2017-01-01,,,,,
Q39073898,Challenge,2017-01-01,Satish Jain,,,,
Q84951276,Saat Rang,2017-01-01,Pratham Sharma,,,,
Q28180481,Firangi,2017-01-01,,British Raj,Point(88.337777777 22.541111111),,
Q24905790,Yeh Hai India,2017-01-01,Lom Harsh,,,,
Q40653114,Rukh,2017-01-01,Atanu Mukherjee,,,,
Q25218337,Simran,2017-01-01,Hansal Mehta,,,,
Q28179666,Daddy,2017-01-01,Ashim Ahluwalia,,,,
Q27590369,Ramratan,2017-01-01,,Mumbai,Point(72.8775 19.075833333),,
Q20762668,Dangal,2016-12-23,Nitesh Tiwari,Punjab,Point(75.466666666 30.766666666),,
Q20762668,Dangal,2016-12-22,Nitesh Tiwari,Punjab,Point(75.466666666 30.766666666),,
Q20762668,Dangal,2016-12-21,Nitesh Tiwari,Punjab,Point(75.466666666 30.766666666),,
Q27940690,Veeram,2016-12-12,Jayarajan Rajasekharan Nair,,,,
Q23838188,Befikre,2016-12-09,Aditya Chopra,Paris,Point(2.352222222 48.856666666),rue de Béarn | place des Vosges,Point(2.36618 48.8573) | Point(2.365555555 48.855555555)
Q27444410,Wajah Tum Ho,2016-12-02,Vishal Pandya,,,,
Q27536760,Lipstick Under My Burkha,2016-12-02,Alankrita Shrivastava,Bhopal,Point(77.4125 23.258888888),,
Q24211347,Sabaash Naidu,2016-12-01,Kamal Haasan,,,Los Angeles,Point(-118.24368 34.05223)
Q24807410,Dear Zindagi,2016-12-01,Gauri Shinde,Mumbai,Point(72.8775 19.075833333),,
Q24806661,Kahaani 2,2016-11-25,Sujoy Ghosh,West Bengal,Point(87.0 23.0),,
Q27536512,Saansein,2016-11-25,Rajiv S Ruia,Mauritius,Point(57.5 -20.2),,
Q24807410,Dear Zindagi,2016-11-25,Gauri Shinde,Mumbai,Point(72.8775 19.075833333),,
Q849343,Dilwale Dulhania Le Jayenge,2016-11-19,Aditya Chopra,London | India,Point(83.0 22.8) | Point(-0.1275 51.507222222),Switzerland | India | London,Point(8.231973 46.798562) | Point(-0.1275 51.507222222) | Point(83.0 22.8)
Q27964394,Dongari ka Raja,2016-11-11,Hadi Abrar,,,,
Q28173856,Amir Salman Shahrukh,2016-11-11,,Mumbai,Point(72.8775 19.075833333),,
Q27962511,30 MINUTES,2016-11-11,,,,,
Q19961228,Rock On!! 2,2016-11-11,Shujaat Saudagar,India,Point(83.0 22.8),,
Q28458011,Raakh,2016-11-07,Milap Zaveri,,,,
Q20762695,Sultan,2016-11-01,Ali Abbas Zafar,,,,
Q20751336,Parched,2016-10-27,Leena Yadav,,,,
Q19899003,Gandhigiri,2016-10-14,Sanoj Mishra,,,,
Q24905400,Fuddu,2016-10-14,Sunil Subramani,,,,
Q26963363,Saat Uchakkey,2016-10-14,Sanjeev Sharma,,,,
Q26963167,Ek Tera Saath,2016-10-14,,,,,
Q27536565,MSG: The Warrior Lion Heart,2016-10-07,Gurmeet Ram Rahim Singh,,,,
Q26684244,Ek Tha Hero,2016-10-01,Yogesh Pagare,,,,
Q20646924,Beiimaan Love,2016-09-30,Rajeev Chaudhari,,,,
Q28064048,"Where to, Miss?",2016-09-29,Manuela Bastian,,,,
Q22674088,Banjo,2016-09-23,Ravi Jadhav,,,,
Q26252746,Love Day - Pyaar Ka Din,2016-09-23,,Mumbai,Point(72.8775 19.075833333),,
Q26158098,Days of Tafree,2016-09-23,Krishnadev Yagnik,,,,
Q22074982,Manmarziyan,2016-09-23,Sameer Sharma,,,,
Q23647131,Pink,2016-09-16,Aniruddha Roy Chowdhury,Delhi,Point(77.216666666 28.666666666),,
Q22674207,Raaz 4,2016-09-16,Vikram Bhatt,Romania,Point(25.0 46.0),,
Q23707690,A Death In The Gunj,2016-09-10,Konkona Sen Sharma,,,,
Q26250367,Freaky Ali,2016-09-09,Sohail Khan,,,,
Q29467996,Mukti Bhawan,2016-09-02,Shubhashish Bhutiani,Uttar Pradesh,Point(80.91 26.85),,
Q19881820,Akira,2016-09-02,A. R. Murugadoss,,,,
Q26683665,Sunshine Music Tours & Travels,2016-09-02,Shailendra Singh,,,,
Q26963346,Yea Toh Two Much Ho Gayaa,2016-09-02,,,,,
Q19891135,Chapekar Brothers,2016-09-01,,,,,
Q26252682,Babuji Ek Ticket Bambai,2016-08-26,,Mumbai,Point(72.8775 19.075833333),,
Q24514647,Missing on a Weekend,2016-08-26,,,,,
Q18128126,Mohenjo Daro,2016-08-25,Ashutosh Gowariker,Pakistan,Point(71.0 30.0),South Africa,Point(24.0 -29.0)
Q19899162,Waarrior Savitri,2016-08-25,Param Gill,Las Vegas Valley,Point(-115.184 36.1318),,
Q20001840,A Flying Jatt,2016-08-25,Remo D'Souza,Mumbai,Point(72.8775 19.075833333),Mumbai,Point(72.8775 19.075833333)
Q30642739,Ranveer Ching Returns,2016-08-19,Rohit Shetty,,,,
Q21095439,Happy Bhaag Jayegi,2016-08-18,Muddassar Aziz,Lahore,Point(74.343611111 31.549722222),,
Q22905756,Rustom,2016-08-12,Tinu Suresh Desai,Mumbai,Point(72.8775 19.075833333),Canterbury,Point(1.0775 51.278333333)
Q24278870,Dulhan Chahi Pakistan Se,2016-08-05,Rajkumar R. Pandey,,,,
Q24662708,Budhia Singh - Born to run,2016-08-05,Soumendra Padhi,,,,
Q25999914,Moods Of Crime,2016-08-01,,,,,
Q25999895,Mission tiger,2016-07-29,,,,,
Q20649396,Great Grand Masti,2016-07-15,Indra Kumar,,,,
Q24806997,Shorgul,2016-07-01,Jitendra Tiwari | Pranav Singh,India,Point(83.0 22.8),,
Q24883867,Kerry on Kutton,2016-07-01,Ashok Yadav,,,,
Q24514675,Dil Toh Deewana Hai,2016-07-01,Raja Bundela,,,,
Q24514687,7 Hours to Go,2016-06-24,Saurabh Varma,,,,
Q23647106,Kriti,2016-06-22,Shirish Kunder,,,,
Q20814436,Angry Indian Goddesses,2016-06-16,Pan Nalin,Goa,Point(74.043333333 15.401944444),,
Q24049854,Madaari,2016-06-10,Nishikant Kamat,Rajasthan,Point(73.838888888 26.572777777),,
Q25218489,Rai,2016-06-10,Ram Gopal Varma,,,,
Q20649809,Do Lafzon Ki Kahani,2016-06-10,Deepak Tijori,,,,
Q21647090,Te3n,2016-06-10,Ribhu Dasgupta,,,,
Q25212181,The Virgins,2016-06-01,Sandeep A. Varma,,,,
Q24727694,Phobia,2016-05-27,Pawan Kripalani,Mumbai,Point(72.8775 19.075833333),,
Q25096390,Fredrick,2016-05-27,Rajesh Butalia,,,,
Q11169363,Aman Ke Farishtey,2016-05-20,Kader Kashmiri,Mumbai,Point(72.8775 19.075833333),,
Q23013811,Sarbjit,2016-05-20,Omung Kumar,Punjab,Point(75.466666666 30.766666666),,
Q21998253,Raman Raghav 2.0,2016-05-16,Anurag Kashyap,,,,
Q21998188,Dear Dad,2016-05-13,Tanuj Bhramar,Delhi,Point(77.216666666 28.666666666),,
Q20900098,1920 London,2016-05-06,Vikram Bhatt,London,Point(-0.1275 51.507222222),,
Q22905735,Nil Battey Sannata,2016-04-22,Ashwiny Iyer Tiwari,,,,
Q17606382,FAN,2016-04-15,Maneesh Sharma,India,Point(83.0 22.8),,
Q17606382,FAN,2016-04-14,Maneesh Sharma,India,Point(83.0 22.8),,
Q7379498,Run Bhola Run,2016-04-08,Neeraj Vora,,,,
Q23013708,Love Games,2016-04-08,Vikram Bhatt,,,,
Q24514627,Kaafiron Ki Namaaz,2016-04-07,Ram Ramesh Sharma,,,,
Q23647110,Life of Kukku,2016-04-01,Rajiv S Ruia,,,,
Q20762686,Ki and Ka,2016-04-01,R. Balki,,,,
Q18170349,Rocky Handsome,2016-03-25,Nishikant Kamat,Goa,Point(74.043333333 15.401944444),,
Q23647050,Dare You,2016-03-18,,Mumbai,Point(72.8775 19.075833333),,
Q23013759,OK Mein Dhokhe,2016-03-18,,Mumbai,Point(72.8775 19.075833333),,
Q23762910,Awesome Mausam,2016-03-18,,,,,
Q22905731,Murari - The Mad Gentleman,2016-03-11,Suzad Iqbal Khan,,,,
Q16248616,Global Baba,2016-03-11,Manoj Shidheshwari Tiwari,,,,
Q21998267,Teraa Surroor,2016-03-11,Shawn Arranha,,,,
Q16254653,Tere Bin Laaden 2,2016-02-26,Abhishek Sharma,,,,
Q22252030,Rhythm,2016-02-26,Vivek Kumar,,,,
Q20538703,Dhara 302,2016-02-26,,,,,
Q20992363,Direct Ishq,2016-02-19,Rajiv S Ruia,,,,
Q20002294,Neerja,2016-02-19,Ram Madhvani,Peru,Point(-76.0 -9.4),,
Q21646188,Bollywood Diaries,2016-02-05,K.D. Satyam,,,,
Q22074950,BHK Bhalla@Halla.Kom,2016-02-05,,,,,
Q21646665,Loveshhuda,2016-01-29,Vaibhav Misra,,,,
Q18126068,Irudhi Suttru,2016-01-29,Sudha Kongara Prasad,,,,
Q18740722,Kyaa Kool Hain Hum 3,2016-01-22,Umesh Ghadge,Thailand,Point(101.0 14.0),,
Q19899057,Udta Punjab,2016-01-16,Abhishek Chaubey,Punjab,Point(75.466666666 30.766666666),,
Q22074996,Rebellious Flower,2016-01-15,Krishan Hooda,,,,
Q19572234,Ishq Forever,2016-01-15,Sameer Sippy,,,,
Q19264035,Dilwale,2016-01-07,Rohit Shetty,,,,
Q21646547,JD,2016-01-01,Shailendra Pandey,,,,
Q19599558,RoughBook,2016-01-01,Anant Mahadevan,,,,
Q21450469,Love Shagun,2016-01-01,Saandesh B Nayak,,,,
Q21869459,Jai Gangaajal,2016-01-01,Prakash Jha,Bihar,Point(85.13 25.37),,
Q23647122,Muzaffarnagar 2013,2016-01-01,Harish Kumar,,,,
Q20002294,Neerja,2016-01-01,Ram Madhvani,Peru,Point(-76.0 -9.4),,
Q21780574,Sanam Teri Kasam,2016-01-01,Radhika Rao,Mumbai,Point(72.8775 19.075833333),,
Q29052733,Machines,2016-01-01,Rahul Jain,Gujarat,Point(71.838 23.156444444),,
Q16248370,Fever,2016-01-01,Rajeev Jhaveri,,,,
Q21780587,Mirzya,2016-01-01,Rakeysh Omprakash Mehra,Rajasthan,Point(73.838888888 26.572777777),,
Q52521891,Maroon,2016-01-01,Pulkit,,,,
Q19627462,Ishq Junoon,2016-01-01,,,,,
Q21869471,Jugni,2016-01-01,,,,,
Q19605737,Shivaay,2016-01-01,Vir Das | Ajay Devgn | Sayyeshaa | Erika Kaar,Bulgaria,Point(25.5 42.75),,
Q52442624,The Violin Player,2016-01-01,Bauddhayan Mukherji,,,,
Q15044971,Jagga Jasoos,2016-01-01,Anurag Basu,Africa,Point(15.0 0.0),Morocco,Point(-6.0 32.0)
Q20026841,Azhar,2016-01-01,Anthony D'Souza,Hyderabad,Point(78.474722222 17.361666666),,
Q21998285,Yaaron Ki Baraat,2016-01-01,Ikram Akhtar,,,,
Q21646028,Ae Dil Hai Mushkil,2016-01-01,Karan Johar,London,Point(-0.1275 51.507222222),,
Q19824742,Kapoor & Sons,2016-01-01,Shakun Batra,,,,
Q19824736,Junooniyat,2016-01-01,Vivek Agnihotri,,,,
Q21450471,Mungerilal B. Tech,2016-01-01,,,,,
Q21539937,One Night Stand,2016-01-01,Jasmine D'Souza,,,,
Q22905706,Julie 2,2016-01-01,Deepak Shivdasani,,,,
Q64768451,Yeh Hai Lollipop,2016-01-01,Manoj Sharma,,,,
Q48732606,Autohead,2016-01-01,,,,,
Q23762915,Tum Bin 2,2016-01-01,Anubhav Sinha,,,,
Q16248770,Hamara Bajaj,2016-01-01,,,,,
Q23838304,Aakhri Sauda: The Last Deal,2016-01-01,,Mumbai,Point(72.8775 19.075833333),,
Q20649274,Baaghi: A Rebel For Love,2016-01-01,Sabbir Khan,,,,
Q114713940,A Scandall,2016-01-01,,,,,
Q25209081,Blue Mountains,2016-01-01,,,,,
Q20649479,Chalk n Duster,2016-01-01,Jayant Gilatar,,,,
Q16248394,Fitoor,2016-01-01,Abhishek Kapoor,Jammu and Kashmir,Point(76.5 34.0),,
Q28180109,Mantra,2016-01-01,Nicholas Kharkongor,,,,
Q30604130,Chutney,2016-01-01,Jyoti Kapur Das,,,,
Q20899740,Hunterrr 2,2016-01-01,,,,,
Q28128980,Tere Jism Se Jaan Tak,2016-01-01,,,,,
Q25999965,Vo India ka Shakespeare,2016-01-01,,,,,
Q18170296,An Insignificant Man,2016-01-01,Vinay Shukla | Khushboo Ranka,,,,
Q18170000,Wazir,2016-01-01,Bejoy Nambiar,,,,
Q20650002,Umformung the transformation,2016-01-01,Sudeep Ranjan Sarkar,Kolkata,Point(88.37 22.5675),,
Q20715671,Force 2,2016-01-01,Abhinay Deo,,,,
Q18127894,Mastizaade,2016-01-01,Milap Zaveri,India,Point(83.0 22.8),,
Q18127580,M.S.Dhoni : The Untold Story,2016-01-01,Neeraj Pandey,Ranchi,Point(85.334722222 23.355555555),,
Q30598131,Trapped,2016-01-01,Vikramaditya Motwane,,,,
Q20814562,Housefull 3,2016-01-01,Farhad Samji | Sajid Samji,,,,
Q42530073,Bhouri,2016-01-01,Jasbir Bijender Bhati,,,,
Q27959513,Saat Kadam,2016-01-01,,,,,
Q27038192,Nashebaaz,2016-01-01,Dheeraj Sharma,,,,
Q16254876,Traffic,2016-01-01,Rajesh Pillai,,,,
Q27536721,Yahan Ameena Bikti Hai,2016-01-01,Kumar Raj,,,,
Q17606382,FAN,2016-01-01,Maneesh Sharma,India,Point(83.0 22.8),,
Q27536988,Life Ki Aisi Ki Taisi,2016-01-01,,,,,
Q27890329,Mister Come Tomorrow,2016-01-01,,,,,
Q27890267,Moh Maya Money,2016-01-01,Munish Bhardwaj,,,,
Q20647403,Haunted Rooh,2016-01-01,Jitendra Kumar Singh,,,,
Q24905512,Project Marathwada,2016-01-01,Bhavin Wadia,,,,
Q114686954,Mmirsa,2016-01-01,,,,,
Q4808840,Assi Nabbe Poorey Sau,2016-01-01,Ankur Bhatia,,,,
Q23838353,Pirates 1.0,2016-01-01,Raj Madiraju,,,,
Q19320927,Airlift,2016-01-01,Raja Krishna Menon,,,,
Q23925016,Chowky,2016-01-01,,,,,
Q23925031,Devi,2016-01-01,A. L. Vijay,,,,
Q19263959,Sanam Re,2016-01-01,Divya Khosla Kumar,,,,
Q23925061,Veerappan,2016-01-01,Ram Gopal Varma,Karnataka,Point(76.0 15.0),,
Q23925065,Khel Toh Ab Shuru Hoga,2016-01-01,,,,,
Q18890293,Dishoom,2016-01-01,Rohit Dhawan,,,,
Q21010852,Darling Don't Cheat,2016-01-01,,,,,
Q24034638,Ek Kahani Julie Ki,2016-01-01,,,,,
Q24905288,Father - Tale of love,2016-01-01,Suzad Iqbal Khan,,,,
Q4822033,Aur Devdas,2016-01-01,Sudhir Mishra,,,,
Q21646585,Kal Hamara Hai,2016-01-01,,,,,
Q24905058,Dawat E Shaadi,2016-01-01,Syed Hussain,,,,
Q7718866,The Blueberry Hunt,2016-01-01,Anup Kurian,,,,
Q20926266,Baar Baar Dekho,2016-01-01,Nitya Mehra,,,,
Q114686952,Jab Tum Kaho,2016-01-01,,,,,
Q24806966,Shaukeen Kaminay,2016-01-01,Anil Chorasiya,,,,
Q24807178,Hai Apna Dil Toh Awara,2016-01-01,,,,,
Q28180390,Alif,2016-01-01,Zaigham Imam,,,,
Q20647032,Chidiya,2016-01-01,Mehran Amrohi,,,,
Q28452181,Anna,2016-01-01,,,,,
Q22905783,Waiting,2015-12-11,Anu Menon,Kerala,Point(76.3 10.0),,
Q24904900,The Silent Heroes,2015-12-11,Mahesh Bhatt,,,,
Q16837125,Bajirao Mastani,2015-12-04,Sanjay Leela Bhansali,India,Point(83.0 22.8),,
Q21539905,Kajarya,2015-12-04,Madhureeta Anand,,,,
Q17511816,Amma,2015-12-01,Faisal Saif,,,,
Q18387836,Tamasha,2015-11-27,Imtiaz Ali,Himachal Pradesh,Point(77.172222222 31.103333333),France,Point(2.0 47.0)
Q19264029,Umrika,2015-11-19,Prashant Nair,,,,
Q19263636,Ghayal Once Again,2015-11-13,Rahul Rawail | Sunny Deol,,,,
Q16253210,Prem Ratan Dhan Payo,2015-11-11,Sooraj R. Barjatya,Rajasthan,Point(73.838888888 26.572777777),,
Q21646922,Ranbanka,2015-11-06,Aryeman,,,,
Q122544252,Cities of Sleep,2015-11-06,Shaunak Sen,,,Delhi,Point(77.216666666 28.666666666)
Q21282931,Charlie Kay Chakkar Mein,2015-11-06,Manish Srivastav,Mumbai,Point(72.8775 19.075833333),,
Q21065486,Guddu Ki Gun,2015-10-30,,,,,
Q18009534,Shaandaar,2015-10-22,Vikas Bahl,,,,
Q20992349,Chinar Daastaan-E-Ishq,2015-10-16,Sharique Minhaj,,,,
Q21095430,Wedding Pullav,2015-10-16,Binod Pradhan,,,,
Q18702263,Jazbaa,2015-10-09,Sanjay Gupta,,,,
Q17492514,Talvar,2015-10-02,Meghna Gulzar,,,,
Q18603033,Kis Kisko Pyaar Karoon,2015-09-25,Abbas Alibhai Burmawalla | Mastan Alibhai Burmawalla,,,,
Q17080290,Saako-363,2015-09-23,,,,,
Q17492514,Talvar,2015-09-14,Meghna Gulzar,,,,
Q20899524,The Path of Zarathustra,2015-09-04,Oorvazi Irani,,,,
Q25206841,Island City,2015-09-02,Ruchika Oberoi,Mumbai,Point(72.8775 19.075833333),,
Q23692030,Amdavad Ma Famous,2015-09-01,Hardik Mehta,Ahmedabad,Point(72.579722222 23.021944444),Ahmedabad,Point(72.579722222 23.021944444)
Q20899501,Malini & Co.,2015-08-28,,,,,
Q17509388,ABCD: Any Body Can Dance 2,2015-08-25,Remo D'Souza,Las Vegas,Point(-115.148611111 36.167222222),,
Q17059341,Manjhi: The Mountain Man,2015-08-21,Ketan Mehta,Bihar,Point(85.13 25.37),,
Q18210456,Brothers,2015-08-14,Karan Malhotra,Mumbai,Point(72.8775 19.075833333),Mumbai,Point(72.8775 19.075833333)
Q19801769,Calendar Girls,2015-08-07,Madhur Bhandarkar,,,,
Q18126122,Jaanisaar,2015-08-07,Muzaffar Ali,British Raj,Point(88.337777777 22.541111111),,
Q19824636,Drishyam,2015-07-31,Nishikant Kamat,India,Point(83.0 22.8),,
Q18603021,Bajrangi Bhaijaan,2015-07-17,Kabir Khan,Pakistan,Point(71.0 30.0),,
Q18811629,Second Hand Husband,2015-07-03,Smeep Kang,,,,
Q20649937,Karbonn,2015-07-01,Mrunalini Patil,,,,
Q17054077,Guddu Rangeela,2015-07-01,Subhash Kapoor,,,,
Q17509388,ABCD: Any Body Can Dance 2,2015-06-19,Remo D'Souza,Las Vegas,Point(-115.148611111 36.167222222),,
Q17051888,Dil Dhadakne Do,2015-06-05,Zoya Akhtar,,,,
Q19893444,Madmast Barkhaa,2015-05-29,,,,,
Q16875759,Titli,2015-05-28,Kanu Behl,Delhi,Point(77.216666666 28.666666666),Delhi,Point(77.216666666 28.666666666)
Q18387925,Tanu Weds Manu Returns,2015-05-22,Aanand L. Rai,London,Point(-0.1275 51.507222222),,
Q19893112,Lateef,2015-05-15,Israr Ahmed,,,,
Q18129261,Kuch Kuch Locha Hai,2015-05-08,Devang Dholakia,,,,
Q18703891,Piku,2015-05-08,Shoojit Sircar,,,,
Q28180279,Honourable Mention,2015-05-01,Dhruva Harsh,,,,
Q16249502,Jai Ho Democracy,2015-04-24,Ranjit Kapoor | Bikramjeet Bhullar,,,,
Q19892301,Kaagaz Ke Fools,2015-04-24,,,,,
Q17074852,Mr. X,2015-04-17,Vikram Bhatt,,,,
Q19824806,NH-8 Road to Nidhivan,2015-04-17,,,,,
Q28173956,Ek Adbhut Dakshina Guru Dakshina,2015-04-17,,,,,
Q17074852,Mr. X,2015-04-16,Vikram Bhatt,,,,
Q21107374,Ek Paheli Leela,2015-04-10,Bobby Khan,Rajasthan,Point(73.838888888 26.572777777),,
Q19572708,Luckhnowi ishq,2015-04-03,Aanand Raut,,,,
Q18703077,Barkhaa,2015-03-27,Shadaab Mirza,,,,
Q3127192,Happy New Year,2015-03-21,Farah Khan,Emirate of Dubai,Point(55.311666666 25.264444444),,
Q3127192,Happy New Year,2015-03-14,Farah Khan,Emirate of Dubai,Point(55.311666666 25.264444444),,
Q17114310,NH10,2015-03-13,Navdeep Singh,,,,
Q3127192,Happy New Year,2015-03-12,Farah Khan,Emirate of Dubai,Point(55.311666666 25.264444444),,
Q28961503,Pakdam Pakdai Doggy Don VS Billiman,2015-03-03,,,,,
Q3127192,Happy New Year,2015-02-25,Farah Khan,Emirate of Dubai,Point(55.311666666 25.264444444),,
Q18342565,Detective Byomkesh Bakshi,2015-02-13,Dibakar Banerjee,Kolkata,Point(88.37 22.5675),,
Q3127192,Happy New Year,2015-02-12,Farah Khan,Emirate of Dubai,Point(55.311666666 25.264444444),,
Q26720634,Hum Tum Dushman Dushman,2015-02-06,Iqbal Durrani,,,,
Q17198964,Hawaizaada,2015-01-30,Vibhu Puri,,,,
Q2731368,Gabbar Is Back,2015-01-23,Radhakrishna Jagarlamudi,India,Point(83.0 22.8),,
Q16255287,Welcome Back,2015-01-23,Anees Bazmee,Emirate of Dubai,Point(55.311666666 25.264444444),,
Q3127192,Happy New Year,2015-01-20,Farah Khan,Emirate of Dubai,Point(55.311666666 25.264444444),,
Q16254665,Tevar,2015-01-09,Amit Sharma,,,,
Q20751336,Parched,2015-01-01,Leena Yadav,,,,
Q19263519,Badmashiyaan,2015-01-01,Amit Khanna,,,,
Q19600496,Yahaan Sabki Lagi Hai,2015-01-01,,,,,
Q19573050,Monsoon,2015-01-01,Suzad Iqbal Khan,,,,
Q23763013,Pocket Gangsters,2015-01-01,,,,,
Q23783717,Zubaan,2015-01-01,Mozez Singh,,,,
Q19570782,Aligarh,2015-01-01,Hansal Mehta,Uttar Pradesh,Point(80.91 26.85),,
Q19264035,Dilwale,2015-01-01,Rohit Shetty,,,,
Q19264029,Umrika,2015-01-01,Prashant Nair,,,,
Q11107196,Chooriyan,2015-01-01,Sukhwant Dhadda,,,,
Q18703197,Mumbai Can Dance Saala,2015-01-01,Sachindra Sharma,,,,
Q18811615,Main Aur Charles,2015-01-01,Prawaal Raman,,,,
Q18811612,Love You Alia,2015-01-01,Indrajit Lankesh,,,,
Q18811604,Hey Bro,2015-01-01,Ajay Chandhok,,,,
Q18811598,Dharam Sankat Mein,2015-01-01,Fuwad Khan,,,,
Q18786425,Hunterrr,2015-01-01,Harshavardhan Kulkarni,,,,
Q18786418,Crazy Cukkad Family,2015-01-01,Ritesh Menon,,,,
Q18740761,Take It Easy,2015-01-01,Sunil Prem Vyas,,,,
Q19627389,Chal Guru Ho Jaa Shuru,2015-01-01,Manoj Sharma,,,,
Q19627523,Phir Se...,2015-01-01,Kunal Kohli,London,Point(-0.1275 51.507222222),,
Q19627542,Sabki Bajegi Band,2015-01-01,Anirudh Chawla,,,,
Q19627556,Solid Patels,2015-01-01,Saurabh Varma,,,,
Q21647316,Yaara Silly Silly,2015-01-01,,,,,
Q21775684,Care of Footpath 2,2015-01-01,Kishan Shrikanth,Mumbai,Point(72.8775 19.075833333),,
Q19891758,I Love Desi,2015-01-01,Pankaj Batra,,,,
Q15111541,Phantom,2015-01-01,Kabir Khan,Jammu and Kashmir,Point(76.5 34.0),Vancouver,Point(-123.113888888 49.260833333)
Q19824745,Killa,2015-01-01,Avinash Arun,,,,
Q19824727,Ishqedarriyaan,2015-01-01,V. K. Prakash,,,,
Q19824726,Ishq Ke Parindey,2015-01-01,Shakir Khan,,,,
Q19824695,Hate Story 3,2015-01-01,Vishal Pandya,,,,
Q22074999,Salt Bridge,2015-01-01,Abhijit Deonath,,,Canberra,Point(149.126944444 -35.293055555)
Q16254769,The Legend of Michael Mishra,2015-01-01,Manish Jha,,,,
Q19824662,Masaan,2015-01-01,Neeraj Ghaywan,Uttar Pradesh,Point(80.91 26.85),,
Q19824630,Dilliwali Zaalim Girlfriend,2015-01-01,Japinder Kaur,,,,
Q19801723,Aisa Yeh Jahaan,2015-01-01,Biswajeet Bora,,,,
Q19787170,Four Pillars of Basement,2015-01-01,Giresh Naik K,,,,
Q19757821,Pareshaanpur,2015-01-01,,,,,
Q18740699,Dirty Politics,2015-01-01,K. C. Bokadia,,,,
Q18703155,Ishq Click,2015-01-01,Anil Ballani,,,,
Q19899280,Uvaa,2015-01-01,Jasbir Bijender Bhati,,,,
Q16247285,Bombay Velvet,2015-01-01,Anurag Kashyap,India,Point(83.0 22.8),,
Q16246568,All Is Well,2015-01-01,Umesh Shukla,,,,
Q16251100,Main Hoon Rajinikanth,2015-01-01,Faisal Saif,,,,
Q17081716,Singh Is Bling,2015-01-01,Prabhu Deva,India,Point(83.0 22.8),,
Q28179967,Kaash,2015-01-01,Ishaan Nair,,,,
Q28180003,Loev,2015-01-01,Sudhanshu Saria,Maharashtra,Point(75.713888055 19.75148),,
Q17032951,Shamitabh,2015-01-01,R. Balki,Finland,Point(27.0 65.0),,
Q17019549,Black Home,2015-01-01,Ashish Deo,,,,
Q16912307,Abhinay Chakra,2015-01-01,Dipankar Senapati,,,,
Q18703134,Fraud Saiyyan,2015-01-01,Sourabh Shrivastava,,,,
Q7372496,Roy,2015-01-01,Vikramjit Singh,,,,
Q16841214,Bhaag Johnny,2015-01-01,Vikram Bhatt | Shivam Nair,,,,
Q16249509,Jai Jawaan Jai Kisaan,2015-01-01,Milann Ajmera,,,,
Q28961503,Pakdam Pakdai Doggy Don VS Billiman,2015-01-01,,,,,
Q16312265,Paisa Ho Paisa,2015-01-01,Muktha S. Sundar,,,,
Q16271322,Ab Tak Chhappan 2,2015-01-01,Ejaz Gulab,,,,
Q16248891,Hero,2015-01-01,Nikhil Advani,,,,
Q17198908,Dum Laga Ke Haisha,2015-01-01,Sharat Katariya,,,,
Q27590573,Barefoot to Goa,2015-01-01,Praveen Morchhale,,,,
Q17514523,Badlapur,2015-01-01,Sriram Raghavan,,,,
Q17514776,Bangistan,2015-01-01,Karan Anshuman,Kraków | Poland,Point(19.0 52.0) | Point(19.937222222 50.061388888),,
Q16253394,Rahasya,2015-01-01,Manish Gupta,,,,
Q18702402,MSG: The Messenger of God,2015-01-01,Gurmeet Ram Rahim Singh,,,,
Q18621824,Alone,2015-01-01,Bhushan Patel,,,,
Q18603050,Welcome to Karachi,2015-01-01,Ashish R Mohan,Karachi,Point(67.01 24.86),,
Q18603045,Sharafat Gayi Tel Lene,2015-01-01,Gurmmeet Singh,,,,
Q18603040,Patel Ki Punjabi Shaadi,2015-01-01,Sanjay Chhel,,,,
Q18394204,Thoda Lutf Thoda Ishq,2015-01-01,Sachin Gupta,,,,
Q18387990,Khamoshiyan,2015-01-01,Karan Darra,,,South Africa,Point(24.0 -29.0)
Q18354842,Santa Banta,2015-01-01,Akashdeep Sabir,Fiji,Point(178.0 -18.0),,
Q4659595,A Slumdog Millionaire Goes Dancing,2015-01-01,Shiamak Davar,,,,
Q7206407,Pocket Maar,2015-01-01,Ravi Chopra,,,,
Q18128087,The Spectacular Jihad of Taz Rahim,2015-01-01,,,,,
Q18111954,Dolly Ki Doli,2015-01-01,Abhishek Dogra,,,,
Q18110036,Baby,2015-01-01,Neeraj Pandey,,,Istanbul,Point(28.960277777 41.01)
Q55613853,Holding Back,2015-01-01,,,,,
Q19899043,Surkhaab,2015-01-01,Sanjay Talreja,,,,
Q18215026,Katti Batti,2015-01-01,Nikhil Advani,,,,
Q21064743,Baankey Ki Crazy Baraat,2015-01-01,Aijaz Khan,,,,
Q20080777,Miss Tanakpur Haazir Ho,2015-01-01,Vinod Kapri,,,,
Q21095407,Ranviir The Marshal,2015-01-01,Milind Ukey,,,,
Q21203213,Once Upon A Time In Bihar,2015-01-01,Nitin Chandra,Bihar,Point(85.13 25.37),,
Q20899454,Haraamkhor,2015-01-01,Shlok Sharma,,,,
Q20899509,MSG-2 The Messenger,2015-01-01,Gurmeet Ram Rahim Singh,,,,
Q20899539,Pyaar Ka Punchnama 2,2015-01-01,Luv Ranjan,,,,
Q21203088,Gour Hari Dastaan,2015-01-01,Anant Mahadevan,,,,
Q21198289,Love Exchange,2015-01-01,,,,,
Q20899628,The Perfect Girl : ek simple si love story,2015-01-01,Prakash Nambiar,,,,
Q20647619,Lion of Gujarat,2015-01-01,Dinesh Lamba,,,,
Q20900128,Kamlaa,2015-01-01,,,,,
Q21161386,Time Out,2015-01-01,Rikhil Bahadur,,,,
Q20647343,Patna Se Pakistan,2015-01-01,Santosh Mishra,,,,
Q20900167,The Angrez 2,2015-01-01,,Hyderabad,Point(78.474722222 17.361666666),,
Q20967585,Bumper Draw,2015-01-01,Irshad Khan,,,,
Q20967654,Lakhon Hain Yahan Dilwale,2015-01-01,,,,,
Q15051674,Vishwaroopam II,2015-01-01,Kamal Haasan,Afghanistan,Point(66.0 33.0),,
Q20992388,"Good Morning, Sunshine",2015-01-01,Sanjoy Nag,,,,
Q20992396,Hogaya dimaagh ka dahi,2015-01-01,Fauzia Arshi,Delhi,Point(77.216666666 28.666666666),,
Q20992401,Hum Sab Ullu Hain,2015-01-01,,,,,
Q20992469,Sorry Daddy,2015-01-01,,,,,
Q20538723,International Hero,2015-01-01,,,,,
Q20538709,Ghulami,2015-01-01,Tinu Verma,,,,
Q20487444,Cabaret,2015-01-01,,,,,
Q20814822,The Love is Forever,2015-01-01,,,,,
Q20718228,Dulaara,2015-01-01,Rajkumar R. Pandey,,,,
Q21095424,Tera Mera Tedha Medha,2015-01-01,Chittaranjan Tripathy,,,,
Q20026842,Battle For Bittora,2015-01-01,Shashanka Ghosh,,,,
Q20814436,Angry Indian Goddesses,2015-01-01,Pan Nalin,Goa,Point(74.043333333 15.401944444),,
Q20751328,Kaun Kitne Paani Mein,2015-01-01,Nila Madhab Panda,,,,
Q20785750,Meeruthiya Gangster,2015-01-01,Zeishan Quadri,,,,
Q20026843,Beyond Blue - An Unnerving Tale of a Demented Mind,2015-01-01,Zanane Rajsingh,,,,
Q20001608,Dhanak,2015-01-01,Nagesh Kukunoor,Rajasthan,Point(73.838888888 26.572777777),,
Q21646410,Flying Colors,2015-01-01,,,,,
Q20720596,Chehere,2015-01-01,,Mumbai,Point(72.8775 19.075833333),,
Q20735522,31st October,2015-01-01,Shivaji Lotan Patil,,,,
Q20735546,Chhora Ganga Kinare Wala,2015-01-01,Rajkumar R. Pandey,,,,
Q20026844,Bezubaan Ishq,2015-01-01,Jashwant Gangani,,,,
Q3127192,Happy New Year,2014-12-31,Farah Khan,Emirate of Dubai,Point(55.311666666 25.264444444),,
Q12813120,Ugly,2014-12-26,Anurag Kashyap,India,Point(83.0 22.8),,
Q7117022,PK,2014-12-19,Rajkumar Hirani,Belgium,Point(4.668055555 50.641111111),Bruges | Delhi,Point(3.224166666 51.208888888) | Point(77.216666666 28.666666666)
Q19895889,Room - The Mystery,2014-12-12,Faisal Khan,,,,
Q18703046,6-5=2,2014-11-14,Bharat Jain,,,,
Q18703130,Fireflies,2014-10-31,,,,,
Q18170481,Super Nani,2014-10-31,Indra Kumar,,,,
Q3127192,Happy New Year,2014-10-30,Farah Khan,Emirate of Dubai,Point(55.311666666 25.264444444),,
Q3127192,Happy New Year,2014-10-23,Farah Khan,Emirate of Dubai,Point(55.311666666 25.264444444),,
Q18364118,Tamanchey,2014-10-10,Navneet Behal,,,,
Q18811638,Spark,2014-10-02,V.K. Singh,,,,
Q14719604,Bang Bang!,2014-10-02,Siddharth Anand,Himachal Pradesh,Point(77.172222222 31.103333333),Thailand | Czech Republic | Greece,Point(23.0 38.5) | Point(101.0 14.0) | Point(15.0 50.0)
Q15726236,Haider,2014-10-02,Vishal Bhardwaj,Jammu and Kashmir,Point(76.5 34.0),,
Q88873742,Millions Can Walk,2014-10-02,Christoph Schaub | Kamal Musale,,,,
Q7174194,Peter Gaya Kaam Se,2014-09-27,John Owen,,,,
Q16251649,Meinu Ek Ladki Chaahiye,2014-09-26,,,,,
Q16250359,Khoobsurat,2014-09-19,Shashanka Ghosh,,,,
Q16248385,Finding Fanny,2014-09-12,Homi Adajania,Goa,Point(74.043333333 15.401944444),,
Q16952604,Creature 3D,2014-09-12,Vikram Bhatt,,,Ooty,Point(76.693888888 11.408611111)
Q16254062,Raja Natwarlal,2014-08-29,Kunal Deshmukh,,,,
Q18127618,Mad About Dance,2014-08-22,Saahil Prem,,,,
Q16251431,Mardaani,2014-08-22,Pradeep Sarkar,Mumbai,Point(72.8775 19.075833333),,
Q27590724,Shuruaat Ka Interval,2014-08-15,Krishan Hooda,,,,
Q7523479,Singham Returns,2014-08-15,Rohit Shetty,India,Point(83.0 22.8),,
Q17150267,Amar Must Die,2014-08-15,Param Gill,,,,
Q16249363,Entertainment,2014-08-08,Farhad Samji | Sajid Samji,Thailand | India,Point(83.0 22.8) | Point(101.0 14.0),Bangkok,Point(100.516666666 13.75)
Q16253021,Pizza,2014-07-18,Akshay Akkineni,,,,
Q17508231,Bazaar E Husn,2014-07-18,Ahmed Faisal Inam | Ajay Mehra,,,,
Q17198963,Hate Story 2,2014-07-18,Vishal Pandya,,,,
Q18170341,Riyasat,2014-07-18,Ashok Tyagi,,,,
Q17080263,Running Shaadi,2014-07-18,,,,,
Q17020393,Bollywood Villa,2014-07-11,,,,,
Q14949913,Qissa,2014-07-10,Anup Singh,Punjab,Point(75.466666666 30.766666666),,
Q3054309,English Vinglish,2014-06-28,Gauri Shinde,New York City,Point(-74.006111111 40.712777777),,
Q18170593,Unforgettable,2014-06-13,Arshad Yusuf Pathan,,,,
Q16058052,Action Jackson,2014-06-06,Prabhu Deva,,,,
Q17088084,Tum Ho Yaara,2014-05-30,,,,,
Q16247663,CityLights,2014-05-30,Hansal Mehta,Mumbai,Point(72.8775 19.075833333),,
Q16248904,Heropanti,2014-05-22,Sabbir Khan,,,,
Q16875759,Titli,2014-05-20,Kanu Behl,Delhi,Point(77.216666666 28.666666666),Delhi,Point(77.216666666 28.666666666)
Q16255319,The Xposé,2014-05-16,Anant Mahadevan,,,,
Q15813574,The Bastard Child,2014-05-16,Mrityunjay Devvrat,,,,
Q2617038,Players,2014-05-13,Abbas Alibhai Burmawalla | Mastan Alibhai Burmawalla,,,New Zealand | Murmansk Oblast,Point(174.0 -41.2) | Point(34.566666666 68.033333333)
Q17080880,Purani Jeans,2014-05-02,Tanushri Chattrji Bassu,,,,
Q16253853,Samrat & Co.,2014-04-25,Kaushik Ghatak,,,,
Q16253650,Revolver Rani,2014-04-24,Sai Kabir,,,,
Q16250896,Lucky Kabootar,2014-04-18,,,,,
Q16291648,Bhoothnath Returns,2014-04-10,Nitesh Tiwari,,,,
Q16043869,Main Tera Hero,2014-04-03,David Dhawan,Karnataka,Point(76.0 15.0),,
Q15984655,O Teri,2014-03-28,Umesh Bist,,,,
Q15983331,Dishkiyaoon,2014-03-28,Sanamjit Singh Talwar,Mumbai,Point(72.8775 19.075833333),,
Q16248495,Gang of Ghosts,2014-03-21,Satish Kaushik,,,,
Q7283099,Ragini MMS 2,2014-03-21,Bhushan Patel,,,,
Q15039700,Bewakoofian,2014-03-14,Nupur Asthana,,,Delhi,Point(77.216666666 28.666666666)
Q15907466,Queen,2014-03-07,Vikas Bahl,Paris,Point(2.352222222 48.856666666),Amsterdam | Paris | Delhi,Point(4.883333333 52.366666666) | Point(2.352222222 48.856666666) | Point(77.216666666 28.666666666)
Q14944350,Total Chaos,2014-03-07,Eeshwar Nivas,,,,
Q16246721,Anuradha,2014-02-28,Raju Mavani,,,,
Q7459911,Shaadi Ke Side Effects,2014-02-28,Saket Chaudhary,,,,
Q19895548,Pyar Ka Live Show,2014-02-21,,,,,
Q16247800,Darr @ the Mall,2014-02-21,Pawan Kripalani,,,,
Q19892525,Karar: The Deal,2014-02-21,Sabbir Khan,,,,
Q14948561,Dhoom 3,2014-02-14,Vijay Krishna Acharya,Chicago,Point(-87.627777777 41.881944444),Switzerland | Chicago,Point(8.231973 46.798562) | Point(-87.627777777 41.881944444)
Q5618599,Gunday,2014-02-13,Ali Abbas Zafar,Kolkata,Point(88.37 22.5675),,
Q15715166,Heartless,2014-02-07,Shekhar Suman,,,,
Q88873742,Millions Can Walk,2014-02-06,Christoph Schaub | Kamal Musale,,,,
Q15705611,One by Two,2014-01-31,Devika Bhagat,Mumbai,Point(72.8775 19.075833333),,
Q88873742,Millions Can Walk,2014-01-30,Christoph Schaub | Kamal Musale,,,,
Q15643554,Jai Ho,2014-01-24,Sohail Khan,,,,
Q88873742,Millions Can Walk,2014-01-24,Christoph Schaub | Kamal Musale,,,,
Q15643554,Jai Ho,2014-01-23,Sohail Khan,,,,
Q7135567,Paranthe Wali Gali,2014-01-17,Sachin Gupta,Delhi,Point(77.216666666 28.666666666),,
Q16250173,Karle Pyaar Karle,2014-01-17,Rajesh Pandey,,,,
Q14948561,Dhoom 3,2014-01-16,Vijay Krishna Acharya,Chicago,Point(-87.627777777 41.881944444),Switzerland | Chicago,Point(8.231973 46.798562) | Point(-87.627777777 41.881944444)
Q14948561,Dhoom 3,2014-01-09,Vijay Krishna Acharya,Chicago,Point(-87.627777777 41.881944444),Switzerland | Chicago,Point(8.231973 46.798562) | Point(-87.627777777 41.881944444)
Q6735918,Main Aur Mr. Riight,2014-01-01,Adeeb Rais,,,,
Q21999838,18.11 - A Code of Secrecy,2014-01-01,,,,,
Q16251843,Mr Joe B. Carvalho,2014-01-01,Samir Tewari,,,,
Q8051214,Yeh Sunday Kyun Aata Hai,2014-01-01,,,,,
Q19961351,Nirahua Hindustani,2014-01-01,Satish Jain,,,,
Q4901992,Bhopal: A Prayer for Rain,2014-01-01,Ravi Kumar,India,Point(83.0 22.8),Los Angeles,Point(-118.24368 34.05223)
Q20800461,Devra Bhail Deewana,2014-01-01,Rajkumar R. Pandey,,,,
Q19843244,Akeli,2014-01-01,Vinod Pande,,,,
Q21203434,Chal Bhaag,2014-01-01,Prakash Saini,,,,
Q16057457,22 Yards,2014-01-01,,,,,
Q19961392,Stranger In My Land,2014-01-01,,,,,
Q18109304,3 A.M.,2014-01-01,Vishal Mahadkar,,,,
Q18109731,Arasuri Maa Ambe,2014-01-01,,,,,
Q19881713,After the Third Bell,2014-01-01,Ajay Govind,,,,
Q18124340,Balwinder Singh Famous Ho Gaya,2014-01-01,Sunil Agnihotri,,,,
Q5617179,Gulaab Gang,2014-01-01,Soumik Sen,,,,
Q18126286,Jigariyaa,2014-01-01,Raj Purohit,,,,
Q14899408,Tigers,2014-01-01,Danis Tanović,Pakistan,Point(71.0 30.0),,
Q7884507,Ungli,2014-01-01,Rensil D'Silva,,,,
Q20800560,Nagina,2014-01-01,Rajkumar R. Pandey,,,,
Q16250383,Khwaabb,2014-01-01,,,,,
Q14943677,Happy Ending,2014-01-01,Raj Nidimoru | Krishna D.K.,,,,
Q17055546,Humpty Sharma Ki Dulhania,2014-01-01,Shashank Khaitan,Punjab,Point(75.466666666 30.766666666),Delhi,Point(77.216666666 28.666666666)
Q16247853,Dee Saturday Night,2014-01-01,,,,,
Q17055312,Honour Killing,2014-01-01,Avtar Bhogal,,,,
Q17054673,Hawaa Hawaai,2014-01-01,Amole Gupte,,,,
Q16250581,Kuku Mathur Ki Jhand Ho Gayi,2014-01-01,Aman Sachdeva,,,,
Q17051558,Dekh Tamasha Dekh,2014-01-01,Feroz Abbas Khan,,,,
Q17198855,Amit Sahni Ki List,2014-01-01,Ajay Bhuyan,,,,
Q16247847,Dedh Ishqiya,2014-01-01,Abhishek Chaubey,Uttar Pradesh,Point(80.91 26.85),,
Q16247252,Daawat-e-Ishq,2014-01-01,Habib Faisal,Hyderabad,Point(78.474722222 17.361666666),,
Q16247261,Bobby Jasoos,2014-01-01,Samar Shaikh,Hyderabad,Point(78.474722222 17.361666666),,
Q17007829,My Son is Gay,2014-01-01,Lokesh Kumar,,,,
Q21584245,Bhaangarh,2014-01-01,,,,,
Q16247369,Chaarfutiya Chhokare,2014-01-01,Manish Harishankar,,,,
Q17061542,Kahin Hai Mera Pyar,2014-01-01,Mahesh Vaijnath Doijode | Manas Das,,,,
Q17065527,Kill Dil,2014-01-01,Shaad Ali,,,,
Q17067305,My Father Godfather,2014-01-01,Pankaj Dheer,,,,
Q17068735,Lekar Hum Deewana Dil,2014-01-01,Arif Ali,,,,
Q6720485,M Cream,2014-01-01,Agneya Singh,Himachal Pradesh,Point(77.172222222 31.103333333),,
Q16254461,Strings of Passion,2014-01-01,Sanghamitra Chaudhuri,,,,
Q17078218,Neighbours,2014-01-01,Shyam Ramsay,,,,
Q7354902,Rock the Shaadi,2014-01-01,Navdeep Singh,,,,
Q17081430,The Shaukeens,2014-01-01,Abhishek Sharma,,,Delhi,Point(77.216666666 28.666666666)
Q4925976,Blemished Light,2014-01-01,Raj Amit Kumar,India,Point(83.0 22.8),,
Q16246674,Angry Young Man,2014-01-01,,,,,
Q5636515,Haal E Kangaal,2014-01-01,Ramchandra P. N.,,,,
Q16247883,Desi Kattey,2014-01-01,Anand Kumar,,,,
Q17088603,W,2014-01-01,Tarun Madan Chopra,,,,
Q17113531,"Margarita, with a Straw",2014-01-01,Shonali Bose,New York City,Point(-74.006111111 40.712777777),,
Q17157330,Yaariyan,2014-01-01,Divya Khosla Kumar,,,,
Q16237849,Lakshmi,2014-01-01,Nagesh Kukunoor,,,,
Q18127228,Life Is Beautiful,2014-01-01,Manoj Amarnani,,,,
Q18124546,Ekkees Toppon Ki Salaami,2014-01-01,Ravindra Gautam,,,,
Q16960569,Akela the Alone,2014-01-01,,Jammu and Kashmir,Point(76.5 34.0),,
Q18340501,Roar: Tigers of the Sundarbans,2014-01-01,Kamal Sadanah,West Bengal,Point(87.0 23.0),,
Q18352312,Dono y 2,2014-01-01,Tonje Gjevjon | Sanjay Sharma,,,,
Q25302557,Money Back Guarantee,2014-01-01,Sunil Pal,,,,
Q21160183,Trip to Bhangarh,2014-01-01,,,,,
Q18786717,Sulemani Keeda,2014-01-01,Amit Masurkar,,,,
Q18356086,Badlapur Boys,2014-01-01,Shailesh Verma,,,,
Q19961407,The Closed Door,2014-01-01,,,,,
Q77895272,Gurjar Aandolan,2014-01-01,Aarun Nagar,,,,
Q18391083,Zid,2014-01-01,Vivek Agnihotri,Goa,Point(74.043333333 15.401944444),,
Q18394545,Titoo MBA,2014-01-01,,Punjab,Point(75.466666666 30.766666666),,
Q6404200,Kick,2014-01-01,Sajid Nadiadwala,,,Delhi,Point(77.216666666 28.666666666)
Q16256056,Koyelaanchal,2014-01-01,Ashu Trikha,,,,
Q7560766,Sonali Cable,2014-01-01,Charudutt Acharya,,,,
Q7604202,Station: The Film,2014-01-01,Saad Khan,,,,
Q15747101,Highway,2014-01-01,Imtiaz Ali,Jammu and Kashmir,Point(76.5 34.0),,
Q18611403,Love U Crazy Girl,2014-01-01,,,,,
Q18611442,Shortcut Safari,2014-01-01,Amitabha Singh,,,,
Q18611468,Zed Plus,2014-01-01,Chandraprakash Dwivedi,,,,
Q114676891,Hum Hai Teen Khurafaati,2014-01-01,Sudhish Kumar Sharma,,,,
Q6983046,Naya Pata,2014-01-01,Pawan K. Shrivastava,,,,
Q5088357,Chauranga,2014-01-01,Bikas Mishra,,,,
Q16255322,Ya Rab,2014-01-01,Hasnain Hyderabadwala,,,,
Q6343429,Kaanchi,2014-01-01,Subhash Ghai,,,,
Q15983039,Youngistaan,2014-01-01,Syed Ahmad Afzal,,,,
Q18703175,M3 - Midsummer Midnight Mumbai,2014-01-01,,,,,
Q18703170,Life Mein Twist Hai,2014-01-01,,,,,
Q16248428,Fugly,2014-01-01,Kabir Sadanand,,,,
Q16248781,Hamari Adhuri Kahani,2014-01-01,Mohit Suri,Emirate of Dubai,Point(55.311666666 25.264444444),,
Q4633386,2 States,2014-01-01,Abhishek Varman,India,Point(83.0 22.8),Delhi,Point(77.216666666 28.666666666)
Q19627391,Coffee Bloom,2014-01-01,Manu Warrier,,,,
Q16254978,Mary Kom,2014-01-01,Omung Kumar,,,,
Q16252686,P Se PM Tak,2014-01-01,Kundan Shah,,,,
Q18127802,Manjunath,2014-01-01,Sandeep A. Varma,,,,
Q20649736,Dear vs Bear,2014-01-01,Sanjeev Vedwan,,,,
Q6935263,Mumbai 125 KM 3D,2014-01-01,Hemant Madhukar,Mumbai,Point(72.8775 19.075833333),,
Q18128296,Mumbai Delhi Mumbai,2014-01-01,Satish Rajwade,,,,
Q18128312,Munna Mange Memsaab,2014-01-01,,,,,
Q16255225,Ek Villain,2014-01-01,Mohit Suri,,,,
Q16249059,Humshakals,2014-01-01,Sajid Khan,,,,
Q18180805,Rege,2014-01-01,,Mumbai,Point(72.8775 19.075833333),,
Q19891224,Court,2014-01-01,Chaitanya Tamhane,Mumbai,Point(72.8775 19.075833333),,
Q16301857,Holiday: A Soldier Is Never Off Duty,2014-01-01,A. R. Murugadoss,,,,
Q19571989,Gollu Aur Pappu,2014-01-01,Kabir Sadanand,,,,
Q15689168,Hasee Toh Phasee,2014-01-01,Vinil Mathew,,,,
Q15712278,Babloo Happy Hai,2014-01-01,Nila Madhab Panda,,,,
Q16255274,Wah Taj,2014-01-01,Ajit Sinha,,,,
Q29512934,Q29512934,2014-01-01,,,,,
Q19542480,Q19542480,2014-01-01,,,,,
Q6450609,Kya Dilli Kya Lahore,2014-01-01,Vijay Raaz,,,,
Q16247079,Bhadaas,2013-12-27,Ajay Yadav,,,,
Q13423399,The Lunchbox,2013-12-26,Ritesh Batra,Mumbai,Point(72.8775 19.075833333),Mumbai,Point(72.8775 19.075833333)
Q14948561,Dhoom 3,2013-12-25,Vijay Krishna Acharya,Chicago,Point(-87.627777777 41.881944444),Switzerland | Chicago,Point(8.231973 46.798562) | Point(-87.627777777 41.881944444)
Q15359452,Mahabharat,2013-12-25,Amaan Khan,,,,
Q14948561,Dhoom 3,2013-12-20,Vijay Krishna Acharya,Chicago,Point(-87.627777777 41.881944444),Switzerland | Chicago,Point(8.231973 46.798562) | Point(-87.627777777 41.881944444)
Q7523462,Singh Sahab The Great,2013-11-21,Anil Sharma,,,,
Q13423399,The Lunchbox,2013-11-21,Ritesh Batra,Mumbai,Point(72.8775 19.075833333),Mumbai,Point(72.8775 19.075833333)
Q15037029,Goliyon Ki Rasleela Ram-Leela,2013-11-21,Sanjay Leela Bhansali,India,Point(83.0 22.8),,
Q15037029,Goliyon Ki Rasleela Ram-Leela,2013-11-18,Sanjay Leela Bhansali,India,Point(83.0 22.8),,
Q15037029,Goliyon Ki Rasleela Ram-Leela,2013-11-15,Sanjay Leela Bhansali,India,Point(83.0 22.8),,
Q15037029,Goliyon Ki Rasleela Ram-Leela,2013-11-14,Sanjay Leela Bhansali,India,Point(83.0 22.8),,
Q20814563,Huff! It's Too Much,2013-11-08,Pushkar Jog,,,,
Q19891346,Dilli Gang,2013-10-25,,,,,
Q15121150,Wake Up India,2013-10-23,,,,,
Q16246874,Baat Bann Gayi,2013-10-11,Shuja Ali,,,,
Q19891414,Ekk Thee Sanam,2013-10-11,,,,,
Q15043363,An Obsolete Altar,2013-09-21,,Kolkata,Point(88.37 22.5675),,
Q15040706,Horror Story,2013-09-13,Ayush Raina,,,,
Q14949913,Qissa,2013-09-08,Anup Singh,Punjab,Point(75.466666666 30.766666666),,
Q16255418,Zindagi Jalebi,2013-09-06,,,,,
Q16247587,Chhota Bheem aur Krishna vs Zimbara,2013-08-25,,,,,
Q16252630,Ooops a Desi,2013-08-23,,,,,
Q6728469,Madras Cafe,2013-08-23,Shoojit Sircar,Sri Lanka,Point(81.0 7.0),Delhi,Point(77.216666666 28.666666666)
Q15059372,The Light: Swami Vivekananda,2013-08-23,,Kolkata,Point(88.37 22.5675),Rairangpur | Kolkata,Point(86.17 22.27) | Point(88.37 22.5675)
Q23793185,Sadhu,2013-08-22,Gaël Métroz,,,,
Q2962658,Chennai Express,2013-08-15,Rohit Shetty,Chennai,Point(80.275 13.0825),,
Q2962658,Chennai Express,2013-08-08,Rohit Shetty,Chennai,Point(80.275 13.0825),,
Q16250854,Love in Bombay,2013-08-02,Joy Mukherjee,Mumbai,Point(72.8775 19.075833333),,
Q14433973,B.A. Pass,2013-08-02,Ajay Bahl,Delhi,Point(77.216666666 28.666666666),Delhi,Point(77.216666666 28.666666666)
Q16250917,Luv U Soniyo,2013-07-26,Joe Rajan,,,,
Q13936492,Bhajatey Raho,2013-07-26,Shashant Shah,,,Delhi,Point(77.216666666 28.666666666)
Q16248194,Ek Bura Aadmi,2013-07-26,Ishraq Shah,,,,
Q16249349,Issaq,2013-07-26,Manish Tiwary,,,,
Q17081791,Sixteen,2013-07-12,Raj Purohit,,,,
Q4900468,Bhaag Milkha Bhaag,2013-07-11,Rakeysh Omprakash Mehra,,,Delhi,Point(77.216666666 28.666666666)
Q16247559,Chhota Bheem and the Incan Adventure,2013-07-07,Rajiv Chilaka,,,,
Q7209623,Policegiri,2013-07-04,K. S. Ravikumar,,,,
Q3054309,English Vinglish,2013-06-27,Gauri Shinde,New York City,Point(-74.006111111 40.712777777),,
Q5376759,Enemmy,2013-06-21,Ashu Trikha,,,,
Q16944141,Chhota Bheem In Junglee Kabila,2013-06-09,,,,,
Q8051196,Yeh Jawaani Hai Deewani,2013-05-31,Ayan Mukerji,Himachal Pradesh,Point(77.172222222 31.103333333),,
Q13423399,The Lunchbox,2013-05-19,Ritesh Batra,Mumbai,Point(72.8775 19.075833333),Mumbai,Point(72.8775 19.075833333)
Q229633,3 Idiots,2013-05-18,Rajkumar Hirani,Delhi,Point(77.216666666 28.666666666),,
Q13152993,Monsoon Shootout,2013-05-18,Amit Kumar,Mumbai,Point(72.8775 19.075833333),,
Q12813120,Ugly,2013-05-17,Anurag Kashyap,India,Point(83.0 22.8),,
Q4650083,ABCD: Any Body Can Dance,2013-05-12,Remo D'Souza,,,,
Q5574803,Go Goa Gone,2013-05-10,Raj Nidimoru | Krishna D.K.,Goa,Point(74.043333333 15.401944444),,
Q60737616,Savita Bhabhi,2013-05-04,,,,,
Q16247553,Chhota Bheem And The Crown of Valahalla,2013-05-01,,,,,
Q6270100,Jolly LLB,2013-03-14,Subhash Kapoor,Delhi,Point(77.216666666 28.666666666),,
Q7395689,Saare Jahaan Se Mehnga,2013-03-08,,,,,
Q4928069,Bloody Isshq,2013-03-01,Arup Dutta,,,,
Q12989733,The Attacks of 26/11,2013-02-28,Ram Gopal Varma,Mumbai,Point(72.8775 19.075833333),,
Q16247546,Chhota Bheem And The Broken Amulet,2013-02-24,,,,,
Q4818059,Attahasa,2013-02-14,A. M. R. Ramesh,,,,
Q4325702,Dracula 2012,2013-02-08,Vinayan,,,,
Q20814602,Kirchiyaan,2013-01-31,Sudhir Mishra,,,,
Q3572804,Vishwaroopam,2013-01-25,Kamal Haasan,Afghanistan,Point(66.0 33.0),,
Q4854679,Bandook,2013-01-18,Aditya Om,Uttar Pradesh,Point(80.91 26.85),,
Q6935295,Mumbai Mirror,2013-01-18,Ankush Bhatt,,,,
Q6818857,Mere Genie Uncle,2013-01-01,Ashish Bhavsar,,,,
Q4662788,Aatma,2013-01-01,Suparn Verma,,,,
Q15043374,Mickey Virus,2013-01-01,Saurabh Varma,Delhi,Point(77.216666666 28.666666666),,
Q7574449,Special 26,2013-01-01,Neeraj Pandey,,,,
Q7562720,Sooper Se Ooper,2013-01-01,Shekhar Ghosh,Kerala,Point(76.3 10.0),,
Q5350251,Ek Thi Daayan,2013-01-01,Kannan Iyer,Mumbai,Point(72.8775 19.075833333),,
Q7560725,Sona Spa,2013-01-01,Makarand Deshpande,,,,
Q7091872,Once Upon A Time In Mumbai Dobaara!,2013-01-01,Milan Luthria,Mumbai | India,Point(83.0 22.8) | Point(72.8775 19.075833333),Delhi,Point(77.216666666 28.666666666)
Q6439145,Krrish 3,2013-01-01,Rakesh Roshan,India,Point(83.0 22.8),Switzerland | Turkey,Point(8.231973 46.798562) | Point(36.0 39.0)
Q6676056,Lootera,2013-01-01,Vikramaditya Motwane,Himachal Pradesh,Point(77.172222222 31.103333333),,
Q4662712,Aashiqui 2,2013-01-01,Mohit Suri,Mumbai,Point(72.8775 19.075833333),South Africa,Point(24.0 -29.0)
Q4700056,Akaash Vani,2013-01-01,Luv Ranjan,,,,
Q124524096,The 13th Disciple,2013-01-01,Robert Sigl,,,,
Q4996805,Bullett Raja,2013-01-01,Tigmanshu Dhulia,Uttar Pradesh,Point(80.91 26.85),,
Q7181086,Phata Poster Nikla Hero,2013-01-01,Rajkumar Santoshi,Mumbai,Point(72.8775 19.075833333),,
Q4650083,ABCD: Any Body Can Dance,2013-01-01,Remo D'Souza,,,,
Q6125792,Jal,2013-01-01,Girish Malik,Gujarat,Point(71.838 23.156444444),,
Q4638770,498A: The Wedding Gift,2013-01-01,Suhaib Ilyasi,,,,
Q4636344,3G,2013-01-01,Shantanu Ray Chhibber | Sheershak Anand,,,,
Q1498010,Spaghetti 24 x 7,2013-01-01,Gaurav Pandey,,,,
Q4900828,Bhaiaji Superhit,2013-01-01,Neeraj Pathak,Uttar Pradesh,Point(80.91 26.85),,
Q15059369,A Journey of Samyak Buddha,2013-01-01,,,,,
Q45273,Race 2,2013-01-01,Abbas Alibhai Burmawalla | Mastan Alibhai Burmawalla,,,,
Q6981458,Nautanki Saala,2013-01-01,Rohan Sippy,,,,
Q15040716,Chehra,2013-01-01,,,,,
Q15043351,Satya 2,2013-01-01,Ram Gopal Varma,Mumbai,Point(72.8775 19.075833333),,
Q13522821,Hum Hai Raahi Car Ke,2013-01-01,Jyotin Goel,,,,
Q4822122,Aurangzeb,2013-01-01,Atul Sabharwal,Delhi,Point(77.216666666 28.666666666),,
Q11756173,Power,2013-01-01,Rajkumar Santoshi,,,,
Q5475593,Four Two Ka One,2013-01-01,Ishwar Singh | Anwer Khan,,,,
Q6937639,Murder 3,2013-01-01,Vishesh Bhatt,,,South Africa,Point(24.0 -29.0)
Q4766103,Ankur Arora Murder Case,2013-01-01,Sohail Tatari,,,,
Q7640226,Sunglass,2013-01-01,Rituparno Ghosh,,,,
Q6347476,Kai Po Che!,2013-01-01,Abhishek Kapoor,Ahmedabad,Point(72.579722222 23.021944444),,
Q13564907,Ghanchakkar,2013-01-01,Raj Kumar Gupta,,,,
Q5507607,Fukrey,2013-01-01,Mrighdeep Lamba,Delhi,Point(77.216666666 28.666666666),,
Q15907451,Rajjo,2013-01-01,Vishwas Patil,Mumbai,Point(72.8775 19.075833333),,
Q15040715,Bin Phere Free Me Ttere,2013-01-01,Manoj Sharma,,,,
Q5438078,Fauj Mein Mauj,2013-01-01,,,,,
Q4857159,Bansuri Guru,2013-01-01,,,,,
Q16248389,Fire in the Blood,2013-01-01,Dylan Mohan Gray,,,,
Q5087281,Chashme Baddoor,2013-01-01,David Dhawan,Goa,Point(74.043333333 15.401944444),,
Q5967454,"I, Me Aur Main",2013-01-01,Kapil Sharma,,,,
Q15986658,Ankhon Dekhi,2013-01-01,Rajat Kapoor,Delhi,Point(77.216666666 28.666666666),,
Q5230422,David,2013-01-01,Bejoy Nambiar,London | India,Point(83.0 22.8) | Point(-0.1275 51.507222222),Ooty,Point(76.693888888 11.408611111)
Q14324275,Nasha,2013-01-01,Amit Saxena,,,,
Q14913020,John Day,2013-01-01,Ashishor Solomon,,,,
Q15464247,What the Fish,2013-01-01,Gurmmeet Singh,,,,
Q16246456,Commando,2013-01-01,Dilip Ghosh,,,,
Q6818852,Mere Dad Ki Maruti,2013-01-01,Ashima Chibber,,,,
Q4896235,Besharam,2013-01-01,Abhinav Kashyap,India,Point(83.0 22.8),,
Q7289256,R... Rajkumar,2013-01-01,Prabhu Deva,,,,
Q5251025,Deewana Main Deewana,2013-01-01,K. C. Bokadia,,,,
Q6034533,Inkaar,2013-01-01,Sudhir Mishra,,,,
Q7292656,Rangdari,2013-01-01,Avinash Abhimanyu | Abhimanyu Mishra | Avinash Nanda,,,,
Q41649815,Hai Golmaal In White House,2013-01-01,,,,,
Q5586421,Gori Tere Pyaar Mein,2013-01-01,Punit Malhotra,,,,
Q4940593,Bombay Talkies,2013-01-01,Dibakar Banerjee | Zoya Akhtar | Anurag Kashyap | Karan Johar,,,,
Q7292917,Rangrezz,2013-01-01,Priyadarshan,,,,
Q15075931,Boss,2013-01-01,Anthony D'Souza,India,Point(83.0 22.8),Thailand | Bangkok | Delhi,Point(101.0 14.0) | Point(100.516666666 13.75) | Point(77.216666666 28.666666666)
Q15304625,Jackpot,2013-01-01,Kaizad Gustad,,,,
Q3932240,Mutroo Ki Bijlee Ka Mandola,2013-01-01,Vishal Bhardwaj,,,,
Q16247299,Boyss Toh Boyss Hain,2013-01-01,,,,,
Q5594799,Grand Masti,2013-01-01,Indra Kumar,,,,
Q16247356,Calapor,2013-01-01,Dinesh P. Bhonsle,,,,
Q7288775,Ramaiya Vasta Vaiya,2013-01-01,Prabhu Deva,,,,
Q7399559,"Saheb, Biwi Aur Gangster Returns",2013-01-01,Tigmanshu Dhulia,,,,
Q16058139,The Adventures of Sinbad,2013-01-01,,,,,
Q6080473,Ishkq in Paris,2013-01-01,Prem Raj,,,,
Q7278417,Raanjhnaa,2013-01-01,Aanand L. Rai,Uttar Pradesh,Point(80.91 26.85),Delhi,Point(77.216666666 28.666666666)
Q14437345,Listen... Amaya,2013-01-01,Avinash Kumar Singh,Delhi,Point(77.216666666 28.666666666),Delhi,Point(77.216666666 28.666666666)
Q14439446,Chor Chor Super Chor,2013-01-01,Rajesh. K.,,,,
Q14957163,Dehraadun Diary,2013-01-01,Milind Ukey,,,,
Q6690910,Love Kiya Aur Lag Gayi,2013-01-01,Rahat Kazmi,,,,
Q7502136,Shortcut Romeo,2013-01-01,Susi Ganeshan,,,Kenya,Point(38.0 0.1)
Q14439993,Rabba Main Kya Karoon,2013-01-01,Amrit Sagar,,,,
Q14541732,Gippi,2013-01-01,Sonam Nair,,,,
Q7501068,Shootout at Wadala,2013-01-01,Sanjay Gupta,Mumbai,Point(72.8775 19.075833333),,
Q3572804,Vishwaroopam,2013-01-01,Kamal Haasan,Afghanistan,Point(66.0 33.0),,
Q14949455,Prague,2013-01-01,Ashish R. Shukla,,,Czech Republic,Point(15.0 50.0)
Q5978161,I Love New York,2013-01-01,Radhika Rao | Vinay Sapru,New York City,Point(-74.006111111 40.712777777),,
Q5207081,D Day,2013-01-01,Nikhil Advani,Karachi,Point(67.01 24.86),,
Q15059946,War Chhod Na Yaar,2013-01-01,Faraz Haider,,,,
Q7426893,Satyagraha – Democracy Under Fire,2013-01-01,Prakash Jha,,,,
Q7285911,Rajdhani Express,2013-01-01,Ashok Kohli,,,,
Q14786843,Shuddh Desi Romance,2013-01-01,Maneesh Sharma,Rajasthan,Point(73.838888888 26.572777777),,
Q3553361,Kamasutra 3D,2013-01-01,Rupesh Paul,,,,
Q6735099,Mai,2013-01-01,Mahesh Kodiyal,,,,
Q5765406,Himmatwala,2013-01-01,Sajid Khan,,,,
Q16249930,Kajri,2013-01-01,Hyder Kazmi,,,,
Q16254249,Siddharth,2013-01-01,Richie Mehta,,,,
Q18703122,Dozakh In Search of Heaven,2013-01-01,Zaigham Imam,,,,
Q18821556,Rise of the Zombie,2013-01-01,Luke Kenny | Devaki Singh,,,,
Q7673154,Table No. 21,2013-01-01,Aditya Datt,,,,
Q2962658,Chennai Express,2013-01-01,Rohit Shetty,Chennai,Point(80.275 13.0825),,
Q16249080,I Don't Luv U,2013-01-01,,,,,
Q16250643,Kyun Hua Achanak,2013-01-01,,,,,
Q16250993,Maazii,2013-01-01,Jaideep Chopra,,,,
Q16251113,Main Krishna Hoon,2013-01-01,Rajiv S Ruia,,,,
Q16251519,Mastram,2013-01-01,Akhilesh Jaiswal,,,,
Q24037404,Miley somehow,2013-01-01,Vikram Yoganand,,,,
Q16251695,Mere Haule Dost,2013-01-01,,,,,
Q8072336,Zindagi 50-50,2013-01-01,Rajiv S Ruia,,,,
Q8066228,Zanjeer,2013-01-01,Apoorva Lakhia,Mumbai,Point(72.8775 19.075833333),,
Q16254181,Shorts,2013-01-01,Neeraj Ghaywan | Rohit Pandey | Siddharth Gupt | Anirban Roy | Shlok Sharma,,,,
Q16251928,Mumbhaii - The Gangster,2013-01-01,,,,,
Q8048074,Yamla Pagla Deewana 2,2013-01-01,Sangeeth Sivan,London,Point(-0.1275 51.507222222),,
Q16254170,Shivalika,2013-01-01,,,,,
Q20649663,Meri Shadi Karao,2013-01-01,Syed Noor,,,,
Q25217950,Shri Hanuman Chalisa,2013-01-01,Charuvi Agrawal,,,,
Q20814584,Jeena Teri Gali Mein,2013-01-01,Rajkumar R. Pandey,,,,
Q21999884,Anwar Ka Ajab Kissa,2013-01-01,Buddhadeb Dasgupta,Kolkata,Point(88.37 22.5675),,
Q7918224,Veeru Waah Bhaai Waah,2013-01-01,,,,,
Q16253593,Raqt,2013-01-01,Adi Irani,,,,
Q16249588,Janta V/S Janardan - Bechara Aam Aadmi,2013-01-01,,,,,
Q16254195,Shree,2013-01-01,,,,,
Q18125191,Goopi Gawaiya Bagha Bajaiya,2013-01-01,Shilpa Ranade,Asia,Point(108.0 35.0),,
Q17985711,Baga Beach,2013-01-01,Laxmikant Shetgaonkar,Goa,Point(74.043333333 15.401944444),,
Q16832060,Liar's Dice,2013-01-01,Geetu Mohandas,Himachal Pradesh,Point(77.172222222 31.103333333),Delhi,Point(77.216666666 28.666666666)
Q16958816,Club 60,2013-01-01,Sanjay Tripathy,,,,
Q16961426,Chhota Bheem And The Shinobi Secret,2013-01-01,Rajiv Chilaka,Japan,Point(136.0 35.0),,
Q16255354,Yeh Hai Bakrapur,2013-01-01,Janaki Vishwanathan,,,,
Q16978925,Life Reboot Nahi Hoti,2013-01-01,,,,,
Q17064970,Super Model,2013-01-01,,,,,
Q17082424,Tara,2013-01-01,,,,,
Q17082619,The Lost Behrupiya,2013-01-01,Sriram Dalton,,,,
Q17006636,Kaand: Black Scandal,2013-01-01,,India,Point(83.0 22.8),,
Q16255282,Warning,2013-01-01,,,,,
Q16249628,Jayantabhai Ki Luv Story,2013-01-01,Vinnil Markan,,,,
Q5650938,Hansa,2012-12-28,Manav Kaul,Himalayas | Uttarakhand | Kumaon division,Point(78.953888888 30.511111111) | Point(79.7 29.6) | Point(84.0 29.0),Uttarakhand,Point(78.953888888 30.511111111)
Q16247578,Chhota Bheem Aur Ganesh:In The Amazing Odessey,2012-12-23,,,,,
Q5119823,Cigarette Ki Tarah,2012-12-14,Akashaditya Lama,,,,
Q2617038,Players,2012-12-12,Abbas Alibhai Burmawalla | Mastan Alibhai Burmawalla,,,New Zealand | Murmansk Oblast,Point(174.0 -41.2) | Point(34.566666666 68.033333333)
Q283555,Talaash: The Answer Lies Within,2012-11-30,Reema Kagti,Mumbai,Point(72.8775 19.075833333),Mumbai,Point(72.8775 19.075833333)
Q5967800,I.D.,2012-11-30,Kamal K. M,,,,
Q283555,Talaash: The Answer Lies Within,2012-11-29,Reema Kagti,Mumbai,Point(72.8775 19.075833333),Mumbai,Point(72.8775 19.075833333)
Q44280,Jab Tak Hai Jaan,2012-11-15,Yash Chopra,London | Jammu and Kashmir,Point(76.5 34.0) | Point(-0.1275 51.507222222),,
Q44280,Jab Tak Hai Jaan,2012-11-12,Yash Chopra,London | Jammu and Kashmir,Point(76.5 34.0) | Point(-0.1275 51.507222222),,
Q16247532,Chhota Bheem : The Rise Of Kirmada,2012-11-11,Rajiv Chilaka,,,,
Q7380675,Rush,2012-10-25,Shamin Desai | Priyanka Desai,,,,
Q20814675,Oass,2012-10-18,,,,,
Q24807420,Prem Mayee,2012-10-12,Shekhar S. Jha,,,,
Q5449141,Filmistaan,2012-10-07,Nitin Kakkar,India,Point(83.0 22.8),,
Q6752083,Manthrikan,2012-10-05,Anil Kumar,,,,
Q5306893,OMG – Oh My God!,2012-09-28,Umesh Shukla,Mumbai,Point(72.8775 19.075833333),,
Q283264,Heroine,2012-09-20,Madhur Bhandarkar,,,,
Q7461626,Shahid,2012-09-06,Hansal Mehta,Mumbai,Point(72.8775 19.075833333),,
Q14243960,Ship of Theseus,2012-09-06,Anand Gandhi,Mumbai,Point(72.8775 19.075833333),,
Q7505715,Shuttlecock Boys,2012-08-03,,Delhi,Point(77.216666666 28.666666666),Delhi,Point(77.216666666 28.666666666)
Q5068995,Challo Driver,2012-07-20,Vickrant Mahajan,,,,
Q19571218,Chakradhaar,2012-06-15,,,,,
Q15052305,Gulabi Gang,2012-06-13,Nishtha Jain,Uttar Pradesh,Point(80.91 26.85),,
Q2861474,Arjun: The Warrior Prince,2012-05-25,Pavan Buragohain | Arnab Chaudhuri | K. K. Raina,,,,
Q2690472,Gangs of Wasseypur – Part 1,2012-05-22,Anurag Kashyap,India,Point(83.0 22.8),,
Q16248515,Gangs of Wasseypur – Part 2,2012-05-22,Anurag Kashyap,India,Point(83.0 22.8),,
Q5094939,Chhota Bheem and the Curse of Damyaan,2012-05-18,Rajiv Chilaka,,,,
Q16247582,Chhota Bheem Aur Hanuman,2012-05-01,Rajiv Chilaka,,,,
Q5681216,Hate Story,2012-04-20,Vivek Agnihotri,,,,
Q20649297,Life Ki Toh Lag Gayi,2012-04-19,,,,,
Q4927643,Blood Money,2012-03-30,Vishal Mahadkar,,,,
Q5094932,Chhota Bheem: Dholakpur to Kathmandu,2012-03-25,,Nepal,Point(84.0 28.0),,
Q4699095,Aisa Hota Hai,2012-03-24,,,,,
Q7429044,Say Yes to Love,2012-03-16,,,,,
Q219396,Kahaani,2012-03-09,Sujoy Ghosh,Kolkata,Point(88.37 22.5675),Kolkata,Point(88.37 22.5675)
Q3933658,Ek Main Aur Ekk Tu,2012-02-17,Shakun Batra,Las Vegas Valley,Point(-115.184 36.1318),Mumbai | Los Angeles | Pataudi,Point(-118.24368 34.05223) | Point(76.78 28.32) | Point(72.8775 19.075833333)
Q285118,Ekk Deewana Tha,2012-02-16,Gautham Vasudev Menon,Kerala,Point(76.3 10.0),,
Q1203252,Don 2,2012-02-16,Farhan Akhtar,Berlin,Point(13.383333333 52.516666666),Berlin | Germany,Point(13.383333333 52.516666666) | Point(10.0 51.0)
Q5065972,Chaalis Chauraasi,2012-01-13,Hriday Shetty,,,,
Q283235,Love You to Death,2012-01-01,Rafeeq Ellias,Mumbai,Point(72.8775 19.075833333),,
Q4699413,Aiyyaa,2012-01-01,Sachin Kundalkar,,,,
Q4699485,Ajab Gazabb Love,2012-01-01,Sanjay Gadhvi,,,,
Q2826737,Agent Vinod,2012-01-01,Sriram Raghavan,Afghanistan,Point(66.0 33.0),Switzerland | Delhi | Russia | South Africa | Morocco,Point(8.231973 46.798562) | Point(94.25 66.416666666) | Point(24.0 -29.0) | Point(77.216666666 28.666666666) | Point(-6.0 32.0)
Q4633358,2 Nights in Soul Valley,2012-01-01,,,,,
Q16247600,Chhota Bheem: Dholakpur ke Khiladi,2012-01-01,,,,,
Q3933658,Ek Main Aur Ekk Tu,2012-01-01,Shakun Batra,Las Vegas Valley,Point(-115.184 36.1318),Mumbai | Los Angeles | Pataudi,Point(-118.24368 34.05223) | Point(76.78 28.32) | Point(72.8775 19.075833333)
Q16253488,Rakhtbeej,2012-01-01,,,,,
Q283258,1920: Evil Returns,2012-01-01,Bhushan Patel,,,,
Q283294,Married 2 America,2012-01-01,Dilip Shankar,Bihar,Point(85.13 25.37),,
Q4753641,Andaz Naya Naya,2012-01-01,,,,,
Q283250,Staying Alive,2012-01-01,Anant Mahadevan,,,,
Q4180261,Kamaal Dhamaal Malamaal,2012-01-01,Priyadarshan,,,,
Q2617038,Players,2012-01-01,Abbas Alibhai Burmawalla | Mastan Alibhai Burmawalla,,,New Zealand | Murmansk Oblast,Point(174.0 -41.2) | Point(34.566666666 68.033333333)
Q7740827,The Human Boundaries,2012-01-01,Rahul Riji Nair,,,,
Q7089332,Om Allah,2012-01-01,Sameer Khan | Faisal Saif,,,,
Q7121438,Paanch Ghantey Mien Paanch Crore,2012-01-01,Faisal Saif,,,,
Q7748742,The Lost Tape,2012-01-01,,,,,
Q7159069,Peddlers,2012-01-01,Vasan Bala,Mumbai,Point(72.8775 19.075833333),,
Q4661360,Aalaap,2012-01-01,Manish Manikpuri,,,,
Q2558109,Barfi!,2012-01-01,Anurag Basu,,,Ooty,Point(76.693888888 11.408611111)
Q16252584,Once Again,2012-01-01,Sanjay Arora,,,,
Q7786382,This Weekend,2012-01-01,Tinu Verma,,,,
Q283286,Thieves are everywhere,2012-01-01,Rumi Jaffery,,,,
Q4646739,?: A Question Mark,2012-01-01,,,,,
Q7818764,Tomchi,2012-01-01,Rajesh Gupta,,,,
Q16248509,Gangoobai,2012-01-01,Priya Krishnaswamy,,,,
Q4854305,Banda Yeh Bindaas Hai,2012-01-01,Ravi Chopra,,,,
Q18703049,Ab Hoga Dharna Unlimited,2012-01-01,,,,,
Q8072345,Zindagi Tere Naam,2012-01-01,Ashu Trikha,,,,
Q5260097,Department,2012-01-01,Ram Gopal Varma,,,,
Q12429398,Joker,2012-01-01,Shirish Kunder,India,Point(83.0 22.8),,
Q6450629,Kyaa Super Kool Hain Hum,2012-01-01,Sachin Yardi,,,,
Q5272009,Diary of a Butterfly,2012-01-01,Vinod Mukhi,,,,
Q6440782,Kshay,2012-01-01,Karan Gour,,,,
Q6416788,Kismat Love Paisa Dilli,2012-01-01,Sanjay Khanduri,,,,
Q6401607,Khiladi 786,2012-01-01,Ashish R Mohan,,,,
Q8155866,Ladies vs Ricky Bahl,2012-01-01,Maneesh Sharma,Goa,Point(74.043333333 15.401944444),,
Q5437957,Fatso!,2012-01-01,Rajat Kapoor,,,,
Q5505522,From Sydney with Love,2012-01-01,Prateek Chakravorty,,,,
Q6172875,Jeena Hai Toh Thok Daal,2012-01-01,Manish Vatsalya,Bihar,Point(85.13 25.37),,
Q6928428,Mr. Bhatti on Chutti,2012-01-01,Karan Razdan,,,,
Q5527527,Gattu,2012-01-01,Rajan Khosa,,,,
Q6126980,Jalpari: The Desert Mermaid,2012-01-01,Nila Madhab Panda,India,Point(83.0 22.8),,
Q5557024,Ghost,2012-01-01,Puja Bedi,,,,
Q16254386,Sons of Ram,2012-01-01,,Uttar Pradesh,Point(80.91 26.85),,
Q17989296,Ata Pata Laapata,2012-01-01,Rajpal Yadav,,,,
Q17073113,Mere Dost Picture Abhi Baki Hai,2012-01-01,Rajnish Thakur,,,,
Q16835329,August 2,2012-01-01,,,,,
Q1651780,Dabangg 2,2012-01-01,Arbaaz Khan,,,,
Q1442306,Jism 2,2012-01-01,Pooja Bhatt,,,,
Q968441,Dangerous Ishhq,2012-01-01,Vikram Bhatt,,,,
Q16255291,Welcome Back Gandhi,2012-01-01,,,,,
Q5253809,Delhi Safari,2012-01-01,Nikhil Advani,Delhi,Point(77.216666666 28.666666666),,
Q19810042,Q19810042,2012-01-01,,,,,
Q5207366,Daal Mein Kuch Kaala Hai,2012-01-01,Anand Balraj,,,,
Q8051201,Yeh Khula Aasmaan,2012-01-01,Gitanjali Sinha,,,,
Q23793185,Sadhu,2012-01-01,Gaël Métroz,,,,
Q6890847,Mohalla Assi,2012-01-01,Chandraprakash Dwivedi,Uttar Pradesh,Point(80.91 26.85),,
Q7910915,Valentine's Night,2012-01-01,,,,,
Q219392,Housefull 2,2012-01-01,Sajid Khan,London | England,Point(-0.1275 51.507222222) | Point(-1.0 53.0),London,Point(-0.1275 51.507222222)
Q15059386,Sri Ramakrishna Darshanam,2012-01-01,,,,,
Q20900158,Saugandh Ganga Maiya Ke,2012-01-01,Rajkumar R. Pandey,,,,
Q6795834,Maximum,2012-01-01,Kabeer Kaushik,Mumbai,Point(72.8775 19.075833333),,
Q4919147,Bittoo Boss,2012-01-01,Supavitra Babul,,,,
Q6733286,Maharana Pratap: The First Freedom Fighter,2012-01-01,,Rajasthan,Point(73.838888888 26.572777777),,
Q6723523,Machhli Jal Ki Rani Hai,2012-01-01,Debaloy Dey,,,,
Q114705416,Tutiya Dil,2012-01-01,,,,,
Q6706094,Luv Shuv Tey Chicken Khurana,2012-01-01,Sameer Sharma,Punjab,Point(75.466666666 30.766666666),,
Q4997265,Bumboo,2012-01-01,Jagdish Rajpurohit,,,,
Q50215251,Janleva 555,2012-01-01,Sundeep Malani,,,,
Q5065978,Chaar Din Ki Chandni,2012-01-01,Samir Karnik,Rajasthan,Point(73.838888888 26.572777777),,
Q5068419,Chakravyuh,2012-01-01,Prakash Jha,,,,
Q5068497,Chal Pichchur Banate Hain,2012-01-01,Pritish Chakraborty,,,,
Q6669734,"London, Paris, New York",2012-01-01,Anu Menon,,,,
Q5073591,Char... The No-Man's Island,2012-01-01,Sourav Sarangi,,,,
Q6544523,Life! Camera Action...,2012-01-01,Rohit Gupta,New Jersey,Point(-74.5 40.0),New Jersey | New York City,Point(-74.006111111 40.712777777) | Point(-74.5 40.0)
Q50985532,Mumbai Cha Raja,2012-01-01,Manjeet Singh,,,,
Q5102380,Chittagong,2012-01-01,Bedabrata Pain,Indian independence movement,,,
Q8051199,Yeh Jo Mohabbat Hai,2012-01-01,Shree Narayan Singh,,,,
Q5058384,Celluloid Man,2012-01-01,Shivendra Singh Dungarpur,India,Point(83.0 22.8),,
Q3054309,English Vinglish,2012-01-01,Gauri Shinde,New York City,Point(-74.006111111 40.712777777),,
Q16249157,In the Name of Tai,2012-01-01,,,,,
Q3316541,Miss Lovely,2012-01-01,Ashim Ahluwalia,Mumbai,Point(72.8775 19.075833333),,
Q3423918,Ferrari Ki Sawaari,2012-01-01,Rajesh Mapuskar,,,,
Q3627717,Cocktail,2012-01-01,Homi Adajania,,,London | South Africa,Point(-0.1275 51.507222222) | Point(24.0 -29.0)
Q7488394,Shanghai,2012-01-01,Dibakar Banerjee,,,,
Q3500913,Student of the Year,2012-01-01,Karan Johar,India,Point(83.0 22.8),,
Q3504744,Supermen of Malegaon,2012-01-01,Faiza Ahmad Khan,,,,
Q3415840,Raaz 3: The Third Dimension,2012-01-01,Vikram Bhatt,,,,
Q3627591,Jannat 2,2012-01-01,Kunal Deshmukh,,,Delhi,Point(77.216666666 28.666666666)
Q3627576,Tere Naal Love Ho Gaya,2012-01-01,Mandeep Kumar,,,,
Q3155258,Ishaqzaade,2012-01-01,Habib Faisal,,,,
Q7504642,Shudra: The Rising,2012-01-01,Sanjiv Jaiswal,,,,
Q7443412,Second Marriage Dot Com,2012-01-01,Gaurav Panjwani,,,,
Q3518373,Teri Meri Kahaani,2012-01-01,Kunal Kohli,,,,
Q7563902,Will You Marry Me?,2012-01-01,Aditya Datt,,,Thailand,Point(101.0 14.0)
Q3595075,Tezz,2012-01-01,Priyadarshan,England,Point(-1.0 53.0),,
Q2909273,Bol Bachchan,2012-01-01,Rohit Shetty,,,,
Q3595073,Agneepath,2012-01-01,Karan Malhotra,,,,
Q7522830,Son of Sardaar,2012-01-01,Ashwni Dhir,,,,
Q3199739,Krishna Aur Kans,2012-01-01,Vikram Veturi,,,,
Q7498599,Shirin Farhad Ki Toh Nikal Padi,2012-01-01,Bela Sehgal,,,,
Q16249291,"Inshallah, Kashmir",2012-01-01,Ashvin Kumar,Jammu and Kashmir,Point(76.5 34.0),,
Q7397650,Sadda Adda,2012-01-01,Shaurya Chauhan | Maryam Zakaria,,,,
Q2991452,Ek Tha Tiger,2012-01-01,Kabir Khan,Delhi,Point(77.216666666 28.666666666),Delhi,Point(77.216666666 28.666666666)
Q7371867,Rowdy Rathore,2012-01-01,Prabhu Deva,Bengaluru,Point(77.5912997 12.9791198),,
Q2900688,Bhoot Returns,2012-01-01,Ram Gopal Varma,,,,
Q5094935,Chhota Bheem: Master of Shaolin,2011-12-25,,,,,
Q24037577,Ye Stupid Pyar,2011-12-09,Jain Rakesh,,,,
Q44726144,Lala Hindu,2011-11-26,Mohammad Hassan Nazeri,,,,
Q284184,Ra.One,2011-10-26,Anubhav Sinha,India,Point(83.0 22.8),London,Point(-0.1275 51.507222222)
Q7505715,Shuttlecock Boys,2011-10-02,,Delhi,Point(77.216666666 28.666666666),Delhi,Point(77.216666666 28.666666666)
Q5467424,Force,2011-09-30,Nishikant Kamat,,,,
Q3025723,Dhobi Ghat,2011-09-29,Kiran Rao,Mumbai,Point(72.8775 19.075833333),,
Q5094938,Chhota Bheem Aur Krishna,2011-09-17,Rajiv Chilaka,,,,
Q7711195,That Girl in Yellow Boots,2011-09-02,Anurag Kashyap,Mumbai,Point(72.8775 19.075833333),,
Q16249484,Jai Bhim Comrade,2011-09-01,Anand Patwardhan,,,,
Q5639486,Hair Is Falling,2011-08-05,,India,Point(83.0 22.8),,
Q3067642,Zindagi Na Milegi Dobara,2011-07-15,Zoya Akhtar,Mumbai,Point(72.8775 19.075833333),Egypt | Spain,Point(29.0 27.0) | Point(-3.5 40.2)
Q1284461,Pyaar Ka Punchnama,2011-05-20,Luv Ranjan,,,,
Q5094934,Chhota Bheem: Journey to Petra,2011-05-01,Rajiv Chilaka,,,,
Q8073526,Zokkomon,2011-04-17,Satyajit Bhatkal,India,Point(83.0 22.8),,
Q2818330,7 Khoon Maaf,2011-02-18,Vishal Bhardwaj,Russia | India | Moscow,Point(83.0 22.8) | Point(37.6175 55.750555555) | Point(94.25 66.416666666),Russia | India | Moscow,Point(37.6175 55.750555555) | Point(83.0 22.8) | Point(94.25 66.416666666)
Q23956671,Kaccha Limboo,2011-02-18,Sagar Ballary,,,,
Q2818330,7 Khoon Maaf,2011-02-17,Vishal Bhardwaj,Russia | India | Moscow,Point(83.0 22.8) | Point(37.6175 55.750555555) | Point(94.25 66.416666666),Russia | India | Moscow,Point(37.6175 55.750555555) | Point(83.0 22.8) | Point(94.25 66.416666666)
Q6691462,Love U...Mr. Kalakaar!,2011-01-01,S. Manasvi,,,,
Q6887959,Mod,2011-01-01,Nagesh Kukunoor,,,Ooty,Point(76.693888888 11.408611111)
Q7856011,Turning 30,2011-01-01,Alankrita Shrivastava,Mumbai,Point(72.8775 19.075833333),,
Q16254091,Shakal Pe Mat Ja,2011-01-01,Yo Yo Honey Singh | Shubh Mukherjee,,,,
Q6400455,Khap,2011-01-01,Ajai Sinha,,,,
Q3089385,7aum Arivu,2011-01-01,A. R. Murugadoss,Beijing,Point(116.407526 39.90403),Thailand,Point(101.0 14.0)
Q7876231,U R My Jaan,2011-01-01,Aron Govil,,,,
Q7133110,Pappu Can't Dance Saala,2011-01-01,Saurabh Shukla,,,,
Q4662841,Aazaan,2011-01-01,Prashant Chadha,,,,
Q7123377,Padduram,2011-01-01,Ajay Monga,,,,
Q8028007,"With Love, Delhi!",2011-01-01,,Delhi,Point(77.216666666 28.666666666),,
Q2892662,Be Careful,2011-01-01,Chandrakant Singh,,,,
Q7694326,Teen Thay Bhai,2011-01-01,Mrighdeep Lamba,,,,
Q7144913,Patiala House,2011-01-01,Nikhil Advani,Punjab,Point(75.466666666 30.766666666),,
Q7564985,Soundtrack,2011-01-01,Neerav Ghosh,,,,
Q7697458,Tell Me O Kkhuda,2011-01-01,Hema Malini,,,,
Q5252806,Dekh Indian Circus,2011-01-01,Mangesh Hadawale,,,,
Q7460137,Shabri,2011-01-01,,,,,
Q4984172,Buddha in a Traffic Jam,2011-01-01,Vivek Agnihotri,Karnataka,Point(76.0 15.0),,
Q5299726,Double Dhamaal,2011-01-01,Indra Kumar,,,Hong Kong,Point(114.158611111 22.278333333)
Q4959370,Breakaway,2011-01-01,Robert Lieberman,,,,
Q3198814,Koochie Koochie Hota Hai,2011-01-01,Tarun Mansukhani,,,,
Q4913767,Bin Bulaye Baraati,2011-01-01,Chandrakant Singh,,,,
Q7599714,Stanley Ka Dabba,2011-01-01,Amole Gupte,Mumbai,Point(72.8775 19.075833333),,
Q2888976,Murder 2,2011-01-01,Mohit Suri,,,,
Q5246862,Dear Friend Hitler,2011-01-01,Rakesh Ranjan Kumar,Berlin,Point(13.383333333 52.516666666),,
Q15639636,Chatur Singh Two Star,2011-01-01,Ajay Chandhok,,,,
Q3090065,The Dirty Picture,2011-01-01,Milan Luthria,Tamil Nadu,Point(79.0 11.0),,
Q16252981,Phhir,2011-01-01,Girish Dhamija,,,,
Q6935462,Mummy Punjabi,2011-01-01,Pammi Somal,,,,
Q7903293,Utt Pataang,2011-01-01,Srikanth Velagaleti,,,,
Q4762039,Angel,2011-01-01,Ganesh Acharya,,,,
Q29832066,Jeetenge Hum,2011-01-01,Sunil Bohra,,,,
Q6450618,Kya Yahi Sach Hai,2011-01-01,Yogesh Pratap Singh,,,,
Q4738424,Always Kabhi Kabhi,2011-01-01,Roshan Abbas,,,,
Q4875399,Bbuddah... Hoga Terra Baap,2011-01-01,Puri Jagannadh,,,,
Q3472831,Mujhse Fraaandship Karoge,2011-01-01,Nupur Asthana,Mumbai,Point(72.8775 19.075833333),,
Q1203252,Don 2,2011-01-01,Farhan Akhtar,Berlin,Point(13.383333333 52.516666666),Berlin | Germany,Point(13.383333333 52.516666666) | Point(10.0 51.0)
Q6981128,Naughty @ 40,2011-01-01,Jag Mundhra,,,,
Q5253840,Delhi in a Day,2011-01-01,Prashant Nair,Delhi,Point(77.216666666 28.666666666),Delhi,Point(77.216666666 28.666666666)
Q5423653,F.A.L.T.U,2011-01-01,Remo D'Souza,,,,
Q5396588,Thank You,2011-01-01,Anees Bazmee,,,,
Q6441367,Kucch Luv Jaisaa,2011-01-01,Shukla Barnali Ray,,,,
Q6828030,Michael,2011-01-01,Ribhu Dasgupta,,,,
Q6851678,Miley Naa Miley Hum,2011-01-01,Tanveer Khan,,,,
Q312951,Bodyguard,2011-01-01,Siddique,India,Point(83.0 22.8),,
Q7462497,Shaitan,2011-01-01,Bejoy Nambiar,Mumbai,Point(72.8775 19.075833333),,
Q21001635,Mumbai Mast Kallander,2011-01-01,,,,,
Q5264197,Desi Boyz,2011-01-01,Rohit Dhawan,London,Point(-0.1275 51.507222222),,
Q3438002,Rockstar,2011-01-01,Imtiaz Ali,Delhi,Point(77.216666666 28.666666666),Czech Republic,Point(15.0 50.0)
Q17074398,Monica,2011-01-01,Sushen Bhatnagar,,,,
Q7062265,Not a Love Story,2011-01-01,Ram Gopal Varma,Mumbai,Point(72.8775 19.075833333),,
Q20900136,Main Nagin Tu Nagina,2011-01-01,Rajkumar R. Pandey,,,,
Q2402016,Game,2011-01-01,Abhinay Deo,,,Thailand | Greece,Point(23.0 38.5) | Point(101.0 14.0)
Q5276646,Dil Toh Baccha Hai Ji,2011-01-01,Madhur Bhandarkar,,,,
Q7080448,Oh God! Saare Hain Fraud,2011-01-01,Ashu Trikha,,,,
Q3515359,Tanu Weds Manu,2011-01-01,Aanand L. Rai,London,Point(-0.1275 51.507222222),,
Q2909471,"Bollywood, The Greatest Love Story Ever Told",2011-01-01,Rakeysh Omprakash Mehra,,,,
Q4901655,Bheja Fry 2,2011-01-01,Sagar Ballary,,,,
Q4801958,Luv Ka The End,2011-01-01,Bumpy,Mumbai,Point(72.8775 19.075833333),,
Q18752765,Jaana Pehchana,2011-01-01,Sachin Pilgaonkar,,,,
Q5276888,Dilli,2011-01-01,,Delhi,Point(77.216666666 28.666666666),Delhi,Point(77.216666666 28.666666666)
Q7461187,Shagird,2011-01-01,Tigmanshu Dhulia,,,,
Q4901806,Bhindi Baazaar Inc.,2011-01-01,Ankush Bhatt,Mumbai,Point(72.8775 19.075833333),,
Q5180380,Crackers,2011-01-01,,,,,
Q3351117,Ready,2011-01-01,Anees Bazmee,,,Thailand,Point(101.0 14.0)
Q5074249,Charge Sheet,2011-01-01,Dev Anand,,,,
Q3331176,My Friend Pinto,2011-01-01,Raaghav Dar,,,,
Q16251665,Men Will Be Men,2011-01-01,Gorky M,Thailand,Point(101.0 14.0),,
Q5976061,I Am Singh,2011-01-01,Puneet Issar,,,Los Angeles,Point(-118.24368 34.05223)
Q3627565,Vicky Donor,2011-01-01,Shoojit Sircar,Delhi,Point(77.216666666 28.666666666),,
Q5215265,Dance of Ganesha,2011-01-01,Bikas Mishra,,,,
Q6487146,Lanka,2011-01-01,,,,,
Q7736999,The Golden Bird,2011-01-01,Amit Dutta,India,Point(83.0 22.8),,
Q5211871,Damadamm!,2011-01-01,Swapna Waghmare Joshi,,,,
Q5068522,Chala Mussaddi... Office Office,2011-01-01,Rajiv Mehra,,,,
Q5069030,Chalo Dilli,2011-01-01,Shashant Shah,Rajasthan,Point(73.838888888 26.572777777),,
Q6676043,Loot,2011-01-01,Rajnish Thakur,,,,
Q4185597,404,2011-01-01,Prawaal Raman,,,,
Q114686951,Na Jaane Kabse,2011-01-01,,,,,
Q5652868,Happy Husbands,2011-01-01,Jaiveer | Anay Sharma,Mumbai,Point(72.8775 19.075833333),,
Q3041142,Dum Maaro Dum,2011-01-01,Rohan Sippy,Goa,Point(74.043333333 15.401944444),,
Q3627502,Rascals,2011-01-01,David Dhawan,,,,
Q2820010,Aarakshan,2011-01-01,Prakash Jha,,,,
Q5909361,Hostel,2011-01-01,Manish Gupta,India,Point(83.0 22.8),,
Q8051184,Yeh Dooriyan,2011-01-01,Deepshika,,,,
Q5682722,Haunted – 3D,2011-01-01,Vikram Bhatt,,,,
Q8051186,Yeh Faasley,2011-01-01,Yogesh Mittal,,,,
Q16247319,Bubble Gum,2011-01-01,Sanjivan Lal,,,,
Q114718344,Jo Dooba So Paar It's Love in Bihar!,2011-01-01,,,,,
Q13522822,Hum Tum Shabana,2011-01-01,Sagar Ballary,,,,
Q3301799,Mausam,2011-01-01,Pankaj Kapur,Jammu and Kashmir,Point(76.5 34.0),Edinburgh,Point(-3.189166666 55.953333333)
Q7701710,Tere Mere Phere,2011-01-01,Deepa Sahi,,,,
Q16254951,United Six,2011-01-01,Vishal Aryan Singh,,,,
Q3878243,Chillar Party,2011-01-01,Nitesh Tiwari,Mumbai,Point(72.8775 19.075833333),,
Q3306436,Mere Brother Ki Dulhan,2011-01-01,Ali Abbas Zafar,India | Delhi,Point(83.0 22.8) | Point(77.216666666 28.666666666),,
Q38805301,Aagaah: The Warning,2011-01-01,Karan Razdan,,,,
Q16251922,Mumbhai Connection,2011-01-01,Atlanta Nagendra,,,,
Q7426459,Satrangee Parachute,2011-01-01,Vineet Khetrapal,Mumbai,Point(72.8775 19.075833333),,
Q7283098,Ragini MMS,2011-01-01,Pawan Kripalani,,,,
Q16826521,Chhota Bheem & Krishna: Mayanagari,2011-01-01,Rajiv Chilaka,,,,
Q905129,Singham,2011-01-01,Rohit Shetty,India,Point(83.0 22.8),,
Q3021587,Delhi Belly,2011-01-01,Abhinay Deo,Delhi,Point(77.216666666 28.666666666),,
Q123344658,The Human Tower,2011-01-01,,,,,
Q3342447,No One Killed Jessica,2011-01-01,Raj Kumar Gupta,Delhi,Point(77.216666666 28.666666666),,
Q8051213,Yeh Saali Zindagi,2011-01-01,Sudhir Mishra,,,,
Q6006140,Impatient Vivek,2011-01-01,Rahat Kazmi,,,,
Q8048073,Yamla Pagla Deewana,2011-01-01,Samir Karnik,,,,
Q6690546,Love Express,2011-01-01,,,,,
Q7399600,Sahi Dhandhe Galat Bande,2011-01-01,Parvin Dabas,,,,
Q17059707,Jo Hum Chahein,2011-01-01,Pawan Gill,,,,
Q6690398,Love Breakups Zindagi,2011-01-01,Sahil Sangha,,,,
Q16057884,Aashiqui.in,2011-01-01,,,,,
Q7399558,"Saheb, Biwi Aur Gangster",2011-01-01,Tigmanshu Dhulia,,,,
Q6343371,Kaalo,2010-12-17,Wilson Louis,Rajasthan,Point(73.838888888 26.572777777),,
Q4635139,332 Mumbai To India,2010-12-17,Mahesh Pandey,Mumbai,Point(72.8775 19.075833333),,
Q5094930,Chhota Bheem: Bheem vs Aliens,2010-12-12,Rajiv Chilaka,,,,
Q3627503,Peepli Live,2010-11-11,Anusha Rizvi,,,,
Q6743577,Malik Ek,2010-10-29,Deepak Balraj Vij,,,,
Q6960710,Nakshatra,2010-10-29,,,,,
Q6404111,Kiccha Huccha,2010-10-15,Chi. Guru Dutt,,,,
Q3419925,Do Dooni Chaar,2010-10-08,Habib Faisal,Delhi,Point(77.216666666 28.666666666),Delhi,Point(77.216666666 28.666666666)
Q1140607,We Are Family,2010-09-03,Sidharth Malhotra,Sydney,Point(151.21 -33.867777777),Mumbai,Point(72.8775 19.075833333)
Q6744175,Mallika,2010-09-03,,,,,
Q330663,My Name Is Khan,2010-09-02,Karan Johar,Pennsylvania | Los Angeles | New York | Georgia | Maharashtra | India | San Francisco | California | United States,Point(-77.5 41.0) | Point(75.713888055 19.75148) | Point(83.0 22.8) | Point(-122.419444444 37.775) | Point(-83.5 33.0) | Point(-120.0 37.0) | Point(-75.0 43.0) | Point(-98.5795 39.828175) | Point(-118.24368 34.05223),"Sacramento | Washington | Borivali | Hollywood | Los Angeles | Georgia | New York City | Maharashtra | Lancaster County | Washington, D.C. | Mumbai | San Francisco | Santa Clarita | Atlanta | Philadelphia",Point(-84.389722222 33.754444444) | Point(-77.036666666 38.895) | Point(-76.25 40.04) | Point(75.713888055 19.75148) | Point(-75.163611111 39.952777777) | Point(72.8775 19.075833333) | Point(-121.486111111 38.575277777) | Point(-74.006111111 40.712777777) | Point(-122.419444444 37.775) | Point(-83.5 33.0) | Point(-118.542586 34.3916641) | Point(-118.326666666 34.098333333) | Point(-118.24368 34.05223) | Point(-120.5 47.5) | Point(72.86 19.23)
Q330663,My Name Is Khan,2010-08-19,Karan Johar,Pennsylvania | Los Angeles | New York | Georgia | Maharashtra | India | San Francisco | California | United States,Point(-77.5 41.0) | Point(75.713888055 19.75148) | Point(83.0 22.8) | Point(-122.419444444 37.775) | Point(-83.5 33.0) | Point(-120.0 37.0) | Point(-75.0 43.0) | Point(-98.5795 39.828175) | Point(-118.24368 34.05223),"Sacramento | Washington | Borivali | Hollywood | Los Angeles | Georgia | New York City | Maharashtra | Lancaster County | Washington, D.C. | Mumbai | San Francisco | Santa Clarita | Atlanta | Philadelphia",Point(-84.389722222 33.754444444) | Point(-77.036666666 38.895) | Point(-76.25 40.04) | Point(75.713888055 19.75148) | Point(-75.163611111 39.952777777) | Point(72.8775 19.075833333) | Point(-121.486111111 38.575277777) | Point(-74.006111111 40.712777777) | Point(-122.419444444 37.775) | Point(-83.5 33.0) | Point(-118.542586 34.3916641) | Point(-118.326666666 34.098333333) | Point(-118.24368 34.05223) | Point(-120.5 47.5) | Point(72.86 19.23)
Q2402889,Udaan,2010-07-16,Vikramaditya Motwane,India,Point(83.0 22.8),,
Q330663,My Name Is Khan,2010-06-10,Karan Johar,Pennsylvania | Los Angeles | New York | Georgia | Maharashtra | India | San Francisco | California | United States,Point(-77.5 41.0) | Point(75.713888055 19.75148) | Point(83.0 22.8) | Point(-122.419444444 37.775) | Point(-83.5 33.0) | Point(-120.0 37.0) | Point(-75.0 43.0) | Point(-98.5795 39.828175) | Point(-118.24368 34.05223),"Sacramento | Washington | Borivali | Hollywood | Los Angeles | Georgia | New York City | Maharashtra | Lancaster County | Washington, D.C. | Mumbai | San Francisco | Santa Clarita | Atlanta | Philadelphia",Point(-84.389722222 33.754444444) | Point(-77.036666666 38.895) | Point(-76.25 40.04) | Point(75.713888055 19.75148) | Point(-75.163611111 39.952777777) | Point(72.8775 19.075833333) | Point(-121.486111111 38.575277777) | Point(-74.006111111 40.712777777) | Point(-122.419444444 37.775) | Point(-83.5 33.0) | Point(-118.542586 34.3916641) | Point(-118.326666666 34.098333333) | Point(-118.24368 34.05223) | Point(-120.5 47.5) | Point(72.86 19.23)
Q330663,My Name Is Khan,2010-05-28,Karan Johar,Pennsylvania | Los Angeles | New York | Georgia | Maharashtra | India | San Francisco | California | United States,Point(-77.5 41.0) | Point(75.713888055 19.75148) | Point(83.0 22.8) | Point(-122.419444444 37.775) | Point(-83.5 33.0) | Point(-120.0 37.0) | Point(-75.0 43.0) | Point(-98.5795 39.828175) | Point(-118.24368 34.05223),"Sacramento | Washington | Borivali | Hollywood | Los Angeles | Georgia | New York City | Maharashtra | Lancaster County | Washington, D.C. | Mumbai | San Francisco | Santa Clarita | Atlanta | Philadelphia",Point(-84.389722222 33.754444444) | Point(-77.036666666 38.895) | Point(-76.25 40.04) | Point(75.713888055 19.75148) | Point(-75.163611111 39.952777777) | Point(72.8775 19.075833333) | Point(-121.486111111 38.575277777) | Point(-74.006111111 40.712777777) | Point(-122.419444444 37.775) | Point(-83.5 33.0) | Point(-118.542586 34.3916641) | Point(-118.326666666 34.098333333) | Point(-118.24368 34.05223) | Point(-120.5 47.5) | Point(72.86 19.23)
Q330663,My Name Is Khan,2010-05-26,Karan Johar,Pennsylvania | Los Angeles | New York | Georgia | Maharashtra | India | San Francisco | California | United States,Point(-77.5 41.0) | Point(75.713888055 19.75148) | Point(83.0 22.8) | Point(-122.419444444 37.775) | Point(-83.5 33.0) | Point(-120.0 37.0) | Point(-75.0 43.0) | Point(-98.5795 39.828175) | Point(-118.24368 34.05223),"Sacramento | Washington | Borivali | Hollywood | Los Angeles | Georgia | New York City | Maharashtra | Lancaster County | Washington, D.C. | Mumbai | San Francisco | Santa Clarita | Atlanta | Philadelphia",Point(-84.389722222 33.754444444) | Point(-77.036666666 38.895) | Point(-76.25 40.04) | Point(75.713888055 19.75148) | Point(-75.163611111 39.952777777) | Point(72.8775 19.075833333) | Point(-121.486111111 38.575277777) | Point(-74.006111111 40.712777777) | Point(-122.419444444 37.775) | Point(-83.5 33.0) | Point(-118.542586 34.3916641) | Point(-118.326666666 34.098333333) | Point(-118.24368 34.05223) | Point(-120.5 47.5) | Point(72.86 19.23)
Q5123704,City of Gold,2010-04-23,Mahesh Manjrekar,Mumbai,Point(72.8775 19.075833333),,
Q330663,My Name Is Khan,2010-04-23,Karan Johar,Pennsylvania | Los Angeles | New York | Georgia | Maharashtra | India | San Francisco | California | United States,Point(-77.5 41.0) | Point(75.713888055 19.75148) | Point(83.0 22.8) | Point(-122.419444444 37.775) | Point(-83.5 33.0) | Point(-120.0 37.0) | Point(-75.0 43.0) | Point(-98.5795 39.828175) | Point(-118.24368 34.05223),"Sacramento | Washington | Borivali | Hollywood | Los Angeles | Georgia | New York City | Maharashtra | Lancaster County | Washington, D.C. | Mumbai | San Francisco | Santa Clarita | Atlanta | Philadelphia",Point(-84.389722222 33.754444444) | Point(-77.036666666 38.895) | Point(-76.25 40.04) | Point(75.713888055 19.75148) | Point(-75.163611111 39.952777777) | Point(72.8775 19.075833333) | Point(-121.486111111 38.575277777) | Point(-74.006111111 40.712777777) | Point(-122.419444444 37.775) | Point(-83.5 33.0) | Point(-118.542586 34.3916641) | Point(-118.326666666 34.098333333) | Point(-118.24368 34.05223) | Point(-120.5 47.5) | Point(72.86 19.23)
Q330663,My Name Is Khan,2010-04-15,Karan Johar,Pennsylvania | Los Angeles | New York | Georgia | Maharashtra | India | San Francisco | California | United States,Point(-77.5 41.0) | Point(75.713888055 19.75148) | Point(83.0 22.8) | Point(-122.419444444 37.775) | Point(-83.5 33.0) | Point(-120.0 37.0) | Point(-75.0 43.0) | Point(-98.5795 39.828175) | Point(-118.24368 34.05223),"Sacramento | Washington | Borivali | Hollywood | Los Angeles | Georgia | New York City | Maharashtra | Lancaster County | Washington, D.C. | Mumbai | San Francisco | Santa Clarita | Atlanta | Philadelphia",Point(-84.389722222 33.754444444) | Point(-77.036666666 38.895) | Point(-76.25 40.04) | Point(75.713888055 19.75148) | Point(-75.163611111 39.952777777) | Point(72.8775 19.075833333) | Point(-121.486111111 38.575277777) | Point(-74.006111111 40.712777777) | Point(-122.419444444 37.775) | Point(-83.5 33.0) | Point(-118.542586 34.3916641) | Point(-118.326666666 34.098333333) | Point(-118.24368 34.05223) | Point(-120.5 47.5) | Point(72.86 19.23)
Q6691240,Love Sex aur Dhokha,2010-03-19,Dibakar Banerjee,,,,
Q4815863,Atithi Tum Kab Jaoge?,2010-03-05,Ashwni Dhir,,,,
Q4661259,Aahat – Ek Ajib Kahani,2010-02-26,,,,,
Q2415170,Teen Patti,2010-02-26,Leena Yadav,,,,
Q330663,My Name Is Khan,2010-02-12,Karan Johar,Pennsylvania | Los Angeles | New York | Georgia | Maharashtra | India | San Francisco | California | United States,Point(-77.5 41.0) | Point(75.713888055 19.75148) | Point(83.0 22.8) | Point(-122.419444444 37.775) | Point(-83.5 33.0) | Point(-120.0 37.0) | Point(-75.0 43.0) | Point(-98.5795 39.828175) | Point(-118.24368 34.05223),"Sacramento | Washington | Borivali | Hollywood | Los Angeles | Georgia | New York City | Maharashtra | Lancaster County | Washington, D.C. | Mumbai | San Francisco | Santa Clarita | Atlanta | Philadelphia",Point(-84.389722222 33.754444444) | Point(-77.036666666 38.895) | Point(-76.25 40.04) | Point(75.713888055 19.75148) | Point(-75.163611111 39.952777777) | Point(72.8775 19.075833333) | Point(-121.486111111 38.575277777) | Point(-74.006111111 40.712777777) | Point(-122.419444444 37.775) | Point(-83.5 33.0) | Point(-118.542586 34.3916641) | Point(-118.326666666 34.098333333) | Point(-118.24368 34.05223) | Point(-120.5 47.5) | Point(72.86 19.23)
Q330663,My Name Is Khan,2010-02-10,Karan Johar,Pennsylvania | Los Angeles | New York | Georgia | Maharashtra | India | San Francisco | California | United States,Point(-77.5 41.0) | Point(75.713888055 19.75148) | Point(83.0 22.8) | Point(-122.419444444 37.775) | Point(-83.5 33.0) | Point(-120.0 37.0) | Point(-75.0 43.0) | Point(-98.5795 39.828175) | Point(-118.24368 34.05223),"Sacramento | Washington | Borivali | Hollywood | Los Angeles | Georgia | New York City | Maharashtra | Lancaster County | Washington, D.C. | Mumbai | San Francisco | Santa Clarita | Atlanta | Philadelphia",Point(-84.389722222 33.754444444) | Point(-77.036666666 38.895) | Point(-76.25 40.04) | Point(75.713888055 19.75148) | Point(-75.163611111 39.952777777) | Point(72.8775 19.075833333) | Point(-121.486111111 38.575277777) | Point(-74.006111111 40.712777777) | Point(-122.419444444 37.775) | Point(-83.5 33.0) | Point(-118.542586 34.3916641) | Point(-118.326666666 34.098333333) | Point(-118.24368 34.05223) | Point(-120.5 47.5) | Point(72.86 19.23)
Q14476188,Striker,2010-02-05,Chandan Arora,,,,
Q7293379,Rann,2010-01-29,Ram Gopal Varma,,,,
Q3631071,Ishqiya,2010-01-29,Abhishek Chaubey,Uttar Pradesh,Point(80.91 26.85),,
Q6878497,Mission 11 July,2010-01-15,,,,,
Q7773233,The Waiting Room,2010-01-15,Maneej Premnath,,,,
Q780289,Chance Pe Dance,2010-01-15,Ken Ghosh,,,,
Q5708453,Hello! Hum Lallan Bol Rahe Hain,2010-01-15,Dilip Shukla,,,,
Q7262814,Pyaar Impossible!,2010-01-08,Jugal Hansraj,Singapore,Point(103.8 1.3),,
Q1896527,Dulha Mil Gaya,2010-01-08,Muddassar Aziz,Trinidad and Tobago,Point(-61.516666666 10.666666666),,
Q6883468,Mittal v/s Mittal,2010-01-01,Karan Razdan,,,,
Q7501279,Shor in the City,2010-01-01,Raj Nidimoru | Krishna D.K.,Mumbai,Point(72.8775 19.075833333),,
Q4997288,Bumm Bumm Bole,2010-01-01,Priyadarshan,,,,
Q5284747,Diwangi Ne Had Kar Di,2010-01-01,,,,,
Q6502199,Lava Kusa: The Warrior Twins,2010-01-01,Dhavala Satyam,,,,
Q6422776,Knock Out,2010-01-01,Mani Shankar,,,,
Q5187761,Crook,2010-01-01,Mohit Suri,Australia,Point(133.0 -25.0),Australia,Point(133.0 -25.0)
Q3216082,Lafangey Parindey,2010-01-01,Pradeep Sarkar,Mumbai,Point(72.8775 19.075833333),,
Q7459950,Shaapit,2010-01-01,Vikram Bhatt,,,,
Q5132407,Click,2010-01-01,Sangeeth Sivan,India,Point(83.0 22.8),,
Q733065,Dabangg,2010-01-01,Abhinav Kashyap,Uttar Pradesh,Point(80.91 26.85),,
Q6873046,Mirch,2010-01-01,Vinay Shukla,Rajasthan,Point(73.838888888 26.572777777),,
Q20814496,Devra Bada Satawela,2010-01-01,Rajkumar R. Pandey,,,,
Q1213489,Band Baaja Baaraat,2010-01-01,Maneesh Sharma,Mumbai | India,Point(83.0 22.8) | Point(72.8775 19.075833333),Delhi,Point(77.216666666 28.666666666)
Q2089221,Aisha,2010-01-01,Rajshree Ojha,Delhi,Point(77.216666666 28.666666666),Delhi,Point(77.216666666 28.666666666)
Q3415825,Raajneeti,2010-01-01,Prakash Jha,India,Point(83.0 22.8),,
Q20814733,Saat Saheliyan,2010-01-01,Rajkumar R. Pandey,,,,
Q6473329,Lahore,2010-01-01,Sanjay Puran Singh Chauhan,Lahore,Point(74.343611111 31.549722222),,
Q4890069,Benny and Babloo,2010-01-01,Yunus Sajawal,,,,
Q114714797,Pyaar Kaa Fundaa,2010-01-01,,,,,
Q3135932,Raavan,2010-01-01,Mani Ratnam,India,Point(83.0 22.8),,
Q6544775,Life Express,2010-01-01,Anup Das,,,,
Q6448096,Kushti,2010-01-01,T. K. Rajeev Kumar,,,,
Q5036674,Captain India,2010-01-01,,,,,
Q114718343,Admissions Open,2010-01-01,,,,,
Q5236764,I Am,2010-01-01,Onir,Mumbai | India | Kolkata,Point(83.0 22.8) | Point(72.8775 19.075833333) | Point(88.37 22.5675),,
Q5087088,Chase,2010-01-01,Jag Mundhra,,,,
Q3418383,Ramayana: The Epic,2010-01-01,Chetan Desai,,,,
Q7462286,"Shahrukh Bola ""Khoobsurat Hai Tu""",2010-01-01,Makarand Deshpande,,,,
Q5207396,Daayen Ya Baayen,2010-01-01,Bela Negi,,,,
Q114714796,Bhavnao Ko Samjho,2010-01-01,,,,,
Q7333589,Right Yaaa Wrong,2010-01-01,Neeraj Pathak,,,,
Q7852452,Tum Milo Toh Sahi,2010-01-01,Kabir Sadanand,,,,
Q4230003,Badmaash Company,2010-01-01,Parmeet Sethi,Mumbai | India,Point(83.0 22.8) | Point(72.8775 19.075833333),,
Q5975986,I Am Kalam,2010-01-01,Nila Madhab Panda,Rajasthan,Point(73.838888888 26.572777777),,
Q7738765,The Hangman,2010-01-01,Vishal Bhandari,,,,
Q3627503,Peepli Live,2010-01-01,Anusha Rizvi,,,,
Q7701699,Tere Bin Laden,2010-01-01,Abhishek Sharma,Karachi,Point(67.01 24.86),,
Q7278398,Raakh,2010-01-01,Hansal Mehta,,,,
Q7243746,Prince,2010-01-01,Kookie V. Gulati,South Africa,Point(24.0 -29.0),,
Q3025723,Dhobi Ghat,2010-01-01,Kiran Rao,Mumbai,Point(72.8775 19.075833333),,
Q7240131,Prem Kaa Game,2010-01-01,Ashok Kheny,,,,
Q7771736,The Untitled Kartik Krishnan Project,2010-01-01,Srinivas Sunderrajan,,,,
Q5580870,Golmaal 3,2010-01-01,Rohit Shetty,,,,
Q3068415,Khelein Hum Jee Jaan Sey,2010-01-01,Ashutosh Gowariker,Indian independence movement,,,
Q4656798,A Flat,2010-01-01,Hemant Madhukar,Mumbai,Point(72.8775 19.075833333),,
Q6080773,Isi Life Mein,2010-01-01,Vidhi Kasliwal,,,,
Q7180899,Phas Gaye Re Obama,2010-01-01,Subhash Kapoor,,,,
Q3012688,Ramaa: The Saviour,2010-01-01,Hadi Abrar,,,,
Q6402798,Khuda Kasam,2010-01-01,K. C. Bokadia,,,,
Q18110264,Barood,2010-01-01,,,,,
Q4661327,Aakhari Decision,2010-01-01,Deepak Kumar Bandhu,,,,
Q4661356,Aakrosh,2010-01-01,Priyadarshan,Uttar Pradesh,Point(80.91 26.85),,
Q3531989,Toonpur Ka Super Hero,2010-01-01,Kireet Khurana,,,,
Q7156694,Payback,2010-01-01,,,,,
Q7131313,Pankh,2010-01-01,Sudipto Chattopadhyay,,,,
Q4662701,Aashayein,2010-01-01,Nagesh Kukunoor,,,,
Q3036326,Guzaarish,2010-01-01,Sanjay Leela Bhansali,Goa,Point(74.043333333 15.401944444),,
Q16320633,Pink Saris,2010-01-01,Kim Longinotto,,,,
Q61992145,Do Dilon Ke Khel Mein,2010-01-01,Aakash Pandey,,,,
Q4189204,Paathshaala,2010-01-01,Milind Ukey,,,,
Q5772967,Hisss,2010-01-01,Jennifer Lynch,,,,
Q5710030,Help,2010-01-01,Rajeev Virani,Mauritius,Point(57.5 -20.2),,
Q7710547,Thanks Maa,2010-01-01,Irfan Kamal,Mumbai,Point(72.8775 19.075833333),,
Q7303622,Red Alert: The War Within,2010-01-01,Anant Mahadevan,,,,
Q5708661,Hello Darling,2010-01-01,Manoj Tiwari,,,,
Q1010071,Rakta Charitra,2010-01-01,Ram Gopal Varma,Andhra Pradesh,Point(80.866666666 16.85),Andhra Pradesh,Point(80.866666666 16.85)
Q2850218,Anjaana Anjaani,2010-01-01,Siddharth Anand,,,,
Q7711195,That Girl in Yellow Boots,2010-01-01,Anurag Kashyap,Mumbai,Point(72.8775 19.075833333),,
Q7701702,Tere Bina Jiya Nahin Jaye,2010-01-01,Satish Kaushik,,,,
Q7360051,Rokkk,2010-01-01,Rajesh Ranshinge,,,,
Q1026875,I Hate Luv Storys,2010-01-01,Punit Malhotra,India,Point(83.0 22.8),,
Q1332550,Milenge Milenge,2010-01-01,Satish Kaushik,,,,
Q5892584,Harud,2010-01-01,Aamir Bashir,,,,
Q3633996,Lamhaa,2010-01-01,Rahul Dholakia,Jammu and Kashmir,Point(76.5 34.0),,
Q3932354,Jhootha Hi Sahi,2010-01-01,Abbas Tyrewala,,,,
Q7397975,Sadiyaan,2010-01-01,Raj Kanwar,,,,
Q3933665,Break Ke Baad,2010-01-01,Danish Aslam,,,,
Q3041368,Dunno Y... Na Jaane Kyon,2010-01-01,Sanjay Sharma,,,,
Q5911575,Hotel Hollywood,2010-01-01,Param Gill,,,,
Q3627677,Tees Maar Khan,2010-01-01,Farah Khan,,,,
Q5936619,Hum Tum Aur Ghost,2010-01-01,Kabeer Kaushik,Newcastle upon Tyne,Point(-1.613333333 54.977777777),,
Q7729826,The Desire,2010-01-01,R. Sarath,,,,
Q3627595,Paan Singh Tomar,2010-01-01,Tigmanshu Dhulia,,,,
Q7564400,Soul of Sand,2010-01-01,Sidharth Srinivasan,Delhi,Point(77.216666666 28.666666666),,
Q6349035,Kajraare,2010-01-01,Pooja Bhatt,Jordan,Point(36.5 31.2),,
Q6935275,Mumbai Cutting,2010-01-01,Manish Jha | Jahnu Barua | Rituparno Ghosh | Shashanka Ghosh | Sudhir Mishra | Ruchi Narain | Anurag Kashyap | Rahul Dholakia | Kundan Shah | Revathi,Mumbai,Point(72.8775 19.075833333),,
Q7044825,No Problem,2010-01-01,Anees Bazmee,South Africa,Point(24.0 -29.0),,
Q4753340,And Once Again,2010-01-01,Amol Palekar,,,,
Q6956384,Na Ghar Ke Na Ghaat Ke,2010-01-01,Rahul Aggarwal,,,,
Q7813253,Toh Baat Pakki!,2010-01-01,Kedar Shinde,,,,
Q4730298,Allah Ke Banday,2010-01-01,Faruk Kabir,,,,
Q6945506,My Friend Ganesha 3,2010-01-01,Rajiv S Ruia,,,,
Q4779163,Apartment,2010-01-01,Jag Mundhra,Mumbai,Point(72.8775 19.075833333),,
Q6929187,Mr. Singh / Mrs. Mehta,2010-01-01,,,,,
Q7550353,Soch Lo,2010-01-01,Sartaj Singh Pannu,,,,
Q5451788,Fired,2010-01-01,Sajit Warrier,London,Point(-0.1275 51.507222222),,
Q7658511,Swing,2010-01-01,Abhinav Kamal,,,,
Q5350247,Ek Second... Jo Zindagi Badal De?,2010-01-01,Partho Ghosh,,,,
Q6373532,Karthik Calling Karthik,2010-01-01,Vijay Lalwani,,,,
Q4771045,Antardwand,2010-01-01,Sushil Rajpal,Bihar,Point(85.13 25.37),,
Q2486237,Housefull,2010-01-01,Sajid Khan,England,Point(-1.0 53.0),Apulia,Point(16.512777777 41.008611111)
Q5381671,Jaane Kahan Se Aayi Hai,2010-01-01,Milap Zaveri,,,,
Q5316848,Dus Tola,2010-01-01,Ajoy Varma,,,,
Q4677152,Action Replayy,2010-01-01,Vipul Amrutlal Shah,,,,
Q4678211,Ada... A Way of Life,2010-01-01,,,,,
Q24038009,Riwayat,2010-01-01,Vijay Patkar,,,,
Q18794231,The Film Emotional Atyachar,2010-01-01,,,,,
Q7091871,Once Upon a Time in Mumbaai,2010-01-01,Milan Luthria,Mumbai | India,Point(83.0 22.8) | Point(72.8775 19.075833333),,
Q6400953,Khatta Meetha,2010-01-01,Priyadarshan,India,Point(83.0 22.8),,
Q6401560,Khichdi: The Movie,2010-01-01,Aatish Kapadia,,,,
Q639761,Phoonk 2,2010-01-01,Milind Gadagkar,,,,
Q229633,3 Idiots,2009-12-25,Rajkumar Hirani,Delhi,Point(77.216666666 28.666666666),,
Q229633,3 Idiots,2009-12-23,Rajkumar Hirani,Delhi,Point(77.216666666 28.666666666),,
Q3020114,De Dana Dan,2009-11-27,Priyadarshan,,,,
Q16246957,Bal Ganesh 2,2009-10-23,Pankaj Sharma,,,,
Q4196318,All the Best: Fun Begins,2009-10-16,Rohit Shetty,,,,
Q16247540,Chhota Bheem & Krishna: Patliputra- City of the Dead,2009-09-27,Rajiv Chilaka,,,,
Q5094936,Chhota Bheem & Ganesh,2009-08-23,,,,,
Q3932155,Luck,2009-07-24,Soham Shah,,,,
Q5239300,New York,2009-06-26,Kabir Khan,New York | United States | New York City | Philadelphia,Point(-75.163611111 39.952777777) | Point(-74.006111111 40.712777777) | Point(-75.0 43.0) | Point(-98.5795 39.828175),New York | United States | New York City | Philadelphia,Point(-98.5795 39.828175) | Point(-74.006111111 40.712777777) | Point(-75.163611111 39.952777777) | Point(-75.0 43.0)
Q4777704,Anubhav,2009-06-05,Rajeevnath,,,,
Q5350246,Ek Se Bure Do,2009-04-10,Tariq Khan,,,,
Q4734595,Aloo Chaat,2009-03-20,Robbie Grewal,,,,
Q7508092,Siddharth: The Prisoner,2009-02-27,Pryas Gupta,,,,
Q862951,Billu,2009-02-12,Priyadarshan,,,,
Q7092542,One Crazy Ride,2009-02-01,Gaurav Jani,,,,
Q48674702,Bank,2009-01-30,,,,,
Q1061749,Chandni Chowk to China,2009-01-15,Nikhil Advani,Shanghai,Point(121.469166666 31.2325),Thailand,Point(101.0 14.0)
Q5903950,Horn Ok Please,2009-01-01,Rakesh Sarang,,,,
Q5286096,Do Knot Disturb,2009-01-01,David Dhawan,,,,
Q585892,Paa,2009-01-01,R. Balki,Lucknow,Point(80.947 26.847),,
Q8074291,Zor Lagaa Ke...Haiya!,2009-01-01,,,,,
Q5286180,"Do Paise Ki Dhoop, Chaar Aane Ki Baarish",2009-01-01,Deepti Naval,Mumbai,Point(72.8775 19.075833333),,
Q5350253,Ek Tho Chance,2009-01-01,Saeed Akhtar Mirza,Mumbai,Point(72.8775 19.075833333),,
Q6416373,Kisaan,2009-01-01,Puneet Sira,,,,
Q6372658,Karma Aur Holi,2009-01-01,Manish Gupta,,,,
Q5350164,Ek: The Power of One,2009-01-01,Sangeeth Sivan,,,,
Q5316890,Dushmani,2009-01-01,Imran Khalid,,,Ooty,Point(76.693888888 11.408611111)
Q16255296,Well Done Abba,2009-01-01,Shyam Benegal,Hyderabad,Point(78.474722222 17.361666666),,
Q6349887,Kal Kissne Dekha,2009-01-01,Vivek Sharma,Mumbai,Point(72.8775 19.075833333),,
Q19572690,Lottery,2009-01-01,Hemant Prabhu,,,,
Q7620981,Straight,2009-01-01,,,,,
Q6161453,Jashnn,2009-01-01,,,,,
Q1873709,Luck by Chance,2009-01-01,Zoya Akhtar,,,,
Q5252805,Dekh Bhai Dekh,2009-01-01,Rahat Kazmi,,,,
Q6123574,Jail,2009-01-01,Madhur Bhandarkar,,,,
Q1496227,Love Aaj Kal,2009-01-01,Imtiaz Ali,,,San Francisco | Delhi,Point(77.216666666 28.666666666) | Point(-122.419444444 37.775)
Q18795222,Aao Wish Karein,2009-01-01,,,,,
Q7672807,Taalismaan,2009-01-01,,,,,
Q5506386,Fruit and Nut,2009-01-01,Kunal Vijaykar,,,,
Q5476570,Fox,2009-01-01,Deepak Tijori,Mumbai,Point(72.8775 19.075833333),,
Q5265632,Detective Naani,2009-01-01,Romilla Mukherjee,,,,
Q862951,Billu,2009-01-01,Priyadarshan,,,,
Q5269762,Dhoondte Reh Jaaoge,2009-01-01,Umesh Shukla,,,,
Q5381777,Radio,2009-01-01,Ishaan Trivedi,,,,
Q7634360,Suee,2009-01-01,Sai Paranjpye,,,,
Q5239300,New York,2009-01-01,Kabir Khan,New York | United States | New York City | Philadelphia,Point(-75.163611111 39.952777777) | Point(-74.006111111 40.712777777) | Point(-75.0 43.0) | Point(-98.5795 39.828175),New York | United States | New York City | Philadelphia,Point(-98.5795 39.828175) | Point(-74.006111111 40.712777777) | Point(-75.163611111 39.952777777) | Point(-75.0 43.0)
Q3021591,Delhi-6,2009-01-01,Rakeysh Omprakash Mehra,Delhi,Point(77.216666666 28.666666666),New York City | Delhi,Point(-74.006111111 40.712777777) | Point(77.216666666 28.666666666)
Q5617180,Gulaal,2009-01-01,Anurag Kashyap,,,,
Q16248979,Houseful,2009-01-01,Bappaditya Bandopadhyay,,,,
Q16827644,Blue Oranges,2009-01-01,Rajesh Ganguly,,,,
Q6346884,Kahe Gaye Pardes Piya,2009-01-01,,,,,
Q1061749,Chandni Chowk to China,2009-01-01,Nikhil Advani,Shanghai,Point(121.469166666 31.2325),Thailand,Point(101.0 14.0)
Q3031575,Kaminey,2009-01-01,Vishal Bhardwaj,Mumbai,Point(72.8775 19.075833333),,
Q5628787,Shadow,2009-01-01,Rohit Nayyar,,,,
Q5207996,Daddy Cool,2009-01-01,K. Murali Mohana Rao,,,,
Q12419726,Kisse Pyaar Karoon,2009-01-01,Ajay Chandhok,,,,
Q8035626,World Cupp 2011,2009-01-01,Ravi Kapoor,,,,
Q15643909,Q15643909,2009-01-01,,,,,
Q7126117,Pal Pal Dil Ke Ssaat,2009-01-01,,,,,
Q3506295,Dev.D,2009-01-01,Anurag Kashyap,Kolkata | Delhi,Point(77.216666666 28.666666666) | Point(88.37 22.5675),London | Delhi,Point(-0.1275 51.507222222) | Point(77.216666666 28.666666666)
Q4694725,Agyaat,2009-01-01,Ram Gopal Varma,,,,
Q7798024,Three: Love Lies Betrayal,2009-01-01,Vishal Pandya,,,,
Q4674042,Acid Factory,2009-01-01,Suparn Verma,,,,
Q4672576,Accident on Hill Road,2009-01-01,,,,,
Q4662731,Aasma: The Sky Is the Limit,2009-01-01,Rohit Krishnakant Nayyar,,,,
Q7156741,Paying Guests,2009-01-01,Paritosh Painter,,,,
Q7418685,Sankat City,2009-01-01,Pankaj Advani,,,,
Q7168015,Perfect Mismatch,2009-01-01,Ajmal Zaheer Ahmad,,,,
Q4661239,Aagey Se Right,2009-01-01,Indrajit Nattoji,Mumbai,Point(72.8775 19.075833333),,
Q3414447,Quick Gun Murugun,2009-01-01,Shashanka Ghosh,Mumbai,Point(72.8775 19.075833333),,
Q3565236,Wake Up Sid,2009-01-01,Ayan Mukerji,Mumbai,Point(72.8775 19.075833333),,
Q4661025,Aa Dekhen Zara,2009-01-01,Jehangir Surti,Mumbai,Point(72.8775 19.075833333),,
Q4646285,99,2009-01-01,Raj Nidimoru | Krishna D.K.,Mumbai | Delhi,Point(77.216666666 28.666666666) | Point(72.8775 19.075833333),,
Q4699550,Ajantha,2009-01-01,,,,,
Q7927444,Victory,2009-01-01,Ajit Pal Mangat,,,,
Q4705509,Aladin,2009-01-01,Sujoy Ghosh,,,,
Q7814700,"Tom, Dick, and Harry, Rock Again!",2009-01-01,,,,,
Q4837100,Baabarr,2009-01-01,Ashu Trikha,,,,
Q15127331,Jai Veeru,2009-01-01,Puneet Sira,,,,
Q7827858,Toss,2009-01-01,,,,,
Q3437951,Rocket Singh: Salesman of the Year,2009-01-01,Shimit Amin,,,,
Q15128683,Sikandar,2009-01-01,Piyush Jha,Jammu and Kashmir,Point(76.5 34.0),,
Q15128692,Life Partner,2009-01-01,Rumi Jaffery,,,,
Q2381104,Barah Aana,2009-01-01,Raja Krishna Menon,,,,
Q15128694,Vaada Raha,2009-01-01,Samir Karnik,,,,
Q151529,Kambakkht Ishq,2009-01-01,Sabbir Khan,Los Angeles,Point(-118.24368 34.05223),California,Point(-120.0 37.0)
Q6912911,Morning Walk,2009-01-01,Arup Dutta,,,,
Q1523194,Dil Bole Hadippa!,2009-01-01,Anurag Singh,Lahore,Point(74.343611111 31.549722222),,
Q7847763,Trump Card,2009-01-01,,,,,
Q2355787,Ajab Prem Ki Ghazab Kahani,2009-01-01,Rajkumar Santoshi,,,Ooty,Point(76.693888888 11.408611111)
Q15678644,Mere Khwabon Mein Jo Aaye,2009-01-01,Madhureeta Anand,,,,
Q4645267,8 x 10 Tasveer,2009-01-01,Nagesh Kukunoor,,,,
Q2622347,Wanted,2009-01-01,Prabhu Deva,Mumbai,Point(72.8775 19.075833333),,
Q4266474,London Dreams,2009-01-01,Vipul Amrutlal Shah,,,,
Q7701803,Teree Sang,2009-01-01,Satish Kaushik,,,,
Q117814731,The Hero - Abhimanyu,2009-01-01,Santosh Mishra,,,,
Q7339557,Road to Sangam,2009-01-01,Amit Rai,Uttar Pradesh,Point(80.91 26.85),,
Q283944,Jodi Breakers,2009-01-01,Ashwini Chaudhary,,,,
Q7380133,Runway,2009-01-01,Sunil Tiwari | Praful Tiwari,,,,
Q3932155,Luck,2009-01-01,Soham Shah,,,,
Q11728896,Q11728896,2009-01-01,,,,,
Q282662,"Road, Movie",2009-01-01,Dev Benegal,India,Point(83.0 22.8),,
Q6532261,Let's Dance,2009-01-01,Aarif Sheikh,,,,
Q402855,Veer,2009-01-01,Anil Sharma,London | India,Point(83.0 22.8) | Point(-0.1275 51.507222222),London,Point(-0.1275 51.507222222)
Q7734776,The Forest,2009-01-01,Ashvin Kumar,,,,
Q16247989,Dheeme Dheeme,2009-01-01,,,,,
Q5068476,Chal Chalein,2009-01-01,,,,,
Q4939947,Bolo Raam,2009-01-01,Rakesh Chaturvedi Om,,,,
Q5068473,Chal Chala Chal,2009-01-01,T. K. Rajeev Kumar,,,,
Q7766633,The Stoneman Murders,2009-01-01,Manish Gupta,,,,
Q7502186,Shortkut,2009-01-01,Neeraj Vora,,,,
Q262487,Blue,2009-01-01,Anthony D'Souza,,,,
Q4524082,Chintu Ji,2009-01-01,Ranjit Kapoor,,,,
Q7990866,What's Your Raashee?,2009-01-01,Ashutosh Gowariker,Mumbai,Point(72.8775 19.075833333),,
Q7260259,Punjab Gold,2009-01-01,Rajkumar,,,,
Q6690901,Love Khichdi,2009-01-01,Srinivas Bhashyam,Mumbai,Point(72.8775 19.075833333),,
Q7852451,Tum Mile,2009-01-01,Kunal Deshmukh,Mumbai,Point(72.8775 19.075833333),,
Q7278433,Raat Gayi Baat Gayi?,2009-01-01,Saurabh Shukla,,,,
Q7278449,Raaz – The Mystery Continues,2009-01-01,Mohit Suri,,,,
Q776098,Kurbaan,2009-01-01,Rensil D'Silva,,,,
Q4296509,Main Aurr Mrs Khanna,2009-01-01,Prem Raj,,,,
Q1130343,Rab Ne Bana Di Jodi,2008-12-12,Aditya Chopra,India,Point(83.0 22.8),,
Q1130343,Rab Ne Bana Di Jodi,2008-12-11,Aditya Chopra,India,Point(83.0 22.8),,
Q3359179,Oye Lucky! Lucky Oye!,2008-11-28,Dibakar Banerjee,Delhi,Point(77.216666666 28.666666666),Delhi,Point(77.216666666 28.666666666)
Q5269762,Dhoondte Reh Jaaoge,2008-11-26,Umesh Shukla,,,,
Q4313927,Yuvvraaj,2008-11-21,Subhash Ghai,,,,
Q11761993,Little Zizou,2008-11-09,Sooni Taraporevala,Mumbai,Point(72.8775 19.075833333),,
Q5323509,EMI,2008-11-07,Saurabh Kabra | Sanjay Khanna,,,,
Q46918,Roadside Romeo,2008-10-24,Jugal Hansraj,Mumbai,Point(72.8775 19.075833333),Mumbai,Point(72.8775 19.075833333)
Q7187347,Phoonk,2008-08-22,Ram Gopal Varma,,,,
Q127129,Kismat Konnection,2008-07-18,Aziz Mirza,,,Toronto | Mumbai,Point(-79.386666666 43.670277777) | Point(72.8775 19.075833333)
Q855020,Bhoothnath,2008-05-09,Vivek Sharma,Goa,Point(74.043333333 15.401944444),,
Q18395759,Yaar Meri Zindagi,2008-04-22,Ashok Gupta | Mukul Dutt,,,,
Q11099193,Q11099193,2008-04-11,Ajay Devgn,,,,
Q573112,Jodhaa Akbar,2008-04-03,Ashutosh Gowariker,India,Point(83.0 22.8),,
Q7852388,Tulsi,2008-01-18,,,,,
Q330468,Om Shanti Om,2008-01-15,Farah Khan,India,Point(83.0 22.8),,
Q5642734,Halla Bol,2008-01-11,Rajkumar Santoshi,,,,
Q27927415,Humne Jeena Seekh Liya,2008-01-04,Milind Ukey,,,,
Q6733393,Maharathi,2008-01-01,Shivam Nair,,,,
Q7701475,Tera Kya Hoga Johnny,2008-01-01,Sudhir Mishra,,,,
Q11107131,Q11107131,2008-01-01,,,,,
Q4940607,Bombay to Bangkok,2008-01-01,Nagesh Kukunoor,Thailand,Point(101.0 14.0),,
Q5582857,Good Night,2008-01-01,Geetika Narang,,,,
Q5582726,Good Luck!,2008-01-01,Aditya Datt,,,,
Q16960845,Ru Ba Ru,2008-01-01,Arjun Bali,,,,
Q5618215,Gumnaam – The Mystery,2008-01-01,Neeraj Pathak,,,,
Q5580874,Golmaal Returns,2008-01-01,Rohit Shetty,,,,
Q19815839,Woodstock Villa,2008-01-01,Hansal Mehta,,,,
Q6036810,Inqilab,2008-01-01,Gauhar Raza,,,,
Q7491054,Shaurya,2008-01-01,Samar Khan,Jammu and Kashmir,Point(76.5 34.0),,
Q2615521,Race,2008-01-01,Abbas Alibhai Burmawalla | Mastan Alibhai Burmawalla,,,,
Q7786615,Thodi Life Thoda Magic,2008-01-01,Aanand L. Rai,,,,
Q932717,Tashan,2008-01-01,Vijay Krishna Acharya,,,,
Q1262452,Jaane Tu... Ya Jaane Na,2008-01-01,Abbas Tyrewala,,,,
Q1251094,Dostana,2008-01-01,Tarun Mansukhani,Miami | Miami metropolitan area,Point(-80.2 26.133333333) | Point(-80.193611111 25.774166666),,
Q11101474,Q11101474,2008-01-01,,,,,
Q3016733,Dashavatar,2008-01-01,,India,Point(83.0 22.8),,
Q11099881,Q11099881,2008-01-01,,,,,
Q4922216,Black and White,2008-01-01,Subhash Ghai,Delhi,Point(77.216666666 28.666666666),,
Q4661286,Aaj Ka Boss,2008-01-01,T. L. V. Prasad,,,Ooty,Point(76.693888888 11.408611111)
Q4902070,Bhram,2008-01-01,Pavan Kaul,,,,
Q11100315,Q11100315,2008-01-01,,,,,
Q4661485,Aamir,2008-01-01,Raj Kumar Gupta,Mumbai,Point(72.8775 19.075833333),,
Q11100436,Q11100436,2008-01-01,,,,,
Q922626,Firaaq,2008-01-01,Nandita Das,India,Point(83.0 22.8),,
Q5244765,De Taali,2008-01-01,Eeshwar Nivas,,,,
Q56275795,Pehli Nazar Ka Pyaar,2008-01-01,,,,,
Q6155093,Jannat,2008-01-01,Kunal Deshmukh,,,,
Q5760224,Hijack,2008-01-01,Kunal Shivdasani,,,,
Q11785073,Money Hai Toh Honey Hai,2008-01-01,Ganesh Acharya,,,,
Q573112,Jodhaa Akbar,2008-01-01,Ashutosh Gowariker,India,Point(83.0 22.8),,
Q16247607,Children of the Pyre,2008-01-01,Rajesh S. Jala,,,,
Q7644186,Superstar,2008-01-01,Rohit Jugraj Chauhan,,,,
Q12993439,King,2008-01-01,Srinu Vaitla,India,Point(83.0 22.8),,
Q7395705,Saas Bahu Aur Sensex,2008-01-01,Shona Urvashi,,,,
Q2041431,God Tussi Great Ho,2008-01-01,Rumi Jaffery,,,,
Q3932589,Kidnap,2008-01-01,Sanjay Gadhvi,,,,
Q5680192,Hastey Hastey,2008-01-01,Tony Juneja | Tony,,,,
Q5089315,Cheenti Cheenti Bang Bang,2008-01-01,R.D. Mallik,,,,
Q5936048,Hulla,2008-01-01,Jaideep Varma,,,,
Q4062658,Hello,2008-01-01,Atul Agnihotri,,,,
Q4116463,Mission Istaanbul,2008-01-01,Apoorva Lakhia,Afghanistan,Point(66.0 33.0),,
Q4137388,Heroes,2008-01-01,Samir Karnik,,,,
Q5069822,Chamku,2008-01-01,Kabeer Kaushik,Bihar,Point(85.13 25.37),,
Q3039988,Drona,2008-01-01,Goldie Behl,,,Czech Republic,Point(15.0 50.0)
Q2811296,1920,2008-01-01,Vikram Bhatt,,,,
Q16250975,Maan Gaye Mughal-e-Azam,2008-01-01,Sanjay Chhel,Uttar Pradesh,Point(80.91 26.85),,
Q5636518,Haal–e–dil,2008-01-01,Anil Devgan,,,,
Q7292584,Rang Rasiya,2008-01-01,Ketan Mehta,,,,
Q2007104,Singh Is Kinng,2008-01-01,Anees Bazmee,Australia,Point(133.0 -25.0),,
Q5226954,Dasvidaniya,2008-01-01,Shashant Shah,,,,
Q7288650,Rama Rama Kya Hai Dramaa?,2008-01-01,Chandrakant Singh,,,,
Q3264217,Love Story 2050,2008-01-01,Harry Baweja,Maharashtra,Point(75.713888055 19.75148),,
Q2665454,Fashion,2008-01-01,Madhur Bhandarkar,Mumbai,Point(72.8775 19.075833333),,
Q5015063,C Kkompany,2008-01-01,Sachin Yardi,Mumbai,Point(72.8775 19.075833333),,
Q7637255,Summer 2007,2008-01-01,Sohail Tatari,,,,
Q5239311,Sunday,2008-01-01,Rohit Shetty,,,,
Q5264162,Deshdrohi,2008-01-01,Jagdish A. Sharma,,,,
Q531340,Ghajini,2008-01-01,A. R. Murugadoss,Mumbai,Point(72.8775 19.075833333),,
Q5269088,Dhara,2008-01-01,Masud Mirza,,,,
Q6809263,Mehbooba,2008-01-01,Afzal Khan,Hungary,Point(19.0 47.0),,
Q1585332,Hari Puttar: A Comedy of Terrors,2008-01-01,Lucky Kohli | Rajesh Bajaj,,,,
Q6928445,Mr. Black Mr. White,2008-01-01,Deepak Shivdasani,,,,
Q6935291,Mumbai Meri Jaan,2008-01-01,Nishikant Kamat,Mumbai,Point(72.8775 19.075833333),,
Q7530185,Sirf,2008-01-01,Rajaatesh Nayar,,,,
Q6310862,Jumbo,2008-01-01,Kompin Kemgumnird | Tod Polson,,,,
Q2151097,A Wednesday!,2008-01-01,Neeraj Pandey,Mumbai,Point(72.8775 19.075833333),,
Q12446251,My Name Is Anthony Gonsalves,2008-01-01,Eeshwar Nivas,,,,
Q6815917,Memsahab,2008-01-01,,,,,
Q11101106,Q11101106,2008-01-01,,,,,
Q685694,Bachna Ae Haseeno,2008-01-01,Siddharth Anand,Mumbai,Point(72.8775 19.075833333),Australia | Apulia,Point(133.0 -25.0) | Point(16.512777777 41.008611111)
Q5165644,Contract,2008-01-01,Ram Gopal Varma,Mumbai,Point(72.8775 19.075833333),,
Q7924371,Via Darjeeling,2008-01-01,Arindam Nandy,,,,
Q3473636,Sarkar Raj,2008-01-01,Ram Gopal Varma,Mumbai,Point(72.8775 19.075833333),,
Q6881734,Mithya,2008-01-01,Rajat Kapoor,,,,
Q3437772,Rock On!!,2008-01-01,Abhishek Kapoor,Mumbai,Point(72.8775 19.075833333),,
Q16249053,Humsey Hai Jahaan,2008-01-01,,,,,
Q3473067,Mere Baap Pehle Aap,2008-01-01,Priyadarshan,,,,
Q15128693,Yeh Mera India,2008-01-01,N. Chandra,,,,
Q4751198,Anamika,2008-01-01,Anant Mahadevan,,,,
Q844747,U Me Aur Hum,2008-01-01,Ajay Devgn,,,,
Q7080378,"Oh, My God",2008-01-01,Sourabh Shrivastava,,,,
Q2421682,Thoda Pyaar Thoda Magic,2008-01-01,Kunal Kohli,,,,
Q7959401,Wafa: A Deadly Love Story,2008-01-01,Rakesh Sawant,,,,
Q1546414,Welcome to Sajjanpur,2008-01-01,Shyam Benegal,,,,
Q7093319,One Two Three,2008-01-01,Ashwni Dhir,,,,
Q6403182,Khushboo,2008-01-01,Rajesh Ram Singh,,,,
Q6893637,Mohandas,2008-01-01,Mazhar Kamran,,,,
Q6199466,Jimmy,2008-01-01,Raj N. Sippy,,,,
Q12459080,Q12459080,2008-01-01,,,,,
Q5293197,Don Muthu Swami,2008-01-01,Ashim Samanta,,,,
Q5350255,Ek Vivaah... Aisa Bhi,2008-01-01,Kaushik Ghatak,,,,
Q7675397,Tahaan,2008-01-01,Santosh Sivan,Jammu and Kashmir,Point(76.5 34.0),,
Q5276624,Dil Kabaddi,2008-01-01,Anil Sharma,,,,
Q7877792,Ugly Aur Pagli,2008-01-01,Sachin Kamlakar Khot,,,,
Q11100501,Q11100501,2008-01-01,,,,,
Q3115779,Krazzy 4,2008-01-01,Jaideep Sen,,,,
Q6807677,Meerabai Not Out,2008-01-01,Chandrakant Kulkarni,,,,
Q3141215,Karzzzz,2008-01-01,Satish Kaushik,,,,
Q6933470,Mukhbiir,2008-01-01,Mani Shankar,,,,
Q7563731,Sorry Bhai!,2008-01-01,Onir,Mauritius,Point(57.5 -20.2),,
Q330468,Om Shanti Om,2007-12-26,Farah Khan,India,Point(83.0 22.8),,
Q4018810,Welcome,2007-12-21,Anees Bazmee,Emirate of Dubai,Point(55.311666666 25.264444444),,
Q1043614,Taare Zameen Par,2007-12-21,Ram Madhvani | Amole Gupte | Aamir Khan,Mumbai,Point(72.8775 19.075833333),Mumbai,Point(72.8775 19.075833333)
Q330468,Om Shanti Om,2007-11-09,Farah Khan,India,Point(83.0 22.8),,
Q2880380,Bal Ganesh,2007-10-26,Pankaj Sharma,India,Point(83.0 22.8),,
Q3764588,Bhool Bhulaiyaa,2007-10-12,Priyadarshan,Rajasthan,Point(73.838888888 26.572777777),,
Q4661163,Aag,2007-08-31,Ram Gopal Varma,,,,
Q938401,Heyy Babyy,2007-08-24,Sajid Khan,Sydney,Point(151.21 -33.867777777),,
Q1029548,Chak De! India,2007-08-10,Shimit Amin,Delhi,Point(77.216666666 28.666666666),Australia,Point(133.0 -25.0)
Q6343256,Kaafila,2007-08-10,Amitoj Maan,Afghanistan,Point(66.0 33.0),,
Q4829827,Awarapan,2007-06-29,Mohit Suri,Hong Kong,Point(114.158611111 22.278333333),,
Q553977,Valley of Flowers,2007-05-31,Pan Nalin,,,,
Q5350179,Ek Chalis Ki Last Local,2007-05-18,Sanjay Khanduri,Mumbai,Point(72.8775 19.075833333),,
Q5227827,Raqeeb,2007-05-18,Anurag Singh,,,,
Q4574404,1971,2007-03-09,Amrit Sagar,,,,
Q542698,Eklavya: The Royal Guard,2007-02-16,Vidhu Vinod Chopra,Rajasthan,Point(73.838888888 26.572777777),,
Q517398,Dhoom 2,2007-01-17,Sanjay Gadhvi,Mumbai | Rio de Janeiro | Brazil,Point(-53.0 -14.0) | Point(72.8775 19.075833333) | Point(-43.205555555 -22.911111111),South Africa | Rio de Janeiro,Point(24.0 -29.0) | Point(-43.205555555 -22.911111111)
Q1393668,Guru,2007-01-12,Mani Ratnam,,,Turkey,Point(36.0 39.0)
Q7305145,Red Swastik,2007-01-01,Vinod Pande,,,,
Q7303539,Red: The Dark Side,2007-01-01,Vikram Bhatt,,,,
Q1207520,Dhamaal,2007-01-01,Indra Kumar,,,,
Q1343328,"Gandhi, My Father",2007-01-01,Feroz Abbas Khan,British Raj,Point(88.337777777 22.541111111),,
Q7336228,Risk,2007-01-01,Vishram Sawant,,,,
Q1166355,Darling,2007-01-01,Ram Gopal Varma,,,,
Q114669227,Kaisay Kahein...,2007-01-01,,,,,
Q12433975,Q12433975,2007-01-01,,,,,
Q7832472,Traffic Signal,2007-01-01,Madhur Bhandarkar,Mumbai,Point(72.8775 19.075833333),,
Q6402700,Khoya Khoya Chand,2007-01-01,Sudhir Mishra,,,,
Q576941,Jhoom Barabar Jhoom,2007-01-01,Shaad Ali,London | Paris,Point(-0.1275 51.507222222) | Point(2.352222222 48.856666666),London,Point(-0.1275 51.507222222)
Q5893884,Honeymoon Travels Pvt. Ltd.,2007-01-01,Reema Kagti,Goa,Point(74.043333333 15.401944444),,
Q11183441,Q11183441,2007-01-01,,,,,
Q6963574,Nanhe Jaisalmer,2007-01-01,Samir Karnik,Rajasthan,Point(73.838888888 26.572777777),,
Q11101406,Q11101406,2007-01-01,,,,,
Q6733708,Mahek,2007-01-01,Kranti Kanade,,,,
Q12446251,My Name Is Anthony Gonsalves,2007-01-01,Eeshwar Nivas,,,,
Q7040260,Nishabd,2007-01-01,Ram Gopal Varma,,,,
Q12428701,Q12428701,2007-01-01,,,,,
Q7423995,Sarhad Paar,2007-01-01,Raman Kumar,,,,
Q11109243,Life Mein Kabhie Kabhiee,2007-01-01,Vikram Bhatt,,,,
Q11100779,Q11100779,2007-01-01,Sanjay Leela Bhansali,,,,
Q6751418,Manorama Six Feet Under,2007-01-01,Navdeep Singh,Rajasthan,Point(73.838888888 26.572777777),,
Q7429004,Say Salaam India,2007-01-01,Subhash Kapoor,,,,
Q6109694,Jaane Bhi Do Yaaron,2007-01-01,Sanjay Sharma,,,,
Q6266714,Johnny Gaddaar,2007-01-01,Sriram Raghavan,,,,
Q6123392,Jai Jagannatha,2007-01-01,Sabyasachi Mohapatra,,,,
Q11107196,Chooriyan,2007-01-01,Sukhwant Dhadda,,,,
Q11263752,Q11263752,2007-01-01,,,,,
Q616971,Kya Love Story Hai,2007-01-01,Lovely Singh,,,,
Q7621581,Strangers,2007-01-01,Aanand L. Rai,,,,
Q7233214,Positive,2007-01-01,Farhan Akhtar,,,,
Q12938579,Q12938579,2007-01-01,,,,,
Q940400,Just Married,2007-01-01,Meghna Gulzar,,,Ooty,Point(76.693888888 11.408611111)
Q11101244,Q11101244,2007-01-01,N. Chandra,,,,
Q7503125,Showbiz,2007-01-01,Raju Khan,,,,
Q7653144,Swami,2007-01-01,Ganesh Acharya,,,,
Q6935321,Mumbai Salsa,2007-01-01,Manoj Tyagi,Mumbai,Point(72.8775 19.075833333),,
Q6945505,My Friend Ganesha,2007-01-01,Rajiv S Ruia,,,,
Q11101184,Q11101184,2007-01-01,,,,,
Q8037399,Wounded,2007-01-01,Krishna Mishra,,,,
Q7769892,The Train,2007-01-01,Hasnain Hyderabadwala | Raksha Mistry,,,,
Q7462549,Shakalaka Boom Boom,2007-01-01,Suneel Darshan,,,,
Q6965164,Naqaab,2007-01-01,Abbas Alibhai Burmawalla | Mastan Alibhai Burmawalla,Emirate of Dubai,Point(55.311666666 25.264444444),,
Q11101127,Q11101127,2007-01-01,,,,,
Q93670,Ta Ra Rum Pum,2007-01-01,Siddharth Anand,New York City,Point(-74.006111111 40.712777777),,
Q9158482,Apna Asmaan,2007-01-01,Kaushik Roy,,,,
Q6987859,Nehlle Pe Dehlla,2007-01-01,Ajay Chandhok,,,,
Q11099340,Q11099340,2007-01-01,,,,,
Q1520721,Jab We Met,2007-01-01,Imtiaz Ali,Manali,Point(77.188205 32.244964),,
Q4692181,Aggar,2007-01-01,Anant Mahadevan,,,,
Q2020253,Shootout at Lokhandwala,2007-01-01,Apoorva Lakhia,Mumbai,Point(72.8775 19.075833333),,
Q15605877,Undertrial,2007-01-01,Aziz Khan,,,,
Q300814,"Come, let's dance",2007-01-01,Anil Mehta,,,,
Q4778004,Anwar,2007-01-01,Manish Jha,Uttar Pradesh,Point(80.91 26.85),,
Q4780033,Apne,2007-01-01,Anil Sharma,,,,
Q2308427,Speed,2007-01-01,Vikram Bhatt,England,Point(-1.0 53.0),,
Q2310511,Return of Hanuman,2007-01-01,Anurag Kashyap,India,Point(83.0 22.8),,
Q1714563,Laaga Chunari Mein Daag,2007-01-01,Pradeep Sarkar,Uttar Pradesh,Point(80.91 26.85),,
Q1435966,Fool & Final,2007-01-01,Ahmed Khan,United Arab Emirates,Point(54.3 24.4),,
Q2317377,Cheeni Kum,2007-01-01,R. Balki,London,Point(-0.1275 51.507222222),,
Q5276613,Dil Dosti Etc,2007-01-01,Manish Tiwary,,,,
Q16249358,It's Breaking News,2007-01-01,Vishal Inamdar,,,,
Q4822035,Aur Pappu Paas Ho Gaya,2007-01-01,Shantilal Soni,,,,
Q4642341,68 Pages,2007-01-01,Sridhar Rangayan,,,,
Q16249470,Jahan Jaaeyega Hamen Paaeyega,2007-01-01,Janmendra Ahuja,,,,
Q1964153,Namastey London,2007-01-01,Vipul Amrutlal Shah,London,Point(-0.1275 51.507222222),,
Q3877535,No Smoking,2007-01-01,Anurag Kashyap,,,,
Q5527763,Gauri: The Unborn,2007-01-01,Akku Akbar,,,,
Q5067882,Chain Kulii Ki Main Kulii,2007-01-01,Karanjeet Saluja,,,,
Q16247678,Cocktail: The Deadly Combination,2007-01-01,,,,,
Q5094918,Chhodon Naa Yaar,2007-01-01,Dilip Virender Sood,,,,
Q5582454,"Good Boy, Bad Boy",2007-01-01,Ashwini Chaudhary,,,,
Q5316844,Dus Kahaniyaan,2007-01-01,Apoorva Lakhia | Ronit Roy | Sanjay Gupta,,,,
Q1519075,Saawariya,2007-01-01,Sanjay Leela Bhansali,,,,
Q4927564,Blood Brothers,2007-01-01,Vishal Bhardwaj,,,,
Q5087605,Chath: A Roof Without Walls,2007-01-01,,,,,
Q4984156,Buddha Mar Gaya,2007-01-01,Rahul Rawail,,,,
Q16248626,Go,2007-01-01,Manish Srivastav,,,,
Q5253846,Delhii Heights,2007-01-01,Anand Kumar,Delhi,Point(77.216666666 28.666666666),,
Q16840039,Ghutan,2007-01-01,Shyam Ramsay,,,,
Q1347849,Life in a... Metro,2007-01-01,Anurag Basu,Mumbai,Point(72.8775 19.075833333),,
Q3625848,Mera Pehla Pehla Pyaar,2007-01-01,Robbie Grewal,,,,
Q16255202,Victoria No. 203,2007-01-01,Anant Mahadevan,,,,
Q5231472,Dhol,2007-01-01,Priyadarshan,,,,
Q2213842,Salaam-e-Ishq,2007-01-01,Nikhil Advani,,,London,Point(-0.1275 51.507222222)
Q4940605,Bombay to Goa,2007-01-01,Raj Pendurkar,,,,
Q3089291,Frozen,2007-01-01,Shivajee Chandrabhushan,,,,
Q3661743,Cash,2007-01-01,Anubhav Sinha,,,,
Q16248011,Dhokha,2007-01-01,Pooja Bhatt,,,,
Q5682210,Hattrick,2007-01-01,Milan Luthria,London,Point(-0.1275 51.507222222),,
Q5313583,Dum Kaata,2007-01-01,Amol Palekar,,,,
Q4905238,Big Brother,2007-01-01,Guddu Dhanoa,,,,
Q5269203,Dharm,2007-01-01,Bhavna Talwar,Uttar Pradesh,Point(80.91 26.85),,
Q4661623,Aap Kaa Surroor,2007-01-01,Prashant Chadha,Germany,Point(10.0 51.0),,
Q5438078,Fauj Mein Mauj,2007-01-01,,,,,
Q4901653,Bheja Fry,2007-01-01,Sagar Ballary,,,,
Q5268886,Dhan Dhana Dhan Goal,2007-01-01,Vivek Agnihotri,,,,
Q797444,Baabul,2006-12-08,Ravi Chopra,,,,
Q517398,Dhoom 2,2006-11-30,Sanjay Gadhvi,Mumbai | Rio de Janeiro | Brazil,Point(-53.0 -14.0) | Point(72.8775 19.075833333) | Point(-43.205555555 -22.911111111),South Africa | Rio de Janeiro,Point(24.0 -29.0) | Point(-43.205555555 -22.911111111)
Q517398,Dhoom 2,2006-11-24,Sanjay Gadhvi,Mumbai | Rio de Janeiro | Brazil,Point(-53.0 -14.0) | Point(72.8775 19.075833333) | Point(-43.205555555 -22.911111111),South Africa | Rio de Janeiro,Point(24.0 -29.0) | Point(-43.205555555 -22.911111111)
Q924135,Rang De Basanti,2006-11-20,Rakeysh Omprakash Mehra,Delhi,Point(77.216666666 28.666666666),Delhi,Point(77.216666666 28.666666666)
Q924135,Rang De Basanti,2006-11-11,Rakeysh Omprakash Mehra,Delhi,Point(77.216666666 28.666666666),Delhi,Point(77.216666666 28.666666666)
Q865989,Kabhi Alvida Naa Kehna,2006-10-26,Karan Johar,New York City,Point(-74.006111111 40.712777777),,
Q936421,Jaan-E-Mann,2006-10-20,Shirish Kunder,,,,
Q617395,Water,2006-09-07,Deepa Mehta,India,Point(83.0 22.8),,
Q980677,Lage Raho Munna Bhai,2006-09-01,Rajkumar Hirani,Mumbai,Point(72.8775 19.075833333),,
Q553977,Valley of Flowers,2006-07-15,Pan Nalin,,,,
Q924135,Rang De Basanti,2006-06-29,Rakeysh Omprakash Mehra,Delhi,Point(77.216666666 28.666666666),Delhi,Point(77.216666666 28.666666666)
Q1076823,Krrish,2006-06-23,Rakesh Roshan,Himachal Pradesh,Point(77.172222222 31.103333333),Singapore,Point(103.8 1.3)
Q2209368,Saawan... The Love Season,2006-04-07,Saawan Kumar Tak,,,,
Q4701744,Aksar,2006-02-03,Anant Mahadevan,,,London,Point(-0.1275 51.507222222)
Q7757190,The Pink Mirror,2006-01-14,Sridhar Rangayan,,,,
Q1135349,Mohabbatein,2006-01-03,Aditya Chopra,,,England,Point(-1.0 53.0)
Q2642487,Apna Sapna Money Money,2006-01-01,Sangeeth Sivan,,,,
Q2276148,Shaadi Karke Phas Gaya Yaar,2006-01-01,K. S. Adhiyaman,,,London,Point(-0.1275 51.507222222)
Q6690898,Love Ke Chakkar Mein,2006-01-01,B.H. Tharun Kumar,,,,
Q3417341,Taxi No. 9211,2006-01-01,Milan Luthria,Mumbai,Point(72.8775 19.075833333),,
Q6691799,Love in Japan,2006-01-01,Akram Shaikh,,,,
Q11816211,Phir Hera Pheri,2006-01-01,Neeraj Vora,,,,
Q7688034,Tathastu,2006-01-01,Anubhav Sinha,,,,
Q6441713,Kudiyon Ka Hai Zamana,2006-01-01,Amar Butala,,,,
Q5433024,Family,2006-01-01,Rajkumar Santoshi,,,,
Q5276612,Dil Diya Hai,2006-01-01,Aditya Datt,,,London,Point(-0.1275 51.507222222)
Q6344633,Kachchi Sadak,2006-01-01,Sanjay D. Singh,,,,
Q7638655,Sun Zarra,2006-01-01,Rohit Nayyar,,,,
Q3306437,Mere Jeevan Saathi,2006-01-01,Suneel Darshan,,,,
Q7881100,Umar,2006-01-01,Karan Razdan,,,,
Q5151136,Come December,2006-01-01,Faisal Saif,,,,
Q227520,36 China Town,2006-01-01,Abbas Alibhai Burmawalla | Mastan Alibhai Burmawalla,,,,
Q7903437,Utthaan,2006-01-01,Ujjwal Chatterjee,,,,
Q3281500,Malamaal Weekly,2006-01-01,Priyadarshan,,,,
Q1215405,Umrao Jaan,2006-01-01,J. P. Dutta,Lucknow,Point(80.947 26.847),,
Q7565257,Souten: The Other Woman,2006-01-01,Karan Razdan,,,,
Q3095159,Gangster,2006-01-01,Anurag Basu,South Korea,Point(128.0 36.0),Seoul,Point(126.99 37.56)
Q3115764,I See You,2006-01-01,Vivek Agrawal,,,London,Point(-0.1275 51.507222222)
Q7928191,Vidyaarthi,2006-01-01,,,,,
Q5245580,Deadline: Sirf 24 Ghante,2006-01-01,Jay Dev Banerjee | Tanveer Khan,,,,
Q12416419,Q12416419,2006-01-01,,,,,
Q5172393,Corporate,2006-01-01,Madhur Bhandarkar,,,,
Q7814701,"Tom, Dick, and Harry",2006-01-01,Deepak Tijori,,,,
Q2737200,Omkara,2006-01-01,Vishal Bhardwaj,Uttar Pradesh,Point(80.91 26.85),,
Q5350199,Ek Jind Ek Jaan,2006-01-01,,,,,
Q508365,Chup Chup Ke,2006-01-01,Priyadarshan,,,,
Q6547926,Lilkee,2006-01-01,,Mumbai,Point(72.8775 19.075833333),,
Q657943,Fanaa,2006-01-01,Kunal Kohli,Jammu and Kashmir,Point(76.5 34.0),Delhi,Point(77.216666666 28.666666666)
Q2762671,Bhagam Bhag,2006-01-01,Priyadarshan,,,,
Q27958113,Janani,2006-01-01,Chander H. Bahl,,,,
Q5348945,Eight: The Power of Shani,2006-01-01,Karan Razdan,,,,
Q662436,Don,2006-01-01,Farhan Akhtar,Mumbai | India | Paris,Point(83.0 22.8) | Point(2.352222222 48.856666666) | Point(72.8775 19.075833333),,
Q7499226,Shiva,2006-01-01,Ram Gopal Varma,,,,
Q11274116,Teesri Aankh: The Hidden Camera,2006-01-01,Harry Baweja,,,,
Q3417281,Pyaar Ke Side Effects,2006-01-01,Saket Chaudhary,Mumbai,Point(72.8775 19.075833333),,
Q5070882,Chand Ke Paar Chalo,2006-01-01,,,,,
Q3411174,Shaadi Se Pehle,2006-01-01,Satish Kaushik,,,,
Q250077,Holiday,2006-01-01,Pooja Bhatt,,,,
Q11733137,Kabul Express,2006-01-01,Kabir Khan,Afghanistan,Point(66.0 33.0),,
Q5066008,Chabiwali Pocket Watch,2006-01-01,Vibhu Puri,Delhi,Point(77.216666666 28.666666666),,
Q12434778,Q12434778,2006-01-01,,,,,
Q7715057,The Awakening,2006-01-01,Faruk Kabir,,,,
Q1243571,Dor,2006-01-01,Nagesh Kukunoor,Rajasthan,Point(73.838888888 26.572777777),,
Q11170798,Q11170798,2006-01-01,,,,,
Q11170402,Q11170402,2006-01-01,,,,,
Q11112061,Q11112061,2006-01-01,,,,,
Q6437366,Krishna,2006-01-01,,,,,
Q6377835,Katputtli,2006-01-01,,,,,
Q3417329,Golmaal: Fun Unlimited,2006-01-01,Rohit Shetty,,,,
Q7977710,We R Friends,2006-01-01,,,,,
Q11104558,Aisa Kyon Hota Hai,2006-01-01,Ajay Kanchan,,,,
Q1241836,Pyare Mohan,2006-01-01,Indra Kumar,,,,
Q924135,Rang De Basanti,2006-01-01,Rakeysh Omprakash Mehra,Delhi,Point(77.216666666 28.666666666),Delhi,Point(77.216666666 28.666666666)
Q180353,Chingaari,2006-01-01,Kalpana Lajmi,,,,
Q8072330,Zindaggi Rocks,2006-01-01,Tanuja Chandra,,,,
Q5516758,Gafla,2006-01-01,,,,,
Q17018020,Bhoot Unkle,2006-01-01,Mukesh Saigal,,,,
Q19581483,The Real Dream Girls,2006-01-01,Suresh Jain,,,,
Q16247805,Darwaaza Bandh Rakho,2006-01-01,J. D. Chakravarthy,,,,
Q6192424,Jigyaasa,2006-01-01,Faisal Saif,,,,
Q5520973,Ganga,2006-01-01,Abhishek Chhadha | Abhishek Chadha,,,,
Q83505,Khosla Ka Ghosla,2006-01-01,Dibakar Banerjee,Delhi,Point(77.216666666 28.666666666),,
Q6166059,Jawani Diwani: A Youthful Joyride,2006-01-01,Maneesh Sharma,,,,
Q4802638,Aryan,2006-01-01,Abhishek Kapoor,,,,
Q841742,Zinda,2006-01-01,Sanjay Gupta,,,,
Q4805714,Ashok,2006-01-01,Surender Reddy,,,,
Q16247133,Bhakla,2006-01-01,Dinesh Patel,,,,
Q865989,Kabhi Alvida Naa Kehna,2006-01-01,Karan Johar,New York City,Point(-74.006111111 40.712777777),,
Q19571075,Bipasha: The Black Beauty,2006-01-01,,,,,
Q11101010,Q11101010,2006-01-01,,,,,
Q6036996,Insaaf Ki Jung,2006-01-01,,,,Ooty,Point(76.693888888 11.408611111)
Q5556914,Ghoom,2006-01-01,Saket Chaudhary,,,,
Q6109691,Jaane Hoga Kya,2006-01-01,Glenn | Glen Barretto | Ankush,,,,
Q11100599,Q11100599,2006-01-01,K. C. Bokadia,,,,
Q608567,Naksha,2006-01-01,Sachin Bajaj,,,,
Q6065865,Iqraar by Chance,2006-01-01,K. Ravi Shankar,,,,
Q6883901,Mixed Doubles,2006-01-01,Rajat Kapoor,,,,
Q11099936,Q11099936,2006-01-01,Basu Chatterjee,,,,
Q4772867,Anthony Kaun Hai?,2006-01-01,Raj Kaushal,,,,
Q9137959,Aatma,2006-01-01,Deepak Ramsay,,,,
Q4765949,Ankahee,2006-01-01,Vikram Bhatt,,,,
Q7417065,Sandwich,2006-01-01,Anees Bazmee,,,,
Q4682488,Adharm,2006-01-01,Adeep Singh,,,,
Q20649714,Rosy,2006-01-01,,,,,
Q1637089,Humko Deewana Kar Gaye,2006-01-01,Raj Kanwar,,,,
Q8050263,Yatra,2006-01-01,Goutam Ghose,,,,
Q4695146,Ahista Ahista,2006-01-01,Shivam Nair,Delhi,Point(77.216666666 28.666666666),,
Q675335,Fear is necessary,2006-01-01,Sajid Khan | Ram Gopal Varma,,,,
Q1648332,Vivah,2006-01-01,Sooraj R. Barjatya,Delhi,Point(77.216666666 28.666666666),Delhi,Point(77.216666666 28.666666666)
Q961286,Alag,2006-01-01,Ashu Trikha,,,,
Q12454366,Q12454366,2006-01-01,,,,,
Q7397076,Sacred Evil – A True Story,2006-01-01,Abhigyan Jha,Kolkata,Point(88.37 22.5675),,
Q949348,My Bollywood Bride,2006-01-01,Rajeev Virani,,,,
Q944949,Banaras,2006-01-01,Pankaj Parashar,Uttar Pradesh,Point(80.91 26.85),,
Q9358060,The Killer,2006-01-01,Hasnain Hyderabadwala | Raksha Mistry,,,,
Q4661631,Aap Ki Khatir,2006-01-01,Dharmesh Darshan,,,London,Point(-0.1275 51.507222222)
Q3744708,Fight Club – Members Only,2006-01-01,Vikram Chopra,,,,
Q8061189,Yun Hota Toh Kya Hota,2006-01-01,Naseeruddin Shah,,,,
Q8029077,Woh Lamhe,2006-01-01,Mohit Suri,Mumbai,Point(72.8775 19.075833333),,
Q376531,Bas Ek Pal,2006-01-01,Onir,,,,
Q5940903,Humko Tumse Pyaar Hai,2006-01-01,Raj Kanwar,,,,
Q5953922,Hyderabad Nawabs,2006-01-01,Lakshmikanth Chenna,Hyderabad,Point(78.474722222 17.361666666),,
Q7356055,Rocky – The Rebel,2006-01-01,Suresh Krishna,,,,
Q13564964,Q13564964,2006-01-01,Rajat Kapoor,,,,
Q25302710,The Film,2005-11-25,Zunaid Memon,,,,
Q7862859,"U, Bomsi & Me",2005-10-21,,,,,
Q617395,Water,2005-09-08,Deepa Mehta,India,Point(83.0 22.8),,
Q1784272,Mangal Pandey: The Rising,2005-08-12,Ketan Mehta,Uttar Pradesh,Point(80.91 26.85),,
Q16247509,Chetna: The Excitement,2005-06-24,Partho Ghosh,,,,
Q25204591,99.9 FM,2005-06-17,Sanjay Bhatiya,,,,
Q106819,Veer-Zaara,2005-06-02,Yash Chopra,Punjab,Point(75.466666666 30.766666666),India,Point(83.0 22.8)
Q20900115,Bhagmati,2005-06-01,Ashok Kaul,,,,
Q6735915,Main Aisa Hi Hoon,2005-05-06,Harry Baweja,,,,
Q3349588,Kuch Meetha Ho Jaye,2005-04-15,Samar Khan,,,,
Q1503700,Main Hoon Na,2005-03-03,Farah Khan,,,,
Q623336,Kuch Kuch Hota Hai,2005-02-25,Karan Johar,India,Point(83.0 22.8),Ooty,Point(76.693888888 11.408611111)
Q776808,Kisna: The Warrior Poet,2005-01-21,Subhash Ghai,Indian independence movement,,,
Q15645905,Kal: Yesterday and Tomorrow,2005-01-01,Ruchi Narain,,,,
Q3481140,Shabd,2005-01-01,Leena Yadav,India,Point(83.0 22.8),,
Q3429888,Iqbal,2005-01-01,Nagesh Kukunoor,,,,
Q5207062,D,2005-01-01,Vishram Sawant,Mumbai,Point(72.8775 19.075833333),,
Q737318,Salaam Namaste,2005-01-01,Siddharth Anand,Melbourne,Point(144.963055555 -37.814166666),Melbourne,Point(144.963055555 -37.814166666)
Q4765717,Anjaane,2005-01-01,Harryy W. Fernaandes,,,,
Q7459913,Shaadi No. 1,2005-01-01,David Dhawan,,,,
Q6783196,Mashooka,2005-01-01,Afzal Ahmad,,,,
Q3192282,Kalyug,2005-01-01,Mohit Suri,Zurich,Point(8.541111111 47.374444444),,
Q4662707,Aashiq Banaya Aapne,2005-01-01,Aditya Datt,,,London,Point(-0.1275 51.507222222)
Q5221053,Dansh,2005-01-01,Kanika Verma | Kamika Verma,,,,
Q6983234,Nazar,2005-01-01,Soni Razdan,,,,
Q3721103,Elaan,2005-01-01,Vikram Bhatt,,,,
Q7160840,Pehchaan: The Face of Truth,2005-01-01,Shrabani Deodhar,,,,
Q7123867,Padmashree Laloo Prasad Yadav,2005-01-01,Mahesh Manjrekar,,,,
Q3571306,Yahaan,2005-01-01,Shoojit Sircar,Jammu and Kashmir,Point(76.5 34.0),,
Q7525005,Sins,2005-01-01,Vinod Pande,,,,
Q3141206,Maine Gandhi Ko Nahin Mara,2005-01-01,Jahnu Barua,,,,
Q3631066,Ek Ajnabee,2005-01-01,Apoorva Lakhia,Thailand,Point(101.0 14.0),Bangkok,Point(100.516666666 13.75)
Q12418576,Q12418576,2005-01-01,,,,,
Q3571356,Yakeen,2005-01-01,Girish Dhamija,,,,
Q4881290,Being Cyrus,2005-01-01,Homi Adajania,Mumbai,Point(72.8775 19.075833333),,
Q3427552,Dil Jo Bhi Kahey...,2005-01-01,Romesh Sharma,Mauritius,Point(57.5 -20.2),,
Q5089617,Chehraa,2005-01-01,Saurabh Shukla,,,,
Q515416,Black,2005-01-01,Sanjay Leela Bhansali,,,,
Q7267082,Qatal-E-Aam,2005-01-01,Sanjay Sharma,,,Ooty,Point(76.693888888 11.408611111)
Q4838875,Bachke Rehna Re Baba,2005-01-01,Govind Vasantha,,,,
Q6929445,Mr Prime Minister,2005-01-01,Dev Anand,,,,
Q6929482,Mr Ya Miss,2005-01-01,Antara Mali,,,,
Q4923133,Blackmail,2005-01-01,Anil Devgan,Mumbai,Point(72.8775 19.075833333),,
Q7262833,Pyaar Mein Twist,2005-01-01,Hriday Shetty,,,,
Q7284447,Rain: The Terror Within...,2005-01-01,Amol Shetge,,,,
Q5128134,Classic Dance of Love,2005-01-01,Babbar Subhash,,,,
Q6935280,Mumbai Xpress,2005-01-01,Singeetam Srinivasa Rao,Mumbai,Point(72.8775 19.075833333),,
Q6935283,Mumbai Godfather,2005-01-01,Deepak Balraj Vij,,,,
Q5004029,Bye Bye Miss Goodnight,2005-01-01,Karan Kandhari,,,,
Q3337564,Neal 'n' Nikki,2005-01-01,Arjun Sablok,Canada,Point(-109.0 56.0),,
Q5070887,Chand Sa Roshan Chehra,2005-01-01,Shahab Shamsi,,,,
Q114664344,Sitam,2005-01-01,,,,,
Q7317744,Revati,2005-01-01,Farogh Siddique,,,,
Q4644236,7½ Phere,2005-01-01,Ishaan Trivedi,,,,
Q5065966,Chaahat – Ek Nasha,2005-01-01,Jayprakkash Shaw,,,,
Q717788,Sarkar,2005-01-01,Ram Gopal Varma,Mumbai,Point(72.8775 19.075833333),,
Q3331287,My Wife's Murder,2005-01-01,Jijy Philip,,,,
Q3869964,Naina,2005-01-01,Shripal Morakhia,,,London,Point(-0.1275 51.507222222)
Q1553584,Kaal,2005-01-01,Soham Shah,,,,
Q984161,Deewane Huye Paagal,2005-01-01,Vikram Bhatt,Emirate of Dubai,Point(55.311666666 25.264444444),,
Q12418893,Q12418893,2005-01-01,,,,,
Q3127089,Hanuman,2005-01-01,Milind Ukey | V.G. Samant,India,Point(83.0 22.8),,
Q19581719,Saathi: The Companion,2005-01-01,Faaiz Anwar,,,,
Q12457760,Q12457760,2005-01-01,Kirti Kumar,,,,
Q8068528,Zeher,2005-01-01,Mohit Suri,,,,
Q8065785,Zameer: The Fire Within,2005-01-01,Kamal,Kolkata,Point(88.37 22.5675),,
Q11104558,Aisa Kyon Hota Hai,2005-01-01,Ajay Kanchan,,,,
Q6204157,Jo Bole So Nihaal,2005-01-01,Rahul Rawail,United States,Point(-98.5795 39.828175),,
Q12453782,Q12453782,2005-01-01,,,,,
Q2021361,Dosti: Friends Forever,2005-01-01,Suneel Darshan,,,,
Q2036518,Parineeta,2005-01-01,Pradeep Sarkar,Kolkata,Point(88.37 22.5675),,
Q12450642,Rog,2005-01-01,Himanshu Brahmbhatt,,,,
Q19572960,Mazaa Mazaa,2005-01-01,T. L. V. Prasad,,,,
Q12449624,Ramji Londonwaley,2005-01-01,Sanjay Dayma,,,London,Point(-0.1275 51.507222222)
Q16254138,Sheesha,2005-01-01,Ashu Trikha,,,,
Q12447679,"Main, Meri Patni Aur Woh",2005-01-01,Chandan Arora,,,,
Q631463,No Entry,2005-01-01,Anees Bazmee,,,,
Q6315302,Jurm,2005-01-01,Vikram Bhatt,,,,
Q788520,Paheli,2005-01-01,Amol Palekar,Rajasthan,Point(73.838888888 26.572777777),,
Q2278794,Shikhar,2005-01-01,John Matthew Matthan,,,,
Q6343377,Kaalpurush,2005-01-01,Buddhadeb Dasgupta,Kolkata,Point(88.37 22.5675),,
Q5434919,Fareb,2005-01-01,Deepak Tijori,,,,
Q832677,Kyon Ki,2005-01-01,Priyadarshan,,,,
Q6128001,James,2005-01-01,Rohit Jugraj Chauhan,,,,
Q2401311,Vaada,2005-01-01,Satish Kaushik,,,,
Q6037050,Insan,2005-01-01,K. Subash,India,Point(83.0 22.8),,
Q13564796,Dus,2005-01-01,Anubhav Sinha,Canada,Point(-109.0 56.0),,
Q592915,Chocolate,2005-01-01,Vivek Agnihotri,,,London,Point(-0.1275 51.507222222)
Q1423873,Maine Pyaar Kyun Kiya?,2005-01-01,David Dhawan,,,,
Q12929084,Q12929084,2005-01-01,Soni Razdan,,,,
Q897477,Page 3,2005-01-01,Madhur Bhandarkar,Mumbai,Point(72.8775 19.075833333),,
Q886137,Bluffmaster!,2005-01-01,Rohan Sippy,Mumbai,Point(72.8775 19.075833333),,
Q1487322,Lucky: No Time for Love,2005-01-01,Radhika Rao,,,,
Q1493882,Garam Masala,2005-01-01,Priyadarshan,,,,
Q1747959,Vaah! Life Ho Toh Aisi!,2005-01-01,Mahesh Manjrekar,,,,
Q56063747,Naam Gum Jaayega,2005-01-01,Amol Shetge,,,,
Q19572444,Khamoshh... Khauff Ki Raat,2005-01-01,Deepak Tijori,,,,
Q11098726,Sehar,2005-01-01,Kabeer Kaushik,Uttar Pradesh,Point(80.91 26.85),,
Q11099913,Hum Tum Aur Mom,2005-01-01,Ashok Nanda,,,,
Q12460932,Q12460932,2005-01-01,,,,,
Q18345936,Missed Call,2005-01-01,Vinay Subramanian | Mridul Toolsidas,,,,
Q12459641,Q12459641,2005-01-01,,,,,
Q852075,Bewafaa,2005-01-01,Dharmesh Darshan,Canada,Point(-109.0 56.0),,
Q852001,Bunty Aur Babli,2005-01-01,Shaad Ali,Uttar Pradesh,Point(80.91 26.85),Agra,Point(78.02 27.18)
Q19572143,Hum Dum,2005-01-01,Kushan Nandy,,,,
Q19572394,Karkash,2005-01-01,Kamal Sadanah,,,,
Q6368233,Karam,2005-01-01,Sanjay F. Gupta,,,,
Q5508641,Fun - Can Be Dangerous Sometimes,2005-01-01,,,,,
Q5284662,Divorce: Not Between Husband and Wife,2005-01-01,M J Ramanan,,,,
Q2548930,Waqt: The Race Against Time,2005-01-01,Vipul Amrutlal Shah,,,,
Q6426181,Koi Aap Sa,2005-01-01,Partho Mitra,,,,
Q7708611,Tezaab – The Acid of Love,2005-01-01,,,,,
Q7718856,The Blue Umbrella,2005-01-01,Vishal Bhardwaj,,,,
Q2858106,Apaharan,2005-01-01,Prakash Jha,Bihar,Point(85.13 25.37),,
Q2885834,Barsaat,2005-01-01,Suneel Darshan,United States,Point(-98.5795 39.828175),,
Q5299687,Double Cross,2005-01-01,,,,,
Q776681,Home Delivery,2005-01-01,Sujoy Ghosh,,,,
Q7683095,Tango Charlie,2005-01-01,Mani Shankar,Jammu and Kashmir,Point(76.5 34.0),,
Q7676716,Taj Mahal: An Eternal Love Story,2005-01-01,Akbar Khan,,,,
Q16248377,Film Star,2005-01-01,Tanuja Chandra,,,,
Q30646658,Bullet: Ek Dhamaka,2005-01-01,,,,,
Q6450626,Kyaa Kool Hai Hum,2005-01-01,Sangeeth Sivan,,,,
Q7713811,The Angrez,2005-01-01,Kuntaa Nikkil,Hyderabad,Point(78.474722222 17.361666666),,
Q5266439,Devaki,2005-01-01,Bappaditya Bandopadhyay,,,,
Q6402913,Khullam Khulla Pyaar Karen,2005-01-01,Harmesh Malhotra,,,,
Q7586649,Ssukh,2005-01-01,Kirti Kumar,,,,
Q5350204,Ek Khiladi Ek Haseena,2005-01-01,Suparn Verma,,,,
Q24038233,Ho Sakta Hai,2005-01-01,,,,,
Q6373971,Kasak,2005-01-01,Rajiv Babbar,,,,
Q12419726,Kisse Pyaar Karoon,2005-01-01,Ajay Chandhok,,,,
Q11109327,Q11109327,2005-01-01,,,,,
Q2528045,Viruddh... Family Comes First,2005-01-01,Mahesh Manjrekar,,,,
Q7550355,Socha Na Tha,2005-01-01,Imtiaz Ali,,,,
Q3115782,Silsiilay,2005-01-01,Khalid Mohamed,,,,
Q778929,The Mistress of Spices,2005-01-01,Paul Mayeda Berges,San Francisco,Point(-122.419444444 37.775),Isle of Man,Point(-4.525 54.235)
Q3100928,My Brother… Nikhil,2005-01-01,Onir,Goa,Point(74.043333333 15.401944444),,
Q11270789,Q11270789,2005-01-01,,,,,
Q6426187,Koi Mere Dil Mein Hai,2005-01-01,Deepak Ramsay,,,,
Q16250827,Loknayak,2004-12-06,Prakash Jha,Bihar,Point(85.13 25.37),,
Q446100,Hulchul,2004-11-26,Priyadarshan,,,,
Q106819,Veer-Zaara,2004-11-12,Yash Chopra,Punjab,Point(75.466666666 30.766666666),India,Point(83.0 22.8)
Q6998619,Netaji Subhas Chandra Bose: The Forgotten Hero,2004-11-03,Shyam Benegal,Indian independence movement,,,
Q11713332,Inteqam: The Perfect Game,2004-11-01,Pankaj Parashar,,,,
Q7907843,Vaastu Shastra,2004-10-22,Saurab Narang,,,,
Q431609,Dhoom,2004-10-01,Sanjay Gadhvi,Mumbai,Point(72.8775 19.075833333),,
Q30647276,Mysteries Shaque,2004-10-01,,,,,
Q7688641,Tauba Tauba,2004-10-01,T. L. V. Prasad,,,,
Q431609,Dhoom,2004-09-15,Sanjay Gadhvi,Mumbai,Point(72.8775 19.075833333),,
Q431609,Dhoom,2004-09-10,Sanjay Gadhvi,Mumbai,Point(72.8775 19.075833333),,
Q431609,Dhoom,2004-08-27,Sanjay Gadhvi,Mumbai,Point(72.8775 19.075833333),,
Q507490,Kal Ho Naa Ho,2004-07-08,Nikhil Advani,India,Point(83.0 22.8),Mumbai,Point(72.8775 19.075833333)
Q1058539,Lakshya,2004-06-18,Farhan Akhtar,Jammu and Kashmir,Point(76.5 34.0),,
Q11056517,Dev,2004-06-11,Govind Nihalani,,,,
Q1033304,Hum Tum,2004-05-28,Kunal Kohli,,,,
Q621690,Black Friday,2004-05-20,Anurag Kashyap,Mumbai | India | Delhi,Point(83.0 22.8) | Point(77.216666666 28.666666666) | Point(72.8775 19.075833333),,
Q1503700,Main Hoon Na,2004-04-30,Farah Khan,,,,
Q6437398,Krishna Cottage,2004-04-16,Santram Varma,,,,
Q1411281,Masti,2004-04-09,Indra Kumar,,,,
Q16252737,Paisa Vasool,2004-01-27,Srinivas Bhashyam,,,,
Q915938,Shart: The Challenge,2004-01-01,Puri Jagannadh,,,,
Q11184512,Q11184512,2004-01-01,,,,,
Q3413700,Aitraaz,2004-01-01,Abbas Alibhai Burmawalla | Mastan Alibhai Burmawalla,,,South Africa,Point(24.0 -29.0)
Q1694230,Yeh Lamhe Judaai Ke,2004-01-01,Birendra Nath Tiwari,,,,
Q3453198,Run,2004-01-01,Jeeva,Delhi,Point(77.216666666 28.666666666),,
Q4661072,Aabra Ka Daabra,2004-01-01,Dheeraj Kumar,,,,
Q8029079,Woh Tera Naam Tha,2004-01-01,Kuku Kohli,,,,
Q4661518,Aan: Men at Work,2004-01-01,Madhur Bhandarkar,,,,
Q16850074,Ishq Hai Tumse,2004-01-01,Krishna Ghattamaneni,,,,
Q9285870,Hanan,2004-01-01,Makarand Deshpande,,,,
Q9286771,Hava Aney Dey,2004-01-01,Partho Sen-Gupta,Mumbai,Point(72.8775 19.075833333),,
Q740133,Asambhav,2004-01-01,Rajiv Rai,,,,
Q7459908,Shaadi Ka Laddoo,2004-01-01,Raj Kaushal,,,,
Q957308,Dil Maange More,2004-01-01,Anant Mahadevan,,,,
Q96089930,AK-47,2004-01-01,Raam Shetty,,,,
Q7852701,Tumsa Nahin Dekha – A Love Story,2004-01-01,Anurag Basu,,,,
Q4663083,Ab Tak Chhappan,2004-01-01,Shimit Amin,,,,
Q4663084,Ab Tumhare Hawale Watan Saathiyo,2004-01-01,Anil Sharma,,,,
Q232032,Will You Marry Me?,2004-01-01,David Dhawan,,,,
Q106819,Veer-Zaara,2004-01-01,Yash Chopra,Punjab,Point(75.466666666 30.766666666),India,Point(83.0 22.8)
Q7209457,Police Force: An Inside Story,2004-01-01,Dilip Shukla,,,,
Q7492363,Sheen,2004-01-01,Ashoke Pandit,Jammu and Kashmir,Point(76.5 34.0),,
Q4368256,Girlfriend,2004-01-01,Karan Razdan,,,,
Q4693257,Agnipankh,2004-01-01,Sanjeev Puri,,,,
Q3929724,Rakht,2004-01-01,Mahesh Manjrekar,India,Point(83.0 22.8),,
Q381893,Trust,2004-01-01,Vikram Bhatt,,,,
Q3427443,Taarzan: The Wonder Car,2004-01-01,Abbas Alibhai Burmawalla | Mastan Alibhai Burmawalla,,,,
Q7359955,Rok Sako To Rok Lo,2004-01-01,Arindam Chaudhuri,,,,
Q378921,Raincoat,2004-01-01,Rituparno Ghosh,Bhagalpur | Kolkata,Point(87.016666666 25.25) | Point(86.971944444 25.244444444) | Point(88.37 22.5675),,
Q7504852,Shukriya: Till Death Do Us Apart,2004-01-01,Anupam Sinha,,,,
Q7640948,Suno Sasurjee,2004-01-01,Vimal Kumar,,,,
Q7786608,Thoda Tum Badlo Thoda Hum,2004-01-01,Esmayeel Shroff,,,,
Q20551918,Q20551918,2004-01-01,Sunil Agnihotri,,,,
Q30646821,"Chot- Aj Isko, Kal Tereko",2004-01-01,,,,,
Q7496528,Shikaar,2004-01-01,Darshan Bagga,,,,
Q1094828,Yuva,2004-01-01,Mani Ratnam,Kolkata,Point(88.37 22.5675),,
Q3328063,Murder,2004-01-01,Anurag Basu,,,,
Q446129,Naach,2004-01-01,Ram Gopal Varma,,,,
Q4514940,Garv,2004-01-01,Puneet Issar,,,,
Q7229126,Popcorn Khao! Mast Ho Jao,2004-01-01,Kabir Sadanand,,,,
Q1759650,Swades,2004-01-01,Ashutosh Gowariker,Delhi,Point(77.216666666 28.666666666),,
Q2056955,Khakee,2004-01-01,Rajkumar Santoshi,Maharashtra,Point(75.713888055 19.75148),,
Q114664343,Stop!,2004-01-01,,,,,
Q11108564,Q11108564,2004-01-01,Makarand Deshpande,,,,
Q7200865,Plan,2004-01-01,Hriday Shetty,,,,
Q5073946,Charas,2004-01-01,Tigmanshu Dhulia,India,Point(83.0 22.8),,
Q640337,The One Who My Heart Calls Mine,2004-01-01,Atul Agnihotri,,,,
Q1432480,Phir Milenge,2004-01-01,Revathi,,,,
Q6940069,Musafir,2004-01-01,Sanjay Gupta,,,,
Q6416784,Kismat,2004-01-01,Guddu Dhanoa,,,,
Q6036975,Insaaf: The Justice,2004-01-01,Shrey Srivastava,,,,
Q6416359,Kis Kis Ki Kismat,2004-01-01,Govind Vasantha,,,,
Q603679,Hawas,2004-01-01,Karan Razdan,Emirate of Dubai,Point(55.311666666 25.264444444),,
Q12453598,Q12453598,2004-01-01,,,,,
Q12452531,Q12452531,2004-01-01,,,,,
Q6412208,King of Bollywood,2004-01-01,Piyush Jha,,,,
Q629745,Ek Hasina Thi,2004-01-01,Sriram Raghavan,,,,
Q6307984,Julie,2004-01-01,Deepak Shivdasani,,,,
Q5286516,Dobara,2004-01-01,Shashi Ranjan,,,,
Q6819146,Meri Biwi Ka Jawaab Nahin,2004-01-01,Pankaj Parashar,,,,
Q6380347,Kaya Taran,2004-01-01,Sashi Kumar,,,,
Q5978742,I – Proud to Be an Indian,2004-01-01,Puneet Sira,,,London,Point(-0.1275 51.507222222)
Q6378789,Kaun Hai Jo Sapno Mein Aaya,2004-01-01,Rajesh Bhatt,,,,
Q5350243,Ek Se Badhkar Ek,2004-01-01,Kundan Shah,,,,
Q12436851,Q12436851,2004-01-01,,,,,
Q1517341,Kyun! Ho Gaya Na...,2004-01-01,Samir Karnik,,,,
Q1312427,Fida,2004-01-01,Ken Ghosh,,,,
Q15632400,Tum – A Dangerous Obsession,2004-01-01,Aruna Raje,India,Point(83.0 22.8),,
Q12438400,Q12438400,2004-01-01,,,,,
Q6942732,Muskaan,2004-01-01,Rohit Krishnakant Nayyar | Manish Robin | Manish Sharma | Rohit Manash,,,,
Q58411538,Bhola in Bollywood,2004-01-01,,,,,
Q12432713,Q12432713,2004-01-01,,,,,
Q4907837,Rudraksh,2004-01-01,Mani Shankar,,,,
Q1182526,Deewaar,2004-01-01,Milan Luthria,,,,
Q6478703,Lakeer – Forbidden Lines,2004-01-01,Ahmed Khan,,,,
Q6109550,Jaago,2004-01-01,Mehul Kumar,,,,
Q6691810,Love in Nepal,2004-01-01,Rajat Mukherjee,Nepal,Point(84.0 28.0),,
Q5936531,Hum Kaun Hai?,2004-01-01,Ravi,,,,
Q4950611,Bow Barracks Forever,2004-01-01,Anjan Dutt,Kolkata,Point(88.37 22.5675),,
Q12419355,Q12419355,2004-01-01,,,,,
Q12419904,Q12419904,2004-01-01,,,,,
Q6727378,Madhoshi,2004-01-01,Tanveer Khan,,,,
Q1503700,Main Hoon Na,2004-01-01,Farah Khan,,,,
Q15982471,Meenaxi: A Tale of Three Cities,2004-01-01,M. F. Husain,,,Czech Republic,Point(15.0 50.0)
Q5528697,Gayab,2004-01-01,Prawaal Raman,,,,
Q5682247,Hatya,2004-01-01,Kader Kashmiri,,,,
Q12459170,Q12459170,2004-01-01,,,,,
Q5276605,Dil Bechara Pyaar Ka Maara,2004-01-01,Onkar Nath Mishra,,,,
Q5953857,Hyderabad Blues 2,2004-01-01,Nagesh Kukunoor,Hyderabad,Point(78.474722222 17.361666666),,
Q12942303,Q12942303,2004-01-01,,,,,
Q4860068,Bardaasht,2004-01-01,Eeshwar Nivas,,,,
Q1060820,Chameli,2003-12-31,Anant Balani | Sudhir Mishra,Mumbai,Point(72.8775 19.075833333),,
Q4661542,Aanch,2003-11-28,Rajesh Ram Singh,,,,
Q8051189,Yeh Hai Chakkad Bakkad Bumbe Bo,2003-11-17,Sridhar Rangayan,India,Point(83.0 22.8),,
Q7195916,Pinjar,2003-10-24,Chandraprakash Dwivedi,Punjab,Point(75.466666666 30.766666666),,
Q3124318,Baghban,2003-10-02,Ravi Chopra,,,London,Point(-0.1275 51.507222222)
Q7757190,The Pink Mirror,2003-09-14,Sridhar Rangayan,,,,
Q6214747,Joggers' Park,2003-09-12,Anant Balani,Mumbai,Point(72.8775 19.075833333),,
Q30612707,2 October,2003-09-05,,,,,
Q5521011,Gangaajal,2003-08-29,Prakash Jha,Bihar,Point(85.13 25.37),,
Q1109255,Tere Naam,2003-08-15,Satish Kaushik,,,,
Q1094839,Koi... Mil Gaya,2003-08-08,Rakesh Roshan,Himachal Pradesh,Point(77.172222222 31.103333333),Uttarakhand,Point(78.953888888 30.511111111)
Q1060293,Chalte Chalte,2003-06-25,Aziz Mirza,Greece,Point(23.0 38.5),,
Q4753466,Andaaz,2003-05-23,Raj Kanwar,,,,
Q1673902,Ishq Vishk,2003-05-09,Ken Ghosh,,,,
Q466443,Sometimes Happiness Sometimes Sadness...,2003-04-10,Karan Johar,London | India,Point(83.0 22.8) | Point(-0.1275 51.507222222),,
Q25218382,Satta,2003-02-07,Madhur Bhandarkar,,,,
Q542866,Maqbool,2003-01-30,Vishal Bhardwaj,Mumbai,Point(72.8775 19.075833333),,
Q106718010,Ayurveda - Art of Being,2003-01-09,Pan Nalin,,,,
Q12432234,Q12432234,2003-01-01,Nagesh Kukunoor,,,,
Q7641909,Supari,2003-01-01,Padam Kumar,Mumbai,Point(72.8775 19.075833333),,
Q16248857,Hawayein,2003-01-01,Amitoj Maan,Delhi,Point(77.216666666 28.666666666),,
Q12459117,Stumped,2003-01-01,Gaurav Pandey,,,,
Q2964510,Chori Chori,2003-01-01,Milan Luthria,,,,
Q5508643,Fun2shh... Dudes in the 10th Century,2003-01-01,Imtiaz Punjabi,,,,
Q6348344,Kaise Kahoon Ke... Pyaar Hai,2003-01-01,Anil Kumar Sharma,,,,
Q5602404,Green Card Fever,2003-01-01,Bala Rajasekharuni,,,,
Q7678753,Talaash: The Hunt Begins...,2003-01-01,Suneel Darshan,,,,
Q6441368,Kucch To Hai,2003-01-01,Anurag Basu,,,,
Q5276634,Dil Pardesi Ho Gayaa,2003-01-01,Saawan Kumar Tak,,,,
Q2877657,Baaz: A Bird in Danger,2003-01-01,Tinu Verma,,,,
Q12454971,Q12454971,2003-01-01,,,,,
Q16953988,Mudda – The Issue,2003-01-01,Saurabh Shukla,,,,
Q12458633,Q12458633,2003-01-01,,,,,
Q3092332,Maatrabhoomi,2003-01-01,Manish Jha,India,Point(83.0 22.8),,
Q5269886,Dhund,2003-01-01,Shyam Ramsay,,,,
Q7089329,Om,2003-01-01,Ashok Honda,,,,
Q6150816,Janasheen,2003-01-01,Feroz Khan,,,,
Q12428517,Q12428517,2003-01-01,,,,,
Q1089690,Chura Liyaa Hai Tumne,2003-01-01,Sangeeth Sivan,,,,
Q6124337,Jajantaram Mamantaram,2003-01-01,Soumitra Ranade,,,,
Q18740649,Zinda Dil,2003-01-01,,,,,
Q6109601,Jaal: The Trap,2003-01-01,Guddu Dhanoa,,,New Zealand,Point(174.0 -41.2)
Q5224087,Darna Mana Hai,2003-01-01,Prawaal Raman,,,,
Q18740624,Oops!,2003-01-01,Deepak Tijori,,,,
Q55634590,Tada,2003-01-01,,,,,
Q3327763,Mumbai Se Aaya Mera Dost,2003-01-01,Apoorva Lakhia,,,,
Q1257043,3 Deewarein,2003-01-01,Nagesh Kukunoor,,,,
Q3413666,Jhankaar Beats,2003-01-01,Sujoy Ghosh,,,,
Q507490,Kal Ho Naa Ho,2003-01-01,Nikhil Advani,India,Point(83.0 22.8),Mumbai,Point(72.8775 19.075833333)
Q6043379,Inteha,2003-01-01,Vikram Bhatt,,,,
Q2009584,LOC Kargil,2003-01-01,J. P. Dutta,Jammu and Kashmir,Point(76.5 34.0),,
Q12454354,Q12454354,2003-01-01,,,,,
Q746388,Main Prem Ki Diwani Hoon,2003-01-01,Sooraj R. Barjatya,,,,
Q11169597,Q11169597,2003-01-01,Amol Palekar,,,,
Q11169363,Aman Ke Farishtey,2003-01-01,Kader Kashmiri,Mumbai,Point(72.8775 19.075833333),,
Q7960345,Waisa Bhi Hota Hai Part II,2003-01-01,Shashanka Ghosh,,,,
Q25213055,The Bypass,2003-01-01,Amit Kumar,,,,
Q6374172,Kash Aap Hamare Hote,2003-01-01,Ravindra Peepat,Vancouver,Point(-123.113888888 49.260833333),Vancouver,Point(-123.113888888 49.260833333)
Q11108875,Q11108875,2003-01-01,,,,,
Q1740708,Khushi,2003-01-01,S. J. Surya,,,,
Q2069934,Bhoot,2003-01-01,Ram Gopal Varma,,,,
Q2400420,Tehzeeb,2003-01-01,Khalid Mohamed,,,,
Q7851794,Tujhe Meri Kasam,2003-01-01,K. Vijaya Bhaskar,,,,
Q5494284,Freaky Chakra,2003-01-01,V. K. Prakash,,,,
Q5466538,Footpath,2003-01-01,Vikram Bhatt,Mumbai,Point(72.8775 19.075833333),,
Q5397044,Escape from Taliban,2003-01-01,Ujjwal Chatterjee,,,,
Q12440422,Q12440422,2003-01-01,Girja Shankar,,,,
Q11104993,Sssshhh...,2003-01-01,Pavan Kaul,,,,
Q11170714,Ek Hindustani,2003-01-01,Tinnu Anand,,,,
Q2015275,Armaan,2003-01-01,Honey Irani,,,,
Q5350171,Ek Aur Ek Gyarah,2003-01-01,David Dhawan,,,,
Q6019881,Indian Babu,2003-01-01,Lawrence D'Souza,,,,
Q6403403,Khwahish,2003-01-01,Shah Rukh Khan,,,,
Q262778,Munna Bhai M.B.B.S.,2003-01-01,Rajkumar Hirani,Mumbai,Point(72.8775 19.075833333),,
Q8043400,Xcuse Me,2003-01-01,N. Chandra,,,,
Q2599971,Yeh Dil,2003-01-01,Teja,,,,
Q5350169,Ek Alag Mausam,2003-01-01,K.P. Sasi,,,,
Q11274096,Chupke Se,2003-01-01,,,,,
Q20649918,Kagaar: Life on the Edge,2003-01-01,N. Chandra,,,,
Q6401237,Khel – No Ordinary Game,2003-01-01,Yusuf Khan,,,,
Q11270530,Jodi Kya Banayi Wah Wah Ramji,2003-01-01,,,,,
Q1288055,Paap,2003-01-01,Pooja Bhatt,Himachal Pradesh,Point(77.172222222 31.103333333),,
Q5350187,Ek Din 24 Ghante,2003-01-01,Anant Balani,,,,
Q12434631,Dhoop,2003-01-01,Ashwini Chaudhary,,,,
Q11170790,Q11170790,2003-01-01,,,,,
Q2411930,The Hero: Love Story of a Spy,2003-01-01,Anil Sharma,Canada,Point(-109.0 56.0),,
Q5942676,Hungama,2003-01-01,Priyadarshan,,,,
Q5065970,Chaalbaaz,2003-01-01,,,,Ooty,Point(76.693888888 11.408611111)
Q7333513,"Right Here, Right Now",2003-01-01,Anand Gandhi,,,,
Q4661283,Aaj Ka Andha Kanoon,2003-01-01,,,,,
Q6770655,Market,2003-01-01,Jayprakkash Shaw,,,,
Q38805257,Tumse Milke Wrong Number,2003-01-01,,,,,
Q583136,Dum,2003-01-01,Eeshwar Nivas,,,,
Q4943386,Boom,2003-01-01,Kaizad Gustad,Emirate of Dubai,Point(55.311666666 25.264444444),,
Q6935289,Mumbai Matinee,2003-01-01,Anant Balani,,,,
Q4271817,Love at Times Square,2003-01-01,Dev Anand,United States,Point(-98.5795 39.828175),,
Q1366321,Kuch Naa Kaho,2003-01-01,Rohan Sippy,,,,
Q45987,Main Madhuri Dixit Banna Chahti Hoon,2003-01-01,Chandan Arora,,,,
Q7238285,Pran Jaye Par Shaan Na Jaye,2003-01-01,Sanjay Jha,Mumbai,Point(72.8775 19.075833333),,
Q7395756,Saaya,2003-01-01,Anurag Basu,,,,
Q4468079,Jism,2003-01-01,Amit Saxena,,,,
Q5684147,Hawa,2003-01-01,Guddu Dhanoa,,,,
Q7408920,Samay: When Time Strikes,2003-01-01,Robbie Grewal,,,,
Q7262827,Pyaar Kiya Nahin Jaatha,2003-01-01,Mahesh Manjrekar,,,,
Q4868262,Basti,2003-01-01,,,,,
Q7285414,Raja Bhaiya,2003-01-01,Raman Kumar,,,,
Q3574720,Zameen,2003-01-01,Rohit Shetty,,,,
Q7267211,Qayamat: City Under Threat,2003-01-01,Harry Baweja,,,,
Q7282989,Raghu Romeo,2003-01-01,Rajat Kapoor,,,,
Q442678,Relationship of the heart,2003-01-01,Naresh Malhotra,,,,
Q4944573,Border Hindustan Ka,2003-01-01,Yogesh Bharadwaj,,,,
Q4645054,88 Antop Hill,2003-01-01,Kushan Nandy,,,,
Q7379002,Rules: Pyaar Ka Superhit Formula,2003-01-01,Parvati Balagopalan,,,,
Q6983130,Nayee Padosan,2003-01-01,B.H. Tharun Kumar,,,,
Q5018940,Calcutta Mail,2003-01-01,Sudhir Mishra,Kolkata,Point(88.37 22.5675),,
Q7111521,Out of Control,2003-01-01,Apurva Asrani,United States,Point(-98.5795 39.828175),,
Q3427394,Haasil,2003-01-01,Tigmanshu Dhulia,Uttar Pradesh,Point(80.91 26.85),,
Q7121434,Paanch,2003-01-01,Anurag Kashyap,Maharashtra,Point(75.713888055 19.75148),,
Q4747085,Amma,2003-01-01,Sunil Batta,,,,
Q4661636,Aapko Pehle Bhi Kahin Dekha Hai,2003-01-01,Anubhav Sinha,Canada,Point(-109.0 56.0),,
Q7141391,Parwana,2003-01-01,Deepak Bahry,Jammu and Kashmir,Point(76.5 34.0),,
Q5687523,Hazaaron Khwaishein Aisi,2003-01-01,Sudhir Mishra,Delhi,Point(77.216666666 28.666666666),,
Q1060164,Chalo Ishq Ladaaye,2002-12-27,Aziz Sejawal,,,,
Q4768014,Annarth,2002-11-01,Ravi Dewan,,,,
Q12433805,Q12433805,2002-10-25,,,,,
Q16251452,Marshal,2002-09-13,Manish R. Khandelwal,,,Ooty,Point(76.693888888 11.408611111)
Q20814669,Nishad,2002-09-01,Shaji N. Karun,,,,
Q48731207,Border Kashmir,2002-07-19,,Jammu and Kashmir,Point(76.5 34.0),,
Q6818889,Mere Yaar Ki Shaadi Hai,2002-06-07,Sanjay Gadhvi,Mumbai,Point(72.8775 19.075833333),,
Q644351,The Legend of Bhagat Singh,2002-06-07,Rajkumar Santoshi,British Raj,Point(88.337777777 22.541111111),,
Q247854,Devdas,2002-05-23,Sanjay Leela Bhansali,Kolkata,Point(88.37 22.5675),,
Q4663011,Ab Ke Baras,2002-05-10,Raj Kanwar,,,,
Q19580530,Lal Salaam,2002-05-03,,,,,
Q12125657,Leela,2002-04-05,Somnath Sen,,,,
Q1813348,Raaz,2002-03-12,Vikram Bhatt,,,,
Q6796649,Maya,2002-01-16,Digvijay Singh,,,,
Q6352444,Kali Salwar,2002-01-01,Fareeda Mehta,Mumbai,Point(72.8775 19.075833333),,
Q2599979,Yeh Hai Jalwa,2002-01-01,David Dhawan,,,,
Q5316370,Durga,2002-01-01,J. D. Chakravarthy,,,,
Q11263974,Ghaav: The Wound,2002-01-01,,,,,
Q5375566,Encounter: The Killing,2002-01-01,Ajay Phansekar,,,,
Q6373885,Karz: The Burden of Truth,2002-01-01,Harry Baweja,,,,
Q1306876,Road,2002-01-01,Rajat Mukherjee,Rajasthan,Point(73.838888888 26.572777777),,
Q11274607,Q11274607,2002-01-01,,,,,
Q6819163,Meri Partigya,2002-01-01,T. L. V. Prasad,,,Ooty,Point(76.693888888 11.408611111)
Q114664342,Love 2002,2002-01-01,,,,,
Q6383509,Kehtaa Hai Dil Baar Baar,2002-01-01,Rahul Dholakia,United States,Point(-98.5795 39.828175),,
Q5350180,Ek Chhotisi Love Story,2002-01-01,Shashilal K. Nair,,,,
Q4875430,Be-Lagaam,2002-01-01,,,,,
Q16253356,Pyaasa,2002-01-01,Anil Mattoo | A. Muthu,,,,
Q6933749,Mulaqaat,2002-01-01,K. Ravi Shankar,,,,
Q5448415,Filhaal...,2002-01-01,Meghna Gulzar,,,,
Q225093,Company,2002-01-01,Ram Gopal Varma,Mumbai,Point(72.8775 19.075833333),,
Q55631463,Reshma Aur Sultaan,2002-01-01,,,,,
Q1762413,Shakti: The Power,2002-01-01,Krishna Vamsi,,,,
Q4693210,Agni Varsha,2002-01-01,Arjun Sajnani,,,,
Q18126437,Kabhie Tum Kabhie Hum,2002-01-01,,,,,
Q6109704,Jaani Dushman: Ek Anokhi Kahani,2002-01-01,Rajkumar Kohli,,,,
Q4700753,Akhiyon Se Goli Maare,2002-01-01,Harmesh Malhotra,,,,
Q5527879,Gautam Govinda,2002-01-01,Gautam Verma,,,Ooty,Point(76.693888888 11.408611111)
Q4661603,Aankhen,2002-01-01,Vipul Amrutlal Shah,,,,
Q13564956,Maa Tujhhe Salaam,2002-01-01,Tinu Verma,,,,
Q19600511,Yeh Kaisi Mohabbat,2002-01-01,Dinkar Kapoor,,,,
Q8072343,Zindagi Khoobsoorat Hai,2002-01-01,Manoj Punj,,,,
Q19891301,Desh Devi,2002-01-01,Milind Ukey,,,,
Q16255280,War and Peace,2002-01-01,Anand Patwardhan,Japan,Point(136.0 35.0),,
Q5618467,Gunaah,2002-01-01,Amol Shetge,,,,
Q7198591,Pitaah,2002-01-01,Mahesh Manjrekar,,,,
Q4829820,Awara Paagal Deewana,2002-01-01,Vikram Bhatt,India | United States,Point(83.0 22.8) | Point(-98.5795 39.828175),,
Q8051202,Yeh Kya Ho Raha Hai?,2002-01-01,Hansal Mehta,,,,
Q4631657,23rd March 1931: Shaheed,2002-01-01,Guddu Dhanoa,Lahore,Point(74.343611111 31.549722222),,
Q12453147,Q12453147,2002-01-01,,,,,
Q8051182,Yeh Dil Aashiqanaa,2002-01-01,Kuku Kohli,,,,
Q4552054,16 December,2002-01-01,Mani Shankar,,,,
Q4837116,Baaja,2002-01-01,Apurba Kishore Bir,,,,
Q1389733,Pyaar Diwana Hota Hai,2002-01-01,Kirti Kumar,,,,
Q55019076,Hindustani Sipahi,2002-01-01,,Bengal,Point(88.7311 23.9888),,
Q1471937,Saathiya,2002-01-01,Shaad Ali,,,,
Q7265853,Qaidi,2002-01-01,T. L. V. Prasad,,,Ooty,Point(76.693888888 11.408611111)
Q7958567,Waah! Tera Kya Kehna,2002-01-01,Manoj Agrawal,,,,
Q21646098,Ansh: The Deadly Part,2002-01-01,Rajan Johri,,,,
Q12439101,Q12439101,2002-01-01,Raja Bundela,,,,
Q3812382,Kaante,2002-01-01,Sanjay Gupta,United States,Point(-98.5795 39.828175),Los Angeles,Point(-118.24368 34.05223)
Q16251544,Mawali No.1,2002-01-01,T. L. V. Prasad,,,Ooty,Point(76.693888888 11.408611111)
Q263006,Mujhse Dosti Karoge!,2002-01-01,Kunal Kohli,London,Point(-0.1275 51.507222222),London,Point(-0.1275 51.507222222)
Q106718010,Ayurveda - Art of Being,2002-01-01,Pan Nalin,,,,
Q5276648,Dil Vil Pyar Vyar,2002-01-01,Bharat Shah | Tigmanshu Dhulia | Vivek Vaswani | Anant Mahadevan,,,,
Q139257376,Reshma Aur Sultan,2002-01-01,,,,,
Q2909475,Bollywood/Hollywood,2002-01-01,Deepa Mehta,Toronto,Point(-79.386666666 43.670277777),Toronto,Point(-79.386666666 43.670277777)
Q7396461,Sabse Badkar Hum,2002-01-01,K. Ravi Shankar,,,Ooty,Point(76.693888888 11.408611111)
Q6441390,Kuch Tum Kaho Kuch Hum Kahein,2002-01-01,Karan Johar,,,,
Q3627489,Tum Se Achcha Kaun Hai,2002-01-01,Deepak Anand,,,,
Q6738864,Makdee,2002-01-01,Vishal Bhardwaj,,,,
Q301012,Aap Mujhe Achche Lagne Lage,2002-01-01,Vikram Bhatt,,,,
Q6736356,Maine Dil Tujhko Diya,2002-01-01,Sohail Khan,,,,
Q3787612,Humraaz,2002-01-01,Abbas Alibhai Burmawalla | Mastan Alibhai Burmawalla,,,,
Q11058260,Q11058260,2002-01-01,,,,,
Q6450619,Kya Yehi Pyaar Hai,2002-01-01,K. Murali Mohana Rao,,,,
Q6450621,Kyaa Dil Ne Kahaa,2002-01-01,Sanjay Chhel,,,,
Q12428988,Jeena Sirf Merre Liye,2002-01-01,Talat Jani,,,,
Q5936577,Hum Pyar Tumhi Se Kar Baithe,2002-01-01,Mohan Singh Rathor,,,,
Q2878617,Badhaai Ho Badhaai,2002-01-01,Satish Kaushik,Delhi,Point(77.216666666 28.666666666),,
Q5251032,Deewangee,2002-01-01,Anees Bazmee,,,,
Q1656251,Hum Tumhare Hain Sanam,2002-01-01,K. S. Adhiyaman,,,,
Q5936551,Hum Kisise Kum Nahin,2002-01-01,David Dhawan,,,,
Q3125250,Haan Maine Bhi Pyaar Kiya,2002-01-01,Dharmesh Darshan,,,,
Q5681567,Hathyar,2002-01-01,Mahesh Manjrekar,,,,
Q7550351,Soch,2002-01-01,,,,,
Q3433136,Rishtey,2002-01-01,Indra Kumar,,,,
Q1225387,Dil Hai Tumhaara,2002-01-01,Kundan Shah,,,,
Q495113,Tumko Na Bhool Paayenge,2002-01-01,Pankaj Parashar,,,,
Q139257403,Road,2002-01-01,,,,,
Q7461522,Shaheed-E-Azam,2002-01-01,,British Raj,Point(88.337777777 22.541111111),,
Q5104927,Chor Machaaye Shor,2002-01-01,David Dhawan,,,,
Q3351801,Om Jai Jagadish,2002-01-01,Anupam Kher,,,,
Q3423473,Koi Mere Dil Se Poochhe,2002-01-01,Vinay Shukla,,,,
Q12941848,Q12941848,2002-01-01,,,,,
Q7645250,Sur – The Melody of Life,2002-01-01,Tanuja Chandra,,,,
Q737678,Shararat,2002-01-01,Gurudev Bhalla,,,,
Q28403863,Pyar Ki Dhun,2002-01-01,,,,,
Q6436115,Kranti,2002-01-01,Naresh Malhotra,,,,
Q5316006,Duplicate Sholay,2002-01-01,Kanti Shah,,,,
Q6782947,Maseeha,2002-01-01,Partho Ghosh,,,,
Q378296,Neither you know nor I,2002-01-01,Arjun Sablok,,,,
Q6418257,Kitne Door Kitne Paas,2002-01-01,Mehul Kumar,,,,
Q4939829,Bollywood Calling,2001-12-21,Nagesh Kukunoor,India,Point(83.0 22.8),,
Q7701705,Tere Liye,2001-12-14,Sanjay Gadhvi,,,,
Q9251686,Ehsaas: The Feeling,2001-11-30,Mahesh Manjrekar,,,,
Q43302474,Chehra Maut Ka,2001-09-28,,,,,
Q106718010,Ayurveda - Art of Being,2001-09-20,Pan Nalin,,,,
Q1163010,Lajja,2001-09-19,Rajkumar Santoshi,,,,
Q6796649,Maya,2001-09-07,Digvijay Singh,,,,
Q239601,Nayak,2001-09-07,S. Shankar,,,,
Q370313,Dil Chahta Hai,2001-08-10,Farhan Akhtar,Mumbai | Australia | India,Point(83.0 22.8) | Point(133.0 -25.0) | Point(72.8775 19.075833333),Sydney,Point(151.21 -33.867777777)
Q7852442,Tum Bin,2001-07-13,Anubhav Sinha,Canada,Point(-109.0 56.0),,
Q12447112,Mujhe Meri Biwi Se Bachaao,2001-06-18,Harry Baweja,,,,
Q780886,Gadar: Ek Prem Katha,2001-06-15,Anil Sharma,Punjab,Point(75.466666666 30.766666666),,
Q11786533,Mujhe Kucch Kehna Hai,2001-05-25,Satish Kaushik,,,,
Q5211939,Daman,2001-05-04,Kalpana Lajmi,,,,
Q7079441,Officer,2001-03-14,Naeem Sha,,,,
Q779318,Zubeidaa,2001-01-19,Shyam Benegal,Rajasthan,Point(73.838888888 26.572777777),,
Q938782,Kuch Khatti Kuch Meethi,2001-01-01,Rahul Rawail,,,,
Q4661445,Aamdani Atthani Kharcha Rupaiyaa,2001-01-01,K. Raghavendra Rao,,,,
Q4900796,Bhairav,2001-01-01,T. L. V. Prasad,,,Ooty,Point(76.693888888 11.408611111)
Q1646836,The Warrior,2001-01-01,Asif Kapadia,Himalayas | Rajasthan,Point(73.838888888 26.572777777) | Point(84.0 29.0),,
Q2820106,Aashiq,2001-01-01,Indra Kumar,,,,
Q5251018,Deewaanapan,2001-01-01,Ashu Trikha,,,,
Q4791558,Arjun Devaa,2001-01-01,Imraan Khan,,,Ooty,Point(76.693888888 11.408611111)
Q12423907,Q12423907,2001-01-01,,,,,
Q16250866,Love You Hamesha,2001-01-01,Kailash Surendranath,,,,
Q12428983,Q12428983,2001-01-01,,,,,
Q8051208,Yeh Raaste Hain Pyaar Ke,2001-01-01,Deepak Shivdasani,,,,
Q734008,Aśoka,2001-01-01,Santosh Sivan,,,,
Q12433675,Dil Ne Phir Yaad Kiya,2001-01-01,Rajat Rawail,,,,
Q6373982,Kasam,2001-01-01,Shibu Mitra,,,,
Q809728,Bas Itna Sa Khwaab Hai,2001-01-01,Goldie Behl,Mumbai,Point(72.8775 19.075833333),,
Q5637799,Hadh: Life on the Edge of Death,2001-01-01,Thampi Kannanthanam,,,,
Q663834,Tera Mera Saath Rahen,2001-01-01,Mahesh Manjrekar,,,,
Q5058902,Censor,2001-01-01,Dev Anand,,,,
Q55605363,Bhooka Sher,2001-01-01,Surinder Kapoor,,,,
Q55604678,Badla Aurat Ka,2001-01-01,,,,,
Q5094989,Chhupa Rustam: A Musical Thriller,2001-01-01,Aziz Sejawal,,,,
Q466443,Sometimes Happiness Sometimes Sadness...,2001-01-01,Karan Johar,London | India,Point(83.0 22.8) | Point(-0.1275 51.507222222),,
Q3411165,Pyaar Tune Kya Kiya,2001-01-01,Rajat Mukherjee,,,,
Q7121415,Paagalpan,2001-01-01,Joy Augustine,,,,
Q5593445,Grahan,2001-01-01,Shashilal K. Nair,,,,
Q4709483,Albela,2001-01-01,Deepak Sareen,,,Austria,Point(14.0 48.0)
Q843949,Lagaan,2001-01-01,Ashutosh Gowariker,India,Point(83.0 22.8),,
Q12429457,Jodi No.1,2001-01-01,David Dhawan,Mumbai,Point(72.8775 19.075833333),,
Q1192353,One 2 Ka 4,2001-01-01,Shashilal K. Nair,,,Malaysia,Point(102.314361666 3.7805111)
Q12125759,Little John,2001-01-01,Singeetam Srinivasa Rao,,,,
Q19573025,Mitti,2001-01-01,Iqbal Durrani,,,,
Q4887660,Bengal Tiger,2001-01-01,Adarsh Jain,,,Ooty,Point(76.693888888 11.408611111)
Q6451857,Kyo Kii... Main Jhuth Nahin Bolta,2001-01-01,David Dhawan,,,,
Q7629386,Style,2001-01-01,N. Chandra,,,,
Q7309828,Rehnaa Hai Terre Dil Mein,2001-01-01,Gautham Vasudev Menon,,,,
Q21646005,Aashiqui Deewangi,2001-01-01,Vimal Kumar,,,,
Q12439566,Q12439566,2001-01-01,Raj Kanwar,,,,
Q16249037,Hum Ho Gaye Aapke,2001-01-01,Agathiyan,,,,
Q12438981,Pyaar Zindagi Hai,2001-01-01,Vijay Sadanah,,,,
Q5436571,Farz,2001-01-01,Raj Kanwar,,,,
Q6819165,Meri Pyaari Bahania Banegi Dulhania,2001-01-01,,,,Ooty,Point(76.693888888 11.408611111)
Q6895589,Moksha,2001-01-01,Ashok Mehta,,,,
Q7283577,Rahul,2001-01-01,Prakash Jha,,,,
Q16250337,Khatron Ke Khiladi,2001-01-01,,,,Ooty,Point(76.693888888 11.408611111)
Q48731070,Khooni Tantrik,2001-01-01,,,,,
Q6374620,Kasoor,2001-01-01,Vikram Bhatt,,,,
Q2362979,Ek Rishtaa: The Bond of Love,2001-01-01,Suneel Darshan,,,,
Q4225691,Ajnabee,2001-01-01,Abbas Alibhai Burmawalla | Mastan Alibhai Burmawalla,Switzerland | India,Point(83.0 22.8) | Point(8.231973 46.798562),,
Q48730687,Tamboo Mein Bamoo,2001-01-01,,,,,
Q42915873,Jagira,2001-01-01,Kanti Shah,,,,
Q4841741,Baghaawat – Ek Jung,2001-01-01,Deepak Pawar,,,,
Q11170739,Ittefaq,2001-01-01,Sanjay Khanna,,,,
Q6437491,Krishna Tere Desh Main,2001-01-01,Shiv Kumar,,,,
Q5071224,Chandni Bar,2001-01-01,Madhur Bhandarkar,Mumbai,Point(72.8775 19.075833333),,
Q6019764,Indian,2001-01-01,N. Maharajan,,,,
Q2829147,Aks,2001-01-01,Rakeysh Omprakash Mehra,,,,
Q6819136,Meri Adalat,2001-01-01,,,,Ooty,Point(76.693888888 11.408611111)
Q874521,Chori Chori Chupke Chupke,2001-01-01,Abbas Alibhai Burmawalla | Mastan Alibhai Burmawalla,,,,
Q140736709,Chhal,2001-01-01,Hansal Mehta,,,,
Q12448457,Yeh Teraa Ghar Yeh Meraa Ghar,2001-01-01,Priyadarshan,,,,
Q12448284,Yeh Zindagi Ka Safar,2001-01-01,Tanuja Chandra,,,,
Q7262815,Pyaar Ishq Aur Mohabbat,2001-01-01,Rajiv Rai,,,,
Q879029,Yaadein,2001-01-01,Subhash Ghai,London | India | England,Point(83.0 22.8) | Point(-0.1275 51.507222222) | Point(-1.0 53.0),London,Point(-0.1275 51.507222222)
Q20814492,Dattak,2001-01-01,Gul Bahar Singh,,,,
Q187863,Gaja Gamini,2000-12-01,M. F. Husain,,,,
Q39057030,Daku Maharani,2000-11-17,,,,,
Q1135349,Mohabbatein,2000-10-27,Aditya Chopra,,,England,Point(-1.0 53.0)
Q6373003,Karobaar: The Business of Love,2000-09-15,Rakesh Roshan,,,,
Q1059378,Chal Mere Bhai,2000-05-05,David Dhawan | Deepak Shivdasani,India,Point(83.0 22.8),,
Q39057011,Daku Ramkali,2000-02-18,Kanti Shah,,,,
Q920943,Pukar,2000-02-11,Rajkumar Santoshi,,,,
Q11055056,Oonch Neech Beech,2000-01-01,Prayag Raj | Wasi Khan,,,,
Q1645003,Kaho Naa... Pyaar Hai,2000-01-01,Rakesh Roshan,Mumbai,Point(72.8775 19.075833333),New Zealand,Point(174.0 -41.2)
Q5657092,Hari-Bhari,2000-01-01,Shyam Benegal,,,,
Q1427204,Josh,2000-01-01,Mansoor Khan,India,Point(83.0 22.8),,
Q13117867,The Revenge: Geeta Mera Naam,2000-01-01,,,,,
Q1721150,Kahin Pyaar Na Ho Jaaye,2000-01-01,K. Murali Mohana Rao,,,,
Q11039851,Sagar Sangam,2000-01-01,Dulal Guha,,,,
Q16453,Bichhoo,2000-01-01,Guddu Dhanoa,,,,
Q16968407,Zahreela,2000-01-01,Raj N. Sippy,,,,
Q94922,Hum Paanch,2000-01-01,Bapu,,,,
Q9267724,Ghaath,2000-01-01,Akashdeep Sabir,,,,
Q936427,Kya Kehna,2000-01-01,Kundan Shah,,,,
Q935399,Astitva,2000-01-01,Mahesh Manjrekar,,,,
Q5644089,Hamara Dil Aapke Paas Hai,2000-01-01,Satish Kaushik,,,,
Q4693262,Agniputra,2000-01-01,Vijay Reddy,,,Ooty,Point(76.693888888 11.408611111)
Q1255514,Phir Bhi Dil Hai Hindustani,2000-01-01,Aziz Mirza,India,Point(83.0 22.8),,
Q114664341,Jai Jwala Maa,2000-01-01,,,,,
Q4911522,Billa No. 786,2000-01-01,Imran Khalid,,,Ooty,Point(76.693888888 11.408611111)
Q7415485,Sanam Teri Kasam,2000-01-01,Lawrence D'Souza,,,,
Q492134,Dulhan Hum Le Jayenge,2000-01-01,David Dhawan,,,,
Q3571306,Yahaan,2000-01-01,Shoojit Sircar,Jammu and Kashmir,Point(76.5 34.0),,
Q3518276,Tera Jadoo Chal Gayaa,2000-01-01,A. Muthu,,,,
Q3482089,Shikari,2000-01-01,N. Chandra,,,,
Q114664340,Pagla Kahin Ka,2000-01-01,,,,,
Q3073136,Fiza,2000-01-01,Khalid Mohamed,Mumbai,Point(72.8775 19.075833333),,
Q4987214,Bulandi,2000-01-01,Tatineni Rama Rao,,,,
Q114664339,Prince No. 1,2000-01-01,,,,,
Q5207866,Dada,2000-01-01,T. L. V. Prasad,,,Ooty,Point(76.693888888 11.408611111)
Q3190019,Jungle,2000-01-01,Ram Gopal Varma,,,,
Q3143099,Hum To Mohabbat Karega,2000-01-01,Kundan Shah,,,,
Q5251030,Deewane,2000-01-01,Harry Baweja,,,,
Q7396452,Sabse Bada Beiman,2000-01-01,Imran Khalid,,,Ooty,Point(76.693888888 11.408611111)
Q4900772,Bhai Thakur,2000-01-01,Willy | Raja | William Hunt,,,,
Q4898128,Beti No.1,2000-01-01,Tatineni Rama Rao,India,Point(83.0 22.8),,
Q6810921,Mela,2000-01-01,Dharmesh Darshan,,,,
Q48731917,Saali Poori Gharwali,2000-01-01,,,,,
Q6819156,Meri Jung Ka Elaan,2000-01-01,Kanti Shah,,,,
Q16237216,Bawandar,2000-01-01,Jag Mundhra,Rajasthan,Point(73.838888888 26.572777777),,
Q7285470,Raja Ko Rani Se Pyar Ho Gaya,2000-01-01,T. K. Rajeev Kumar,,,,
Q4854991,Love Ke Liye Kuch Bhi Karega,2000-01-01,Eeshwar Nivas,,,,
Q7272940,Qurbaniyaan,2000-01-01,T. L. V. Prasad,,,Ooty,Point(76.693888888 11.408611111)
Q4838038,Babu Badshah,2000-01-01,,,,,
Q459833,Refugee,2000-01-01,J. P. Dutta,Gujarat,Point(71.838 23.156444444),,
Q4837113,Baaghi,2000-01-01,Rajesh Ram Singh,,,,
Q4661235,Aaghaaz,2000-01-01,Yogesh Ishwar,,,,
Q4661291,Aaj Ka Ravan,2000-01-01,Imran Khalid,,,Ooty,Point(76.693888888 11.408611111)
Q4765718,Anjaane,2000-01-01,,,,,
Q7079441,Officer,2000-01-01,Naeem Sha,,,,
Q12428942,Jis Desh Mein Ganga Rehta Hain,2000-01-01,Mahesh Manjrekar,Mumbai,Point(72.8775 19.075833333),,
Q760266,Hey Ram,2000-01-01,Kamal Haasan,Indian independence movement,,,
Q55615952,Khooni Shikanja,2000-01-01,,,,,
Q12453887,Q12453887,2000-01-01,,,,,
Q6316903,Justice Chowdhary,2000-01-01,,,,Ooty,Point(76.693888888 11.408611111)
Q798808,Badal,2000-01-01,Raj Kanwar,,,,
Q2059136,Dhadkan,2000-01-01,Dharmesh Darshan,,,,
Q124515883,Tapish,2000-01-01,Jayprakkash Shaw,,,,
Q6279031,Joru Ka Ghulam,2000-01-01,Shakeel Noorani,,,,
Q8051209,Yeh Raat,2000-01-01,,,,Delhi,Point(77.216666666 28.666666666)
Q12454115,Q12454115,2000-01-01,,,,,
Q7636572,Sultaan,2000-01-01,T. L. V. Prasad,,,Ooty,Point(76.693888888 11.408611111)
Q20020500,Nidaan,2000-01-01,Mahesh Manjrekar,,,,
Q5520900,Gang,2000-01-01,Mazhar Khan,Mumbai,Point(72.8775 19.075833333),,
Q6126885,Jallad No. 1,2000-01-01,Kanti Shah,,,,
Q1500930,Har Dil Jo Pyar Karega,2000-01-01,Raj Kanwar,,,,
Q851445,Hadh Kar Di Aapne,2000-01-01,Manoj Agrawal,,,,
Q18351808,Dil Pe Mat Le Yaar!!,2000-01-01,Hansal Mehta,,,,
Q6319273,Jwalamukhi,2000-01-01,,,,Ooty,Point(76.693888888 11.408611111)
Q2128981,Raju Chacha,2000-01-01,Anil Devgan,,,Ooty,Point(76.693888888 11.408611111)
Q12437666,Papa The Great,2000-01-01,K. Bhagyaraj,,,,
Q6343363,Kaali Topi Laal Rumaal,2000-01-01,Vijay Reddy,,,Ooty,Point(76.693888888 11.408611111)
Q6400992,Khauff,2000-01-01,Sanjay Gupta,,,,
Q11263801,Khiladi 420,2000-01-01,Neeraj Vora,Canada,Point(-109.0 56.0),,
Q11264099,Q11264099,2000-01-01,,,,,
Q11268920,Jung,2000-01-01,Sanjay Gupta,,,,
Q11274271,Champion,2000-01-01,Padam Kumar | Jana Sue Memel,,,,
Q6438739,Krodh,2000-01-01,Ashok Honda,,,,
Q12432423,Q12432423,2000-01-01,,,,,
Q7686270,Tarkieb,2000-01-01,Esmayeel Shroff,,,,
Q767542,Dhai Akshar Prem Ke,2000-01-01,Raj Kanwar,,,,
Q6445147,Kunwara,2000-01-01,David Dhawan,,,New Zealand,Point(174.0 -41.2)
Q766020,Mission Kashmir,2000-01-01,Vidhu Vinod Chopra,Jammu and Kashmir,Point(76.5 34.0),,
Q6447354,Kurukshetra,2000-01-01,Mahesh Manjrekar,,,,
Q30612754,Apradhi Koun,2000-01-01,Mohan Bhakri,,,,
Q5732486,Hera Pheri,2000-01-01,Priyadarshan,,,,
