tmdb_id,person_id,name
840771,53631,Dhundiraj Govind Phalke
270586,53631,Dhundiraj Govind Phalke
1039988,1338498,Kanjibhai Rathod
1633435,6001067,Sultana
1039990,1338498,Kanjibhai Rathod
409241,1349992,Manilal Joshi
1039986,2254945,Naval Gandhi
1039986,1327610,Ardeshir Irani
1526459,1338498,Kanjibhai Rathod
1526476,1349992,Manilal Joshi
143953,114319,Franz Osten
143953,114321,Himansu Rai
285332,1349992,Manilal Joshi
1526470,1349992,Manilal Joshi
1039993,1338501,Homi Master
1526468,1349992,Manilal Joshi
1301131,3508822,Bhagwati Prasad Mishra
1039994,2407782,Nanubhai B. Desai
947165,1363864,Mohan Dayaram Bhavnani
774886,53631,Dhundiraj Govind Phalke
1301134,4760022,Lalitarai Vyas
291052,4342973,Devare S. Gajanan
291052,1344865,Chandulal Shah
273430,1326709,Fatma Begum
292647,1363864,Mohan Dayaram Bhavnani
1300804,1363864,Mohan Dayaram Bhavnani
419514,1335598,Baburao Painter
722057,1335598,Baburao Painter
585687,2254945,Naval Gandhi
1197535,1066769,R.S. Choudhury
1197520,1066769,R.S. Choudhury
35454,114319,Franz Osten
1300785,3508822,Bhagwati Prasad Mishra
1301136,4760027,Anand Prasad Kapoor
284508,1066769,R.S. Choudhury
963274,3508822,Bhagwati Prasad Mishra
1526522,5000906,Jyotish Banerjee
963278,3508822,Bhagwati Prasad Mishra
1512088,1348042,J.J. Madan
1526660,1303738,Nandlal Jaswantlal
1512094,1333034,Ezra Mir
273111,1327610,Ardeshir Irani
1512090,1348042,J.J. Madan
419550,1689582,G.P. Pawar
1300544,3508822,Bhagwati Prasad Mishra
1371992,1902438,Jayant Desai
1512105,1333034,Ezra Mir
284509,1199441,Shantaram Rajaram Vankudre
284509,1348042,J.J. Madan
1197472,1066769,R.S. Choudhury
1512127,1902438,Jayant Desai
1039978,1344865,Chandulal Shah
939862,1318293,Debaki Bose
1526458,3961067,Nanubhai Vakil
284788,1348635,J.B.H. Wadia
1197922,1297375,Abdul Rashid Kardar
1512122,1694906,Premankur Atorthy
939867,1318293,Debaki Bose
1300837,1338501,Homi Master
1522271,14074,Faredoon A. Irani
1522463,1344865,Chandulal Shah
1526452,1344865,Chandulal Shah
1522457,1338501,Homi Master
488179,1330359,Nitin Bose
1526209,1902438,Jayant Desai
1512574,1297375,Abdul Rashid Kardar
1526665,1902438,Jayant Desai
1526151,3961067,Nanubhai Vakil
986532,1363864,Mohan Dayaram Bhavnani
1040073,1338501,Homi Master
1526196,2079832,Kali Prasad Ghosh
1525536,1338501,Homi Master
1512579,1348635,J.B.H. Wadia
314900,1318293,Debaki Bose
1197424,1303738,Nandlal Jaswantlal
1508521,1330359,Nitin Bose
1525546,1066769,R.S. Choudhury
1519839,1344865,Chandulal Shah
1519847,1348635,J.B.H. Wadia
1519892,3612094,Y.V. Rao
1519870,1338501,Homi Master
1519862,1363229,Sarvottam Badami
1519875,1029054,Homi Wadia
1519886,1344865,Chandulal Shah
1519879,1318293,Debaki Bose
803935,1636117,Hemchandra Chunder
803935,1694906,Premankur Atorthy
330366,1199441,Shantaram Rajaram Vankudre
1519896,3757826,Vinayak Damodar Karnataki
1519827,1694906,Premankur Atorthy
1371989,5003370,D.K. Kale
1519888,3045332,Roop K. Shorey
1519888,5589028,Roshan Lal Shorey
1006660,14088,Mehboob Khan
284396,1029054,Homi Wadia
1519823,1344865,Chandulal Shah
941759,114319,Franz Osten
292180,1363229,Sarvottam Badami
1371491,5001314,S.N. Bhende
1519884,5588996,Choudhury M. Rafi
1266254,1363864,Mohan Dayaram Bhavnani
1519834,114322,Charu Roy
1506663,1289218,Sohrab Modi
304977,1330359,Nitin Bose
1519858,1338501,Homi Master
969800,1318293,Debaki Bose
1519866,1908975,Mohan Sinha
1197250,1066769,R.S. Choudhury
535045,2082490,Chimanlal Luhar
1520062,1660128,Keshavrao Dhaiber
1519931,2082490,Chimanlal Luhar
1520000,2079832,Kali Prasad Ghosh
1520070,1694906,Premankur Atorthy
663144,2081809,Jaddanbai
1519992,4758496,R.N. Vaidya
1520007,14088,Mehboob Khan
1520003,114319,Franz Osten
1520076,1318293,Debaki Bose
1520009,1344865,Chandulal Shah
1519998,1066769,R.S. Choudhury
1520073,1344865,Chandulal Shah
1506707,1289218,Sohrab Modi
1520271,2281838,S.M. Yusuf
769899,114319,Franz Osten
285233,1029054,Homi Wadia
214721,1199441,Shantaram Rajaram Vankudre
320262,1289229,P.C. Barua
107232,114319,Franz Osten
214742,114319,Franz Osten
1520067,1908975,Mohan Sinha
1519924,14088,Mehboob Khan
1520268,1289218,Sohrab Modi
1520215,4758496,R.N. Vaidya
409240,1330359,Nitin Bose
1520200,5576995,Balwant Bhatt
1192073,1348368,Moti B. Gidwani
1192206,114319,Franz Osten
662882,2081809,Jaddanbai
366308,1029054,Homi Wadia
1520265,3961067,Nanubhai Vakil
1650178,1363229,Sarvottam Badami
1197550,1694906,Premankur Atorthy
1520234,1363229,Sarvottam Badami
1520266,5590039,B.S. Rajhans
1506715,1289218,Sohrab Modi
1192185,114319,Franz Osten
1197572,2873794,Ram Daryani
924651,2081809,Jaddanbai
316253,1199441,Shantaram Rajaram Vankudre
1300793,1348042,J.J. Madan
1520231,1081627,Vijay Bhatt
1520208,1689582,G.P. Pawar
421289,114319,Franz Osten
926312,114319,Franz Osten
1520183,1636117,Hemchandra Chunder
1526503,1335598,Baburao Painter
1266263,4622000,A.M. Khan
1520227,14088,Mehboob Khan
1520251,1199445,K. Narayan Kale
1520235,1297375,Abdul Rashid Kardar
1520503,1081627,Vijay Bhatt
1629164,4093028,Chaturbhuj Doshi
1520501,1199445,K. Narayan Kale
1520495,1297375,Abdul Rashid Kardar
409246,558137,Phani Majumdar
1509034,1289218,Sohrab Modi
1371990,5003379,M. Bhavnani
1520574,14088,Mehboob Khan
461830,114319,Franz Osten
284539,1289218,Sohrab Modi
1511350,1289218,Sohrab Modi
952288,3474883,Manibhai Vyas
1023235,1363229,Sarvottam Badami
1192200,114319,Franz Osten
1520493,14088,Mehboob Khan
421378,114319,Franz Osten
1520497,1638107,Ramchandra Thakur
1520497,5584162,V.C. Desai
1198074,2873794,Ram Daryani
1526506,4093028,Chaturbhuj Doshi
1565773,4758493,M.D. Bhavnani
959009,1081627,Vijay Bhatt
1511845,1333034,Ezra Mir
410299,114319,Franz Osten
300715,1199441,Shantaram Rajaram Vankudre
1202630,3757826,Vinayak Damodar Karnataki
1215133,1902438,Jayant Desai
1623753,14088,Mehboob Khan
1717373,2055080,K. Amarnath
1315805,1318293,Debaki Bose
307867,114319,Franz Osten
1195094,3045098,Dwarka Khosla
1520860,4093028,Chaturbhuj Doshi
1526512,1297375,Abdul Rashid Kardar
1464761,5373523,Kikubhai Desai
1480337,1081627,Vijay Bhatt
1526926,1638107,Ramchandra Thakur
1526967,1199493,Najam Naqvi
1518691,3961067,Nanubhai Vakil
1515120,3045098,Dwarka Khosla
1526962,3241487,S. Fazli
1526962,5539287,S.F. Hasnain
110820,1050476,N.R. Acharya
1100532,1297375,Abdul Rashid Kardar
1508550,1297375,Abdul Rashid Kardar
1526943,2082490,Chimanlal Luhar
1518711,3045098,Dwarka Khosla
1526938,5576995,Balwant Bhatt
283183,1029054,Homi Wadia
1301683,1363864,Mohan Dayaram Bhavnani
573842,1318293,Debaki Bose
1526951,1902438,Jayant Desai
1511798,4093028,Chaturbhuj Doshi
1526954,2365508,Nazir
1300805,1081627,Vijay Bhatt
1526914,1189500,Modhu Bose
1100328,5613633,VC Desai
1266274,4622000,A.M. Khan
306138,1289218,Sohrab Modi
1518695,1029054,Homi Wadia
1518695,5585234,Ranjibhai Arya
950138,1289229,P.C. Barua
1514675,1902438,Jayant Desai
1515134,1363229,Sarvottam Badami
1526948,1415359,Amar Mullick
279192,14088,Mehboob Khan
1526953,2873794,Ram Daryani
1100550,1908975,Mohan Sinha
1526920,1908975,Mohan Sinha
1117468,14088,Mehboob Khan
1508571,1297375,Abdul Rashid Kardar
1511361,1045398,Gajanan Jagirdar
1508567,4417564,R. S. Junnarkar
1508567,1303749,Mubarak
1515103,1363229,Sarvottam Badami
467252,1050476,N.R. Acharya
1074475,1344865,Chandulal Shah
1526965,4211450,Jagatrai Pesumal Advani
284667,1348368,Moti B. Gidwani
301213,3474883,Manibhai Vyas
1518423,2222195,V.M. Vyas
1515156,1297375,Abdul Rashid Kardar
1508630,3961067,Nanubhai Vakil
1508601,1050478,Amiya Chakrabarty
1511744,1902438,Jayant Desai
1545773,5686463,Pessi Kara
621686,14088,Mehboob Khan
1511764,4093028,Chaturbhuj Doshi
326143,1289218,Sohrab Modi
307396,1199441,Shantaram Rajaram Vankudre
1545777,1045398,Gajanan Jagirdar
285417,1050476,N.R. Acharya
790671,1050481,Gyan Mukherjee
787069,1416708,Kidar Nath Sharma
1518177,5551101,Lalit Mehta
1518177,5551102,Chimankant
1510227,5551101,Lalit Mehta
1510227,5551102,Chimankant
1507678,1330359,Nitin Bose
1518437,5584162,V.C. Desai
1518446,4211450,Jagatrai Pesumal Advani
1518449,5575395,Gunjal
1516019,1289218,Sohrab Modi
790654,1081627,Vijay Bhatt
770039,1033766,Babubhai Mistri
770039,1348657,Nanabhai Bhatt
941242,3435402,I.A. Hafizji
1516161,1902438,Jayant Desai
1548790,1416708,Kidar Nath Sharma
326048,1318293,Debaki Bose
306117,2193403,Shaukat Hussain Rizvi
1516189,14071,Wajahat Mirza
420494,1050478,Amiya Chakrabarty
1629091,5986117,Rameshwar Sharma
1516147,4211450,Jagatrai Pesumal Advani
1516041,558137,Phani Majumdar
1074446,4093028,Chaturbhuj Doshi
1516011,5575395,Gunjal
564577,1029054,Homi Wadia
1516006,593132,S Khalil
1516153,2873794,Ram Daryani
1516059,1050476,N.R. Acharya
1516015,1297375,Abdul Rashid Kardar
1516029,1636121,Kumarsen Samarth
1516001,14071,Wajahat Mirza
1516183,2365508,Nazir
1510210,1902438,Jayant Desai
446933,14088,Mehboob Khan
293905,1348368,Moti B. Gidwani
1509194,4093028,Chaturbhuj Doshi
1516180,4093028,Chaturbhuj Doshi
1511785,1902438,Jayant Desai
1194053,2082490,Chimanlal Luhar
1516048,1908975,Mohan Sinha
827332,1066769,R.S. Choudhury
1545782,2696487,Dhirubhai Desai
573856,1636117,Hemchandra Chunder
513345,1289229,P.C. Barua
1548806,5698060,K.J. Parmar
1548806,5698061,L.J. Bhatt
1515995,3584528,W. Z. Ahmad
1510232,5551123,K.M. Multani
1516167,1638107,Ramchandra Thakur
1516023,1297375,Abdul Rashid Kardar
317071,1199441,Shantaram Rajaram Vankudre
1526668,4093028,Chaturbhuj Doshi
1074473,2193403,Shaukat Hussain Rizvi
1516482,1896342,Majnu
409242,1081627,Vijay Bhatt
1510218,2222195,V.M. Vyas
1301149,4760079,K.L. Kahan
1516473,5577094,Mahendra Thakore
1507090,5539287,S.F. Hasnain
290581,14088,Mehboob Khan
950149,1289229,P.C. Barua
1516479,1363229,Sarvottam Badami
1074467,1638106,Zia Sarhadi
1516466,2365508,Nazir
325815,1050481,Gyan Mukherjee
628863,1902438,Jayant Desai
969799,3152496,M.I. Dharamsey
412470,14088,Mehboob Khan
1198066,1297375,Abdul Rashid Kardar
1510509,2702338,J.K. Nanda
1516458,5576995,Balwant Bhatt
1516481,1303738,Nandlal Jaswantlal
574280,1636117,Hemchandra Chunder
628419,1289218,Sohrab Modi
1300801,4758474,Ramlal Desai
1516476,1878129,Niranjan
525747,1416708,Kidar Nath Sharma
1516470,1908975,Mohan Sinha
427147,1167083,M. Sadiq
1516578,1363229,Sarvottam Badami
1506636,1416708,Kidar Nath Sharma
1510809,1289218,Sohrab Modi
1463719,5369149,Keshav Talpade
1047741,1416708,Kidar Nath Sharma
1263616,2581611,D.D. Kashyap
1510788,14071,Wajahat Mirza
1507188,3045098,Dwarka Khosla
941243,1699453,Nirendranath Lahiri
886744,2787499,Harbans
307856,1050478,Amiya Chakrabarty
1516589,1394122,Āchārya Atre
1510774,1050481,Gyan Mukherjee
628835,3045218,K.B. Lall
1195577,4336983,Hiren Bose
574332,1636117,Hemchandra Chunder
1516575,5577535,B.D. Vedi
1516699,1303738,Nandlal Jaswantlal
1516694,1066769,R.S. Choudhury
1168254,1297375,Abdul Rashid Kardar
1074465,2193403,Shaukat Hussain Rizvi
950160,1289229,P.C. Barua
1516585,4093028,Chaturbhuj Doshi
300729,3757826,Vinayak Damodar Karnataki
1518723,3474883,Manibhai Vyas
1518727,1289077,Protima Dasgupta
1552485,1832603,R. Sharma
1518745,1813399,Zahur Raja
1552498,2871381,Ahmed Essa
1518739,1416708,Kidar Nath Sharma
1517803,1638106,Zia Sarhadi
1013361,1699453,Nirendranath Lahiri
1518845,2222195,V.M. Vyas
941260,1363864,Mohan Dayaram Bhavnani
950305,1902438,Jayant Desai
306376,1297375,Abdul Rashid Kardar
950162,1289229,P.C. Barua
324096,2055080,K. Amarnath
142996,14088,Mehboob Khan
567864,2193403,Shaukat Hussain Rizvi
1184771,5585387,Ramnik Desai
1518751,2365508,Nazir
1517780,5539223,Mazhar Khan
1100322,1636121,Kumarsen Samarth
307940,2873794,Ram Daryani
537016,1363229,Sarvottam Badami
326141,229248,K. Asif
950164,3466241,Sudhir Sen
1340336,2873794,Ram Daryani
1511276,1303738,Nandlal Jaswantlal
1511284,1694089,Sushil Majumdar
307831,1289218,Sohrab Modi
1517810,1908975,Mohan Sinha
1518733,2162976,Ravindra Dave
1076505,1081627,Vijay Bhatt
1518867,1394122,Āchārya Atre
306157,606175,Bimal Roy
1518719,1029054,Homi Wadia
1517788,1318293,Debaki Bose
1511307,1908975,Mohan Sinha
1770545,5329003,Nari Ghadiali
273281,121861,Khwaja Ahmad Abbas
1006654,1167083,M. Sadiq
1511274,3045332,Roop K. Shorey
1555881,1029054,Homi Wadia
707942,1896343,Majnu
154879,1023779,Chetan Anand
1511318,1330359,Nitin Bose
1197939,3241487,S. Fazli
1383181,4093028,Chaturbhuj Doshi
976006,1678042,P.L. Santoshi
1511812,4093028,Chaturbhuj Doshi
1339412,2702338,J.K. Nanda
257397,1297375,Abdul Rashid Kardar
1195567,2281838,S.M. Yusuf
950167,1289229,P.C. Barua
584290,1330359,Nitin Bose
969791,1320616,Bhalji Pendharkar
72346,14088,Mehboob Khan
1631211,1896351,Ishwarlal
325885,1533868,D.N. Pai
325885,110086,Ashok Kumar
1163805,1029054,Homi Wadia
1406470,5136027,Savak B. Vacha
1276157,1029054,Homi Wadia
283313,1199441,Shantaram Rajaram Vankudre
1511287,1416708,Kidar Nath Sharma
1373105,4760079,K.L. Kahan
277222,1331460,Yeshwant Pethkar
301108,1297375,Abdul Rashid Kardar
1164130,3466241,Sudhir Sen
790290,2702338,J.K. Nanda
1164107,1678042,P.L. Santoshi
1163826,1199493,Najam Naqvi
790479,2193403,Shaukat Hussain Rizvi
1628361,1081627,Vijay Bhatt
1164118,4210997,D. Bhalchandra
1164118,4211016,M.S. Chowdry
1427961,1349555,Paul Zils
440016,1416708,Kidar Nath Sharma
969790,1045398,Gajanan Jagirdar
442489,14088,Mehboob Khan
628837,2055080,K. Amarnath
1163816,1325552,Kishore Sahu
969788,1908975,Mohan Sinha
543946,1908975,Mohan Sinha
319772,1335588,S.U. Sunny
1163819,1303738,Nandlal Jaswantlal
1526518,3515583,S.K. Ojha
1770523,3396548,R.D. Mathur
849247,3152496,M.I. Dharamsey
177813,1340793,Uday Shankar
1427971,1349555,Paul Zils
316210,3647217,Girish Trivedi
1164144,1678042,P.L. Santoshi
1164138,1199493,Najam Naqvi
1511367,1081627,Vijay Bhatt
306165,1335588,S.U. Sunny
33706,87561,Raj Kapoor
440912,14088,Mehboob Khan
628860,979375,Ramesh Saigal
1196979,4342630,Nazir Ajmeri
1074470,3189155,O.P. Dutta
911527,1468649,Anant Thakur
849572,2873794,Ram Daryani
981771,1706807,Shaheed Latif
969783,1412404,Mahesh Kaul
969783,3531543,Latika
562667,1416708,Kidar Nath Sharma
330404,1029054,Homi Wadia
969781,3531536,N.M. Kelkar
1164160,2193404,Changezi
691967,1199441,Shantaram Rajaram Vankudre
324612,1755159,Chawla
607190,1331460,Yeshwant Pethkar
542479,1297375,Abdul Rashid Kardar
1770660,3527689,G. Rakesh
1463710,1029054,Homi Wadia
607200,1297375,Abdul Rashid Kardar
1569572,1167083,M. Sadiq
1658383,5539287,S.F. Hasnain
1300941,1348657,Nanabhai Bhatt
883156,3265348,A.G. Surma
198755,87561,Raj Kapoor
628830,3045332,Roop K. Shorey
121470,14088,Mehboob Khan
746819,2791829,Ram Narayan Dave
1360052,1416708,Kidar Nath Sharma
950168,1289229,P.C. Barua
969080,1050476,N.R. Acharya
1267797,4538302,Bhagwan Palav
320493,4211450,Jagatrai Pesumal Advani
257391,994400,Kamal Amrohi
306182,1337426,Harnam Singh Rawail
1427984,1349555,Paul Zils
1427984,1278353,Fali Bilimoria
322396,3531521,Satish Nigam
628828,2581611,D.D. Kashyap
1427983,1349555,Paul Zils
1427983,1278353,Fali Bilimoria
1201201,2782136,M.L. Anand
482250,1908975,Mohan Sinha
1195589,2702338,J.K. Nanda
945419,2055080,K. Amarnath
1427981,1349555,Paul Zils
1427981,1278353,Fali Bilimoria
755165,1029054,Homi Wadia
1164169,2193404,Changezi
322337,3189155,O.P. Dutta
1554739,1348657,Nanabhai Bhatt
628854,2535253,Devendra Mukherjee
1554726,1167083,M. Sadiq
1554758,2544213,R.C. Talwar
1164192,3189155,O.P. Dutta
1554735,1045398,Gajanan Jagirdar
304503,1023779,Chetan Anand
279228,1335588,S.U. Sunny
1554738,2026591,Kishore Sharma
745479,2787499,Harbans
320494,4211450,Jagatrai Pesumal Advani
1428000,1349555,Paul Zils
1164186,4211349,Sushil Sahu
673365,979375,Ramesh Saigal
741571,3045098,Dwarka Khosla
525170,1533883,Fali Mistry
964390,1289218,Sohrab Modi
471265,1297375,Abdul Rashid Kardar
543944,1199441,Shantaram Rajaram Vankudre
628859,3045236,Gyan Mukherjee
1554722,3515583,S.K. Ojha
1714177,1348657,Nanabhai Bhatt
307997,1706807,Shaheed Latif
348900,1678042,P.L. Santoshi
1554729,2873794,Ram Daryani
845814,3140290,Ratilal Hemchand Punatar
1554749,2581611,D.D. Kashyap
953308,1064782,Shobhna Samarth
968757,3527689,G. Rakesh
1195554,1167083,M. Sadiq
1427994,1349555,Paul Zils
305252,1416708,Kidar Nath Sharma
968788,2222195,V.M. Vyas
410341,2055080,K. Amarnath
936455,3045218,K.B. Lall
1554746,1348657,Nanabhai Bhatt
573638,606175,Bimal Roy
827341,2060709,Devendra Goel
1164177,1199493,Najam Naqvi
307862,1416708,Kidar Nath Sharma
39039,87561,Raj Kapoor
283036,1330359,Nitin Bose
546761,1050478,Amiya Chakrabarty
284801,1348657,Nanabhai Bhatt
307569,4149144,Harish
1555787,2581611,D.D. Kashyap
628849,1412404,Mahesh Kaul
302129,1973423,Agradoot
1555826,3961067,Nanubhai Vakil
308068,1348635,J.B.H. Wadia
1555839,4215244,Hira Singh
839170,1297375,Abdul Rashid Kardar
304775,2162976,Ravindra Dave
1555846,5724129,N.K. Ziree
949686,558137,Phani Majumdar
1556275,1036358,P. Jairaj
919464,2060709,Devendra Goel
154857,125354,Guru Dutt
1555785,1416708,Kidar Nath Sharma
1555825,1029054,Homi Wadia
382956,1033072,Bhagwan Dada
304253,1638106,Zia Sarhadi
426026,1043908,B.R. Chopra
744478,1416708,Kidar Nath Sharma
965201,3515583,S.K. Ojha
1164637,3152496,M.I. Dharamsey
846036,1303738,Nandlal Jaswantlal
628818,2581611,D.D. Kashyap
566218,2873794,Ram Daryani
1164632,1337426,Harnam Singh Rawail
714211,1325552,Kishore Sahu
945420,1706807,Shaheed Latif
262421,585534,K. Shankar
1194582,1167083,M. Sadiq
619079,3153123,M.V. Raman
304530,1167083,M. Sadiq
769684,1533883,Fali Mistry
1541016,3189155,O.P. Dutta
630725,3045332,Roop K. Shorey
1555852,2183595,Lekhraj Bhakri
1556276,5725680,Vijay Mhatre
945422,5235742,Brij Rani
1555823,5576995,Balwant Bhatt
1556273,1348657,Nanabhai Bhatt
1555831,1348657,Nanabhai Bhatt
876508,1297375,Abdul Rashid Kardar
725381,606175,Bimal Roy
1502275,2712548,Jagat Murari
1556279,1660067,Jagdish Sethi
336809,2544213,R.C. Talwar
846109,1678042,P.L. Santoshi
304645,1349555,Paul Zils
185552,125354,Guru Dutt
794624,1029054,Homi Wadia
302274,2026591,Kishore Sharma
1371351,2162976,Ravindra Dave
118079,14088,Mehboob Khan
845735,1678042,P.L. Santoshi
1429641,1349555,Paul Zils
159187,1081627,Vijay Bhatt
1163778,1199493,Najam Naqvi
420491,121861,Khwaja Ahmad Abbas
318594,1023779,Chetan Anand
170858,1050478,Amiya Chakrabarty
1540379,3189155,O.P. Dutta
164284,1145698,Hemen Gupta
840530,584948,S. S. Vasan
1288150,2162976,Ravindra Dave
1540392,5666523,Baij Sharma
302138,2782136,M.L. Anand
447109,558137,Phani Majumdar
945403,35250,I.S. Johar
304519,1902438,Jayant Desai
945407,3058384,Anand Kumar
1196938,4342474,Bal Chhabra
1066443,1199441,Shantaram Rajaram Vankudre
1540355,1769767,Ram Kamlani
307499,2563556,B. Trilochan
322292,1337426,Harnam Singh Rawail
277568,1199441,Shantaram Rajaram Vankudre
1540348,3189155,O.P. Dutta
306355,1050478,Amiya Chakrabarty
1674930,1043908,B.R. Chopra
1164647,1902438,Jayant Desai
307361,3531198,Manmohan Sabir
1195453,2183595,Lekhraj Bhakri
232018,606175,Bimal Roy
1300879,4758868,Akkoo
284558,1289218,Sohrab Modi
684296,2570325,Bhagwan Das Varma
54352,606175,Bimal Roy
607196,1458487,Prem Narayan Arora
826010,3079124,T. A. Abraham
121458,624980,Raja Nawathe
992905,1412404,Mahesh Kaul
876530,3045332,Roop K. Shorey
746846,2581611,D.D. Kashyap
754465,1638106,Zia Sarhadi
1538764,5576995,Balwant Bhatt
566436,979375,Ramesh Saigal
185555,125354,Guru Dutt
306425,2055080,K. Amarnath
1163677,4209195,S. Bhagat
1195489,4336784,J. Nakhshab
1540339,3396548,R.D. Mathur
521725,1344865,Chandulal Shah
845724,1342117,M. V. Raman
521282,2060203,M. Kumar
819761,3159058,Aspi Irani
605741,121861,Khwaja Ahmad Abbas
1197643,1895442,Colin Pal
714220,1050478,Amiya Chakrabarty
260674,1303738,Nandlal Jaswantlal
400372,994400,Kamal Amrohi
1193740,1029054,Homi Wadia
1108667,1199441,Shantaram Rajaram Vankudre
322329,1297375,Abdul Rashid Kardar
1557676,558137,Phani Majumdar
1019972,1145698,Hemen Gupta
199452,1333034,Ezra Mir
33544,110858,Prakash Arora
945411,1337426,Harnam Singh Rawail
307357,1710807,Mohan Segal
1628370,1081627,Vijay Bhatt
1061230,2702338,J.K. Nanda
1229452,1081627,Vijay Bhatt
71283,125354,Guru Dutt
1567912,4211450,Jagatrai Pesumal Advani
272166,14088,Mehboob Khan
719830,1145698,Hemen Gupta
277257,1199441,Shantaram Rajaram Vankudre
1203563,1710807,Mohan Segal
1567910,1050478,Amiya Chakrabarty
722759,121861,Khwaja Ahmad Abbas
222225,606175,Bimal Roy
199447,1325552,Kishore Sahu
388352,1029054,Homi Wadia
172287,606175,Bimal Roy
724942,985427,Satyen Bose
1697403,2873794,Ram Daryani
261909,1023779,Chetan Anand
306378,1167083,M. Sadiq
1000377,1043908,B.R. Chopra
1263320,3961067,Nanubhai Vakil
1538752,5660596,Rajendra Sharma
586530,2258744,J.S. Bhownagary
442016,1759078,Nandwal Jaswantlal
705941,1330359,Nitin Bose
410343,1458487,Prem Narayan Arora
840828,2055080,K. Amarnath
275703,584948,S. S. Vasan
1300839,3045218,K.B. Lall
1164652,1199493,Najam Naqvi
628853,35250,I.S. Johar
48929,87561,Raj Kapoor
981774,3569529,S. Shamsuddin
305919,1297375,Abdul Rashid Kardar
850863,624860,Amar Kumar
420829,1966360,Raj Rishi
931188,3838392,NK Ziree
66564,125354,Guru Dutt
136627,606175,Bimal Roy
519290,131907,G.P. Sippy
261017,1297375,Abdul Rashid Kardar
304267,1289218,Sohrab Modi
307541,1693613,M.K. Burman
440873,584948,S. S. Vasan
172111,1199441,Shantaram Rajaram Vankudre
172109,985427,Satyen Bose
127758,1050478,Amiya Chakrabarty
304279,1902445,Kedar Kapoor
1163670,4209183,Shamim Bhagat
172261,1974781,Arabind Sen
304163,4356925,Ramanlal Desai
172281,1161520,S. M. Sriramulu Naidu
714208,131907,G.P. Sippy
1636117,1415359,Amar Mullick
1202473,3153123,M.V. Raman
304330,1041349,Subodh Mukherji
724174,979375,Ramesh Saigal
986472,2183595,Lekhraj Bhakri
307883,1108281,Raj Khosla
936194,3241982,D.N. Madhok
581050,1335588,S.U. Sunny
326052,3189155,O.P. Dutta
1274500,2183595,Lekhraj Bhakri
1483954,3159058,Aspi Irani
708388,558137,Phani Majumdar
1164660,1689582,G.P. Pawar
1014148,543652,Ritwik Ghatak
1585202,543652,Ritwik Ghatak
1770495,4093028,Chaturbhuj Doshi
1539949,35250,I.S. Johar
306180,1035283,Asit Sen
876375,3241444,M. Sadiq
1589677,2712548,Jagat Murari
1194612,4333218,B. Mitra
307585,2055080,K. Amarnath
307598,1337426,Harnam Singh Rawail
876515,1167083,M. Sadiq
407041,125354,Guru Dutt
131242,1382357,Amit Mitra
131242,1382358,Sombhu Mitra
307502,1342117,M. V. Raman
71284,1108281,Raj Khosla
48387,1468649,Anant Thakur
1165021,4215244,Hira Singh
986473,2450822,Nisar Ahmad Ansari
485327,1033072,Bhagwan Dada
1699434,1145698,Hemen Gupta
1053553,3803054,Prabhat Kumar
395429,1043908,B.R. Chopra
740566,1325552,Kishore Sahu
485318,2544213,R.C. Talwar
307877,2569072,Pattanna
707943,1416708,Kidar Nath Sharma
71294,1710807,Mohan Segal
307791,1289218,Sohrab Modi
307774,1638106,Zia Sarhadi
1539953,1383198,Mohammed Hussain
900356,3159058,Aspi Irani
301100,624980,Raja Nawathe
745490,625291,Shakti Samanta
988558,1081627,Vijay Bhatt
1165010,1050476,N.R. Acharya
326498,1023779,Chetan Anand
1165004,935362,Chandrakant Gaur
904020,1029054,Homi Wadia
402207,1636117,Hemchandra Chunder
1398112,2712548,Jagat Murari
498729,1960607,V.R. Sharma
1770566,6478399,Raman B. Desai
917,14088,Mehboob Khan
41053,125354,Guru Dutt
1099495,3961067,Nanubhai Vakil
1087556,1806804,Dulal Guha
150108,1129825,Vasily Pronin
150108,121861,Khwaja Ahmad Abbas
1697386,2873794,Ram Daryani
1698753,1141404,Kalidas
199197,1334469,Rajbans Khanna
306357,1041349,Subodh Mukherji
1486161,1678042,P.L. Santoshi
1165039,4215328,A Karim
82246,624860,Amar Kumar
945400,2055080,K. Amarnath
140422,110286,Nasir Hussain
418648,88809,Hrishikesh Mukherjee
724526,2712548,Jagat Murari
413278,1035283,Asit Sen
1364847,1348371,S.D. Narang
1006715,3643819,Raj Rishi
48925,1043908,B.R. Chopra
164810,928872,Vijay Anand
1060843,35250,I.S. Johar
1001962,1289218,Sohrab Modi
754762,1325552,Kishore Sahu
642637,1615408,Shankar Mukherjee
1026924,3671380,Ravi Kapoor
310840,1143499,L. V. Prasad
790282,1111251,R. Krishnan
790282,1044045,S. Panju
320109,1303738,Nandlal Jaswantlal
876397,1045434,J. Om Prakash
307889,2060709,Devendra Goel
313842,1050478,Amiya Chakrabarty
313842,1330359,Nitin Bose
952296,1348657,Nanabhai Bhatt
369822,1143499,L. V. Prasad
1539963,4215328,A Karim
679931,1167083,M. Sadiq
301059,1342117,M. V. Raman
876494,1050478,Amiya Chakrabarty
794533,1035097,Joseph Thaliath Jr.
1194605,2855666,Hari Walia
1087573,1689582,G.P. Pawar
1004113,1052631,Ved Madan
1300559,121863,Prithviraj Kapoor
790662,1439054,S.N. Tripathi
786743,2281838,S.M. Yusuf
64743,985427,Satyen Bose
746830,1919324,Tara Harish
876422,3241599,P.N. Arora
697952,975051,Adurthi Subba Rao
845733,1342117,M. V. Raman
271210,980759,Pramod Chakravorty
320485,1649026,C.P. Dixit
1576476,1469454,S. N. S. Sastry
1638638,1141404,Kalidas
442992,1348371,S.D. Narang
304597,624980,Raja Nawathe
307836,606175,Bimal Roy
317216,1412404,Mahesh Kaul
1040086,625291,Shakti Samanta
318151,1412404,Mahesh Kaul
315161,1108281,Raj Khosla
485459,979375,Ramesh Saigal
275784,1108281,Raj Khosla
172290,1043908,B.R. Chopra
307991,1164782,Tatineni Prakash Rao
168069,606175,Bimal Roy
794540,1896352,R.K. Rakhan
367078,1706807,Shaheed Latif
306358,2193296,Bibhuti Mitra
396026,625291,Shakti Samanta
456448,3045083,S. Bannerjee
945401,985427,Satyen Bose
786653,1141404,Kalidas
1202423,584948,S. S. Vasan
300916,1033766,Babubhai Mistri
199170,1180847,Narendra Suri
878029,985427,Satyen Bose
1540543,131907,G.P. Sippy
628834,3045361,Vasant Joglekar
950173,1705982,Naresh Saigal
307411,1383198,Mohammed Hussain
798597,110720,O.P. Ralhan
300915,1297375,Abdul Rashid Kardar
565172,1029054,Homi Wadia
1276355,4660767,Narin Dave
630493,1167083,M. Sadiq
988737,2570325,Bhagwan Das Varma
1770670,1033766,Babubhai Mistri
1774689,2162976,Ravindra Dave
307512,1439054,S.N. Tripathi
410245,1337426,Harnam Singh Rawail
713835,1041349,Subodh Mukherji
241380,1199441,Shantaram Rajaram Vankudre
1785122,1052919,B. Ramakrishnaiah Panthulu
720093,2060709,Devendra Goel
654613,1705982,Naresh Saigal
300740,121861,Khwaja Ahmad Abbas
110847,35770,Yash Chopra
53767,125354,Guru Dutt
272213,625291,Shakti Samanta
1377907,5024837,Rakhan
304335,584948,S. S. Vasan
562668,1143499,L. V. Prasad
840810,2055081,S.K. Prabhakar
395044,88809,Hrishikesh Mukherjee
1132119,1199445,K. Narayan Kale
82567,606175,Bimal Roy
1300923,1111251,R. Krishnan
1300923,1044045,S. Panju
320482,593198,Nazir Hussain
1539967,5665071,Naseem
712445,1632313,V. Avadhoot
904061,600251,Om Prakash
1196124,1919324,Tara Harish
402194,1465275,Krishan Chopra
1558182,4606349,Noshir Engineer
952262,2450822,Nisar Ahmad Ansari
746835,1036358,P. Jairaj
1072787,1348657,Nanabhai Bhatt
307823,1919324,Tara Harish
304928,3053703,Ajit Chakrabarty
486250,1705982,Naresh Saigal
1539971,5665167,Agrawal K. Bhushan
307432,1902445,Kedar Kapoor
304986,1974781,Arabind Sen
1006650,2821638,Masood
952304,3474937,Shreeram Bohra
48388,1325552,Kishore Sahu
44519,229248,K. Asif
72576,1199441,Shantaram Rajaram Vankudre
308300,4040403,Manmohan Sabir
1069657,1468649,Anant Thakur
1069657,1383198,Mohammed Hussain
715266,2193296,Bibhuti Mitra
953305,1064782,Shobhna Samarth
1050885,1164782,Tatineni Prakash Rao
420828,1180785,Moni Bhattacharjee
1442364,979375,Ramesh Saigal
409248,1043908,B.R. Chopra
93610,1167083,M. Sadiq
324104,1348657,Nanabhai Bhatt
71296,1382359,Radhu Karmakar
116887,139210,Manmohan Desai
83595,606175,Bimal Roy
1463819,5369449,B.J. Patel
848509,3149129,Muhafiz Haider
1202722,1044045,S. Panju
1202722,1111251,R. Krishnan
284652,928872,Vijay Anand
543958,1344865,Chandulal Shah
82119,88809,Hrishikesh Mukherjee
670664,1120520,Ramanand Sagar
304584,1035451,Bhappi Sonie
1200611,4356814,Hargobind Duggal
1200611,992058,Suraj Prakash
546311,1335588,S.U. Sunny
410339,1108281,Raj Khosla
275931,625291,Shakti Samanta
1315801,4824773,Zahur Ahmad
930268,1081627,Vijay Bhatt
929095,985427,Satyen Bose
1199868,1348657,Nanabhai Bhatt
413921,1660005,R.K. Nayyar
410340,1678042,P.L. Santoshi
307619,1064553,S.M. Abbas
1195221,1028580,Brij
307874,2873794,Ram Daryani
1409778,606175,Bimal Roy
581090,3053695,Mandi Burman
1301143,4760058,Sultan
304195,1145698,Hemen Gupta
790295,1383198,Mohammed Hussain
304243,1896352,R.K. Rakhan
1010296,3656359,Jashawant Jhaweri
307517,35770,Yash Chopra
300917,1465275,Krishan Chopra
952306,3474938,Pyarelal
304217,584948,S. S. Vasan
854876,1337426,Harnam Singh Rawail
447171,1678042,P.L. Santoshi
1032665,5906217,Prabhu
1773830,1341827,Harsukh Jagneshwar Bhatt
308230,584896,C. V. Sridhar
54510,1330359,Nitin Bose
767586,1199441,Shantaram Rajaram Vankudre
1463840,4040403,Manmohan Sabir
1463840,1411616,Mohan Rathod
309189,2060709,Devendra Goel
78189,1395487,Amarjeet
78189,928872,Vijay Anand
307949,2898585,Sadashiv Rao Kavi
844889,2581611,D.D. Kashyap
418650,88809,Hrishikesh Mukherjee
1300959,4759214,Raja Yagnik
473071,1412404,Mahesh Kaul
159439,1041349,Subodh Mukherji
320228,3862955,T. Prakash Rao
308470,1145698,Hemen Gupta
307618,2696487,Dhirubhai Desai
327508,121861,Khwaja Ahmad Abbas
746882,1902445,Kedar Kapoor
306359,1807753,S.A. Akbar
307864,1662710,Mohan Kumar
306416,1615408,Shankar Mukherjee
272218,110286,Nasir Hussain
304703,1416708,Kidar Nath Sharma
55089,1033766,Babubhai Mistri
83009,88809,Hrishikesh Mukherjee
1406487,1330680,Vishram Bedekar
977369,1341827,Harsukh Jagneshwar Bhatt
746889,131907,G.P. Sippy
1301701,1710807,Mohan Segal
340007,1029054,Homi Wadia
683034,584594,A. Bhimsingh
884652,1111251,R. Krishnan
884652,1044045,S. Panju
476908,1891974,S.S. Dharwadkar
121480,88809,Hrishikesh Mukherjee
381898,1108281,Raj Khosla
48924,584594,A. Bhimsingh
109484,625291,Shakti Samanta
904395,2183595,Lekhraj Bhakri
70366,1042632,Abrar Alvi
70366,125354,Guru Dutt
410239,1044045,S. Panju
410239,1111251,R. Krishnan
377498,928871,Biren Nag
114711,558137,Phani Majumdar
316821,1195016,Lekh Tandon
414759,1052919,B. Ramakrishnaiah Panthulu
695903,2855666,Hari Walia
307621,14088,Mehboob Khan
1202460,2162976,Ravindra Dave
692156,1708422,Kundan Kumar
402083,1412404,Mahesh Kaul
515828,992058,Suraj Prakash
307514,625291,Shakti Samanta
410332,1662710,Mohan Kumar
301124,1081627,Vijay Bhatt
654801,1348371,S.D. Narang
490166,606175,Bimal Roy
845734,585534,K. Shankar
304214,593130,Rajendra Bhatia
737286,2757257,B. J. Patel
636401,1033766,Babubhai Mistri
306156,1141404,Kalidas
353811,1615408,Shankar Mukherjee
1019973,121861,Khwaja Ahmad Abbas
301063,88809,Hrishikesh Mukherjee
790299,2450822,Nisar Ahmad Ansari
304298,1919324,Tara Harish
819747,4617101,Lekhraj Bhakri
1026973,987797,B. S. Ranga
886852,2787499,Harbans
304085,2898585,Sadashiv Rao Kavi
685123,1348657,Nanabhai Bhatt
304256,1023779,Chetan Anand
845729,1660005,R.K. Nayyar
410844,1678042,P.L. Santoshi
410844,2022070,C.L. Rawal
1717335,1348657,Nanabhai Bhatt
198832,1180785,Moni Bhattacharjee
306174,1896352,R.K. Rakhan
692170,1708422,Kundan Kumar
110868,1043908,B.R. Chopra
278304,1303738,Nandlal Jaswantlal
304606,1033766,Babubhai Mistri
178529,1167083,M. Sadiq
306146,584896,C. V. Sridhar
309131,2544213,R.C. Talwar
1717382,5369449,B.J. Patel
121487,1337426,Harnam Singh Rawail
499721,2626945,Vasant Joglekar
643304,1199441,Shantaram Rajaram Vankudre
180617,1164782,Tatineni Prakash Rao
304221,1325552,Kishore Sahu
82595,606175,Bimal Roy
693090,543652,Ritwik Ghatak
304498,992058,Suraj Prakash
82903,928872,Vijay Anand
515665,3644793,K. Mishra
306361,110286,Nasir Hussain
97326,139210,Manmohan Desai
307504,110216,Jyoti Swaroop
322334,3436244,Trilak Jetley
589583,1330359,Nitin Bose
307536,625291,Shakti Samanta
1026982,3710215,Kidarnath Bansal
562661,1902445,Kedar Kapoor
91692,110720,O.P. Ralhan
301821,1383198,Mohammed Hussain
590796,1678042,P.L. Santoshi
692164,1439054,S.N. Tripathi
591598,585534,K. Shankar
564458,3025641,Radhakant
1007636,1325552,Kishore Sahu
606026,1033766,Babubhai Mistri
1202256,3054209,Jugal Kishore
1448077,2055080,K. Amarnath
1300893,4758936,Mahmood
276879,1416708,Kidar Nath Sharma
1770478,2737945,A. Shamsheer
672982,1164782,Tatineni Prakash Rao
48926,87561,Raj Kapoor
412961,1670715,Shantilal Soni
1019666,3603766,A.C. Trilogchander
326781,1023779,Chetan Anand
306134,1662710,Mohan Kumar
115235,14079,Sunil Dutt
322289,88809,Hrishikesh Mukherjee
171195,1108281,Raj Khosla
172658,985427,Satyen Bose
305893,1111251,R. Krishnan
305893,1044045,S. Panju
171494,1030412,Chandrashekhar Vaidya
308258,1966360,Raj Rishi
428621,585534,K. Shankar
412648,928871,Biren Nag
307845,2055080,K. Amarnath
786576,584607,K. S. Gopalakrishnan
1022055,4822315,Sultan
143543,625291,Shakti Samanta
1118179,3053703,Ajit Chakrabarty
1541004,1661206,Dilip Bose
310887,593132,S Khalil
440582,111274,Inder Raj Anand
672984,1765596,Vinod Kumar
1021516,3159058,Aspi Irani
904222,1660005,R.K. Nayyar
1203100,1902445,Kedar Kapoor
861262,1667163,Pramod Pati
454388,1348657,Nanabhai Bhatt
828597,2162976,Ravindra Dave
306129,1662710,Mohan Kumar
1225228,1029054,Homi Wadia
583696,2365508,Nazir
307530,2060709,Devendra Goel
306365,584594,A. Bhimsingh
845589,980759,Pramod Chakravorty
989407,3593776,Dharam Kumar
304162,1383198,Mohammed Hussain
895470,1120520,Ramanand Sagar
557901,2165011,Shriram
712456,3159058,Aspi Irani
80484,928872,Vijay Anand
82243,624980,Raja Nawathe
71299,35770,Yash Chopra
904500,3327195,Kamran Khan
168159,35250,I.S. Johar
337182,1458487,Prem Narayan Arora
1555867,1348657,Nanabhai Bhatt
309214,1120520,Ramanand Sagar
38599,1035451,Bhappi Sonie
413908,1028530,Maruti Rao
121610,4364942,S. Ram Sharma
564454,1902445,Kedar Kapoor
1555872,5369474,Danpat Rai
485315,1348657,Nanabhai Bhatt
276855,1036285,Amarjeet
885515,2787499,Harbans
82199,86365,Mehmood
76682,992058,Suraj Prakash
82194,624860,Amar Kumar
819005,3054209,Jugal Kishore
304213,1199441,Shantaram Rajaram Vankudre
172662,1081627,Vijay Bhatt
1463158,3335125,Satish Kumar
634486,1164782,Tatineni Prakash Rao
539411,584594,A. Bhimsingh
276005,1180847,Narendra Suri
324796,558137,Phani Majumdar
1262584,4606349,Noshir Engineer
584291,231347,Zul Vellani
627655,1141404,Kalidas
1449665,3025641,Radhakant
306161,1819702,Ram Maheshwari
1534020,558137,Phani Majumdar
1010301,1325552,Kishore Sahu
321104,1033766,Babubhai Mistri
679729,558137,Phani Majumdar
418651,88809,Hrishikesh Mukherjee
1101722,2247145,Pinaki Bhushan Mukherji
307840,121861,Khwaja Ahmad Abbas
1489750,935843,Adoor Gopalakrishnan
1063517,584607,K. S. Gopalakrishnan
1304752,3330540,S. Azim
308311,1383198,Mohammed Hussain
1135136,4093168,Manu Nayak
1489377,935843,Adoor Gopalakrishnan
1489382,5469876,Abdul Azeez
547200,2737945,A. Shamsheer
321428,2060709,Devendra Goel
309112,88809,Hrishikesh Mukherjee
307605,3045083,S. Bannerjee
687665,1087762,Mani Kaul
306144,1297375,Abdul Rashid Kardar
306144,229249,Dilip Kumar
302443,3159058,Aspi Irani
444988,1769767,Ram Kamlani
1699436,1145698,Hemen Gupta
1072167,3593776,Dharam Kumar
1131739,1614191,Kolli Pratyagatma
901532,3321236,Leo Lionni
901532,1090673,Giulio Gianini
307523,2022070,C.L. Rawal
1667522,3330591,S.M. Sagar
564674,1530595,John Cawas
302211,2277324,Jagdish Nirula
74067,584896,C. V. Sridhar
311318,1654669,Raghunath Jhalani
205077,1195016,Lekh Tandon
108286,928872,Vijay Anand
1420463,2015324,Naresh Kumar
306426,1035283,Asit Sen
420826,110720,O.P. Ralhan
990320,980759,Pramod Chakravorty
1203076,3159058,Aspi Irani
257284,1277848,Basu Bhattacharya
540929,1034145,S.N. Banerjee
426672,1710807,Mohan Segal
1060239,1296630,Kumar Shahani
108338,625291,Shakti Samanta
209943,88809,Hrishikesh Mukherjee
790673,1143499,L. V. Prasad
310663,1615408,Shankar Mukherjee
412829,1028580,Brij
564453,3025638,Baboobhai Bhanji
1299901,4754498,B.K. Dubey
1300920,3054209,Jugal Kishore
307967,1383198,Mohammed Hussain
418652,88809,Hrishikesh Mukherjee
1315798,4824752,M. Sabharwal
1467337,3593776,Dharam Kumar
543969,3862955,T. Prakash Rao
725101,1348635,J.B.H. Wadia
306169,1108281,Raj Khosla
344956,980759,Pramod Chakravorty
990319,3045332,Roop K. Shorey
322335,1994640,Balwant Dave
306052,1023779,Chetan Anand
758410,1044045,S. Panju
758410,1111251,R. Krishnan
1324959,625398,Raja Paranjpe
1276651,4661999,Kamran
306149,1108281,Raj Khosla
757071,1199441,Shantaram Rajaram Vankudre
304066,1028580,Brij
304792,2162976,Ravindra Dave
341480,88809,Hrishikesh Mukherjee
393269,975051,Adurthi Subba Rao
307526,1412404,Mahesh Kaul
297898,1043908,B.R. Chopra
121473,1108281,Raj Khosla
307322,110286,Nasir Hussain
304959,1383198,Mohammed Hussain
1102422,1325552,Kishore Sahu
121594,87558,Manoj Kumar
48922,928872,Vijay Anand
653632,2581611,D.D. Kashyap
862030,1199441,Shantaram Rajaram Vankudre
306370,1012424,Tapi Chanakya
295218,1173084,Ravikant Nagaich
302251,985427,Satyen Bose
1044656,2424308,Devi Sharma
140426,1784347,Ismail Memon
306160,1705982,Naresh Saigal
697975,584594,A. Bhimsingh
505968,1841804,Pachhi
87149,625291,Shakti Samanta
316013,624980,Raja Nawathe
636187,1143069,T. P. Sundaram
322242,1167083,M. Sadiq
515666,992058,Suraj Prakash
1224151,2015324,Naresh Kumar
645782,2450822,Nisar Ahmad Ansari
1026901,1412404,Mahesh Kaul
1026901,1335588,S.U. Sunny
352395,1492050,Raj Marbros
309089,1662710,Mohan Kumar
568038,1383198,Mohammed Hussain
316816,584896,C. V. Sridhar
1060243,1087762,Mani Kaul
410334,1167083,M. Sadiq
306148,2643099,Mohan J. Bijlani
714923,584948,S. S. Vasan
714923,1166249,S.S. Balan
310832,1330680,Vishram Bedekar
1276206,2737945,A. Shamsheer
850862,1325629,A. Salaam
1628363,1081627,Vijay Bhatt
833541,121861,Khwaja Ahmad Abbas
309155,2855666,Hari Walia
543942,2060369,Alo Sarkar
307340,1028580,Brij
947384,2696487,Dhirubhai Desai
258708,1438899,Samir Ganguly
413161,1180785,Moni Bhattacharjee
938693,1624922,Nabyendu Chattopadhyay
1427574,5218909,Om Patwar
911384,1971563,Yusuf Naqvi
1302123,1043322,Shiv Kumar
185132,624860,Amar Kumar
304542,1412404,Mahesh Kaul
725106,1029054,Homi Wadia
190215,88809,Hrishikesh Mukherjee
340774,1819702,Ram Maheshwari
20622,110216,Jyoti Swaroop
307428,2522798,Anand Dutta
306455,1041719,Atma Ram
603518,139210,Manmohan Desai
324870,1166249,S.S. Balan
324870,584948,S. S. Vasan
304238,1803549,Darshan Sabharwal
280244,1337426,Harnam Singh Rawail
1373761,4822315,Sultan
1741036,1667163,Pramod Pati
445396,1164782,Tatineni Prakash Rao
1276209,4660050,Kamal Sharma
127686,610747,Prakash Mehra
499179,584896,C. V. Sridhar
307884,1111251,R. Krishnan
307884,1044045,S. Panju
307222,584594,A. Bhimsingh
245015,1195016,Lekh Tandon
307394,992058,Suraj Prakash
307199,1973177,Yakub Hasan Rizvi
110846,1035451,Bhappi Sonie
514962,1710807,Mohan Segal
1517290,2193467,B.K. Adarsh
1163687,3558161,Ram Dayal
198674,1120520,Ramanand Sagar
425932,1708422,Kundan Kumar
1193457,2022070,C.L. Rawal
48927,1710787,Govind Saraiya
243826,584594,A. Bhimsingh
304177,1035283,Asit Sen
301634,1052631,Ved Madan
306171,1765596,Vinod Kumar
1244931,928872,Vijay Anand
904238,3326592,Karunesh Thakur
307434,3899852,Debu Sen
1463824,5369449,B.J. Patel
1315789,4194144,Kewal Misra
1373103,4956695,D Raman
444948,985427,Satyen Bose
1387517,3654676,Kewal P. Kashyap
1638517,121861,Khwaja Ahmad Abbas
262031,1087762,Mani Kaul
508047,1469454,S. N. S. Sastry
442984,1342117,M. V. Raman
1791855,6535451,K.K. Reddy
210923,1086288,Mrinal Sen
567895,2193467,B.K. Adarsh
343390,35770,Yash Chopra
307965,1806804,Dulal Guha
96732,625291,Shakti Samanta
308304,585534,K. Shankar
1464757,5369449,B.J. Patel
107756,1035283,Asit Sen
166874,35770,Yash Chopra
306400,1108281,Raj Khosla
307610,624860,Amar Kumar
304200,1035451,Bhappi Sonie
280242,1028580,Brij
904514,1841804,Pachhi
306384,980759,Pramod Chakravorty
48930,88809,Hrishikesh Mukherjee
307612,1035451,Bhappi Sonie
307609,1195016,Lekh Tandon
410306,1654669,Raghunath Jhalani
316660,992058,Suraj Prakash
316807,121861,Khwaja Ahmad Abbas
258413,593017,Basu Chatterjee
388936,1041411,Narendra Bedi
1276314,1348371,S.D. Narang
1537569,5656222,A. Shamsheer
213183,110720,O.P. Ralhan
904382,584594,A. Bhimsingh
308089,1195016,Lekh Tandon
1150356,2706567,G.K. Gokhale
768788,1164782,Tatineni Prakash Rao
1661298,3474937,Shreeram Bohra
316974,1660005,R.K. Nayyar
307328,975051,Adurthi Subba Rao
543950,1028580,Brij
410852,2060709,Devendra Goel
1247651,3647266,Mohan J. Bijlani
1247651,4547771,Devraj
1369953,1033766,Babubhai Mistri
307452,975051,Adurthi Subba Rao
1687628,2450822,Nisar Ahmad Ansari
714147,584948,S. S. Vasan
665667,174470,Harmesh Malhotra
308293,88809,Hrishikesh Mukherjee
1422996,1412404,Mahesh Kaul
318174,1108281,Raj Khosla
413610,1710807,Mohan Segal
442706,1615408,Shankar Mukherjee
1667510,2450822,Nisar Ahmad Ansari
402064,632547,Motilal
308235,4823870,Y.B. Siraj
586337,1143499,L. V. Prasad
322325,3335061,Ramanna
306446,110286,Nasir Hussain
904565,1036354,Chand
1315803,4194144,Kewal Misra
304919,1662710,Mohan Kumar
721692,2701749,Rajkumar Bedi
262352,977890,Malliyam Rajagopal
1770568,1325552,Kishore Sahu
21466,87561,Raj Kapoor
300337,585578,P. Madhavan
505427,1035451,Bhappi Sonie
591920,979375,Ramesh Saigal
1667575,3327195,Kamran Khan
1335704,4892593,Chand
121465,1705981,Mukul Dutt
1667548,6132270,A. Zahoor
509698,5224022,Kotayya Pratyagatma
1687540,1028530,Maruti Rao
304557,1035283,Asit Sen
306387,584594,A. Bhimsingh
317866,975051,Adurthi Subba Rao
1431687,5236196,Shamshuddin
33103,87558,Manoj Kumar
232790,1109584,V. Madhusudhan Rao
308310,2661935,Vijay
364973,1023779,Chetan Anand
306368,562285,Dev Anand
232492,139210,Manmohan Desai
261016,928872,Vijay Anand
192723,1173084,Ravikant Nagaich
687601,1164782,Tatineni Prakash Rao
318146,3335061,Ramanna
319955,985427,Satyen Bose
615193,1109584,V. Madhusudhan Rao
304983,1383198,Mohammed Hussain
101834,593130,Rajendra Bhatia
307572,1654669,Raghunath Jhalani
300918,593003,Rajinder Singh Bedi
172671,1148033,Chander Vohra
322364,625291,Shakti Samanta
581041,2359135,Sunder Dar
499228,624980,Raja Nawathe
1650535,4262778,S. Krishnaswamy
590797,1462857,S. Sukhdev
1017690,1667163,Pramod Pati
517272,1330680,Vishram Bedekar
304191,584896,C. V. Sridhar
311422,1710807,Mohan Segal
933470,1109584,V. Madhusudhan Rao
1342211,4050729,Madan Bavaria
112053,1087762,Mani Kaul
48928,1035283,Asit Sen
712463,1052631,Ved Madan
116854,1064552,Arjun Hingorani
713834,1705982,Naresh Saigal
370869,1041425,B. R. Ishara
1078398,3889990,Rajesh Nahta
1369909,3054217,Amrit Kapahi
761997,1832591,Jugal Kishore
631685,1067308,Sohanlal Kanwar
985655,2314706,Khalid Akhtar
144118,1120520,Ramanand Sagar
768402,1033766,Babubhai Mistri
1553091,1296630,Kumar Shahani
628833,1173084,Ravikant Nagaich
1196074,1710787,Govind Saraiya
311336,593130,Rajendra Bhatia
26237,88809,Hrishikesh Mukherjee
1369912,4994674,Kewal Mishra
317633,3498493,K.B. Tilak
83648,88140,Gulzar
464315,1694089,Sushil Majumdar
712457,1043322,Shiv Kumar
308253,610747,Prakash Mehra
516004,1033766,Babubhai Mistri
304701,585307,M.A. Thirumugham
307349,1199441,Shantaram Rajaram Vankudre
306162,142627,Randhir Kapoor
1179065,1462857,S. Sukhdev
136216,1611629,K. Pratyagatma
306396,110286,Nasir Hussain
103865,1108281,Raj Khosla
104350,1662710,Mohan Kumar
265326,14079,Sunil Dutt
345986,1807753,S.A. Akbar
840814,2055080,K. Amarnath
945188,1173084,Ravikant Nagaich
330380,1438899,Samir Ganguly
114433,562285,Dev Anand
433250,1335734,K. S. R. Das
381114,1337426,Harnam Singh Rawail
262868,110216,Jyoti Swaroop
268941,85446,Ramesh Sippy
435903,1029054,Homi Wadia
317371,625291,Shakti Samanta
242313,110720,O.P. Ralhan
407815,1081627,Vijay Bhatt
1537557,35250,I.S. Johar
276448,980759,Pramod Chakravorty
1286765,1085781,Surendra Mohan
1731582,1878129,Niranjan
1614142,1330359,Nitin Bose
231449,88809,Hrishikesh Mukherjee
264405,1087762,Mani Kaul
623560,1028580,Brij
1186019,1342117,M. V. Raman
402050,1277848,Basu Bhattacharya
936195,585534,K. Shankar
363024,88809,Hrishikesh Mukherjee
309120,121861,Khwaja Ahmad Abbas
452080,1813173,K. Ramanlal
418655,625291,Shakti Samanta
712442,1325629,A. Salaam
700440,2625831,Prem Kapoor
1395173,4659992,Qamar Narvi
432523,928872,Vijay Anand
484498,86366,Kishore Kumar
758393,1044045,S. Panju
758393,1111251,R. Krishnan
509816,88139,Deven Verma
1186060,2015324,Naresh Kumar
322320,565174,Sudhendu Roy
772867,1086288,Mrinal Sen
1048523,3054209,Jugal Kishore
1369946,1325629,A. Salaam
660415,1125419,Brij Katyal
514955,584896,C. V. Sridhar
405999,1649026,C.P. Dixit
1304747,4660050,Kamal Sharma
273853,1166249,S.S. Balan
154314,1036285,Amarjeet
407818,1611625,Ram Maheshwary
911771,935362,Chandrakant Gaur
845732,3139953,K. B. Tilak
307734,3330591,S.M. Sagar
911607,3335061,Ramanna
849407,1180785,Moni Bhattacharjee
406489,1173084,Ravikant Nagaich
1342082,4917659,Surendar Chawdhary
1207144,1041719,Atma Ram
1755237,585308,T. R. Ramanna
367714,610747,Prakash Mehra
35751,85446,Ramesh Sippy
60389,88809,Hrishikesh Mukherjee
464596,1335734,K. S. R. Das
306397,935362,Chandrakant Gaur
172678,1067308,Sohanlal Kanwar
257138,1296630,Kumar Shahani
1341942,1491147,Chidananda Das Gupta
325891,3653604,Naresh Kumar
274591,1043908,B.R. Chopra
29534,625291,Shakti Samanta
1751056,585308,T. R. Ramanna
319756,593130,Rajendra Bhatia
1400612,1540332,Ashok Roy
82439,88140,Gulzar
131156,1710807,Mohan Segal
54966,994400,Kamal Amrohi
304135,230973,Tapan Sinha
174061,1705981,Mukul Dutt
300921,88809,Hrishikesh Mukherjee
333656,139210,Manmohan Desai
362296,1173084,Ravikant Nagaich
287901,88140,Gulzar
301192,3330591,S.M. Sagar
64864,1046480,S. Ramanathan
306385,1032627,Saawan Kumar Tak
276864,87558,Manoj Kumar
240979,1041411,Narendra Bedi
1225834,585578,P. Madhavan
307534,1806804,Dulal Guha
746120,1293652,John Abraham
746120,1492050,Raj Marbros
410246,593017,Basu Chatterjee
103429,1028580,Brij
172681,625291,Shakti Samanta
1040595,1036354,Chand
393615,1166249,S.S. Balan
304625,2314706,Khalid Akhtar
320483,1780302,Kalpataru
325889,3159058,Aspi Irani
319956,584594,A. Bhimsingh
410243,610747,Prakash Mehra
1093897,1420083,A. Veerappan
319570,585534,K. Shankar
224566,1019956,Tulsi Ramsay
310782,1350037,Jambulingam
911632,139210,Manmohan Desai
1081854,1041425,B. R. Ishara
1071271,3862955,T. Prakash Rao
301626,1458487,Prem Narayan Arora
1400585,1773023,Shibu Mitra
190873,1041425,B. R. Ishara
833112,1143499,L. V. Prasad
618998,1894062,Samar Chatterjee
758403,1649026,C.P. Dixit
673366,3654676,Kewal P. Kashyap
300919,1035283,Asit Sen
946462,1064553,S.M. Abbas
1159572,4194144,Kewal Misra
819817,1033766,Babubhai Mistri
614176,2357655,B. Padmanabham
322340,1012424,Tapi Chanakya
302136,585534,K. Shankar
107552,1041719,Atma Ram
301220,1036355,Feroz Khan
1163663,3326592,Karunesh Thakur
547015,1116656,Vinod Pande
911776,1041425,B. R. Ishara
586183,2257201,Prakash Verma
822712,3067107,Jagannath Chatterjee
911728,985427,Satyen Bose
267786,12160,Satyajit Ray
948460,1469454,S. N. S. Sastry
1555877,1149243,B. Gupta
96149,1654669,Raghunath Jhalani
259399,139210,Manmohan Desai
46619,110286,Nasir Hussain
1667532,1383198,Mohammed Hussain
160148,88809,Hrishikesh Mukherjee
21496,87561,Raj Kapoor
1193539,1041425,B. R. Ishara
103236,610747,Prakash Mehra
103931,1087762,Mani Kaul
391726,1035451,Bhappi Sonie
82177,593130,Rajendra Bhatia
103558,584594,A. Bhimsingh
376825,174470,Harmesh Malhotra
75352,88809,Hrishikesh Mukherjee
170859,35770,Yash Chopra
613705,1013690,Hiren Nag
180271,1043908,B.R. Chopra
884805,1985407,Sultan Ahmed
1335698,1028530,Maruti Rao
319774,1731194,Kanak Mishra
557186,1046480,S. Ramanathan
121129,980759,Pramod Chakravorty
968402,70403,Dara Singh
48386,88140,Gulzar
275919,624980,Raja Nawathe
464441,1383198,Mohammed Hussain
300757,592998,Sachin Bhowmick
413901,562285,Dev Anand
509703,3333162,Shyam Ralhan
305833,2515168,Subhash Mukherjee
304984,1023779,Chetan Anand
341482,565174,Sudhendu Roy
365585,1528041,O.P. Goyle
464591,1173084,Ravikant Nagaich
1667535,6132258,Satram Rohera
307868,3665005,R.K. Bannerjee
464590,1036354,Chand
420825,593003,Rajinder Singh Bedi
515694,1067310,Ved Rahi
464583,1108281,Raj Khosla
307513,1108281,Raj Khosla
1433555,5244029,R N Goswami
499236,35770,Yash Chopra
743239,1412404,Mahesh Kaul
307603,14072,S. Ali Raza
951706,585534,K. Shankar
1026905,3600078,Murugan Kumaran
306394,1023779,Chetan Anand
302182,1064552,Arjun Hingorani
303347,928872,Vijay Anand
1225485,4460349,Mukul Dutt
763218,975051,Adurthi Subba Rao
305234,3099850,Gogi Anand
509817,565174,Sudhendu Roy
418657,610747,Prakash Mehra
307788,88139,Deven Verma
1040246,1379330,Ravi Tandon
1290226,927868,Dev Kishan
212048,1041425,B. R. Ishara
509709,3331887,Hari Dutt
319953,1120520,Ramanand Sagar
1511500,5556048,Kuldeep Chand Agarwal
1454397,1383198,Mohammed Hussain
848074,1891348,Sikandar Khanna
307901,584896,C. V. Sridhar
499718,1708422,Kundan Kumar
1684054,6132258,Satram Rohera
243855,1032627,Saawan Kumar Tak
171492,114636,Shyam Benegal
709267,2357655,B. Padmanabham
604182,230973,Tapan Sinha
125292,87558,Manoj Kumar
994826,3456559,C.V. Rajendran
159365,1041411,Narendra Bedi
400451,1806804,Dulal Guha
108141,593017,Basu Chatterjee
410237,1540332,Ashok Roy
109365,85894,Mahesh Bhatt
740760,1843922,Anand Sagar
104722,1379330,Ravi Tandon
133583,625291,Shakti Samanta
168987,1045434,J. Om Prakash
305839,584594,A. Bhimsingh
301619,625291,Shakti Samanta
304245,610747,Prakash Mehra
911720,3335401,Omi Bedi
911720,1099585,Rajesh Agarwal
616573,1334469,Rajbans Khanna
528443,2031115,Ramesh Lakhanpal
1667514,5063267,Mahesh Sandilya
47861,593172,Anil Ganguly
307405,139210,Manmohan Desai
546314,935362,Chandrakant Gaur
128684,1298672,Awtar Krishna Kaul
848518,562285,Dev Anand
109457,1046526,Madan Sinha
509712,1661206,Dilip Bose
591943,1041719,Atma Ram
432516,213158,K. S. Prakash Rao
1428303,2193467,B.K. Adarsh
71297,1974781,Arabind Sen
509746,1081645,Deepak Bahry
541865,1350037,Jambulingam
307871,1143499,L. V. Prasad
346165,4534726,Raj Tilak
304658,1277848,Basu Bhattacharya
618320,992058,Suraj Prakash
411499,86366,Kishore Kumar
464592,1041411,Narendra Bedi
213851,86365,Mehmood
413493,1710807,Mohan Segal
934449,3411106,Kantilal Rathod
300712,35250,I.S. Johar
442996,88809,Hrishikesh Mukherjee
590803,1046478,Prayag Raj
925268,585534,K. Shankar
307170,121861,Khwaja Ahmad Abbas
464018,995132,Sadhana Shivdasani
894111,593017,Basu Chatterjee
1200173,1892637,Om Prakash Sharma
1228877,4473156,Shahid Lal
1576544,1469454,S. N. S. Sastry
237743,1268416,S.R. Puttanna Kanagal
107800,110721,Shammi Kapoor
904789,1555640,Vijay Reddy
563011,1041425,B. R. Ishara
307838,1041719,Atma Ram
522384,593130,Rajendra Bhatia
108384,1044045,S. Panju
108384,1111251,R. Krishnan
307368,1662710,Mohan Kumar
897613,2450822,Nisar Ahmad Ansari
464020,1841804,Pachhi
325893,1046478,Prayag Raj
423833,1332769,Prem Prakash
495816,2643099,Mohan J. Bijlani
509702,3330591,S.M. Sagar
911724,1331460,Yeshwant Pethkar
1048728,3786941,Himmat Dave
988501,3333162,Shyam Ralhan
936197,3054209,Jugal Kishore
1235376,4496943,Vijaya Mulay
1235376,1567581,Bhimsain
12259,85446,Ramesh Sippy
199798,88809,Hrishikesh Mukherjee
22460,35770,Yash Chopra
551498,618696,Mohan Choti
21459,88809,Hrishikesh Mukherjee
1753839,5475126,Rajendra Nath Shukla
1323127,1086492,Girish Kasaravalli
306150,2060709,Devendra Goel
1144134,1141397,Arun Bhatt
59277,88140,Gulzar
101747,1028580,Brij
543715,1035283,Asit Sen
304297,174470,Harmesh Malhotra
198524,114636,Shyam Benegal
587432,1469454,S. N. S. Sastry
1226041,1806804,Dulal Guha
504391,88809,Hrishikesh Mukherjee
272668,1325629,A. Salaam
1193073,85373,Biswajeet Chatterjee
107564,88140,Gulzar
1520136,6187299,Rajkumar
213729,228989,Ravi Chopra
125216,584246,K. S. Sethumadhavan
284495,1033070,Vijay Sharma
108377,1036355,Feroz Khan
276230,1041411,Narendra Bedi
83910,88140,Gulzar
559131,1773023,Shibu Mitra
300717,1045434,J. Om Prakash
505992,1108281,Raj Khosla
309150,1173084,Ravikant Nagaich
509750,1320069,B.S. Thapa
297553,1119816,Anand Patwardhan
117788,142627,Randhir Kapoor
311968,1277848,Basu Bhattacharya
1152995,1352908,Joginder Shelly
177502,1379330,Ravi Tandon
396128,1615408,Shankar Mukherjee
407635,1654669,Raghunath Jhalani
307786,2381841,Dulal Guha
464430,980759,Pramod Chakravorty
609729,1173084,Ravikant Nagaich
1463831,5369449,B.J. Patel
118347,1067308,Sohanlal Kanwar
244455,1013690,Hiren Nag
302249,585534,K. Shankar
1337748,1325629,A. Salaam
1224036,4454294,Kailash Bhandari
1667560,1041425,B. R. Ishara
1602753,5893801,B.D. Garga
410849,1729268,Naresh Kumar
236299,1180847,Narendra Suri
323055,1067308,Sohanlal Kanwar
320116,1041425,B. R. Ishara
695835,1891348,Sikandar Khanna
304132,1842712,Raja Thakur
991196,3599096,Jitu Thakar
453292,114636,Shyam Benegal
275775,1141404,Kalidas
1520133,2625831,Prem Kapoor
285363,1019956,Tulsi Ramsay
285363,1019955,Shyam Ramsay
432137,1041719,Atma Ram
1071270,1350037,Jambulingam
558505,1902445,Kedar Kapoor
242826,114636,Shyam Benegal
991468,3600078,Murugan Kumaran
280272,943162,Rajkumar Kohli
73443,35770,Yash Chopra
819763,3330591,S.M. Sagar
1611592,1043325,Saeed Akhtar Mirza
104724,1806804,Dulal Guha
307906,86365,Mehmood
1452360,230978,Sai Paranjape
801337,2993672,Nina Shivdasani Rovshen
1611596,2632606,Ashok Ahuja
240307,1093885,Tarun Majumdar
170645,610747,Prakash Mehra
304294,1438899,Samir Ganguly
1667591,6132342,Manik Prem
304569,1438899,Samir Ganguly
212045,1028580,Brij
107736,1036354,Chand
232706,1337426,Harnam Singh Rawail
410336,1035283,Asit Sen
911634,3335125,Satish Kumar
667053,4325958,Sunder Dar
1193040,1708422,Kundan Kumar
307814,593172,Anil Ganguly
71756,593017,Basu Chatterjee
647464,1383198,Mohammed Hussain
244493,1279754,Jagdev Bhambri
278577,99710,Vidhu Vinod Chopra
445383,980759,Pramod Chakravorty
543721,1973177,Yakub Hasan Rizvi
309151,53978,Subhash Ghai
476933,1108281,Raj Khosla
96162,593017,Basu Chatterjee
107964,1041411,Narendra Bedi
97335,928872,Vijay Anand
302154,1649026,C.P. Dixit
275934,110721,Shammi Kapoor
185123,1337442,Madan Mohla
1427567,1352908,Joginder Shelly
300924,1037351,Aruna Raje
300924,1612244,Vikas Desai
304905,1662710,Mohan Kumar
277138,1379330,Ravi Tandon
276050,1773023,Shibu Mitra
520764,1806804,Dulal Guha
147195,585307,M.A. Thirumugham
809477,1023779,Chetan Anand
242730,1148033,Chander Vohra
413892,1120520,Ramanand Sagar
742911,88809,Hrishikesh Mukherjee
87697,935362,Chandrakant Gaur
347839,625291,Shakti Samanta
1193575,4329227,Hk Verma
509743,1035285,Bolu Khosla
1553119,2186146,Bhupen Hazarika
509707,1035451,Bhappi Sonie
142139,990777,Rakesh Kumar
38022,139210,Manmohan Desai
80556,12160,Satyajit Ray
207377,139210,Manmohan Desai
96158,86019,Asrani
307690,1567581,Bhimsain
307851,625291,Shakti Samanta
213188,139210,Manmohan Desai
495799,4359622,Pothina Doondeswara Rao
197388,980759,Pramod Chakravorty
258709,3671143,Ashok V. Bhushan
464584,1064552,Arjun Hingorani
271915,88809,Hrishikesh Mukherjee
210915,1173958,Ramesh Talwar
303102,1045434,J. Om Prakash
78819,114636,Shyam Benegal
299139,1377827,Ram Rano
299139,1980830,Ram Mukherjee
299139,1770958,Rono Mukherjee
261156,88140,Gulzar
822272,3065321,Balraj Tah
304257,1618613,Desh Mukerji
515831,1046478,Prayag Raj
284614,1086288,Mrinal Sen
464445,1843925,R.G. Thaker
464443,1843922,Anand Sagar
302143,1320069,B.S. Thapa
402040,593017,Basu Chatterjee
193568,110212,Raj N. Sippy
304095,1540332,Ashok Roy
306140,1026445,Sanjay Khan
326486,1277848,Basu Bhattacharya
304160,2060709,Devendra Goel
543723,1081627,Vijay Bhatt
144407,1043908,B.R. Chopra
743234,1143499,L. V. Prasad
275877,1195016,Lekh Tandon
911768,1033883,Mehul Kumar
413891,625291,Shakti Samanta
1070027,565174,Sudhendu Roy
410269,139210,Manmohan Desai
192535,88140,Gulzar
301066,1032627,Saawan Kumar Tak
1717322,985427,Satyen Bose
1422976,5200513,Kishore Miskan
307483,1119740,Raj Tilak
542003,237706,K. Balachander
304205,1064553,S.M. Abbas
509992,230973,Tapan Sinha
543947,1035424,K. Bapayya
543941,1035451,Bhappi Sonie
303966,1173084,Ravikant Nagaich
1530109,1710807,Mohan Segal
300333,1041719,Atma Ram
911597,3335029,Prahlad Sharma
304273,1540332,Ashok Roy
911655,1902445,Kedar Kapoor
150731,110286,Nasir Hussain
813248,584246,K. S. Sethumadhavan
847071,1173084,Ravikant Nagaich
514508,1023779,Chetan Anand
304746,1540332,Ashok Roy
180614,1165794,Shatrujit Paul
819861,85894,Mahesh Bhatt
833800,1009435,Esmayeel Shroff
307496,1045434,J. Om Prakash
1194207,4194144,Kewal Misra
628864,3834591,Din Dayal Sharma
618166,88809,Hrishikesh Mukherjee
353808,1536796,Irshad
303726,1081645,Deepak Bahry
274586,987442,Joy Mukherjee
316162,946765,C. P. Jambulingam
502548,1971563,Yusuf Naqvi
991567,565168,Ram Kelkar
365014,1525844,Pushparaj
978801,3559986,Alwahid
509989,1085781,Surendra Mohan
1278832,1705982,Naresh Saigal
33104,110109,Chandra Barot
143975,87561,Raj Kapoor
173720,114636,Shyam Benegal
108016,35770,Yash Chopra
320484,2031115,Ramesh Lakhanpal
33461,99769,Krishna Shah
300925,1013690,Hiren Nag
170863,562285,Dev Anand
1016273,584747,R. Thyagarajan
172687,1108281,Raj Khosla
389558,1043908,B.R. Chopra
306442,1891348,Sikandar Khanna
128082,1043325,Saeed Akhtar Mirza
493323,1348371,S.D. Narang
307365,1500801,Muzaffar Ali
522180,4758986,T.K. Prasad
464438,980759,Pramod Chakravorty
850865,985427,Satyen Bose
1196110,2149162,Ketan Anand
177667,1276100,Ramesh Behl
46622,593017,Basu Chatterjee
303383,1985407,Sultan Ahmed
850476,14079,Sunil Dutt
335273,114636,Shyam Benegal
988251,3124987,Siraj Ayesha Sayani
307501,1654669,Raghunath Jhalani
378672,3462697,Manik Chatterjee
213189,53978,Subhash Ghai
107798,1041425,B. R. Ishara
304496,174470,Harmesh Malhotra
308069,1438899,Samir Ganguly
304071,1438899,Samir Ganguly
71298,610747,Prakash Mehra
518954,1046480,S. Ramanathan
673369,1379330,Ravi Tandon
249514,1540332,Ashok Roy
1060834,1670715,Shantilal Soni
407358,1085636,Naresh Kumar
695952,2610954,Amrit Nahata
304517,174470,Harmesh Malhotra
515670,2060709,Devendra Goel
911635,1335262,Dasari Narayana Rao
46382,593017,Basu Chatterjee
911638,3330591,S.M. Sagar
104438,593172,Anil Ganguly
461792,88139,Deven Verma
552097,88809,Hrishikesh Mukherjee
326053,1277848,Basu Bhattacharya
590806,866266,Babbar Subhash
424246,593017,Basu Chatterjee
766444,2863257,R. Bhattacharya
307853,1974781,Arabind Sen
619431,2361588,Ramesh Ahuja
509813,1819702,Ram Maheshwari
464587,1035424,K. Bapayya
1517275,5580138,K. Pervez
243625,99710,Vidhu Vinod Chopra
306136,2060369,Alo Sarkar
1324968,2563553,Kishore Khanna
306382,593017,Basu Chatterjee
543731,2424485,Satpal
543725,3671143,Ashok V. Bhushan
509819,1032627,Saawan Kumar Tak
108399,593017,Basu Chatterjee
745065,228989,Ravi Chopra
482182,1019956,Tulsi Ramsay
482182,1019955,Shyam Ramsay
701558,2629617,Dinesh Raval
107230,593017,Basu Chatterjee
307607,2277324,Jagdish Nirula
30066,88809,Hrishikesh Mukherjee
619009,1043955,Ambrish Sangal
304129,585308,T. R. Ramanna
30627,35770,Yash Chopra
161433,139210,Manmohan Desai
432693,1731194,Kanak Mishra
312539,593017,Basu Chatterjee
304526,985427,Satyen Bose
146096,85894,Mahesh Bhatt
305906,1120520,Ramanand Sagar
241174,943162,Rajkumar Kohli
204848,1028457,Manmohan Krishna
65106,625291,Shakti Samanta
304212,53978,Subhash Ghai
247430,88140,Gulzar
618968,4050729,Madan Bavaria
276856,1277848,Basu Bhattacharya
307755,1806804,Dulal Guha
44059,593017,Basu Chatterjee
432508,1730646,Rajat Rakshit
587126,1379330,Ravi Tandon
308228,1784347,Ismail Memon
302180,88809,Hrishikesh Mukherjee
911605,3335057,Prem Sagar
83832,544978,K. Viswanath
65804,990777,Rakesh Kumar
86291,593017,Basu Chatterjee
602799,2314702,S.k luthra
221050,85733,Tinnu Anand
410241,1730646,Rajat Rakshit
319960,1710807,Mohan Segal
1302479,2101547,P.S. Prakash
1302479,1550346,B. Vittalacharya
382613,99769,Krishna Shah
875816,1325594,Kuljit Pal
304909,3867115,Surindara Suri
991823,1067308,Sohanlal Kanwar
307808,1013690,Hiren Nag
850621,2132045,Prashant Nanda
304302,987471,Rama Rao Tatineni
410282,1081645,Deepak Bahry
322366,1773023,Shibu Mitra
391101,1600331,N D Kothari
272859,1173084,Ravikant Nagaich
1166865,86366,Kishore Kumar
766526,238027,Bharathiraja
538612,2094260,S u syed
911642,1036354,Chand
1360042,593017,Basu Chatterjee
495790,3332050,Harsh Kohli
1200147,4354896,Sudarshan
974620,1491147,Chidananda Das Gupta
1076143,593017,Basu Chatterjee
850781,3158391,Vijay Kapoor
306414,86365,Mehmood
616210,2363712,Prakash Kapoor
315244,1019956,Tulsi Ramsay
315244,1019955,Shyam Ramsay
1441360,70403,Dara Singh
1480307,1360036,Raman Kumar
306381,1616972,Nazar Khan
1773611,1173084,Ravikant Nagaich
911907,992058,Suraj Prakash
285753,1025757,Bapu
143844,1108281,Raj Khosla
31235,85446,Ramesh Sippy
1463159,1773023,Shibu Mitra
54442,990777,Rakesh Kumar
14478,1173672,Latif Faiziyev
14478,1041346,Umesh Mehra
173728,230978,Sai Paranjape
320260,1973241,Harish Shah
183659,1036355,Feroz Khan
23715,53978,Subhash Ghai
338644,1026445,Sanjay Khan
168498,228989,Ravi Chopra
103998,1035424,K. Bapayya
277032,987471,Rama Rao Tatineni
101737,928872,Vijay Anand
127772,1085781,Surendra Mohan
619006,1043955,Ambrish Sangal
307219,992984,K. C. Bokadia
1197700,1335262,Dasari Narayana Rao
60730,88809,Hrishikesh Mukherjee
432510,1673832,Parvataneni Sambasiva Rao
190213,544984,Govind Nihalani
304180,1045434,J. Om Prakash
407816,1654669,Raghunath Jhalani
308200,1043908,B.R. Chopra
325733,1067310,Ved Rahi
1280481,4676162,Yogi Kathuria
501099,1108281,Raj Khosla
415403,1037351,Aruna Raje
415403,1612244,Vikas Desai
306073,1116656,Vinod Pande
509696,1020210,Vijay Sadanah
308023,1195016,Lekh Tandon
307193,593017,Basu Chatterjee
274753,593172,Anil Ganguly
504452,2926653,S. M. Sagar
509747,593017,Basu Chatterjee
515832,1325629,A. Salaam
353813,1019955,Shyam Ramsay
353813,1019956,Tulsi Ramsay
346167,1819702,Ram Maheshwari
557858,1072010,Swaroop Kumar
309689,1028580,Brij
307590,14596,Danny Denzongpa
819803,1764307,Veerendra
1325080,1035424,K. Bapayya
366120,238027,Bharathiraja
1271330,1843922,Anand Sagar
83314,1032627,Saawan Kumar Tak
213852,987471,Rama Rao Tatineni
504425,593172,Anil Ganguly
300312,1009435,Esmayeel Shroff
617831,2206624,Meraj
1200207,88140,Gulzar
1200207,1462857,S. Sukhdev
511746,625291,Shakti Samanta
113024,610747,Prakash Mehra
308056,562285,Dev Anand
256048,1087762,Mani Kaul
300335,1141404,Kalidas
341485,985427,Satyen Bose
644676,121861,Khwaja Ahmad Abbas
912005,1902445,Kedar Kapoor
501094,237252,K Raghavendra Rao
304209,1325629,A. Salaam
257641,1087762,Mani Kaul
911831,1032627,Saawan Kumar Tak
468624,1019955,Shyam Ramsay
468624,1019956,Tulsi Ramsay
1173887,866266,Babbar Subhash
87168,1043325,Saeed Akhtar Mirza
1766943,2021405,S.U. Syed
407824,1007697,Rahul Rawail
388687,1593332,Rabindra Dharmaraj
506065,1028580,Brij
607478,584388,Rajashekar
384993,1081645,Deepak Bahry
1598761,5427289,Yash Chaudhary
67605,139210,Manmohan Desai
1781604,174470,Harmesh Malhotra
573973,1540038,Vishnu Mathur
543959,584385,K. Vijayan
71303,1500801,Muzaffar Ali
173726,114636,Shyam Benegal
413536,1806804,Dulal Guha
602237,1540332,Ashok Roy
161792,237706,K. Balachander
1587759,5839984,Naeem Basit
94970,12160,Satyajit Ray
316871,1411792,Vijay B.
307500,1173084,Ravikant Nagaich
314818,4556727,Нарьяна Рао Дасари
272334,110286,Nasir Hussain
495820,1173958,Ramesh Talwar
1157370,230433,Vinay Shukla
71301,610747,Prakash Mehra
121125,85733,Tinnu Anand
510461,1143734,Shomu Mukherjee
305341,14079,Sunil Dutt
298552,1045434,J. Om Prakash
82578,87558,Manoj Kumar
84693,88809,Hrishikesh Mukherjee
306423,1023779,Chetan Anand
303424,1064552,Arjun Hingorani
60392,230978,Sai Paranjape
327509,1611663,Biplab Roy Chowdhury
271816,625291,Shakti Samanta
507412,1043955,Ambrish Sangal
723663,1087762,Mani Kaul
590811,1773023,Shibu Mitra
482189,1019955,Shyam Ramsay
482189,1019956,Tulsi Ramsay
104565,1036354,Chand
768059,99710,Vidhu Vinod Chopra
911843,1274587,S V Rajendra Singh Babu
306039,53978,Subhash Ghai
28472,35770,Yash Chopra
509629,987471,Rama Rao Tatineni
243837,1019955,Shyam Ramsay
912004,1438899,Samir Ganguly
911850,3333162,Shyam Ralhan
410281,1007697,Rahul Rawail
206198,1188563,Dilip Naik
495823,1442141,Kashinath
509879,1108281,Raj Khosla
499740,1009435,Esmayeel Shroff
765945,1773023,Shibu Mitra
703943,1195016,Lekh Tandon
1200369,2926732,Tanvir Ahmed
1047739,1843922,Anand Sagar
315243,1119740,Raj Tilak
308212,1173084,Ravikant Nagaich
945387,174470,Harmesh Malhotra
159420,990777,Rakesh Kumar
1400592,1036354,Chand
1400592,5112690,M. Maroof
285374,1019956,Tulsi Ramsay
285374,1019955,Shyam Ramsay
448453,1173084,Ravikant Nagaich
309147,1731194,Kanak Mishra
507292,980759,Pramod Chakravorty
315256,1019955,Shyam Ramsay
315256,1019956,Tulsi Ramsay
731797,2737949,Akbar Balam
619002,1276100,Ramesh Behl
308250,1310402,Irshad
55820,223171,Arun Jaitley
911908,2302071,R.P. Swamy
19887,866266,Babbar Subhash
305224,1710807,Mohan Segal
543965,1108281,Raj Khosla
259042,569192,Sagar Sarhadi
305834,1541408,Govind Moonis
218788,53978,Subhash Ghai
303372,1009435,Esmayeel Shroff
383847,987471,Rama Rao Tatineni
382989,88140,Gulzar
33145,110212,Raj N. Sippy
1092664,1500801,Muzaffar Ali
238134,544984,Govind Nihalani
961545,2632606,Ashok Ahuja
808947,1873947,Velu Viswanadhan
96156,85894,Mahesh Bhatt
81253,87561,Raj Kapoor
922563,14079,Sunil Dutt
51615,610747,Prakash Mehra
159487,85446,Ramesh Sippy
107243,1041411,Narendra Bedi
21984,88140,Gulzar
102874,593017,Basu Chatterjee
992309,186059,V. B. Rajendra Prasad
45667,1143184,Kapil Kapoor
543735,1041346,Umesh Mehra
496526,943162,Rajkumar Kohli
218111,1360036,Raman Kumar
401762,88809,Hrishikesh Mukherjee
680301,1037351,Aruna Raje
680301,1612244,Vikas Desai
303346,239766,Sisir Misra
520515,1043955,Ambrish Sangal
514727,584896,C. V. Sridhar
326494,139210,Manmohan Desai
603527,1025757,Bapu
769597,1081645,Deepak Bahry
379542,1710807,Mohan Segal
303401,987471,Rama Rao Tatineni
275835,1985407,Sultan Ahmed
206410,1173958,Ramesh Talwar
125225,1116656,Vinod Pande
304682,987471,Rama Rao Tatineni
258710,1555640,Vijay Reddy
966736,1611663,Biplab Roy Chowdhury
1194578,1773023,Shibu Mitra
324971,1379330,Ravi Tandon
1010517,935843,Adoor Gopalakrishnan
326054,3386668,Bhisham Kohli
108343,1043908,B.R. Chopra
214871,593017,Basu Chatterjee
306417,544978,K. Viswanath
525067,70403,Dara Singh
1359871,1806804,Dulal Guha
504404,928872,Vijay Anand
183586,230978,Sai Paranjape
276231,1337426,Harnam Singh Rawail
385436,237252,K Raghavendra Rao
543951,1326341,Anwar Kamal Pasha
304652,562285,Dev Anand
302254,1173084,Ravikant Nagaich
142259,1116656,Vinod Pande
862026,1033883,Mehul Kumar
304323,1973440,Ajit Singh Deol
304323,1973442,A. Nairang
534913,1019956,Tulsi Ramsay
590813,1035283,Asit Sen
106093,1041349,Subodh Mukherji
304156,1120520,Ramanand Sagar
734378,625291,Shakti Samanta
402834,1046480,S. Ramanathan
967986,3411106,Kantilal Rathod
451389,2015324,Naresh Kumar
1326223,1041425,B. R. Ishara
911788,2273590,Chander H. Bahl
1201035,1276410,Shama Zaidi
426213,1033766,Babubhai Mistri
1166860,86366,Kishore Kumar
543943,110216,Jyoti Swaroop
618922,1072000,Ashim S. Samanta
1400594,1041411,Narendra Bedi
911903,2518602,Dayanand
303106,3676286,J. Om Prakash
304684,109172,Deepak Balraj Vij
1014686,1141391,Aditya Bhattacharya
1766354,992058,Suraj Prakash
171004,114636,Shyam Benegal
529630,131902,Rajiv Mehra
25505,139210,Manmohan Desai
25505,1046478,Prayag Raj
1097084,1773023,Shibu Mitra
534914,4335121,Sher Jeng Singh
534914,2081387,Sher Jung Singh
251131,1007697,Rahul Rawail
25499,593019,Kundan Shah
54357,584297,Balu Mahendra
347949,107250,Anil Sharma
213187,943162,Rajkumar Kohli
103073,544984,Govind Nihalani
319826,1081645,Deepak Bahry
21462,37630,Shekhar Kapur
258677,1662710,Mohan Kumar
62803,53978,Subhash Ghai
278557,1035424,K. Bapayya
300749,228292,Shankar Nag
196846,987471,Rama Rao Tatineni
54255,88809,Hrishikesh Mukherjee
381840,1032652,Dilip Chitre
287711,980759,Pramod Chakravorty
619096,1936055,Ajay Goel
104065,1035451,Bhappi Sonie
819830,1335262,Dasari Narayana Rao
87167,1025757,Bapu
206459,1046480,S. Ramanathan
231785,237252,K Raghavendra Rao
170990,133423,Prakash Jha
309630,1081645,Deepak Bahry
823624,987471,Rama Rao Tatineni
413911,1673832,Parvataneni Sambasiva Rao
82186,593017,Basu Chatterjee
725031,174470,Harmesh Malhotra
934446,1162156,M.S. Sathyu
938083,1195016,Lekh Tandon
274714,86510,Amjad Khan
307402,1120520,Ramanand Sagar
590815,1043955,Ambrish Sangal
54256,88809,Hrishikesh Mukherjee
303387,232538,Akbar Khan
307577,228989,Ravi Chopra
1014682,5427466,Inderjit Singh Bansal
523793,237252,K Raghavendra Rao
306409,601881,Ram Sethi
300316,237706,K. Balachander
800022,238027,Bharathiraja
476674,1891348,Sikandar Khanna
476674,1085781,Surendra Mohan
215334,110212,Raj N. Sippy
321936,1028580,Brij
107233,593172,Anil Ganguly
109037,1045434,J. Om Prakash
249720,114636,Shyam Benegal
603052,1730646,Rajat Rakshit
543936,88809,Hrishikesh Mukherjee
304656,4289457,Zaheer D. Lari
563015,1013690,Hiren Nag
1623897,1787662,Sameera Jain
315173,86430,Deb Mukherjee
633223,544978,K. Viswanath
309114,4331120,V. Ravindra
136050,1087762,Mani Kaul
1359639,4955124,Amar Nanda
305339,3348892,Johny Bakshi
132338,85894,Mahesh Bhatt
1017589,1023779,Chetan Anand
1017589,2149162,Ketan Anand
159630,1066440,Ketan Mehta
131318,544984,Govind Nihalani
337497,1043325,Saeed Akhtar Mirza
826709,562285,Dev Anand
347580,2933243,T. S. Ranga
743243,585261,Mukul Anand
305260,1325567,Vijay Talwar
895431,1108281,Raj Khosla
420827,1173958,Ramesh Talwar
238547,83593,Girish Karnad
543961,85733,Tinnu Anand
331309,110212,Raj N. Sippy
588062,1043955,Ambrish Sangal
312007,1041425,B. R. Ishara
263205,866266,Babbar Subhash
206202,35770,Yash Chopra
265357,1081568,Buddhadeb Dasgupta
216969,1041346,Umesh Mehra
216969,1173672,Latif Faiziyev
442532,980759,Pramod Chakravorty
306336,228989,Ravi Chopra
1359651,4955164,Ashok Neemrania
308205,1036354,Chand
308205,1336591,K. Prasad
215336,584388,Rajashekar
204146,150406,Goutam Ghose
143421,110212,Raj N. Sippy
721072,2699182,Nina Sabnani
618985,1108281,Raj Khosla
1484258,1067308,Sohanlal Kanwar
115612,110286,Nasir Hussain
338122,1035424,K. Bapayya
187787,987471,Rama Rao Tatineni
911847,1072010,Swaroop Kumar
509705,1335262,Dasari Narayana Rao
304666,4456659,Feroz Chinoy
213195,943162,Rajkumar Kohli
304125,987471,Rama Rao Tatineni
1359665,1352908,Joginder Shelly
533722,584759,Joshiy
747789,584624,I V Sasi
192750,1032627,Saawan Kumar Tak
922583,1936045,Sunil Sikand
71304,610747,Prakash Mehra
107737,584320,Durai
447165,625291,Shakti Samanta
82207,628334,Pankaj Parashar
260655,1296630,Kumar Shahani
535455,989877,Bharat Rangachary
603532,237252,K Raghavendra Rao
386455,42205,Jag Mundhra
304175,1035424,K. Bapayya
304324,1274587,S V Rajendra Singh Babu
221028,1086288,Mrinal Sen
331389,2822778,A. T. Raghu
538615,110212,Raj N. Sippy
869313,1335262,Dasari Narayana Rao
1368820,3458569,N.D. Kothari
872873,3229797,Akash Jain
306076,1335262,Dasari Narayana Rao
303376,237706,K. Balachander
543864,544978,K. Viswanath
463318,1276100,Ramesh Behl
683182,1492050,Raj Marbros
331556,987471,Rama Rao Tatineni
1166986,1274587,S V Rajendra Singh Babu
912013,1730646,Rajat Rakshit
476661,1108281,Raj Khosla
1706395,1730646,Rajat Rakshit
309146,943162,Rajkumar Kohli
543954,2518602,Dayanand
605853,1013690,Hiren Nag
304300,593017,Basu Chatterjee
607871,1041346,Umesh Mehra
1021511,1335262,Dasari Narayana Rao
922694,1173084,Ravikant Nagaich
619094,237252,K Raghavendra Rao
303103,1643680,Tony Juneja
619004,2503734,Prasanta Nanda
1200689,52265,Utpal Dutt
559919,237252,K Raghavendra Rao
322268,1705981,Mukul Dutt
1288614,1086288,Mrinal Sen
122895,1019956,Tulsi Ramsay
122895,1019955,Shyam Ramsay
331557,1335262,Dasari Narayana Rao
331388,1335967,S S Ravichandra
783885,1148033,Chander Vohra
173735,87561,Raj Kapoor
263284,88809,Hrishikesh Mukherjee
319586,1555640,Vijay Reddy
992900,3603766,A.C. Trilogchander
192534,35770,Yash Chopra
1019683,3685391,Desh Gautam
674834,1285170,Vijaya Mehta
284506,6495,Mira Nair
54654,53978,Subhash Ghai
285381,1055362,Keshu Ramsay
107237,1041407,Ashok Chopra
223091,139210,Manmohan Desai
272666,114636,Shyam Benegal
232794,110148,J. P. Dutta
441793,1020210,Vijay Sadanah
365017,1611672,Utpalendu Chakrabarty
154311,1046478,Prayag Raj
257573,1087762,Mani Kaul
246931,1020210,Vijay Sadanah
180564,866266,Babbar Subhash
630828,585578,P. Madhavan
144672,85446,Ramesh Sippy
107588,1041349,Subodh Mukherji
823629,1028580,Brij
82274,544984,Govind Nihalani
232783,583607,Rajiv Rai
314865,1674836,Mohan Bhakri
462571,237631,S. A. Chandrasekhar
82193,593172,Anil Ganguly
912020,1036354,Chand
495789,1045434,J. Om Prakash
274302,1147741,Jagdish Sidana
485383,1091899,Rajan Khosa
302731,2795359,Virendra Sharma
543736,110095,B.S. Glaad
473075,110212,Raj N. Sippy
482199,1019955,Shyam Ramsay
482199,1019956,Tulsi Ramsay
352331,1043908,B.R. Chopra
1016071,3674353,Jaiprakashk Vinayak
315694,585261,Mukul Anand
318765,1773023,Shibu Mitra
351159,1379330,Ravi Tandon
96112,1007697,Rahul Rawail
546442,110286,Nasir Hussain
528368,2057792,Sunil Hingorani
304079,1141308,A. C. Tirulokchandar
991579,1343638,Thakur Tapasvi
331560,584747,R. Thyagarajan
302747,1773023,Shibu Mitra
514963,110089,Shammi
463321,237252,K Raghavendra Rao
782364,1035424,K. Bapayya
819836,3333162,Shyam Ralhan
703953,140656,Ravindra Peepat
850473,942889,Shashilal K. Nair
405029,1019955,Shyam Ramsay
405029,1019956,Tulsi Ramsay
604188,1173958,Ramesh Talwar
887914,174470,Harmesh Malhotra
1100989,1081645,Deepak Bahry
316195,1379330,Ravi Tandon
414225,1674850,Krishna Naidu
759428,1072010,Swaroop Kumar
911812,987471,Rama Rao Tatineni
1400601,5112717,Subhash Sharma
505785,1843922,Anand Sagar
994287,1335262,Dasari Narayana Rao
107927,1042790,Ashok Tyagi
308088,225295,Jainendra Jain
603257,1035424,K. Bapayya
409249,85894,Mahesh Bhatt
551493,544978,K. Viswanath
528299,110212,Raj N. Sippy
265652,133423,Prakash Jha
322397,544978,K. Viswanath
286179,1734995,N.S. Raj Bharath
107259,1041425,B. R. Ishara
608064,1025757,Bapu
543940,3335895,S. Waris Ali
1095229,237252,K Raghavendra Rao
1400598,1540332,Ashok Roy
96154,105650,Amol Palekar
1163683,4209214,K.P. Singh
320551,222770,Partho Ghosh
653617,6466847,Ramkumar Bohra
633540,1067308,Sohanlal Kanwar
1439206,5266515,Shiv kumar
1359742,1379330,Ravi Tandon
335447,1186362,Govindan Aravindan
1631303,1173084,Ravikant Nagaich
331563,1807736,Sudarshan Nag
55658,593017,Basu Chatterjee
300437,628334,Pankaj Parashar
1166551,1470750,Krishna
412888,585261,Mukul Anand
301226,110241,N. Chandra
308616,1555640,Vijay Reddy
143889,174470,Harmesh Malhotra
1628931,1670715,Shantilal Soni
277258,585261,Mukul Anand
277258,977059,John Philip Dayton
528025,238027,Bharathiraja
503577,1041346,Umesh Mehra
553749,2149162,Ketan Anand
170845,53978,Subhash Ghai
1013335,1974781,Arabind Sen
495787,1035424,K. Bapayya
27640,1036355,Feroz Khan
473052,110212,Raj N. Sippy
298557,1041425,B. R. Ishara
966787,2440655,Dinesh Lakhanpal
275777,1662710,Mohan Kumar
306451,1035451,Bhappi Sonie
40475,1035424,K. Bapayya
495821,1541408,Govind Moonis
520517,131902,Rajiv Mehra
1416627,1199441,Shantaram Rajaram Vankudre
823618,3070712,Bhaskar Shetty
232820,85894,Mahesh Bhatt
267504,237976,K. Bhagyaraj
466434,1026445,Sanjay Khan
106596,1040523,Sukhwant Dhadda
104302,584624,I V Sasi
280240,1035424,K. Bapayya
110865,228989,Ravi Chopra
96159,593017,Basu Chatterjee
528028,1307146,Kranthi Kumar
457361,1009435,Esmayeel Shroff
301612,1468659,Ketan Desai
198462,1086288,Mrinal Sen
463307,1773023,Shibu Mitra
455574,987471,Rama Rao Tatineni
333978,237252,K Raghavendra Rao
740123,229248,K. Asif
535110,1007697,Rahul Rawail
102467,1041346,Umesh Mehra
442293,231345,Romesh Sharma
446192,931128,Anand
228650,1019955,Shyam Ramsay
228650,1019956,Tulsi Ramsay
337486,1660080,Madhusudan
305255,593017,Basu Chatterjee
212047,1198076,Kalpana Lajmi
680430,1107230,B. Gopal
312634,593017,Basu Chatterjee
1503854,1043322,Shiv Kumar
1427562,1352908,Joginder Shelly
499249,87706,K. Murali Mohana Rao
304527,2078184,Rajesh Sethi
1365046,1019955,Shyam Ramsay
1365046,1019956,Tulsi Ramsay
188719,99710,Vidhu Vinod Chopra
331565,987471,Rama Rao Tatineni
329784,1437602,Deepa Dhanraj
743820,1780302,Kalpataru
310737,1035424,K. Bapayya
308107,2361588,Ramesh Ahuja
739838,1033808,Sameer Malkan
505682,942889,Shashilal K. Nair
261020,989877,Bharat Rangachary
306133,1500801,Muzaffar Ali
1245596,1296630,Kumar Shahani
305323,1025757,Bapu
504403,1320116,K. Pappu
252073,1442141,Kashinath
941690,1168525,Jabbar Patel
308002,1660005,R.K. Nayyar
272176,1045434,J. Om Prakash
1200566,1162156,M.S. Sathyu
922860,3330594,Krishnakant
541030,2101547,P.S. Prakash
1120679,4039468,Krishna Sethi
276378,239766,Sisir Misra
491116,987471,Rama Rao Tatineni
617785,2063728,Prabhat Roy
465641,1347560,Pradip Krishen
833105,1649026,C.P. Dixit
1556301,5725888,Gautam Verma
307937,3368537,M.N. Yasin
267112,947258,V. B. K. Menon
721144,2699518,Gul Ramani
391728,1035424,K. Bapayya
41903,37630,Shekhar Kapur
404404,628334,Pankaj Parashar
180608,593017,Basu Chatterjee
670643,1072010,Swaroop Kumar
333944,1993486,Subhash Sonik
1276657,4662018,K.R. Rangan
304113,1081645,Deepak Bahry
895261,990777,Rakesh Kumar
819765,1035424,K. Bapayya
118133,88140,Gulzar
507404,943162,Rajkumar Kohli
922910,1539741,Balwant Dullat
819844,6535451,K.K. Reddy
863963,593172,Anil Ganguly
301614,1020210,Vijay Sadanah
591916,987471,Rama Rao Tatineni
232791,1066440,Ketan Mehta
809389,1654669,Raghunath Jhalani
381899,1007697,Rahul Rawail
272665,85894,Mahesh Bhatt
311404,987471,Rama Rao Tatineni
631785,110241,N. Chandra
604175,1806804,Dulal Guha
109586,1032103,Rakesh Roshan
1346658,174470,Harmesh Malhotra
371091,1046478,Prayag Raj
167595,1149243,B. Gupta
331566,1807736,Sudarshan Nag
334549,225149,Sudhir Mishra
473047,110212,Raj N. Sippy
1276660,4662065,P. D. Prasad
180761,610747,Prakash Mehra
296884,1343108,D. Rajendra Babu
103045,1032627,Saawan Kumar Tak
465634,1069373,K. Ravi Shankar
312609,1033883,Mehul Kumar
321963,1379330,Ravi Tandon
131146,866266,Babbar Subhash
639895,1903510,Vinod Talwar
331314,3604122,Prabhat Khanna
558571,1085781,Surendra Mohan
347573,3369746,Chandrakant Joshi
304680,985427,Satyen Bose
507399,85894,Mahesh Bhatt
413916,110212,Raj N. Sippy
302422,1773023,Shibu Mitra
517699,2021405,S.U. Syed
819002,85894,Mahesh Bhatt
304255,3173378,Sushil Malik
734570,114636,Shyam Benegal
268000,1109806,Dayal Nihalani
405813,85665,Sriram Raghavan
302546,1035424,K. Bapayya
241156,992984,K. C. Bokadia
241156,237631,S. A. Chandrasekhar
393363,942889,Shashilal K. Nair
819737,1729404,Rajesh Behl
347712,1955111,Jyotin Goel
819832,1360036,Raman Kumar
630593,1773023,Shibu Mitra
443366,1764307,Veerendra
819772,1555640,Vijay Reddy
304310,1807723,Mohan Kavia
321441,1115034,Ajay Kashyap
331567,1099733,Ashok Rao
401709,1043908,B.R. Chopra
302984,585261,Mukul Anand
583237,2245738,Ram Narayan Gabale
685043,593172,Anil Ganguly
258697,987471,Rama Rao Tatineni
1369903,2385086,Ramesh Bedi
988839,3592295,Balraj Kapoor
1200692,1285170,Vijaya Mehta
1017614,1000594,Praveen Nischol
482214,1055362,Keshu Ramsay
803005,1029022,Ashok Kumar
608062,1085781,Surendra Mohan
701065,2627637,Raghuvir Kul
507398,107250,Anil Sharma
480478,1674836,Mohan Bhakri
819863,1764307,Veerendra
1384583,5047302,Kaka Sharma
625636,2394722,Manjira Datta
1470846,5397102,Dhirubhai Daxini
62201,85733,Tinnu Anand
41968,1788,Nicholas Meyer
45129,6495,Mira Nair
1738838,618699,Jagdeep
207901,1036355,Feroz Khan
705203,942889,Shashilal K. Nair
98122,1019955,Shyam Ramsay
98122,1019956,Tulsi Ramsay
27964,88441,Mansoor Khan
305853,87559,Simi Garewal
515629,1037351,Aruna Raje
338126,2115374,Kawal sharma
338161,1891983,K.R. Reddy
262034,1066440,Ketan Mehta
48390,139210,Manmohan Desai
462655,1035424,K. Bapayya
265651,647062,Nabendu Ghosh
78165,866266,Babbar Subhash
61271,110241,N. Chandra
319840,2361588,Ramesh Ahuja
124595,1032103,Rakesh Roshan
1017624,1116656,Vinod Pande
374949,1555640,Vijay Reddy
848318,1164782,Tatineni Prakash Rao
1400576,1055362,Keshu Ramsay
631656,3815090,S.S. Ravichandra
310735,610747,Prakash Mehra
474084,131902,Rajiv Mehra
125223,2057792,Sunil Hingorani
452690,931128,Anand
542187,2106608,Dulal guha
302520,1780302,Kalpataru
923152,3369762,Jatin Kumar
1400602,5112724,Pravin Bhatt
249914,1285170,Vijaya Mehta
860526,1773023,Shibu Mitra
586462,2318562,Mohanji Prasad
376541,1035424,K. Bapayya
366395,1705982,Naresh Saigal
103820,1035424,K. Bapayya
859513,943162,Rajkumar Kohli
576957,1808163,Ram Govind
155141,1069373,K. Ravi Shankar
529526,85894,Mahesh Bhatt
101728,35770,Yash Chopra
1200131,1041425,B. R. Ishara
1738636,230978,Sai Paranjape
1175034,584759,Joshiy
1021502,3691126,Tahir Akhoon
585575,1045434,J. Om Prakash
499729,3808532,A.C. TRILOGACHANDER
426180,1709289,Avtar Bhogal
618990,3334405,S.R. Pratap
331192,1373281,Kirti Kumar
301094,2926732,Tanvir Ahmed
543932,1041346,Umesh Mehra
528297,943162,Rajkumar Kohli
445995,1069373,K. Ravi Shankar
912010,1320116,K. Pappu
318115,174470,Harmesh Malhotra
1033562,230973,Tapan Sinha
636952,140656,Ravindra Peepat
165058,1518610,J.K. Bihari
311383,1020210,Vijay Sadanah
347711,987471,Rama Rao Tatineni
107196,1773023,Shibu Mitra
991573,3600106,Loveleen Merck
786656,928872,Vijay Anand
473080,866266,Babbar Subhash
419432,110148,J. P. Dutta
305903,3333162,Shyam Ralhan
340771,1335734,K. S. R. Das
274788,1035424,K. Bapayya
1202055,140656,Ravindra Peepat
1360142,4956695,D Raman
414911,2327843,Sripathi Panditharadhyula Rajaram
499238,1326341,Anwar Kamal Pasha
409222,1296630,Kumar Shahani
1023209,1030090,Raju Saigal
1441999,1490439,Baby
994835,88140,Gulzar
477116,1674836,Mohan Bhakri
618988,1807736,Sudarshan Nag
912008,3334405,S.R. Pratap
528021,2326113,Harish Shah
891865,225149,Sudhir Mishra
1200697,121861,Khwaja Ahmad Abbas
1201719,1911371,Salim Shaikh
1201719,4361692,Tapan Bose
242618,1277769,Kamal Swaroop
1563995,1674836,Mohan Bhakri
711187,88809,Hrishikesh Mukherjee
260540,1186362,Govindan Aravindan
702375,2632606,Ashok Ahuja
343111,1270551,Dada Kondke
1563535,5752286,Ismail Inamdar
1563535,5752288,A.K. Misra
1734243,585190,Satyadev Dubey
159636,1141391,Aditya Bhattacharya
304082,110148,J. P. Dutta
566319,1041346,Umesh Mehra
159634,866266,Babbar Subhash
58045,99710,Vidhu Vinod Chopra
128677,1043325,Saeed Akhtar Mirza
228979,1468659,Ketan Desai
143895,174470,Harmesh Malhotra
988049,3589619,Moeen Amjad
671978,1331055,Chetan Desai
671978,2535617,Bipin Varti
27641,583607,Rajiv Rai
72127,53978,Subhash Ghai
819813,1555640,Vijay Reddy
112887,1055753,Jagdish Kadar
27624,110227,Sooraj Barjatya
363022,544978,K. Viswanath
32680,35770,Yash Chopra
1017640,1116656,Vinod Pande
819826,1780302,Kalpataru
338138,2318562,Mohanji Prasad
304121,1555640,Vijay Reddy
424248,593017,Basu Chatterjee
331295,1046478,Prayag Raj
302953,2302071,R.P. Swamy
482234,943162,Rajkumar Kohli
118841,1025757,Bapu
265466,1674836,Mohan Bhakri
749845,1085781,Surendra Mohan
369370,110212,Raj N. Sippy
311332,1710807,Mohan Segal
302753,140656,Ravindra Peepat
809126,1873947,Velu Viswanadhan
302905,85733,Tinnu Anand
302533,1037357,Vimal Kumar
265660,133423,Prakash Jha
98126,1019956,Tulsi Ramsay
98126,1019955,Shyam Ramsay
168497,1055362,Keshu Ramsay
347634,1296630,Kumar Shahani
309494,1107230,B. Gopal
683192,1188563,Dilip Naik
232488,1115034,Ajay Kashyap
476935,1033883,Mehul Kumar
443042,1674836,Mohan Bhakri
168430,628334,Pankaj Parashar
274686,1033883,Mehul Kumar
649176,53978,Subhash Ghai
528011,995712,Aziz Sejawal
833108,1108281,Raj Khosla
352847,90454,David Dhawan
128567,610747,Prakash Mehra
604767,1055362,Keshu Ramsay
410266,90454,David Dhawan
391548,90454,David Dhawan
221026,1086288,Mrinal Sen
442774,239766,Sisir Misra
426177,107250,Anil Sharma
465140,237603,Manivannan
597190,2295469,Sibte Hassan Rizvi
109393,1032103,Rakesh Roshan
501976,987471,Rama Rao Tatineni
1221060,86510,Amjad Khan
642507,2440655,Dinesh Lakhanpal
505426,110212,Raj N. Sippy
923165,2081387,Sher Jung Singh
923165,3369822,K. Yogi
343987,88139,Deven Verma
671236,2361588,Ramesh Ahuja
118987,1072000,Ashim S. Samanta
683185,3369804,Wasi Khan
683185,1046478,Prayag Raj
1322311,4853459,Sunil Kumar
482335,1903510,Vinod Talwar
346068,87706,K. Murali Mohana Rao
106862,1041346,Umesh Mehra
170992,150406,Goutam Ghose
683180,1780302,Kalpataru
542177,87706,K. Murali Mohana Rao
230433,85894,Mahesh Bhatt
604108,1041346,Umesh Mehra
372339,1548312,Balbir Wadhawan
819802,1110620,Deepak S. Shivdasani
620474,583519,Anant Balani
244736,1032627,Saawan Kumar Tak
326804,110148,J. P. Dutta
969484,1055362,Keshu Ramsay
823622,1009518,Jalal Agha
833103,2063728,Prabhat Roy
617135,1773023,Shibu Mitra
911853,1643680,Tony Juneja
331569,85446,Ramesh Sippy
683193,87558,Manoj Kumar
848312,90454,David Dhawan
1504694,1270551,Dada Kondke
274301,3462697,Manik Chatterjee
499666,987471,Rama Rao Tatineni
507645,1985407,Sultan Ahmed
363506,1087762,Mani Kaul
522387,3638258,Mangal Chakraborty
1355270,4936124,Govind Bhatia
1318257,4836002,Tarun Mathur
1252022,4564502,Nasir Ahmed
37403,585261,Mukul Anand
65683,105446,Indra Kumar
109001,76813,Ram Gopal Varma
153170,1019955,Shyam Ramsay
153170,1019956,Tulsi Ramsay
243839,866266,Babbar Subhash
159637,1141392,Y Nageswara Rao
159637,1141393,M. Parvez
161392,1110620,Deepak S. Shivdasani
241180,90454,David Dhawan
34369,85894,Mahesh Bhatt
331362,1780302,Kalpataru
71308,87772,Rajkumar Santoshi
159650,1141399,Tahir Hussain
307490,992984,K. C. Bokadia
125297,1032103,Rakesh Roshan
482233,1081645,Deepak Bahry
604062,237631,S. A. Chandrasekhar
1444556,1507221,Zahidur Rahim Anjan
338164,1891983,K.R. Reddy
145426,105650,Amol Palekar
311405,478543,Manobala
1307895,4789590,Surendra Gupta
1434307,1658236,Sandeep Chatterjee
425744,1041736,Ashok Gaekwad
305251,1007697,Rahul Rawail
544675,2115374,Kawal sharma
304137,585267,Ravi Raja Pinisetty
46372,4188294,Aziz Sazawal
603537,2937238,Tariq Shah
238553,544984,Govind Nihalani
159647,1141397,Arun Bhatt
345141,85894,Mahesh Bhatt
118807,1035424,K. Bapayya
159645,562285,Dev Anand
1480342,593017,Basu Chatterjee
491120,1936055,Ajay Goel
212051,230973,Tapan Sinha
103401,1033766,Babubhai Mistri
358966,85894,Mahesh Bhatt
242696,1143184,Kapil Kapoor
213855,584666,A. Kodandarami Reddy
826176,593174,Madan Joshi
896590,1662710,Mohan Kumar
568215,1707652,Yash Chauhan
591954,942889,Shashilal K. Nair
648497,2459098,Kesar
230431,110212,Raj N. Sippy
619074,90454,David Dhawan
438821,230978,Sai Paranjape
305876,1009435,Esmayeel Shroff
501153,1028483,Bharat Kapoor
591932,1773023,Shibu Mitra
128772,1087762,Mani Kaul
1109550,4004980,Parvati Menon
309671,109172,Deepak Balraj Vij
1207836,4387612,C.K. Kader
303356,1035424,K. Bapayya
615413,2361588,Ramesh Ahuja
423874,585261,Mukul Anand
1400578,110212,Raj N. Sippy
1154585,1954543,Dilip Gulati
532158,1143734,Shomu Mukherjee
496553,1954493,Dhirendra Bohra
612990,87356,Abbas Alibhai Burmawalla
612990,87355,Mustan Alibhai Burmawalla
238534,88140,Gulzar
619086,625291,Shakti Samanta
480459,1674836,Mohan Bhakri
819758,1764307,Veerendra
301671,1903535,Kiran Ramsay
620268,1160067,Mahendra Shah
304676,1891983,K.R. Reddy
232788,1147741,Jagdish Sidana
466502,1119816,Anand Patwardhan
1361305,1903510,Vinod Talwar
723931,2215330,Nilita Vachani
307763,1709289,Avtar Bhogal
421701,1007697,Rahul Rawail
198343,110241,N. Chandra
1765849,1115093,Kanti Shah
55627,222770,Partho Ghosh
107745,1042245,Lawrence D'Souza
312558,3215251,Harish Bhosle
912384,109172,Deepak Balraj Vij
537169,1807736,Sudarshan Nag
137439,85894,Mahesh Bhatt
298556,114636,Shyam Benegal
462349,174470,Harmesh Malhotra
380593,85446,Ramesh Sippy
604053,85894,Mahesh Bhatt
314401,596379,Ranjan Bose
230437,1782355,Kuku Kohli
260519,1087762,Mani Kaul
140883,84956,Nana Patekar
140883,2312362,Subhankar Ghosh
1018837,1072010,Swaroop Kumar
528100,593172,Anil Ganguly
161401,1198729,Suresh Krissna
166017,53978,Subhash Ghai
230435,85894,Mahesh Bhatt
75987,57780,M R Shahjahan
496380,1953851,J.D. Lawrence
64879,35770,Yash Chopra
118843,1035424,K. Bapayya
65954,585261,Mukul Anand
161398,1081645,Deepak Bahry
383656,1019956,Tulsi Ramsay
383656,1019955,Shyam Ramsay
426376,1490439,Baby
331570,992984,K. C. Bokadia
311862,1072010,Swaroop Kumar
161395,583519,Anant Balani
161396,1032627,Saawan Kumar Tak
1400606,4659992,Qamar Narvi
570341,1041346,Umesh Mehra
570341,1173672,Latif Faiziyev
304088,1069373,K. Ravi Shankar
992439,3602773,Madhava Rao
331311,107250,Anil Sharma
146255,1089740,Gennadi Vasilyev
146255,88811,Shashi Kapoor
1068843,110212,Raj N. Sippy
903425,1191803,Ram Mohan
557187,1115034,Ajay Kashyap
347951,943403,Harry Baweja
303897,1612312,Shiva
619091,1041736,Ashok Gaekwad
536892,1133108,Kishore Vyas
564320,584607,K. S. Gopalakrishnan
168495,142627,Randhir Kapoor
198324,225149,Sudhir Mishra
916447,3348859,Rajiv Goswami
239746,1037357,Vimal Kumar
617779,228989,Ravi Chopra
305879,87706,K. Murali Mohana Rao
473081,1878984,Vinod K. Verma
329782,1437602,Deepa Dhanraj
331387,585261,Mukul Anand
480654,1903535,Kiran Ramsay
1375688,87300,Barry John
604044,2318562,Mohanji Prasad
916811,110109,Chandra Barot
491117,1936045,Sunil Sikand
1515149,1019956,Tulsi Ramsay
1515149,1019955,Shyam Ramsay
814128,1948884,Shahrukh Mirza
814128,225357,Humayun Mirza
814128,2122531,Mahrukh Mirza
1515594,85894,Mahesh Bhatt
819828,987471,Rama Rao Tatineni
212049,1086492,Girish Kasaravalli
340775,1343117,K V Raju
590216,85665,Sriram Raghavan
276498,1330361,Arun Kaul
257587,1296630,Kumar Shahani
161417,110212,Raj N. Sippy
529525,1477110,Talat Jani
302925,562285,Dev Anand
437113,1903510,Vinod Talwar
473061,866266,Babbar Subhash
161420,1133108,Kishore Vyas
794098,544984,Govind Nihalani
304333,1072010,Swaroop Kumar
703444,1782355,Kuku Kohli
553480,544984,Govind Nihalani
414224,1674836,Mohan Bhakri
529114,1033883,Mehul Kumar
481126,1905451,Ajit Dewani
722784,1903510,Vinod Talwar
544261,1064552,Arjun Hingorani
1428304,5221637,Sukhwant Dhadda
820265,1277848,Basu Bhattacharya
1276203,1954543,Dilip Gulati
987453,4770993,Hannif Chippa
45001,131895,Raj Kanwar
45002,131902,Rajiv Mehra
141166,35781,Hema Malini
916477,1674933,Rajesh Vakil
33202,88441,Mansoor Khan
103015,90454,David Dhawan
79731,114636,Shyam Benegal
499241,1109806,Dayal Nihalani
302941,2074113,Pappu Verma
357131,583607,Rajiv Rai
912386,3337870,Sharad Chaudhary
161436,87356,Abbas Alibhai Burmawalla
161436,87355,Mustan Alibhai Burmawalla
642566,1141397,Arun Bhatt
310390,85894,Mahesh Bhatt
51725,585261,Mukul Anand
118809,1034727,Farogh Siddique
159654,1141404,Kalidas
72568,1020210,Vijay Sadanah
45003,35805,Aziz Mirza
519443,1143757,Jagdish A. Sharma
159653,1141401,S.A. Kader
1444558,86027,Gurpal Singh
168489,90454,David Dhawan
442290,1760058,Reena Mohan
269621,86019,Asrani
302705,585267,Ravi Raja Pinisetty
161404,1198729,Suresh Krissna
612806,174470,Harmesh Malhotra
161403,1009435,Esmayeel Shroff
161434,110212,Raj N. Sippy
507212,1042245,Lawrence D'Souza
143879,931128,Anand
404918,1645536,Ramanjit Juneja
404918,1645537,Gurdip Singh
331370,1085781,Surendra Mohan
619097,544978,K. Viswanath
161402,990777,Rakesh Kumar
232827,1036355,Feroz Khan
227957,1032103,Rakesh Roshan
228012,76813,Ram Gopal Varma
345988,107250,Anil Sharma
108372,1043908,B.R. Chopra
108372,228989,Ravi Chopra
491114,1041736,Ashok Gaekwad
320752,1007697,Rahul Rawail
274812,109172,Deepak Balraj Vij
619078,1069373,K. Ravi Shankar
786561,628334,Pankaj Parashar
603164,85387,Vikram Bhatt
268305,610747,Prakash Mehra
111394,1042245,Lawrence D'Souza
162066,80387,Priyadarshan
925661,1059948,Gopi Desai
107747,105446,Indra Kumar
161437,980759,Pramod Chakravorty
331571,992984,K. C. Bokadia
302445,1777483,Deepak Anand
1444560,5310409,Leenus L. K.
480644,1674836,Mohan Bhakri
107595,1041736,Ashok Gaekwad
465958,1373281,Kirti Kumar
880065,1518610,J.K. Bihari
23799,1305700,K. Hariharan
357830,994514,Sachin Pilgaonkar
101820,85894,Mahesh Bhatt
333936,1794767,S.K. Subash
528586,943162,Rajkumar Kohli
447251,1777483,Deepak Anand
308272,989877,Bharat Rangachary
307986,110241,N. Chandra
499251,1780302,Kalpataru
543938,1032627,Saawan Kumar Tak
141557,1115034,Ajay Kashyap
884795,1035424,K. Bapayya
504407,1975781,Arun Dutt
510840,1761508,Harinam Singh
864406,2215330,Nilita Vachani
451826,1794767,S.K. Subash
1479856,3433762,Shabnam Sukhdev
534197,83593,Girish Karnad
260669,1119816,Anand Patwardhan
819833,4514182,D. S. Azad
1198302,4347709,Navin Kumar
778679,88140,Gulzar
499231,2026611,Parto Ghosh
19657,87356,Abbas Alibhai Burmawalla
19657,87355,Mustan Alibhai Burmawalla
227211,1198076,Kalpana Lajmi
35053,35770,Yash Chopra
54814,85894,Mahesh Bhatt
170991,1066440,Ketan Mehta
312956,78751,Ashutosh Gowariker
401772,87706,K. Murali Mohana Rao
345980,93290,Satish Kaushik
591926,992984,K. C. Bokadia
532160,1173958,Ramesh Talwar
32295,53978,Subhash Ghai
364525,110148,J. P. Dutta
96147,90454,David Dhawan
462656,1042245,Lawrence D'Souza
1613996,109172,Deepak Balraj Vij
414125,85894,Mahesh Bhatt
302950,1081645,Deepak Bahry
421703,110241,N. Chandra
161439,1055362,Keshu Ramsay
270916,80387,Priyadarshan
161406,1143731,Debaloy Dey
493821,1320116,K. Pappu
138934,87772,Rajkumar Santoshi
161410,1042245,Lawrence D'Souza
161442,989877,Bharat Rangachary
159655,35770,Yash Chopra
81551,1032103,Rakesh Roshan
331375,992984,K. C. Bokadia
819847,3928442,Rehman Naushad
588489,992984,K. C. Bokadia
340445,1066440,Ketan Mehta
446796,1033808,Sameer Malkan
161440,593172,Anil Ganguly
431959,1032627,Saawan Kumar Tak
171000,85894,Mahesh Bhatt
333931,1041346,Umesh Mehra
138369,544978,K. Viswanath
161444,1143748,Sikander Bharti
227345,1477110,Talat Jani
165076,85894,Mahesh Bhatt
342162,625370,Vinod Mehra
748390,2097456,Pavan Kaul
1103297,3974128,Sharad Raj
343983,1045434,J. Om Prakash
647501,1468659,Ketan Desai
110619,625291,Shakti Samanta
713894,1033883,Mehul Kumar
807091,1716977,Dinaz Stafford
43971,997819,Deepak Sareen
1281424,2366711,Madhusree Dutta
1408635,1069373,K. Ravi Shankar
537571,584347,A. Jagannathan
916438,2665319,Avtar Bhogal
272662,1033883,Mehul Kumar
274515,987471,Rama Rao Tatineni
888103,1961983,Vicky Ranawat
529217,2637653,Krishnakant Pandya
1095223,85894,Mahesh Bhatt
685121,1069373,K. Ravi Shankar
331188,1794767,S.K. Subash
1090831,3935636,Anil Mattoo
241490,1110620,Deepak S. Shivdasani
619336,992984,K. C. Bokadia
395030,150406,Goutam Ghose
563775,1845401,Ashok Gaikwad
302928,995712,Aziz Sejawal
811212,1172872,Pankaj Advani
709039,2966803,Pawan Kumar
916815,1360036,Raman Kumar
633219,130971,Deepak Pawar
481135,584327,Singeetham Srinivasa Rao
786370,1045390,Iqbal Durrani
487228,1924041,Ajay Karthik
429994,562285,Dev Anand
1057400,1892845,Pankaj Butalia
1479863,3433762,Shabnam Sukhdev
496536,1107230,B. Gopal
619098,1773023,Shibu Mitra
161441,1143747,Pradeep Mani
827770,1042245,Lawrence D'Souza
311833,1335262,Dasari Narayana Rao
817990,1040523,Sukhwant Dhadda
899687,230978,Sai Paranjape
638901,1761508,Harinam Singh
1557035,1309507,Arun Khopkar
948313,3461496,V. Subba Rao
865012,3210242,K. M. Sundaram
46387,110227,Sooraj Barjatya
114436,1007697,Rahul Rawail
138155,1770592,Sanjay Gupta
159164,943403,Harry Baweja
14785,37630,Shekhar Kapur
58128,87772,Rajkumar Santoshi
15419,593019,Kundan Shah
161447,1041789,Naresh Malhotra
425070,140656,Ravindra Peepat
161454,1143748,Sikander Bharti
261421,1087762,Mani Kaul
103800,1034727,Farogh Siddique
555017,4120688,Surendra Kumar Bohra
109028,583607,Rajiv Rai
478474,1896283,Shatilal Soni
99106,1019955,Shyam Ramsay
99106,1019956,Tulsi Ramsay
374639,174470,Harmesh Malhotra
33124,99710,Vidhu Vinod Chopra
152370,2312362,Subhankar Ghosh
211819,90454,David Dhawan
304157,1041346,Umesh Mehra
622497,1873947,Velu Viswanadhan
1561219,3655546,Nandan Kudhyadi
161455,1081645,Deepak Bahry
338163,1025757,Bapu
1049568,3789834,Rakesh Nahata
140860,1113615,Bobby Raj
112967,1056071,Sanjay Khanna
930443,4594998,Vasant R. Patel
347576,593017,Basu Chatterjee
143881,1043078,Kuku Kohli
197483,131895,Raj Kanwar
303930,1810789,Hamid Ali Khan
568278,85894,Mahesh Bhatt
143980,1033883,Mehul Kumar
458113,85894,Mahesh Bhatt
242821,544984,Govind Nihalani
495825,1649026,C.P. Dixit
161415,1032627,Saawan Kumar Tak
463001,1069373,K. Ravi Shankar
310646,3603787,Afzal Ahmed Khan
302876,90454,David Dhawan
318562,1954483,Mukesh Duggal
46403,1033808,Sameer Malkan
606015,1143902,T. L. V. Prasad
463421,82079,Manmohan Singh
303335,2626930,Sushama Shiromanee
260508,114636,Shyam Benegal
345984,1643680,Tony Juneja
366628,1045390,Iqbal Durrani
78263,54448,Ismail Merchant
726772,1115093,Kanti Shah
161450,110212,Raj N. Sippy
302939,90454,David Dhawan
161449,110212,Raj N. Sippy
1453963,1954543,Dilip Gulati
647531,2456414,Kumar Bhatia
106123,625416,Guddu Dhanoa
331390,987471,Rama Rao Tatineni
499453,1009435,Esmayeel Shroff
442295,1760068,Riyad Vinci Wadia
499240,85387,Vikram Bhatt
827057,1115093,Kanti Shah
161453,1143759,Raju Subramaniam
338119,1037357,Vimal Kumar
1085527,1110620,Deepak S. Shivdasani
1197914,989877,Bharat Rangachary
161412,1143734,Shomu Mukherjee
445988,1773023,Shibu Mitra
819800,584636,T. K. Rajeev Kumar
465638,1100072,Apurba Kishore Bir
320133,110241,N. Chandra
916468,3348892,Johny Bakshi
306407,4025747,Kalptaru
382543,1045390,Iqbal Durrani
161448,1143750,Sunil Agnihotri
318872,2967000,Kalpana Bhardwaj
669842,1017456,Rajeev Kumar Chaudhry
713271,952051,Rajan Kothari
539009,222770,Partho Ghosh
603548,3680120,Shahrukh Sultan
273384,1119816,Anand Patwardhan
433706,562285,Dev Anand
342187,1832623,Sadaqat Hussein
19404,35771,Aditya Chopra
93519,1032103,Rakesh Roshan
376371,1540331,Bunty Soorma
376371,37630,Shekhar Kapur
916819,1905451,Ajit Dewani
1609198,109172,Deepak Balraj Vij
21570,76813,Ram Gopal Varma
160242,131902,Rajiv Mehra
504389,1042245,Lawrence D'Souza
205075,105446,Indra Kumar
274188,1320116,K. Pappu
603448,85387,Vikram Bhatt
253708,85894,Mahesh Bhatt
159660,6509,Dilip Shankar
16894,88441,Mansoor Khan
168488,90454,David Dhawan
161459,992984,K. C. Bokadia
296527,1782355,Kuku Kohli
160247,85446,Ramesh Sippy
63345,90454,David Dhawan
245690,85801,Anees Bazmee
160243,1066440,Ketan Mehta
670217,35781,Hema Malini
102358,585261,Mukul Anand
425741,625416,Guddu Dhanoa
108366,1043955,Ambrish Sangal
46375,87772,Rajkumar Santoshi
309593,1041346,Umesh Mehra
80931,85894,Mahesh Bhatt
160251,1009777,Prem Lalwani
647543,85894,Mahesh Bhatt
124639,1080311,Sandip Ray
161457,110212,Raj N. Sippy
538834,1034727,Farogh Siddique
453423,110199,Annu Kapoor
591910,994514,Sachin Pilgaonkar
159657,78751,Ashutosh Gowariker
71833,583608,K.K. Singh
988941,2177976,Ashish Balram Nagpal
306412,2937238,Tariq Shah
1691866,2366711,Madhusree Dutta
581683,585267,Ravi Raja Pinisetty
101774,87706,K. Murali Mohana Rao
138896,1109806,Dayal Nihalani
683177,107250,Anil Sharma
455985,995712,Aziz Sejawal
161451,1143757,Jagdish A. Sharma
232728,989877,Bharat Rangachary
538513,987471,Rama Rao Tatineni
625060,1072000,Ashim S. Samanta
311496,1985407,Sultan Ahmed
706060,2667452,V. Menon
616434,1709289,Avtar Bhogal
647554,1042245,Lawrence D'Souza
304758,174470,Harmesh Malhotra
391811,93290,Satish Kaushik
538599,1143902,T. L. V. Prasad
346911,1035424,K. Bapayya
302934,1477110,Talat Jani
232704,987471,Rama Rao Tatineni
606003,2326113,Harish Shah
777143,1009435,Esmayeel Shroff
499244,1770592,Sanjay Gupta
552935,931128,Anand
552935,1645561,Raju Mavani
318566,131895,Raj Kanwar
108199,1043325,Saeed Akhtar Mirza
616685,1143902,T. L. V. Prasad
996010,3612340,Anil Pandit
305894,1032627,Saawan Kumar Tak
304643,1956248,Ramesh Modi
777141,1115093,Kanti Shah
804312,1160067,Mahendra Shah
353807,1536786,K. Bikram Singh
1427588,3911785,Kishan Shah
591939,174470,Harmesh Malhotra
118632,87772,Rajkumar Santoshi
308285,943534,Rajiv Kapoor
102353,85894,Mahesh Bhatt
168490,87356,Abbas Alibhai Burmawalla
168490,87355,Mustan Alibhai Burmawalla
21566,113671,Dharmesh Darshan
528016,995712,Aziz Sejawal
160255,1000594,Praveen Nischol
333583,625416,Guddu Dhanoa
391729,987471,Rama Rao Tatineni
302897,1110620,Deepak S. Shivdasani
499660,1056071,Sanjay Khanna
491111,1019956,Tulsi Ramsay
463422,1760068,Riyad Vinci Wadia
499239,1143902,T. L. V. Prasad
1342060,78922,Rajat Kapoor
169456,86365,Mehmood
1571334,994514,Sachin Pilgaonkar
160261,1025765,Raam Shetty
230454,1041346,Umesh Mehra
141613,131895,Raj Kanwar
1198362,4347929,Naresh Khanna
305899,1143757,Jagdish A. Sharma
206573,114636,Shyam Benegal
166872,1056681,Joy Augustine
142136,237976,K. Bhagyaraj
97449,42804,Sanjay Leela Bhansali
413170,1032978,Ashok Honda
166229,85894,Mahesh Bhatt
458151,85894,Mahesh Bhatt
765107,593172,Anil Ganguly
166871,90454,David Dhawan
325555,90454,David Dhawan
302882,85387,Vikram Bhatt
525491,2047202,R. Mittal
769934,544978,K. Viswanath
304574,1042245,Lawrence D'Souza
512570,131895,Raj Kanwar
127768,1009777,Prem Lalwani
127768,1832622,Desh Mukherjee
328842,225149,Sudhir Mishra
66292,222770,Partho Ghosh
243595,943403,Harry Baweja
1538692,1670716,Shantilal Soni
21460,88140,Gulzar
348052,1042245,Lawrence D'Souza
375845,628334,Pankaj Parashar
561339,1143902,T. L. V. Prasad
895675,133423,Prakash Jha
303105,946963,Suneel Darshan
211129,110212,Raj N. Sippy
318563,2163243,Sunil Sharma
302718,110241,N. Chandra
494255,1042245,Lawrence D'Souza
795309,1143757,Jagdish A. Sharma
232724,1042790,Ashok Tyagi
1252699,1760068,Riyad Vinci Wadia
887156,1143902,T. L. V. Prasad
727225,610747,Prakash Mehra
480656,1903941,K.C. Handra
161416,1009435,Esmayeel Shroff
347575,544984,Govind Nihalani
305649,37236,Santosh Sivan
338125,3334407,Gautam Bhatia
306120,105650,Amol Palekar
544266,85387,Vikram Bhatt
1236085,4500984,Vinod Dewan
619100,1115034,Ajay Kashyap
712921,584297,Balu Mahendra
627964,2373678,Arshad Khan
1069880,1704460,Sushen Bhatnagar
857481,1037351,Aruna Raje
33125,110148,J. P. Dutta
13986,35770,Yash Chopra
25519,53978,Subhash Ghai
1747117,1041411,Narendra Bedi
1560427,5742363,Saroj Satyanarayan
21906,583607,Rajiv Rai
619075,2149162,Ketan Anand
160265,1032103,Rakesh Roshan
1571325,237252,K Raghavendra Rao
161238,90454,David Dhawan
79982,35805,Aziz Mirza
165016,625416,Guddu Dhanoa
29988,105446,Indra Kumar
134446,93193,Kamal Haasan
915996,981205,Nitin Manmohan
393255,1869989,Afzal Khan
30537,1007697,Rahul Rawail
170838,90454,David Dhawan
993123,1143902,T. L. V. Prasad
375620,1047456,Reema Rakesh Nath
936626,1143902,T. L. V. Prasad
1727248,631226,Arjun Sablok
108368,131895,Raj Kanwar
143976,625416,Guddu Dhanoa
242716,1277848,Basu Bhattacharya
599969,1191609,Rajat Rawail
1296667,4740161,Anup malik
30613,90454,David Dhawan
142673,90454,David Dhawan
462966,1109806,Dayal Nihalani
1310154,1109584,V. Madhusudhan Rao
318560,1373281,Kirti Kumar
427131,78922,Rajat Kapoor
462964,1143750,Sunil Agnihotri
628820,1061588,Bijaya Jena
166259,80387,Priyadarshan
465074,628334,Pankaj Parashar
161237,86009,Sohail Khan
302471,1033808,Sameer Malkan
272565,133423,Prakash Jha
165069,1770592,Sanjay Gupta
34017,1066440,Ketan Mehta
210730,593017,Basu Chatterjee
111978,222770,Partho Ghosh
276014,943162,Rajkumar Kohli
322345,222770,Partho Ghosh
563126,1046337,Rajiv Babbar
372626,1091899,Rajan Khosa
54969,76813,Ram Gopal Varma
653291,4120681,Vipin Handa
348166,1033883,Mehul Kumar
823420,1891983,K.R. Reddy
215335,1845401,Ashok Gaikwad
455432,995712,Aziz Sejawal
178532,1199573,Pamela Rooks
302450,1953750,Rajesh Ram Singh
809618,3022366,Raju Chouhan
493625,1681235,Chinni Prakash Mohan
1193405,3260877,Vasudha Joshi
540313,86019,Asrani
1193372,1144381,Nishtha Jain
105052,1037357,Vimal Kumar
462573,1033883,Mehul Kumar
197658,150406,Goutam Ghose
215553,90454,David Dhawan
274062,1143757,Jagdish A. Sharma
1338900,4178037,Rajesh Mittal
1338900,2047202,R. Mittal
727268,1143902,T. L. V. Prasad
370645,3935636,Anil Mattoo
382544,1115093,Kanti Shah
404406,1477110,Talat Jani
651223,2468112,Arshad Khan
564985,222770,Partho Ghosh
653700,1198076,Kalpana Lajmi
618797,1892845,Pankaj Butalia
337155,1810475,Subhash Agrawal
209927,230978,Sai Paranjape
634134,1043955,Ambrish Sangal
647564,2456516,Ashim Bhattacharya
304074,1072000,Ashim S. Samanta
480649,1903905,Jagdish Gautam
500101,1964918,Rakesh Sinha
1342238,4918264,Hansa Thapiya
810574,3025524,Lily Gupta
11854,35736,Karan Johar
159090,85894,Mahesh Bhatt
51216,85387,Vikram Bhatt
21210,78747,Mani Ratnam
60397,85801,Anees Bazmee
353809,1335864,G. V. Iyer
505927,88796,Sangeeth Sivan
21502,76813,Ram Gopal Varma
166234,88809,Hrishikesh Mukherjee
653300,565163,Ashok Ghai
132260,86549,Kaizad Gustad
46373,90454,David Dhawan
103048,87772,Rajkumar Santoshi
302761,1810789,Hamid Ali Khan
346940,110241,N. Chandra
166260,80387,Priyadarshan
297213,1373281,Kirti Kumar
161236,997819,Deepak Sareen
54959,87356,Abbas Alibhai Burmawalla
54959,87355,Mustan Alibhai Burmawalla
7504,4760,Deepa Mehta
626708,85894,Mahesh Bhatt
161229,1143479,Rajesh Malik
161229,87706,K. Murali Mohana Rao
45533,86009,Sohail Khan
218263,90454,David Dhawan
267529,3675399,Lateef Binny
131775,85894,Mahesh Bhatt
495785,110212,Raj N. Sippy
155308,85894,Mahesh Bhatt
276863,1143902,T. L. V. Prasad
84321,85733,Tinnu Anand
588993,992984,K. C. Bokadia
618996,625416,Guddu Dhanoa
1631311,2456414,Kumar Bhatia
133307,80387,Priyadarshan
529939,2240737,Goutam Pawar
97442,99710,Vidhu Vinod Chopra
361408,1069373,K. Ravi Shankar
253546,995712,Aziz Sejawal
302424,1041789,Naresh Malhotra
165068,229111,Tanuja Chandra
238531,544984,Govind Nihalani
232808,107250,Anil Sharma
1338251,1964869,Jitendra Chawda
143540,1033808,Sameer Malkan
54971,174470,Harmesh Malhotra
401739,1176773,Anjan Dutt
141603,1115093,Kanti Shah
801103,1143902,T. L. V. Prasad
713204,1705899,Kishan Shah
461786,1381085,Manoj Agrawal
376495,1373281,Kirti Kumar
274532,1046342,Nadeem Khan
375624,110212,Raj N. Sippy
524329,222770,Partho Ghosh
916355,1143902,T. L. V. Prasad
302943,565167,Ravi Dewan
442880,1762478,Rajan Lyallpuri
291889,1036355,Feroz Khan
464515,1041346,Umesh Mehra
943443,1119816,Anand Patwardhan
347574,1566217,Vijay Singh
463317,980759,Pramod Chakravorty
571293,1143902,T. L. V. Prasad
303891,1143757,Jagdish A. Sharma
272204,4514182,D. S. Azad
480661,1903967,Sushil Vyas
303911,2142061,Akashdeep
425749,1707652,Yash Chauhan
887720,222770,Partho Ghosh
781179,5672232,K.I. Seikh
62883,110227,Sooraj Barjatya
39347,86009,Sohail Khan
5319,42804,Sanjay Leela Bhansali
41902,87356,Abbas Alibhai Burmawalla
41902,87355,Mustan Alibhai Burmawalla
213565,1007697,Rahul Rawail
31524,1141406,John Mathew Matthan
159664,105446,Indra Kumar
319920,85894,Mahesh Bhatt
166013,584865,Agathiyan
400392,1110113,Nabh Kumar Raju
199979,1091655,Shakeel Noorani
482337,1143902,T. L. V. Prasad
142412,76813,Ram Gopal Varma
146270,85456,Mahesh Manjrekar
411832,1033883,Mehul Kumar
912392,942174,Piyush Jha
20929,53978,Subhash Ghai
441139,1755993,Veeru Devgan
52860,93290,Satish Kaushik
1369918,4178037,Rajesh Mittal
227832,309934,P. Vasu
194136,1060277,E.V.V. Satyanarayana
543875,1929592,Shrabani Deodhar
30321,90454,David Dhawan
166012,229111,Tanuja Chandra
353429,946963,Suneel Darshan
702351,1172876,Virendra Saini
146846,1389003,Gyan Sahay
467365,1855464,Raj Kaushal
161226,90454,David Dhawan
165066,133423,Prakash Jha
499225,1143902,T. L. V. Prasad
1484547,86062,Anant Mahadevan
211276,3675399,Lateef Binny
985444,545084,Tigmanshu Dhulia
499735,1963482,Hriday Shankar
783598,2225893,Gul Bahar Singh
75253,35791,Rishi Kapoor
357133,131895,Raj Kanwar
232708,1042245,Lawrence D'Souza
211275,635017,Milan Luthria
316686,1839553,Firoz Irani
966938,109172,Deepak Balraj Vij
117345,76813,Ram Gopal Varma
356993,1032627,Saawan Kumar Tak
647580,87558,Manoj Kumar
457714,86302,Sunny Deol
117335,1041346,Umesh Mehra
350962,1600300,Shrikant Sharma
458939,992984,K. C. Bokadia
919820,1143902,T. L. V. Prasad
1400613,1707652,Yash Chauhan
332910,88140,Gulzar
118631,1068770,Mahesh Mathai
170998,569313,Eeshwar Nivas
336104,1845401,Ashok Gaikwad
532018,1955111,Jyotin Goel
496562,1954520,Teerat Singh
819760,1143902,T. L. V. Prasad
73110,544984,Govind Nihalani
161227,1143477,Andaleeb Sultanpuri
297016,1037357,Vimal Kumar
71257,150526,Sanjay Chhel
914939,1143902,T. L. V. Prasad
395026,230433,Vinay Shukla
278533,1043078,Kuku Kohli
1667955,1705899,Kishan Shah
606677,980175,Sumitra Bhave
606677,980176,Sunil Sukthankar
360108,1556296,Salim Suma
499727,1963464,R. Kumar
308059,3797922,Kailash Surendranath
143538,1043078,Kuku Kohli
257622,1087762,Mani Kaul
1267662,3656340,Ajay Bhardwaj
239582,1059948,Gopi Desai
500058,1964848,C. Vasan
916463,1043322,Shiv Kumar
503040,150406,Goutam Ghose
986484,2356253,Maya Krishna Rao
496587,1954600,Wajid Sheikh
496400,1634096,Willy
477174,1892845,Pankaj Butalia
688272,2584946,S. Gawli
985438,85665,Sriram Raghavan
496542,1954469,Ramesh Lakhiani
627967,1041736,Ashok Gaekwad
327556,114636,Shyam Benegal
461278,1115093,Kanti Shah
496577,1954520,Teerat Singh
723186,2707365,Bhooshan Lal
1047641,3782728,Vijay Chauhan
986486,2274280,Umesh Padalkar
730851,2734675,R. K. Joshi
500062,1964858,Beypore Mani
986061,226769,Rajit Kapoor
986058,226769,Rajit Kapoor
1278845,1041353,Dinesh Thakkar
1681387,2780674,Suresh Jain
619695,1119816,Anand Patwardhan
986055,3582585,Deep Dudani
986055,226769,Rajit Kapoor
887626,3278038,Murlidhar
1129871,2641633,Shriprakash
1193709,4330106,Deepak Roy
365763,2135664,Yogesh Ishwar
11518,35771,Aditya Chopra
21614,80387,Priyadarshan
166231,110148,J. P. Dutta
16987,1032103,Rakesh Roshan
35064,113671,Dharmesh Darshan
97351,35805,Aziz Mirza
302466,1129051,Kathir
159666,113671,Dharmesh Darshan
131940,88441,Mansoor Khan
81782,85456,Mahesh Manjrekar
41381,87772,Rajkumar Santoshi
232496,625416,Guddu Dhanoa
165573,593019,Kundan Shah
75217,93290,Satish Kaushik
1465402,1172876,Virendra Saini
277700,641166,A. Muthu
56666,224751,Khalid Mohammed
383281,1065371,Anil Devgan
986488,71276,Imtiaz Ali
161223,90454,David Dhawan
276846,131895,Raj Kanwar
157800,131895,Raj Kanwar
993011,1964869,Jitendra Chawda
211277,131895,Raj Kanwar
1458037,1025757,Bapu
159067,90454,David Dhawan
306132,4796904,Ravi Rai
617026,990865,Hansal Mehta
407311,1113615,Bobby Raj
476914,1891978,Roja
46385,1381085,Manoj Agrawal
348762,85456,Mahesh Manjrekar
325140,593019,Kundan Shah
1591090,4610946,Indranil Goswami
363105,943403,Harry Baweja
46406,99710,Vidhu Vinod Chopra
238876,85670,Anurag Kashyap
232696,1091655,Shakeel Noorani
423976,1144652,M. F. Husain
97356,85456,Mahesh Manjrekar
919608,1555640,Vijay Reddy
704634,2366711,Madhusree Dutta
985443,545084,Tigmanshu Dhulia
161221,90454,David Dhawan
303406,1770592,Sanjay Gupta
137164,987471,Rama Rao Tatineni
161219,87706,K. Murali Mohana Rao
413121,3437107,Akashdeep Sabir
1697908,1954469,Ramesh Lakhiani
166255,76813,Ram Gopal Varma
407312,110241,N. Chandra
1090823,3331653,N.R. Joshi
433918,1735238,Dharmesh Tiwari
985440,545084,Tigmanshu Dhulia
579396,1032103,Rakesh Roshan
491916,1176341,Jana Sue Memel
491916,1938410,Padam Kumar
630669,1890003,Sunil Advani
647585,584636,T. K. Rajeev Kumar
1556602,1309507,Arun Khopkar
1420735,4010251,Kenneth Lawrence
304755,87713,Neeraj Vora
986066,2274280,Umesh Padalkar
819460,110702,B. Lenin
636956,1557504,Israr Ahmed
302309,1474461,Rajesh Kumar Singh
442869,595888,Mazhar Khan
410286,114636,Shyam Benegal
232711,1770592,Sanjay Gupta
433979,1033070,Vijay Sharma
433979,1735435,Abdul Rehman Sheikh
433979,1143757,Jagdish A. Sharma
271484,987471,Rama Rao Tatineni
500520,237976,K. Bhagyaraj
477400,1115093,Kanti Shah
80064,42205,Jag Mundhra
433912,1735238,Dharmesh Tiwari
333582,1009435,Esmayeel Shroff
477091,1892551,Hemant-Kamal
1360387,1954543,Dilip Gulati
1565769,5761345,R.K. Khanna
496462,1954391,Chandni Gupta
1458029,1705899,Kishan Shah
258220,1296630,Kumar Shahani
1453652,1954475,Bashir Babbar
401765,1339843,Raja
401765,1634096,Willy
1342231,2437367,Rajula Shah
1167379,1954543,Dilip Gulati
948106,230973,Tapan Sinha
1453430,1954469,Ramesh Lakhiani
304228,1705899,Kishan Shah
788751,1788831,Rahul Roy
272287,3675006,Imran Khalid
10757,35736,Karan Johar
166233,90454,David Dhawan
461789,131895,Raj Kanwar
19666,78751,Ashutosh Gowariker
480,6495,Mira Nair
569671,2997073,Rajan Johri
304111,990862,Ashu Trikha
4435,37236,Santosh Sivan
14752,78916,Farhan Akhtar
20916,110241,N. Chandra
305819,1110620,Deepak S. Shivdasani
22316,87356,Abbas Alibhai Burmawalla
22316,87355,Mustan Alibhai Burmawalla
132744,942889,Shashilal K. Nair
271574,3092880,Ashok Mehta
56317,87772,Rajkumar Santoshi
391552,942889,Shashilal K. Nair
386449,1056071,Sanjay Khanna
39837,53978,Subhash Ghai
33457,91552,Shankar
80156,107250,Anil Sharma
410738,1664051,Inayat Mahshar
491109,995712,Aziz Sejawal
46430,90454,David Dhawan
302936,85456,Mahesh Manjrekar
64880,126765,Anubhav Sinha
1093074,1143902,T. L. V. Prasad
46418,120953,Gautham Vasudev Menon
32222,109026,Piyush Dinker Pandya
107548,3514429,Roshaan Garry Bhinder
107548,87356,Abbas Alibhai Burmawalla
107548,87355,Mustan Alibhai Burmawalla
174059,946963,Suneel Darshan
136615,3514429,Roshaan Garry Bhinder
136615,85387,Vikram Bhatt
25801,237252,K Raghavendra Rao
948103,230973,Tapan Sinha
253705,229111,Tanuja Chandra
210068,93290,Satish Kaushik
919661,1705899,Kishan Shah
1019679,1115093,Kanti Shah
97472,583607,Rajiv Rai
20769,92693,Madhur Bhandarkar
262120,114636,Shyam Benegal
755997,110212,Raj N. Sippy
554138,1759491,Jayant Gilatar
32429,109172,Deepak Balraj Vij
152035,53671,Rakeysh Omprakash Mehra
142631,569313,Eeshwar Nivas
234562,1270052,Digvijay Singh
496550,1490439,Baby
404930,1045390,Iqbal Durrani
82575,585412,N. Maharajan
891919,2677164,Jyoti Sarup
165065,1007697,Rahul Rawail
401769,1634106,K. Shivram
1062251,1191609,Rajat Rawail
496571,1954543,Dilip Gulati
1000111,1664051,Inayat Mahshar
419052,76449,Sanjay Gadhvi
302990,1773023,Shibu Mitra
362100,105446,Indra Kumar
1725846,6326192,Sandeep Bhatt
166253,1643171,Rajat Mukherjee
1369935,1953943,Amrit Pal
64049,80387,Priyadarshan
411636,1731198,Goldie Behl
277429,1020210,Vijay Sadanah
411970,584865,Agathiyan
232795,997819,Deepak Sareen
295129,1136435,G. S. Vijayan
294088,85456,Mahesh Manjrekar
125809,1081760,Murali Nair
927936,3386337,Imraan Khalid
543332,2037343,Naeema H Shaikh
1058477,1043961,Surinder Kapoor
712840,2149861,Pappu Sharma
304139,133423,Prakash Jha
565696,1198076,Kalpana Lajmi
571294,2203400,Adarsh jain
311480,2225893,Gul Bahar Singh
496582,1954596,A. Raja
885005,3270870,Imran Khan
496413,1953945,J. Neelam
1178512,4271784,Thakur Tapasvi
500060,1705899,Kishan Shah
1453437,5327986,K. I. Shaikh
1197833,4345450,Bhupendra Mhatre
642077,2047202,R. Mittal
652243,1634106,K. Shivram
113172,1056681,Joy Augustine
500064,1964869,Jitendra Chawda
496580,1336639,Shivshankar
476930,1892003,Selva L.
165404,87356,Abbas Alibhai Burmawalla
165404,87355,Mustan Alibhai Burmawalla
21982,88142,Vipul Amrutlal Shah
15917,42804,Sanjay Leela Bhansali
26277,35784,Kunal Kohli
161179,932629,Krishna Vamsi
366169,943403,Harry Baweja
78827,85801,Anees Bazmee
618977,1143902,T. L. V. Prasad
90634,1067469,K. S. Adiyaman
175614,593019,Kundan Shah
31525,87772,Rajkumar Santoshi
117096,131895,Raj Kanwar
15761,76813,Ram Gopal Varma
20656,71088,Shaad Ali
159436,943162,Rajkumar Kohli
35907,1770592,Sanjay Gupta
97437,90454,David Dhawan
20731,85387,Vikram Bhatt
317039,85456,Mahesh Manjrekar
115124,85387,Vikram Bhatt
465164,1041346,Umesh Mehra
165979,113671,Dharmesh Darshan
498713,625416,Guddu Dhanoa
83902,631226,Arjun Sablok
161218,90454,David Dhawan
139656,76449,Sanjay Gadhvi
117142,942889,Shashilal K. Nair
545339,1041789,Naresh Malhotra
49518,85387,Vikram Bhatt
166870,113667,Meghna Gulzar
234179,93290,Satish Kaushik
459079,1381085,Manoj Agrawal
158723,174470,Harmesh Malhotra
59372,229111,Tanuja Chandra
389245,87706,K. Murali Mohana Rao
277751,86009,Sohail Khan
295735,1029022,Ashok Kumar
929391,584469,Jayaraj
33146,6217,Anupam Kher
210614,1033883,Mehul Kumar
312216,990865,Hansal Mehta
309386,90454,David Dhawan
404394,1643697,Mithu Singh
1548759,1843922,Anand Sagar
55212,628334,Pankaj Parashar
134841,87550,Vishal Bhardwaj
370112,1069373,K. Ravi Shankar
554503,2152533,Kumar Jay
46369,224495,Mani Shankar
817132,3047202,Anwar Jamal
214066,86062,Anant Mahadevan
496583,1954598,Sarigama Viji
302926,2073148,Gurudev Bhalla
248202,1777483,Deepak Anand
166258,1643171,Rajat Mukherjee
712747,1893297,Joginder
302539,125473,Rahul Dholakia
499110,150526,Sanjay Chhel
295811,946242,Amol Shetge
309467,2997073,Rajan Johri
302895,230433,Vinay Shukla
358794,222770,Partho Ghosh
215322,105446,Indra Kumar
158807,1729524,Aziz Sajaawal
311469,85456,Mahesh Manjrekar
451396,1782355,Kuku Kohli
257620,1297859,Fareeda Mehta
1549881,110709,Rajendra Gupta
1691874,2366711,Madhusree Dutta
596171,1143902,T. L. V. Prasad
309074,1477110,Talat Jani
914057,1353725,Amar Kanwar
303288,1961983,Vicky Ranawat
424491,1704460,Sushen Bhatnagar
1556303,1115034,Ajay Kashyap
304165,6103605,Gaganvihari Borate
97350,1013098,Arjun Sajnani
277015,1042790,Ashok Tyagi
404901,237325,T. Gopichand
513537,2005847,Vivek Anand
224260,1335714,Raja Bharat
224260,84956,Nana Patekar
224260,1474461,Rajesh Kumar Singh
310905,5147550,Ajay Phansekar
476894,1891960,Manish R. Khandelwal
304144,3386668,Bhisham Kohli
143795,1119816,Anand Patwardhan
1199824,4353393,Anjali Punjabi
920109,1072010,Swaroop Kumar
920272,1158782,Shaji N. Karun
606019,1115093,Kanti Shah
709031,2654883,Anand Prakash
1196925,1624503,Arvind Sinha
1557063,1309507,Arun Khopkar
1453505,1115093,Kanti Shah
476720,1115093,Kanti Shah
767771,1105490,Manoj Punj
501173,1967625,Shiv Kumar
685237,2703798,Mohan Singh Rathor
355186,1498148,Sherna Dastur
499242,3935636,Anil Mattoo
1281432,1917094,Surabhi Sharma
165402,110227,Sooraj Barjatya
4254,35735,Nikkhil Advani
25516,1032103,Rakesh Roshan
33067,225149,Sudhir Mishra
19625,85675,Rajkumar Hirani
271677,107250,Anil Sharma
39839,228989,Ravi Chopra
71920,110148,J. P. Dutta
4252,35805,Aziz Mirza
496356,1903905,Jagdish Gautam
21265,87550,Vishal Bhardwaj
56969,93290,Satish Kaushik
270823,946963,Suneel Darshan
48391,1070883,Amit Saxena
401465,1474456,Sandeep Kumar
73237,83594,Nagesh Kukunoor
380880,5756478,Sumeer Sabharwal
105025,1041789,Naresh Malhotra
212502,90454,David Dhawan
821786,795067,Girja Shankar
477859,1766338,Shona Urvashi
451920,150478,Apoorva Lakhia
222955,1036355,Feroz Khan
21184,80387,Priyadarshan
487392,992760,Ashwini Chaudhary
467219,88437,Deepak Tijori
1683494,1724042,Ivan Zachariáš
301087,1782355,Kuku Kohli
403916,1641859,Ziba Bhagwagar
403916,1150851,V. K. Prakash
819790,1341817,Rajiv S. Ruia
48244,110241,N. Chandra
433718,1734582,Imtiaz Punjabi
499969,1109613,Satyajit Bhatkal
345426,292250,S. J. Suryah
74481,1544559,Prawaal Raman
403428,237972,K. Vijaya Bhaskar
117322,85387,Vikram Bhatt
292879,562285,Dev Anand
138510,1109145,Sanjay Jha
303398,625416,Guddu Dhanoa
309092,583519,Anant Balani
348152,1199052,Soumitra Ranade
150922,88594,Robby Grewal
198727,1179162,Chandra Prakash Dwivedi
48923,85445,Rohan Sippy
362291,88796,Sangeeth Sivan
496533,2129067,Tinnu Verma
81150,86778,Parvati Balagopalan
604306,2326936,Shivam Yadav
107937,76813,Ram Gopal Varma
97027,583519,Anant Balani
54072,131895,Raj Kanwar
347210,110196,Apurva Asrani
347210,1645536,Ramanjit Juneja
109454,140656,Ravindra Peepat
404373,1643613,Pramod Mandloi
383404,119819,Anurag Basu
383404,1579361,Anil V. Kumar
71064,1019955,Shyam Ramsay
69632,569313,Eeshwar Nivas
41901,107252,Ken Ghosh
101783,86783,Rohit Shetty
46428,133423,Prakash Jha
361410,1065378,B.H. Tharun Kumar
919730,3357673,Pradeep Maini
354547,625416,Guddu Dhanoa
316200,1938410,Padam Kumar
25020,635017,Milan Luthria
1454400,1705899,Kishan Shah
86576,110146,Pooja Bhatt
205211,119819,Anurag Basu
64109,85670,Anurag Kashyap
423694,92693,Madhur Bhandarkar
337500,4354526,K.P. Sasi
1228142,1198076,Kalpana Lajmi
526211,2050202,Mohan Baggad
471903,1873947,Velu Viswanadhan
496579,1705899,Kishan Shah
166256,122496,Chandan Arora
161834,95510,Sujoy Ghosh
477398,1705899,Kishan Shah
276056,2097456,Pavan Kaul
117368,224751,Khalid Mohammed
376439,1115093,Kanti Shah
114813,545084,Tigmanshu Dhulia
296566,441339,Teja
343404,1474461,Rajesh Kumar Singh
158452,85387,Vikram Bhatt
1157268,1278967,Ajita Suchitra Veera
171199,1364929,Shashanka Ghosh
73259,275825,Honey Irani
290239,1360036,Raman Kumar
499111,1566911,Gaurav Pandey
918929,3355474,Jignesh V. Vaishnav
272171,87296,Raja Menon
249341,1113617,Amit Kumar
496455,1954060,Muneer Khan
423250,110241,N. Chandra
1154383,4172308,Ajay Sinha
648166,1619598,Jai Prakash
431804,1527676,Sridhar Rangayan
404412,1643749,Mangal Anand
500071,1953945,J. Neelam
143734,1081645,Deepak Bahry
403755,1641411,Ujjal Chatterjee
46413,583519,Anant Balani
72578,585114,Govind Menon
1111351,4003444,Gopal Menon
1456643,5337838,Shammi Kahn
781035,2916325,Vinod Ganatra
312283,1360036,Raman Kumar
498983,1961088,Nalini Malani
318484,943403,Harry Baweja
20364,80387,Priyadarshan
4251,35770,Yash Chopra
14134,8311,Farah Khan
20495,90454,David Dhawan
15774,78751,Ashutosh Gowariker
136527,544984,Govind Nihalani
277229,87356,Abbas Alibhai Burmawalla
277229,87355,Mustan Alibhai Burmawalla
21175,78916,Farhan Akhtar
4253,35784,Kunal Kohli
17478,76449,Sanjay Gadhvi
155973,92693,Madhur Bhandarkar
715829,2679391,Kader Kashmiri
72051,110144,Puneet Issar
105049,1037351,Aruna Raje
28740,85670,Anurag Kashyap
115153,625416,Guddu Dhanoa
22315,87355,Mustan Alibhai Burmawalla
22315,87356,Abbas Alibhai Burmawalla
20534,119819,Anurag Basu
311571,1060556,Puneet Sira
307962,4888789,Arpudhan
41252,52264,Rituparno Ghosh
253707,119819,Anurag Basu
43410,78747,Mani Ratnam
799324,1272141,Sashi Kumar
336735,81089,Ahmed Khan
21665,87772,Rajkumar Santoshi
434034,585114,Govind Menon
76684,105446,Indra Kumar
207031,1057532,Prashant Bhargava
276480,1257704,Karan Razdan
166027,107252,Ken Ghosh
872120,133423,Prakash Jha
619093,1968851,Anup Kurian
532017,2909507,Arindam Chaudhuri
72079,1069810,Ashvin Kumar
19491,88595,Samir Karnik
1726061,6330222,Sridhar Rangayan
714931,545084,Tigmanshu Dhulia
723362,2708131,Jasmine Kaur Roy
135199,85665,Sriram Raghavan
127531,635017,Milan Luthria
177360,107250,Anil Sharma
161175,1143452,Birendra Nath Tiwari
211105,1483988,Santram Varma
361866,224495,Mani Shankar
455728,1947958,Manoj J. Bhatia
66702,993025,Atul Agnihotri
320803,1541386,Ravi Sharma Shankar
161214,584324,Revathi
158780,580844,Jeeva
117356,1770592,Sanjay Gupta
276501,1143902,T. L. V. Prasad
196852,583607,Rajiv Rai
510459,593019,Kundan Shah
1340656,1083286,Shumona Goel
128488,1087149,Anupam Sinha
217745,86062,Anant Mahadevan
287160,1527158,Dheeraj Kumar
178530,1144652,M. F. Husain
351947,1491152,Rakesh Sharma
117357,76813,Ram Gopal Varma
344248,628334,Pankaj Parashar
159069,1934258,Saurab Narang
326226,1025765,Raam Shetty
1023617,1352997,Kabir Sadanand
404667,968112,Ankur Tewari
404667,1644613,Siddharth Anand Kumar
161816,78922,Rajat Kapoor
404392,628334,Pankaj Parashar
117099,569313,Eeshwar Nivas
317374,130990,Makrand Deshpande
1667194,1115093,Kanti Shah
103212,85456,Mahesh Manjrekar
919336,1110113,Nabh Kumar Raju
356416,1470750,Krishna
334397,85387,Vikram Bhatt
16566,76447,Shimit Amin
541411,2103239,Gautam Adhikari
1731537,1205659,Amit Dutta
301485,1435424,Partho Sen-Gupta
311445,2035322,Rohit Manash
311445,1341819,Rohit Nayyar
407176,83594,Nagesh Kukunoor
404475,139380,Ssharad Sharaan
232817,1034433,Hriday Shetty
397690,1544559,Prawaal Raman
220284,119891,Puri Jagannadh
211103,1037357,Vimal Kumar
331695,1855464,Raj Kaushal
117341,105448,Tanveer Khan
919555,3357187,Guddu Jaffrey
404230,1178052,Mahesh Tilekar
1317146,53372,Nandita Das
139474,1110620,Deepak S. Shivdasani
338998,1705899,Kishan Shah
918915,1056689,Bharat Dabholkar
1559348,1309507,Arun Khopkar
106090,140799,Darshan Bagga
496560,1953945,J. Neelam
1486370,1115093,Kanti Shah
1180009,1643171,Rajat Mukherjee
1214342,1205659,Amit Dutta
782282,1729520,Avijit Mukul Kishore
917533,1484832,Shreya Srivastava
503925,110212,Raj N. Sippy
920096,3333101,Vinod Chhabra
826285,1844009,Abhay Chopra
1549868,5702592,Sumbul
1549868,5702605,Gazi
404401,1477536,Bhavani
1271127,2667452,V. Menon
1554342,1296630,Kumar Shahani
1108927,3994471,Dinesh Chaudhary
1301866,1475070,Raaghav Dar
743571,2780674,Suresh Jain
404521,1644060,Rakesh Prasad
477106,1892637,Om Prakash Sharma
408461,1795271,Ashoke Pandit
398762,1624503,Arvind Sinha
1127795,4065812,Manisha Dwivedi
205212,113671,Dharmesh Darshan
78701,53978,Subhash Ghai
238674,85387,Vikram Bhatt
20496,1066440,Ketan Mehta
58725,114636,Shyam Benegal
58302,126765,Anubhav Sinha
33081,105650,Amol Palekar
20968,76813,Ram Gopal Varma
20296,126763,Vivek Agnihotri
20651,229130,Pradeep Sarkar
15084,35785,Siddharth Anand
20132,85700,Soham Shah
206376,1188847,Jijy Philip
86411,1385689,Samar Khan
19636,80387,Priyadarshan
15978,1759973,Shripal Morakhia
97341,85387,Vikram Bhatt
1734501,6358908,M. J. Ramanan
271542,174470,Harmesh Malhotra
405445,1583804,Yogesh Bharadwaj
281011,1065371,Anil Devgan
97361,229256,Vishram Sawant
31977,42804,Sanjay Leela Bhansali
194433,95510,Sujoy Ghosh
20390,85801,Anees Bazmee
612059,232538,Akbar Khan
11763,71088,Shaad Ali
272220,1705312,Sanjay F. Gupta
51523,1030393,Suparn Varma
46415,631226,Arjun Sablok
161212,80387,Priyadarshan
56998,225356,Deepak Ramsay
807533,1977824,Kushan Nandy
61376,1143902,T. L. V. Prasad
225635,946963,Suneel Darshan
31364,88142,Vipul Amrutlal Shah
127763,1085761,Manish Jha
630974,2072462,Ashok Nanda
202635,1860980,Khalid Mohamed
277836,1333246,Bappaditya Bandopadhyay
21905,229275,Leena Yadav
117409,85456,Mahesh Manjrekar
40017,88800,Mohit Suri
49496,1424261,Aditya Datt
46423,1097571,Radhika Rao
46423,1143467,Vinay Sapru
19620,85445,Rohan Sippy
239043,76789,Saurabh Shukla
83903,85456,Mahesh Manjrekar
39217,90454,David Dhawan
276387,1141406,John Mathew Matthan
21555,71276,Imtiaz Ali
579001,1205659,Amit Dutta
21567,83594,Nagesh Kukunoor
282030,88437,Deepak Tijori
137303,110851,Onir
206542,1116656,Vinod Pande
353944,85456,Mahesh Manjrekar
112627,990862,Ashu Trikha
354734,946963,Suneel Darshan
446688,1007697,Rahul Rawail
28805,133423,Prakash Jha
69346,88800,Mohit Suri
233830,584859,K. Subash
140231,85387,Vikram Bhatt
258688,1796237,Sanjay Dayma
334386,1312905,Rohit Jugraj
75467,1036303,Himanshu Brahmbhatt
433828,1734995,N.S. Raj Bharath
110647,585114,Govind Menon
39218,122496,Chandan Arora
22429,88796,Sangeeth Sivan
139067,1110113,Nabh Kumar Raju
1452362,230978,Sai Paranjape
74084,231345,Romesh Sharma
216116,90454,David Dhawan
136688,85404,Girish Dhamija
20623,92693,Madhur Bhandarkar
1192990,1662141,Ruchi Narain
316812,943403,Harry Baweja
21557,225149,Sudhir Mishra
640982,88437,Deepak Tijori
621140,1519670,Sanjay Sharma
1721629,6310602,Ashok Kaul
301687,224495,Mani Shankar
1275735,1295860,Rajiv Chilaka
406488,1034433,Hriday Shetty
168025,86078,Antara Mali
168025,86882,Satchit Puranik
326397,1929592,Shrabani Deodhar
698735,1309507,Arun Khopkar
115958,1521403,Vicky G
311545,999159,Madhu Ambat
536416,2086611,Zunaid Memon
360915,222770,Partho Ghosh
87995,150478,Apoorva Lakhia
794071,1141391,Aditya Bhattacharya
526222,2050324,Ashok Maurya
523197,5798957,Sanjay Zaveri
586077,2256865,Shabah Shamsi
949844,3466957,Jiten Purohit
216696,1034447,Shoojit Sircar
904473,1115093,Kanti Shah
919286,1178052,Mahesh Tilekar
721027,2699018,Sadashivam Rao
16111,2862783,V.G. Samant
546865,992760,Ashwini Chaudhary
84096,1120771,Jahnu Barua
445685,1771958,Partho Mitra
1177944,2247682,Sankalp Meshram
1297430,1168525,Jabbar Patel
316831,1411682,Ishaan Trivedi
311142,93290,Satish Kaushik
1688948,562285,Dev Anand
522926,6520,Soni Razdan
33460,85725,Kabeer Kaushik
109434,1046337,Rajiv Babbar
1572227,1619598,Jai Prakash
779991,2912256,Kirti Ahuja
112971,229111,Tanuja Chandra
474171,1145419,Ute Aurand
354205,1496244,Marlon Rodrigues
260688,1352669,Sharique Minhaj
587330,4194490,Chander Mishra
569844,946242,Amol Shetge
619099,1131771,Kamal
362812,1619598,Jai Prakash
309458,126765,Anubhav Sinha
1547899,222770,Partho Ghosh
442320,1034727,Farogh Siddique
538959,946242,Amol Shetge
496371,1953807,P Alagar
1193554,3272694,Samina Mishra
544275,4796899,Harryy W. Fernaandes
1227817,2819497,Manish Shrivastav
1447148,5299538,Dinesh Chaudhary
845324,240737,Lalit Vachani
1159485,1278967,Ajita Suchitra Veera
500066,1115093,Kanti Shah
1486712,5459491,Nayantara Kotian
155949,113671,Dharmesh Darshan
32740,1032103,Rakesh Roshan
14194,76449,Sanjay Gadhvi
17501,78916,Farhan Akhtar
7913,53671,Rakeysh Omprakash Mehra
14395,35736,Karan Johar
33142,110227,Sooraj Barjatya
20359,87713,Neeraj Vora
8453,35784,Kunal Kohli
48184,228989,Ravi Chopra
1441988,5995168,Abhishek Chhadha
1441988,5995170,Abhishek Chadha
19637,80387,Priyadarshan
20494,80387,Priyadarshan
38440,119819,Anurag Basu
41188,80387,Priyadarshan
14705,87550,Vishal Bhardwaj
53590,990862,Ashu Trikha
53590,1221203,Jim Mulligan
20931,635017,Milan Luthria
21461,85675,Rajkumar Hirani
369843,1540331,Bunty Soorma
44827,83594,Nagesh Kukunoor
46407,78922,Rajat Kapoor
161208,1032627,Saawan Kumar Tak
31983,88817,J. D. Chakravarthi
31983,1013132,Manish Gupta
31983,14086,Sajid Khan
31983,1188847,Jijy Philip
31983,984152,Vivek Shah
31983,76813,Ram Gopal Varma
31983,1544559,Prawaal Raman
20145,87355,Mustan Alibhai Burmawalla
20145,87356,Abbas Alibhai Burmawalla
136542,87772,Rajkumar Santoshi
59362,37238,Saket Chaudhary
493622,230029,Raksha Mistry
493622,230028,Hasnain Hyderabadwala
19670,86783,Rohit Shetty
347807,1662295,Vikram Chopra
46371,88796,Sangeeth Sivan
48569,131895,Raj Kanwar
617036,2366711,Madhusree Dutta
64112,225356,Deepak Ramsay
65956,1768802,Vivek B Agrawal
15412,116143,Dibakar Banerjee
1686881,6184688,Imitaaz Khan
30244,85048,Kabir Khan
59267,9897,Shirish Kunder
310803,1467607,Sameer Hanchate
463320,1056071,Sanjay Khanna
435335,126765,Anubhav Sinha
253578,88437,Deepak Tijori
161205,1067469,K. S. Adiyaman
46618,110148,J. P. Dutta
1595907,1277769,Kamal Swaroop
474252,943403,Harry Baweja
275493,3800124,Karan Razdan
324218,86062,Anant Mahadevan
20971,1770592,Sanjay Gupta
1456506,5337359,anand sukumaran
158708,85801,Anees Bazmee
104299,1035915,Mustafa Engineer
310495,1198076,Kalpana Lajmi
181638,85387,Vikram Bhatt
272669,1143902,T. L. V. Prasad
330149,6497,Naseeruddin Shah
423822,105448,Tanveer Khan
324608,93290,Satish Kaushik
226092,1020512,Ankush Glen
272222,1766043,Amar Butala
46620,37238,Saket Chaudhary
1193563,1168525,Jabbar Patel
33375,130968,Rajeev Virani
203110,1855464,Raj Kaushal
499732,1586810,Wilson Louis
334525,1450251,Jaydev Chakravorty
1726861,6329711,Vinod Ganatra
83898,229111,Tanuja Chandra
18799,1513024,Shivam Nair
157801,1424261,Aditya Datt
1357257,1307643,Shailesh Dupare
286400,1352398,Devender Dua
46432,88800,Mohit Suri
20092,92693,Madhur Bhandarkar
67181,1295860,Rajiv Chilaka
1726831,6329512,Rajeev Mohan
19628,110851,Onir
236007,1143185,Sachin Bajaj
360168,1649125,Lakshmikanth Chenna
272212,1069373,K. Ravi Shankar
92193,76813,Ram Gopal Varma
316840,1411730,Mukesh Saigal
310298,1360036,Raman Kumar
317781,105446,Indra Kumar
115943,628334,Pankaj Parashar
321262,1641411,Ujjal Chatterjee
506059,1198729,Suresh Krissna
307030,946963,Suneel Darshan
83895,85585,Abhishek Kapoor
1726836,6329568,Shaleen Sharma
274707,1484832,Shreya Srivastava
233296,1160955,Manish Sharma
486382,593017,Basu Chatterjee
269758,2112189,Udyakanth
1106553,3985975,Akram Shaikh
1193385,2926585,Abhigyan Jha
1193385,4328608,Abhiyan Rajhans
933064,4749878,Chand Mehta
933064,4749877,Rakesh Kakaria
117135,88817,J. D. Chakravarthi
303090,2273590,Chander H. Bahl
848686,1819077,Arindam Mitra
570255,110146,Pooja Bhatt
272210,1643597,Mahesh Kapoor
446321,1115093,Kanti Shah
1436302,4497210,Aadil Khan
115873,1430881,Kuntaa Nikkil
438369,3816127,Prashant Girkar
487288,1840139,Ruchir Joshi
1352955,4926413,Priya Belliappa
302473,2266981,Ahmed Siddiqui
919040,3355655,Hriday Sharma
109002,55069,Jaspal Bhatti
304732,5754806,Sanjay D. Singh
442680,1761508,Harinam Singh
272325,1257704,Karan Razdan
1061090,1123811,Vibhu Puri
499731,1115093,Kanti Shah
1365952,1109537,Madhureeta Anand
948312,1341819,Rohit Nayyar
7508,52763,Aamir Khan
8079,8311,Farah Khan
22448,88800,Mohit Suri
15772,78747,Mani Ratnam
11807,71276,Imtiaz Ali
20360,88142,Vipul Amrutlal Shah
20492,119819,Anurag Basu
4157,14086,Sajid Khan
14163,76447,Shimit Amin
192339,625416,Guddu Dhanoa
16283,42804,Sanjay Leela Bhansali
14165,35785,Siddharth Anand
19025,80387,Priyadarshan
20294,85801,Anees Bazmee
36204,85670,Anurag Kashyap
14159,35738,Anil Mehta
19418,80387,Priyadarshan
16576,85530,R. Balki
46386,564557,Reema Kagti
46404,231004,Navdeep Singh
27298,90454,David Dhawan
388312,1592345,Kaushik Roy
25638,229130,Pradeep Sarkar
25869,35735,Nikkhil Advani
35063,113667,Meghna Gulzar
20413,105446,Indra Kumar
156288,81089,Ahmed Khan
192675,99710,Vidhu Vinod Chopra
41511,126763,Vivek Agnihotri
46379,87550,Vishal Bhardwaj
695984,1743296,Prantik Basu
205032,88595,Samir Karnik
443624,1066581,Raj Pendurkar
1193139,4327693,Nitin Pamnani
46409,88594,Robby Grewal
31248,76813,Ram Gopal Varma
497809,1527676,Sridhar Rangayan
32134,108932,Pankaj Sharma
276049,1387051,Prashant Chadha
297022,1116656,Vinod Pande
59258,110146,Pooja Bhatt
1476765,5421432,Janmendra Ahuja
20742,150478,Apoorva Lakhia
25803,562206,Richie Mehta
377030,437387,Ajay Chandhok
192364,959445,Ganesh Acharya
117324,1065368,Akku Akbar
14162,71088,Shaad Ali
199408,1208727,Amrit Sagar Chopra
59904,230028,Hasnain Hyderabadwala
59904,230029,Raksha Mistry
20129,85665,Sriram Raghavan
46383,150478,Apoorva Lakhia
46383,113667,Meghna Gulzar
46383,1668433,Jasmeet Dhodhi
46383,990865,Hansal Mehta
46383,86554,Rohit Roy
46383,1770592,Sanjay Gupta
404414,1643763,Sumeet Chawla
60597,85387,Vikram Bhatt
46424,225149,Sudhir Mishra
46417,946963,Suneel Darshan
46381,1007697,Rahul Rawail
14468,1666871,Sanjay Khanduri
159437,85387,Vikram Bhatt
20535,76813,Ram Gopal Varma
260648,1205659,Amit Dutta
1079863,2075138,Habieb Naseer
60124,107250,Anil Sharma
867801,1295860,Rajiv Chilaka
206525,230438,Subhash Kapoor
46370,1085761,Manish Jha
159434,992760,Ashwini Chaudhary
272243,85387,Vikram Bhatt
20454,1946560,Manish Tiwary
117361,85670,Anurag Kashyap
1639972,86062,Anant Mahadevan
14548,231357,Manoj Tyagi
39816,31654,Chris Smith
919549,1891960,Manish R. Khandelwal
170986,1177617,Shivajee Chandrabhushan
38428,120426,Feroz Abbas Khan
463315,2285287,Karanjeet Saluja
903357,2437367,Rajula Shah
277608,87356,Abbas Alibhai Burmawalla
277608,87355,Mustan Alibhai Burmawalla
360164,1647245,Sekhar Surya
322481,150406,Goutam Ghose
353810,78916,Farhan Akhtar
20299,1389462,Manish Shrivastav
689335,2588686,Mickaël Kummer
46426,92693,Madhur Bhandarkar
462352,85456,Mahesh Manjrekar
17432,1341817,Rajiv S. Ruia
867806,1295860,Rajiv Chilaka
34707,76813,Ram Gopal Varma
387096,1589448,Kranti Kanadé
211531,2281527,Aroop Adhikari
1342089,2195098,Mohinder Pratap Singh
15411,89020,Sagar Ballary
59364,229256,Vishram Sawant
163415,1145373,R. Anand Kumar
211821,1047018,Lovely Singh
1062923,87550,Vishal Bhardwaj
1369901,4994564,Maninder Bhandari
276343,1976775,Dilip Sood
488216,591123,Aanand L. Rai
361935,1649151,Masood Ali
1199942,1549643,Arghya Basu
1068934,1866569,Rajkumar Bhan
197446,635017,Milan Luthria
313430,86062,Anant Mahadevan
39817,1347246,Bhavna Talwar
310916,89150,Anurag Singh
274086,222770,Partho Ghosh
554895,2393836,Aziz Khan
1317741,1464449,Shalini Kantayya
339531,85387,Vikram Bhatt
65232,240737,Lalit Vachani
482203,1019955,Shyam Ramsay
561948,2175839,Manisha Issrani Misra
1570210,2710827,K.P. Jayasankar
1570210,2710825,Anjali Monteiro
1090814,3935572,Sohail Azmi
50187,1758831,Amitoj Mann
463310,1947951,Hemant Hegde
1475507,1879419,Paromita Vohra
946555,2450205,Naeem Sha
1342166,4857873,Shrikant Agawane
1581841,1068850,Farogh Jafri
1342154,4917905,Tripurari Sharan
762077,2848784,Vimal Reddy
500059,1964852,B. R. Keshav
14546,86783,Rohit Shetty
14072,35771,Aditya Chopra
14073,78751,Ashutosh Gowariker
14070,81085,A. R. Murugadoss
14071,146975,Tarun Mansukhani
15974,114923,Vivek Sharma
60239,37236,Santosh Sivan
19658,87356,Abbas Alibhai Burmawalla
19658,87355,Mustan Alibhai Burmawalla
15975,116143,Dibakar Banerjee
20365,993025,Atul Agnihotri
15467,35805,Aziz Mirza
20653,69711,Jugal Hansraj
14751,1192755,Shashant Shah
31897,42803,Ajay Devgn
161801,980968,Sanjay Chel
14467,37239,Abbas Tyrewala
19623,1731198,Goldie Behl
277615,1869989,Afzal Khan
33206,80387,Priyadarshan
19703,123219,Neeraj Pandey
15864,35785,Siddharth Anand
26153,87354,Rumi Jaffery
25510,93502,Kunal Deshmukh
19624,92693,Madhur Bhandarkar
1132127,4083182,R.D. Mallik
14214,35784,Kunal Kohli
20832,1164565,Jaideep Sen
23848,87772,Rajkumar Santoshi
19669,76449,Sanjay Gadhvi
117329,1065371,Anil Devgan
20976,150478,Apoorva Lakhia
20295,1834634,Sachin Yardi
19951,85387,Vikram Bhatt
81145,591123,Aanand L. Rai
20493,943403,Harry Baweja
46411,1110620,Deepak S. Shivdasani
46414,569313,Eeshwar Nivas
16383,1513024,Shivam Nair
18609,1385689,Samar Khan
444075,1766338,Shona Urvashi
57092,225524,Chandrakant Kulkarni
14394,76813,Ram Gopal Varma
12273,85801,Anees Bazmee
19672,85585,Abhishek Kapoor
15464,1341562,Saurabh Kabra
614385,1295860,Rajiv Chilaka
648965,584327,Singeetham Srinivasa Rao
20917,86783,Rohit Shetty
188284,1184072,Jaideep Varma
35695,114636,Shyam Benegal
32137,108936,Bhavik Thakore
16537,229252,Nishikant Kamat
799269,2268370,Sourabh Shrivastava
1419548,3351387,Gauhar Raza
15532,95751,Kaushik Ghatak
46408,959445,Ganesh Acharya
19671,2464378,Sachin Kamlakar Khot
19667,85725,Kabeer Kaushik
14193,76451,Vijay Krishna Acharya
20563,88595,Samir Karnik
710679,1341817,Rajiv S. Ruia
20358,53978,Subhash Ghai
293135,6495,Mira Nair
21571,78922,Rajat Kapoor
20488,1613927,Anil Senior
647873,2457281,K. Ajay Kumar
719891,1205659,Amit Dutta
73485,569313,Eeshwar Nivas
18610,6432805,Ashwani Dhir
309707,1953750,Rajesh Ram Singh
13123,230437,Raj Kumar Gupta
88867,2209692,Arjun Bali
467589,1856495,Sunil Bhojwani
276129,1330032,Salim Raza
1452365,230978,Sai Paranjape
480619,1903859,Arshad Khan
79111,585993,Indrajit Singh
309698,1143757,Jagdish A. Sharma
274746,990865,Hansal Mehta
55376,93290,Satish Kaushik
15979,76813,Ram Gopal Varma
33540,110851,Onir
1559468,5738983,Ravi Basera
168306,1150102,Sohail Tatari
41911,2457266,Rajaatesh Nayar
117134,83594,Nagesh Kukunoor
173418,1638388,Shashi Ranjan
26229,1001460,Kunal Shivdasani
568009,125473,Rahul Dholakia
568009,1085761,Manish Jha
568009,85670,Anurag Kashyap
568009,1359196,Ayush Raina
568009,593019,Kundan Shah
568009,1120771,Jahnu Barua
568009,52264,Rituparno Ghosh
568009,1364929,Shashanka Ghosh
568009,1662141,Ruchi Narain
568009,584324,Revathi
568009,225149,Sudhir Mishra
532965,1143470,Atul Sabharwal
473042,110212,Raj N. Sippy
16928,53978,Subhash Ghai
867815,1295860,Rajiv Chilaka
383405,1579363,Rajesh Bajaj
383405,1579365,Lucky Kohli
124438,76813,Ram Gopal Varma
46412,224495,Mani Shankar
443950,959608,Neeraj Pathak
449031,1520248,David MacDougall
46416,4394949,Hridesh Kamble
232710,1072000,Ashim S. Samanta
33147,110187,Kompin Kemgumnird
115933,86062,Anant Mahadevan
544286,1424261,Aditya Datt
826411,1616912,Devashish Makhija
25802,1336074,Mohan Sharma
192417,1172718,Jayabrato Chatterjee
919024,1823073,Arshad Siddiqui
1106263,240737,Lalit Vachani
539733,2097456,Pavan Kaul
804799,2104656,Shabnam Virmani
1194371,2104656,Shabnam Virmani
500095,1903905,Jagdish Gautam
1323738,1475071,Arun Sukumar
1319630,1917102,Prateek Vats
16352,80394,Geetika Narang Abbasi
493286,1943522,Pankaj Rishi Kumar
493291,1943526,Siddharth Sinha
1187803,4306997,Pankaj Shukla
20453,85675,Rajkumar Hirani
22717,89154,Prabhu Deva
16345,80387,Priyadarshan
10788,66829,Sabbir Khan
21297,87378,Ayan Mukerji
1193500,1729520,Avijit Mukul Kishore
25868,95510,Sujoy Ghosh
24613,93153,Renzil D'Silva
24827,87772,Rajkumar Santoshi
20687,93290,Satish Kaushik
19616,85048,Kabir Khan
19663,71276,Imtiaz Ali
393252,5882139,Romilla Mukherjee
16344,80386,Zoya Akhtar
24864,78751,Ashutosh Gowariker
59262,88796,Sangeeth Sivan
15977,85670,Anurag Kashyap
24595,92055,Anthony D'Souza
20002,35735,Nikkhil Advani
26379,85530,R. Balki
22157,1117184,Mazhar Kamran
22155,88437,Deepak Tijori
22609,89150,Anurag Singh
20292,230028,Hasnain Hyderabadwala
20292,230029,Raksha Mistry
20027,53671,Rakeysh Omprakash Mehra
1767992,4740054,Wendy Champagne
21607,1060556,Puneet Sira
20964,113690,Kunaal Roy Kapur
197490,1150851,V. K. Prakash
20688,87550,Vishal Bhardwaj
20290,85700,Soham Shah
24603,86783,Rohit Shetty
302206,1442079,Prakash Saini
21625,85670,Anurag Kashyap
1609777,1323051,Abhishek Pathak
634304,150220,Deepti Naval
25867,80387,Priyadarshan
18673,83594,Nagesh Kukunoor
20507,76813,Ram Gopal Varma
25100,93502,Kunal Deshmukh
15646,1145373,R. Anand Kumar
306406,1171679,Satish Rajwade
26815,76447,Shimit Amin
1017579,985427,Satyen Bose
20293,87713,Neeraj Vora
113512,1081760,Murali Nair
83351,2137054,'Om' Rakesh Chaturvedi
425685,1707458,Supriyo Sen
15980,88800,Mohit Suri
25511,88142,Vipul Amrutlal Shah
21606,87706,K. Murali Mohana Rao
19980,81675,Krishna D.K.
19980,81676,Raj Nidimoru
1324937,4867582,Dipti Gogna
22241,53372,Nandita Das
406139,1430882,Aziz Naser
24604,92056,Prem Soni
19276,239063,Umesh Shukla
21263,87354,Rumi Jaffery
32974,76789,Saurabh Shukla
85708,1013132,Manish Gupta
454994,1464491,Devang Dholakia
46405,1109537,Madhureeta Anand
32866,109735,Mahesh Nair
21822,110241,N. Chandra
23275,90454,David Dhawan
518972,1295860,Rajiv Chilaka
1124862,4054123,Renju Ramesh
17059,81189,Jehangir Surti
1433980,1937149,Anupama Srinivasan
22443,88595,Samir Karnik
1738252,6358995,Varun Khanna
172162,1472089,Joseph Mathew
46402,437387,Ajay Chandhok
22101,1060529,Indrajit Nattooji
1452366,230978,Sai Paranjape
20652,963666,Paritosh Painter
21224,87296,Raja Menon
435175,4454760,Tarique Khan
435203,437387,Ajay Chandhok
20130,92693,Madhur Bhandarkar
523212,222770,Partho Ghosh
1124860,4054123,Renju Ramesh
435199,1042245,Lawrence D'Souza
20291,1172872,Pankaj Advani
20965,6494399,Ajit Pal Mangat
64756,239699,Glen Barreto
21232,114923,Vivek Sharma
21611,2032052,Srinivas Bhashyam
510838,1637178,Paresh Kamdar
23702,1030393,Suparn Varma
15504,1341819,Rohit Nayyar
919604,3357361,Sunil R. Prasad
20915,86778,Parvati Balagopalan
1181508,1043325,Saeed Akhtar Mirza
22158,131891,Ranjit Kapoor
19668,1060556,Puneet Sira
81881,1052354,Kunal Vijaykar
20192,88594,Robby Grewal
632020,2413340,Manikya Raju
1338708,4904268,Siddhartha Mukherjee
304049,1808657,Brahmanand S. Singh
21487,942174,Piyush Jha
117136,1065020,Rahat Kazmi
26304,1411682,Ishaan Trivedi
21298,1060553,Zaigham Ali Sayed
302918,1464491,Devang Dholakia
1443690,5285311,Nasir Shaikh
260649,1205659,Amit Dutta
520430,108932,Pankaj Sharma
544322,4282212,Pryas Gupta
935270,1119816,Anand Patwardhan
309256,1536826,Rajesh Ganguly
127294,1084334,Prashant Bhilare
1399268,5106311,Shailendra Bagde
919624,3357401,Ankit Jain
1319071,4839547,Abhinandan Gupta
936038,3417121,Snehal R. Nair
1064622,3842137,Shubhradeep Chakravorty
26022,35736,Karan Johar
49679,88142,Vipul Amrutlal Shah
44978,86783,Rohit Shetty
44549,130960,Anusha Rizvi
37737,119819,Anurag Basu
41518,42804,Sanjay Leela Bhansali
44425,130957,Abhinav Kashyap
35708,1352997,Kabir Sadanand
52696,224221,Maneesh Sharma
42966,635017,Milan Luthria
58051,14086,Sajid Khan
34764,112954,Vijay Lalwani
59903,88796,Sangeeth Sivan
40777,124579,Punit Malhotra
54892,1331055,Chetan Desai
54890,130959,Kiran Rao
30886,107250,Anil Sharma
37822,85696,Parmeet Sethi
44566,35785,Siddharth Anand
44972,1944716,Siddharth P. Malhotra
56534,224495,Mani Shankar
35687,116143,Dibakar Banerjee
329727,1393098,Ashish Avikunthak
46040,8311,Farah Khan
58046,1685581,Kireet Khurana
45316,223853,Vikramaditya Motwane
44565,80387,Priyadarshan
44070,83594,Nagesh Kukunoor
44248,130596,Rajshree Ojha
819774,5423341,Harinder Gill
37460,78747,Mani Ratnam
154936,42205,Jag Mundhra
49028,76813,Ram Gopal Varma
44613,229130,Pradeep Sarkar
54081,80387,Priyadarshan
29538,69711,Jugal Hansraj
340736,992984,K. C. Bokadia
73876,86062,Anant Mahadevan
47655,14800,Jennifer Lynch
38257,584636,T. K. Rajeev Kumar
34418,229275,Leena Yadav
64761,239704,Tanvir Ahmad
53283,142630,Aatish Kapadia
33556,114379,Abhishek Chaubey
55808,76813,Ram Gopal Varma
37951,133423,Prakash Jha
88452,76789,Saurabh Shukla
340735,130990,Makrand Deshpande
56897,230438,Subhash Kapoor
34144,1661779,Ashwani Dhir
274680,222770,Partho Ghosh
29888,105166,Mudassar Aziz
37690,119978,Milind Ukey
52394,586086,Rajesh Ranshinge
1036580,3358972,Rajkumar R. Pandey
53804,85801,Anees Bazmee
71562,1078761,Nila Madhab Panda
37438,613697,Dev Benegal
1261648,1295860,Rajiv Chilaka
101154,1430882,Aziz Naser
37729,80387,Priyadarshan
40779,93290,Satish Kaushik
38272,1667725,Sudipto Chattopadhyay
117133,131860,Yunus Sajawal
48826,37239,Abbas Tyrewala
117359,1065392,Haadi Abrar
41114,85725,Kabeer Kaushik
50099,228991,Danish Aslam
53284,147709,Habib Faisal
312674,1039606,Dilip Shukla
340730,131895,Raj Kanwar
84976,1341817,Rajiv S. Ruia
30695,107252,Ken Ghosh
163807,1519670,Sanjay Sharma
33384,229257,Amit Rai
270386,2174010,Sachin P Karande
73312,1295927,Kedar Shinde
65624,543776,Mohan Savalkar
38253,85456,Mahesh Manjrekar
1369887,1019955,Shyam Ramsay
51728,88800,Mohit Suri
35100,959608,Neeraj Pathak
71315,227367,Milap Zaveri
1462051,1182685,Kamal K.M.
31458,76813,Ram Gopal Varma
340729,1257704,Karan Razdan
115905,1586810,Wilson Louis
59368,85387,Vikram Bhatt
43216,229253,Kookie Gulati
852970,1295860,Rajiv Chilaka
41107,125473,Rahul Dholakia
42323,230441,Abhishek Sharma
50777,78751,Ashutosh Gowariker
218710,1203451,Nitin Mahadar
46378,1066580,Sunil Pal
44910,1061611,Faruk Kabir
59008,992773,Sajit Warrier
32861,122496,Chandan Arora
54142,230433,Vinay Shukla
406025,1430882,Aziz Naser
55274,1293550,Ashok Kheny
396466,2285287,Karanjeet Saluja
43665,1663464,Shawn Arranha
340728,3189927,Akash Pandey
72583,225149,Sudhir Mishra
67973,2062090,Milind Gadagkar
117337,110146,Pooja Bhatt
37688,2318102,Sanjay Puran Singh Chauhan
1382455,584493,Major Ravi
867821,1295860,Rajiv Chilaka
161874,2159158,Maneej Premnath
38302,114636,Shyam Benegal
836613,2438565,Ashish Pandey
44550,130968,Rajeev Virani
854744,3004765,Kaushal Oza
150914,76789,Saurabh Shukla
158736,1956324,Sunanda Mitra
52899,230415,Vidhi Kasliwal
495125,994514,Sachin Pilgaonkar
330467,4095693,Anup Das
370061,990865,Hansal Mehta
38252,42205,Jag Mundhra
1725344,1955111,Jyotin Goel
340722,2089362,Vishal Bhandari
340731,2179246,Jagbir Dahiya
53120,147322,Akshay Shere
106148,1039906,Hemant Madhukar
42662,128382,Deepak Kumar Bandhu
604428,1067469,K. S. Adiyaman
935126,3414268,Chandan Sen
97603,1483791,Sushil Rajpal
60042,230412,Surendar Suri
1027394,1523213,Samreen Farooqui
1027394,1523212,Shabani Hassanwalia
1530123,5626070,Monti Issar
61202,80386,Zoya Akhtar
41517,126765,Anubhav Sinha
70590,86783,Rohit Shetty
73582,230008,Siddique
41109,78916,Farhan Akhtar
67109,231568,Abhinay Deo
61429,1013132,Manish Gupta
79464,71276,Imtiaz Ali
79990,914892,Rohit Dhawan
302170,1065020,Rahat Kazmi
81273,635017,Milan Luthria
56338,87550,Vishal Bhardwaj
828470,1376951,Saurabh Kumar
61400,85801,Anees Bazmee
53569,230437,Raj Kumar Gupta
316437,1410995,Sidharth Srinivasan
74458,1561054,Ali Abbas Zafar
63468,1192755,Shashant Shah
82698,224221,Maneesh Sharma
665148,110212,Raj N. Sippy
79407,1170894,Rajnish Thakur
69891,1042011,Vikas Bahl
69891,1042010,Nitesh Tiwari
77864,85670,Anurag Kashyap
65521,1158937,Luv Ranjan
113581,1057532,Prashant Bhargava
63006,85445,Rohan Sippy
1780553,6505475,Gorky
61182,1170143,Remo D'Souza
240304,1060577,Chandrakant Singh
69775,88800,Mohit Suri
58333,591123,Aanand L. Rai
65946,85801,Anees Bazmee
69774,119891,Puri Jagannadh
60150,230630,Yogesh Mittal
69785,557210,Bejoy Nambiar
75157,87549,Pankaj Kapur
316841,1116656,Vinod Pande
68256,52773,Amole Gupte
75744,545084,Tigmanshu Dhulia
53299,35735,Nikkhil Advani
852975,1295860,Rajiv Chilaka
1157352,4184717,Vinay Shukla
56901,225149,Sudhir Mishra
63467,110851,Onir
55386,92693,Madhur Bhandarkar
75745,229252,Nishikant Kamat
405957,1648872,Anil
771250,1455337,Neeraj Ghaywan
82945,1087468,Pammi Somal
68029,105446,Indra Kumar
61203,81675,Krishna D.K.
61203,81676,Raj Nidimoru
76038,2288377,Sahil Sangha
110642,543777,Shubha Mudgal
81271,1013139,Swapna Waghmare
79432,131348,Deepshika Nagpal
66841,545493,Pavan Kirpalani
72152,133423,Prakash Jha
68758,85387,Vikram Bhatt
54639,88595,Samir Karnik
64501,42205,Jag Mundhra
77863,6503,Parvin Dabas
66649,545514,Mrighdeep Singh Lamba
60740,231568,Abhinay Deo
71900,972396,Roshan Abbas
406247,1430882,Aziz Naser
138755,1109613,Satyajit Bhatkal
1420445,5191002,Jitin Rawat
111057,1091899,Rajan Khosa
867838,1295860,Rajiv Chilaka
75896,90454,David Dhawan
269995,1319812,Satish Bhakri
1224120,4454760,Tarique Khan
1224120,4454761,Sahil Seth
64881,545084,Tigmanshu Dhulia
465972,1465047,Bikas Ranjan Mishra
79862,1475070,Raaghav Dar
63683,897588,Bumpy
83318,110144,Puneet Issar
244322,1956248,Ramesh Modi
879568,1813232,R Sarath
71481,1544559,Prawaal Raman
78442,1006575,Nupur Asthana
78467,1014892,Neerav Ghosh
729266,4121255,Iram Ghufran
931714,2039022,Kabir Singh Chowdhry
1263060,1368380,Mangesh Hadawale
65951,4362228,Barnali Ray Shukla
833004,1240444,Seema Kapoor
796856,2977324,Ejaz Ahmed
179658,1162215,David Atkins
79876,105448,Tanveer Khan
71069,1061616,Ankush Bhatt
386757,1588567,Jagannanthan Krishnan
218088,1295860,Rajiv Chilaka
77924,35781,Hema Malini
72582,1704460,Sushen Bhatnagar
71882,131902,Rajiv Mehra
67893,89020,Sagar Ballary
96997,86554,Rohit Roy
72580,1120773,Rakesh Ranjan Kumar
281883,1341386,Satya Varanasi
81267,1408647,Karan Gour
938476,2699182,Nina Sabnani
81154,591086,Rakesh Sawant
1201471,4360682,Maya Rao
226008,1211416,Ribhu Dasgupta
75746,89020,Sagar Ballary
566580,1697691,Mangesh Joshi
59868,229951,Alankrita Shrivastava
1048178,562285,Dev Anand
73242,76813,Ram Gopal Varma
63241,1483382,Srikanth V. Velagaleti
64661,239500,S. Manasvi
554287,2151444,Armaan Zorace
796872,2977362,Jaiveer
82705,959445,Ganesh Acharya
244321,994514,Sachin Pilgaonkar
75909,612985,Deepa Sahi
260650,1205659,Amit Dutta
78444,981207,Lalit Marathe
597048,85404,Girish Dhamija
1339071,1850487,Sanjib Dey
301227,1382193,Nijo Jonson
509516,106462,Tirlok Malik
888312,3034513,Chetan Sharma
904699,3327788,Samik Roy Choudhury
303089,1257704,Karan Razdan
1193524,3342767,Sameera Jain
493958,1945925,Atul Srivastava
82678,928513,Shashi Sudigala
85776,2314029,Pawan Gill
1634147,2537606,Bishnu Dev Halder
78446,2072462,Ashok Nanda
83736,930032,Sunny Bhambhani
77030,4022945,Sanjivan Lal
337846,89020,Sagar Ballary
724125,2585295,Shashwati Talukdar
724125,2710846,P. Kerim Friedman
302147,1385692,Amlan Datta
305248,4796923,Milind Swamy
60039,230403,Shankhadeep
278203,1333365,Tiwin
309918,1956215,Musavir Jaleel
1449811,5731368,Khari Kumar
471210,1521930,Sonali Gulati
326405,5845813,Rakesh Jain
88746,1321120,Van Maximilian Carlson
493298,1943534,Surjo Deb
1193296,4328331,Vijay Kulkarni
102632,89154,Prabhu Deva
117691,85670,Anurag Kashyap
85985,85048,Kabir Khan
138122,35736,Karan Johar
126400,85670,Anurag Kashyap
132316,35770,Yash Chopra
118628,1068112,Gauri Shinde
118051,102234,Homi Adajania
135718,239063,Umesh Shukla
84877,992760,Ashwini Chaudhary
84858,1028470,Karan Malhotra
127501,119819,Anurag Basu
222951,1307554,Ajay Bahl
135550,35756,Rajpal Yadav
85052,14086,Sajid Khan
82825,95510,Sujoy Ghosh
84533,930926,Shakun Batra
137180,1106960,Sachin Kundalkar
86004,564557,Reema Kagti
85992,80387,Priyadarshan
117369,1065403,Arnab Chaudhuri
215726,1200739,Hemant Gaba
147405,86013,Arbaaz Khan
112936,86783,Rohit Shetty
124093,110146,Pooja Bhatt
103640,147709,Habib Faisal
85050,85665,Sriram Raghavan
83382,87355,Mustan Alibhai Burmawalla
83382,87356,Abbas Alibhai Burmawalla
85043,1015085,Mandeep Kumar
150859,1295860,Rajiv Chilaka
140896,1661779,Ashwani Dhir
134215,92693,Madhur Bhandarkar
84879,87354,Rumi Jaffery
84240,930623,Puja Bedi
144028,80387,Priyadarshan
103243,1034447,Shoojit Sircar
150979,1170894,Rajnish Thakur
852978,1295860,Rajiv Chilaka
127498,85387,Vikram Bhatt
1599080,4109037,Manohar Singh Bisht
109907,126763,Vivek Agnihotri
85047,1646407,Anu Menon
120942,35784,Kunal Kohli
105379,1037775,Vishal Mahadkar
85053,93502,Kunal Deshmukh
91310,120953,Gautham Vasudev Menon
244323,123225,Shree Narayan Singh
96276,964762,Muazzam Beg
147767,131856,Ashish R. Mohan
161043,1144381,Nishtha Jain
312608,1955585,Manish Vatsalya
719115,2692063,Pradipta Ray
158519,1029052,Bhushan Patel
129507,9897,Shirish Kunder
1267029,3477317,Ah Loong
128207,1193820,Anand Gandhi
202883,565162,Anand Balraj
139582,133423,Prakash Jha
1400295,5111314,Iqbal Khan
189549,1602176,Rakesh Mehta
96398,545084,Tigmanshu Dhulia
302957,1471170,Anwer Khan
103680,1424261,Aditya Datt
1539136,2285287,Karanjeet Saluja
138370,1238194,Sameer Sharma
109221,1154213,Bedabrata Pain
141139,1114229,Vikram Veturi
223255,76449,Sanjay Gadhvi
118032,1066399,Rajesh Mapuskar
100681,116143,Dibakar Banerjee
401971,1398226,Prashant Nair
282039,990862,Ashu Trikha
154937,1666871,Sanjay Khanduri
120101,1834634,Sachin Yardi
117784,76813,Ram Gopal Varma
382633,1069810,Ashvin Kumar
146003,1123385,Shamin Desai
84238,1034433,Hriday Shetty
271416,1323182,Pritish Chakraborty
154027,2817257,Sanjay Amar
769588,587089,Umesh Vinayak Kulkarni
117782,88595,Samir Karnik
1240305,4517456,Sarmistha Maiti
1240305,4517455,Rajdeep Paul
302963,2060467,Prateek Chakravorty
491441,1937148,Pushpa Rawat
112318,78922,Rajat Kapoor
168121,1955588,Kushal Ruia
406213,1649816,Abrar Khan
135469,43412,Bela Segal
149082,1078761,Nila Madhab Panda
117657,1052692,Jagdish Rajpurohit
1158813,2240801,Bidyut Kotoky
140862,1113623,Ajai Sinha
261944,1305486,Sanjiv Jaiswal
630670,1339569,Sundeep Malani
1295284,71276,Imtiaz Ali
106076,1638327,Asad Shan
106507,1040494,Supavitra Babul
511241,2011739,Lalit Bisht
140770,76813,Ram Gopal Varma
128161,1086433,Vasan Bala
168445,2321577,Dharam Prakash
329521,1295860,Rajiv Chilaka
349178,2122531,Mahrukh Mirza
108603,1069810,Ashvin Kumar
938676,3783895,Manish Manikpuri
86005,86062,Anant Mahadevan
325536,86510,Amjad Khan
151042,1182685,Kamal K.M.
297294,1373486,Rakshit Dahiya
820829,4797248,Swarna Prasad
147358,1125743,Akashaditya Lama
138081,82079,Manmohan Singh
258541,1119816,Anand Patwardhan
517409,1179627,Manav Kaul
138751,3269342,Vickrant Mahajan
233960,1642090,Anil Ballani
1200265,3767441,Satchith Paulose
253713,1296197,Sanjeev Reddy
128132,1839441,Manjeet Singh
458879,2304227,Sankhajit Biswas
310702,1850900,Faisal Saif
158397,1288210,Yash Dave
158397,1288207,Allyson Patel
1537653,2215281,Nakul Singh Sawhney
1318925,3325403,Tathagata Singha
1120039,6440953,Ashfaq Makrani
1036234,1550112,Nakshatra Bagwe
659040,2493169,Aashish Dubey
1196563,1668362,Lise Van den Briel
790627,2989004,Jehangir Jani
259371,1301184,Abhilash Vijayan
1432378,5238988,A. Mohamed Nashrudeen
1432378,5238997,E. Vinoth Kumar
1432378,5239006,N. Aathi Moorthy
1432378,5239009,T. Baskar Raja
996390,3613199,Priya Goswami
1036233,1550112,Nakshatra Bagwe
228355,92055,Anthony D'Souza
205022,86783,Rohit Shetty
191714,1117026,Ritesh Batra
185008,87378,Ayan Mukerji
44977,76451,Vijay Krishna Acharya
199687,88796,Sangeeth Sivan
192558,88800,Mohit Suri
235984,42804,Sanjay Leela Bhansali
204435,1032103,Rakesh Roshan
206324,53671,Rakeysh Omprakash Mehra
190940,116143,Dibakar Banerjee
190940,35736,Karan Johar
190940,80386,Zoya Akhtar
190940,85670,Anurag Kashyap
191121,591123,Aanand L. Rai
218898,150478,Apoorva Lakhia
180853,90454,David Dhawan
208036,89154,Prabhu Deva
185640,1168227,Dilip Ghosh
165904,123219,Neeraj Pandey
178476,1160874,Shiirshak S. Anand
178476,1160878,Shantanu Ray Chhibber
44749,87355,Mustan Alibhai Burmawalla
44749,87356,Abbas Alibhai Burmawalla
157129,1424261,Aditya Datt
302141,1955142,Dinesh P. Bhonsle
240614,89154,Prabhu Deva
191562,81675,Krishna D.K.
191562,81676,Raj Nidimoru
215776,1034447,Shoojit Sircar
544042,1141406,John Mathew Matthan
191726,85670,Anurag Kashyap
168243,1198854,Anand Kumar
161468,225149,Sudhir Mishra
342071,1471184,Alok Shrivastava
172817,545084,Tigmanshu Dhulia
205017,223853,Vikramaditya Motwane
192097,230437,Raj Kumar Gupta
179711,1162244,Ashima Chibber
199139,545514,Mrighdeep Singh Lamba
237305,124579,Punit Malhotra
249701,1284965,Shubhashish Bhutiani
199997,130990,Makrand Deshpande
186747,1154950,Kannan Iyer
171767,1158467,Kapil Sharma
208540,635017,Milan Luthria
206851,35735,Nikkhil Advani
248211,237715,Geetu Mohandas
1675964,2285287,Karanjeet Saluja
128206,990865,Hansal Mehta
705701,1455337,Neeraj Ghaywan
222430,87772,Rajkumar Santoshi
238408,107250,Anil Sharma
209410,224221,Maneesh Sharma
220495,545084,Tigmanshu Dhulia
217446,133423,Prakash Jha
253709,990862,Ashu Trikha
218779,130957,Abhinav Kashyap
177358,230438,Subhash Kapoor
168245,85585,Abhishek Kapoor
206301,93194,K. S. Ravikumar
157293,1170143,Remo D'Souza
1358976,3477317,Ah Loong
170241,992984,K. C. Bokadia
198556,1341817,Rajiv S. Ruia
189800,1170860,Sonam Nair
211990,1150102,Sohail Tatari
339167,1464481,Amit Kasaria
168117,1294695,Priya Krishnaswamy
161040,557210,Bejoy Nambiar
209257,1192755,Shashant Shah
209257,1192756,Zafar Khan
348094,1806498,Vishwas Patil
196312,1955111,Jyotin Goel
215383,1070883,Amit Saxena
509909,1992451,Ashish Tyagi
220714,105446,Indra Kumar
661723,1315254,Gitanjali Rao
232143,1267404,Raj Purohit
247472,1282954,Anshul Sharma
342066,1173951,Manoj Sharma
503928,1314076,Amaan Khan
184793,85445,Rohan Sippy
227338,1257948,Faraz Haider
260660,1277769,Kamal Swaroop
189542,1613549,Vinnil Markan
168114,1172651,Vishesh Bhatt
303365,1017460,Adi Irani
303365,1520440,Shiva Rindan
1181346,1427854,Suman Maitra
278125,85670,Anurag Kashyap
243831,86549,Kaizad Gustad
196313,1323136,Prem Raj
171879,76813,Ram Gopal Varma
166217,93192,Susi Ganesan
401305,1295860,Rajiv Chilaka
769589,1909336,Ektara Collective
192736,1481317,Devaki Singh
192736,85575,Luke Kenny
852960,1295860,Rajiv Chilaka
546694,2122481,Hyder Kazmi
278264,1209317,Gurmmeet Singh
710678,86884,Anand Tiwari
401301,1295860,Rajiv Chilaka
181462,1158937,Luv Ranjan
401296,1295860,Rajiv Chilaka
1412847,86884,Anand Tiwari
468652,1860543,Jaideep Chopra
326490,230026,Arup Dutta
1653789,6079645,Deepak Tiwari
256863,1295860,Rajiv Chilaka
244320,1465883,Rajesh. K.
211086,7324,Pan Nalin
1732867,1735238,Dharmesh Tiwari
139521,87550,Vishal Bhardwaj
852965,1295860,Rajiv Chilaka
348444,1205659,Amit Dutta
179656,80387,Priyadarshan
1019273,3684126,Venod Mitra
1667173,2250325,Paul Nicholls
1667173,1592788,Jonathan Gales
1667173,1048474,Kibwe Tavares
852963,1295860,Rajiv Chilaka
224471,1483380,Avinash Kumar Singh
712068,86884,Anand Tiwari
150009,1129668,Ashok Kohli
510832,2154443,Veena Bakshi
995909,1860559,Fahim Khan
224892,1455337,Neeraj Ghaywan
224892,1824406,Anirban Roy
224892,1406468,Shlok Sharma
224892,1873678,Rohit Pandey
224892,1411654,Siddharth Gupta
222984,1411660,Rajesh Bachchani
222394,1081568,Buddhadeb Dasgupta
238165,2570074,Mahesh Kodiyal
230866,1266154,Ashok Sukumaran
230866,1266153,Shaina Anand
242441,1359196,Ayush Raina
227055,1236285,Rakesh Dhawan
168433,1150215,Fahad Mustafa
168433,1150216,Deepti Kakkar
242084,76813,Ram Gopal Varma
228648,1263593,Saurabh Varma
223806,1209386,Ahishor Solomon
185279,1030393,Suparn Varma
214863,1648903,Secandder
226666,1341270,Aditya Om
250731,6435207,Sanjay Tripathy
239586,1946560,Manish Tiwary
212754,562206,Richie Mehta
479401,1899207,Zubair Khan
217445,1107511,Harjit Singh Ricky
938753,1648903,Secandder
406847,1648865,Salman Hyder
903933,2219832,Ekta Mittal
903933,2213013,Yashaswini Raghunandan
824534,1972315,Suhas Kadav
335361,1452529,Laxmikant Shetgaonkar
326903,1430621,Naveen Batra
824531,1972315,Suhas Kadav
162090,1061616,Ankush Bhatt
322012,1464690,Ajay Yadav
190400,1616912,Devashish Makhija
922104,2329404,Kesar Matharu
162086,119978,Milind Ukey
506647,1081568,Buddhadeb Dasgupta
1053678,1765572,Batul Mukhtiar
362092,145620,Tenzing Sonam
362092,145619,Ritu Sarin
819807,987442,Joy Mukherjee
619865,1199052,Soumitra Ranade
223737,1209317,Gurmmeet Singh
702900,1086433,Vasan Bala
871910,2271013,Sumantra Ghosal
170458,225149,Sudhir Mishra
1203314,5064708,Vani Paul
1036236,1550112,Nakshatra Bagwe
1470494,5395396,Shinjan Neogi
1470494,5395397,Abhishek Panchal
1314519,1081568,Buddhadeb Dasgupta
1398044,5101010,Ashwyn Anand
254086,1290087,Anish Khanna
1265765,4619306,Praveen Damle
339237,1464699,Kumar Raj
922182,2780674,Suresh Jain
180680,14086,Sajid Khan
188640,1770592,Sanjay Gupta
188306,1143470,Atul Sabharwal
297222,85675,Rajkumar Hirani
277432,8311,Farah Khan
283589,35785,Siddharth Anand
287767,229130,Pradeep Sarkar
280795,87550,Vishal Bhardwaj
280690,35086,Sajid Nadiadwala
244237,86009,Sohail Khan
262903,90454,David Dhawan
297809,1174411,Charudutt Acharya
372084,1304395,Akhilesh Jaiswal
259720,1304317,Abhishek Varman
276928,1339972,Shashank Khaitan
310123,126763,Vivek Agnihotri
285803,86783,Rohit Shetty
250551,1561054,Ali Abbas Zafar
247645,1042011,Vikas Bahl
308165,89154,Prabhu Deva
276935,88800,Mohit Suri
299692,105446,Indra Kumar
252841,71276,Imtiaz Ali
284288,930293,Omung Kumar
309807,1964681,Amit Vats
278347,1264503,Farhad Samji
278347,1264504,Sajid Samji
282346,1342526,Vishal Pandya
291157,1364929,Shashanka Ghosh
260266,1029052,Bhushan Patel
303281,81675,Krishna D.K.
303281,81676,Raj Nidimoru
251626,1286996,Vinil Mathew
269238,990862,Ashu Trikha
298923,1378847,Kamal Sadanah
270417,86062,Anant Mahadevan
324001,5773145,Arshad Yusuf Pathan
296690,71088,Shaad Ali
303904,93153,Renzil D'Silva
913631,3341888,Ajit Ningthouja
298157,1640884,Navneet Behal
273505,14086,Sajid Khan
271200,66829,Sabbir Khan
264085,1042010,Nitesh Tiwari
446861,1776219,Rohit Philip
1212403,86884,Anand Tiwari
1212403,1430638,Sumeet Vyas
302431,1066440,Ketan Mehta
491320,1936744,Faroukh Virani
248698,114379,Abhishek Chaubey
254420,225525,Soumik Sen
250726,4896572,Samir Tewari
273886,81085,A. R. Murugadoss
292830,85387,Vikram Bhatt
492436,4310695,Saad Khan
268860,52773,Amole Gupte
279871,1336525,Arif Ali
307211,1951442,Manish Harishankar
372121,1770837,Janaki Vishwanathan
1124063,2692063,Pradipta Ray
291154,147709,Habib Faisal
255580,569313,Eeshwar Nivas
757219,1759996,Navjot Gulati
282353,1342537,Akshay Akkineni
161064,1143362,Nitin Kakkar
268534,6500,Vijay Raaz
609635,2341018,Pranjal Dua
1705476,6253652,Iram Gufran
287859,93502,Kunal Deshmukh
306418,1951428,Mahesh Vaijnath Doijode
241882,78922,Rajat Kapoor
254418,37238,Saket Chaudhary
415908,1143731,Debaloy Dey
252053,1159823,Divya Khossla
1046678,85670,Anurag Kashyap
316824,1411649,Zaid Ali Khan
316846,1947954,Sandeep A. Verma
304303,2183514,Shammi Chhabra
339796,1466016,Saahil Prem
266550,571494,Sai Kabir
297019,230441,Abhishek Sharma
126318,1082436,Ashim Ahluwalia
1365418,2055740,Abhishek Chatterjee
696488,3272101,Faraz Ali
263828,1516216,Syed Ahmed Afzal
272420,1339975,Samar Shaikh
945932,3272101,Faraz Ali
254171,1006575,Nupur Asthana
265289,6435243,Tanushri Chattrji Bassu
260318,93290,Satish Kaushik
277223,990865,Hansal Mehta
347211,1483952,Shareeph Mansuri Saranawala
309138,1352997,Kabir Sadanand
327905,1442079,Prakash Saini
266310,53978,Subhash Ghai
346941,591121,Vinay Tiwari
307973,4158549,Abhishek Bindal
617804,1295860,Rajiv Chilaka
617804,2369524,Anirban Majumder
339238,1464705,Natty Kumar
339238,1118534,Dr Jay
281730,1352997,Kabir Sadanand
273166,1947054,Umesh Bist
405967,1430882,Aziz Naser
298315,1471164,Ravindra Gautam
270567,1321391,Mrityunjay Devratt
1338726,4903440,Insia Dariwala
309158,932803,Adeeb Rais
256907,545493,Pavan Kirpalani
1295291,71276,Imtiaz Ali
258879,1309422,Sanamjit Singh Talwar
817876,1972315,Suhas Kadav
441515,1795076,Vickram Kapadia
266556,95751,Kaushik Ghatak
256095,231005,Devika Bhagat
392390,1604361,Ram Ramesh Sharma
342064,1471158,Mohibul Haque
495599,1042790,Ashok Tyagi
264186,120426,Feroz Abbas Khan
925648,3377252,John Owen
305769,1388815,Jitendra Pawar
732702,1438945,Pushpendra Singh
339233,1464680,Ram Pratap Singh
1554148,2367900,Ramchandra P.N.
295350,1198854,Anand Kumar
658481,1176773,Anjan Dutt
309867,2131956,Dr. Chandraprakash Dwivedi
252051,2401157,Rajesh Pandey
330705,1440010,Syed Faisal Bukhari
482201,1019955,Shyam Ramsay
509820,1992082,Vivek Chaudhary
509820,1992083,Prateek Gupta
509820,1992084,Mit Jani
255495,1235143,Shekhar Suman
1137584,3358972,Rajkumar R. Pandey
485510,2379416,Bharat Jain
1129983,1406468,Shlok Sharma
285937,1120246,Girish Malik
264206,1066187,Amit Masurkar
283311,592815,Ajay Bhuyan
824532,1972315,Suhas Kadav
478620,1078761,Nila Madhab Panda
495603,1951446,Sabal Singh Shekhawat
300950,2720169,Gaurav Singh
307583,1171679,Satish Rajwade
341368,1039906,Hemant Madhukar
1117948,1066580,Sunil Pal
298787,1037775,Vishal Mahadkar
324344,1496513,Sabir
339234,1464690,Ajay Yadav
363701,1521924,Pratyusha Gupta
541225,1662232,Vivek Wagh
797284,1341817,Rajiv S. Ruia
1412852,2989813,Vijayeta Kumar
1384478,4347929,Naresh Khanna
689052,3149665,Abhishek Verma
1179876,1773011,Satish Jain
243890,1278967,Ajita Suchitra Veera
363040,1845799,Kumaar Aadarsh
361534,1515115,Alton Valadares
1327633,4876095,Sriram Dalton
1409095,2433516,Mujeer Pasha
352173,229252,Nishikant Kamat
348892,85048,Kabir Khan
370665,86783,Rohit Shetty
362045,42804,Sanjay Leela Bhansali
353879,85048,Kabir Khan
338065,80386,Zoya Akhtar
330037,1028470,Karan Malhotra
336203,1455337,Neeraj Ghaywan
314389,123219,Neeraj Pandey
318898,1029052,Bhushan Patel
462383,3687156,Piyush Raghani
1100431,1825240,Hanish Kalia
353464,113667,Meghna Gulzar
362136,110227,Sooraj Barjatya
352205,229275,Leena Yadav
362140,1042011,Vikas Bahl
287499,1337286,Shonali Bose
339274,71276,Imtiaz Ali
337876,1013089,Krish Jagarlamudi
323517,85665,Sriram Raghavan
325138,1312092,Sharat Katariya
358985,87355,Mustan Alibhai Burmawalla
358985,87356,Abbas Alibhai Burmawalla
363413,1158937,Luv Ranjan
332835,1034447,Shoojit Sircar
320295,116143,Dibakar Banerjee
336790,1170143,Remo D'Souza
373352,2976131,Shieladitya Moulik
353898,1066440,Ketan Mehta
346945,1483383,Reshu Nath
374970,1557504,Israr Ahmed
1727516,1917099,Sandeep Modi
342701,1840739,Anuj Gulati
342701,2989813,Vijayeta Kumar
342701,1728433,Hardik Mehta
342701,2255966,Vivek Soni
367189,1160878,Shantanu Ray Chhibber
367189,1160874,Shiirshak S. Anand
361131,1342526,Vishal Pandya
357563,85801,Anees Bazmee
339367,88800,Mohit Suri
336211,591123,Aanand L. Rai
569281,1205659,Amit Dutta
310567,1398226,Prashant Nair
358893,7324,Pan Nalin
353952,92693,Madhur Bhandarkar
347797,1485167,Bhargav Saikia
320024,1416402,Abhishek Dogra
323426,85530,R. Balki
356773,1501859,Vinod Kapri
283827,89154,Prabhu Deva
1099961,4591940,Vinay Jaiswal
328402,1434492,Ejaz Gulab
647788,2457152,Rohit Kaushik
331302,1325610,Amit Khanna
316654,85670,Anurag Kashyap
325892,1286997,Harshavardhan Kulkarni
358996,35735,Nikkhil Advani
325389,1013132,Manish Gupta
375058,5000022,Varun Khanna
339169,1464491,Devang Dholakia
318106,1123811,Vibhu Puri
334875,937616,Bobby Khan
1139110,1616912,Devashish Makhija
330431,231004,Navdeep Singh
1062920,1086433,Vasan Bala
1070030,1743296,Prantik Basu
546705,2122526,Chittaranjan Tripathy
355279,239063,Umesh Shukla
832422,172049,Kiran Merchant
342291,131856,Ashish R. Mohan
370236,1078761,Nila Madhab Panda
329909,85387,Vikram Bhatt
312809,1410291,Amit Sharma
312056,1097571,Radhika Rao
312056,1143467,Vinay Sapru
335392,123224,Fuwad Khan
360826,1770592,Sanjay Gupta
331298,437387,Ajay Chandhok
871187,3224496,Niharika Popli
352099,1491429,Karan Anshuman
314690,1406468,Shlok Sharma
323030,1450094,Karan Darra
1711868,1845401,Ashok Gaikwad
321747,1209317,Gurmmeet Singh
320873,83594,Nagesh Kukunoor
372849,1549669,Shaunak Sen
510386,1993887,Tonje Gjevjon
510386,1519670,Sanjay Sharma
331297,992984,K. C. Bokadia
332738,1987205,Japinder Kaur Baweja
347602,140713,Smeep Kang
339795,1466009,Shadaab Mirza
340737,1173951,Manoj Sharma
316900,1426876,Vikramjit Singh
347897,1485672,Subhash Kapoor
266038,1312080,Kanu Behl
356158,86062,Anant Mahadevan
462792,1990822,Prakash Nambiar
360817,1513024,Shivam Nair
340742,2011848,Anil Chaudhary
826026,1788831,Rahul Roy
372316,2111091,Jashwant Gangani
469322,1863183,Andrew Ahmed
469322,1863190,Vinimay Kaul
580794,2237499,Shrijai
374305,53679,Binod Pradhan
361847,1150851,V. K. Prakash
592418,1040523,Sukhwant Dhadda
1192097,1616912,Devashish Makhija
509196,1045390,Iqbal Durrani
361129,1544559,Prawaal Raman
547409,2125114,Suraj Mulekar
365912,1645929,Zeishan Quadri
365497,1527676,Sridhar Rangayan
445038,1341817,Rajiv S. Ruia
337525,6274196,Bikramjeet Bhullar
337525,131891,Ranjit Kapoor
351394,2280872,Faisal Khan
373016,1995751,Rikhil Bahadur
328931,1511658,Manu Warrier
573071,1106960,Sachin Kundalkar
372842,1205659,Amit Dutta
349524,1967452,Aziz Zee
361939,1430881,Kuntaa Nikkil
340741,1949457,Shakir Khan
330636,35735,Nikkhil Advani
321793,1776245,Ritesh Menon
797658,2014293,Ranveer Pratap Singh
504016,1265939,Akarsh Khurana
465198,1083220,Nitin Chandrakant Desai
476830,1891714,Jaydeep Sarkar
833030,6518,Ishaan Nair
628803,2404419,Aanand Raut
509298,1990826,Satavisha Bose
406055,1649314,Saradh Reddy
361911,1641344,Subhash Sehgal
819753,5350329,Amit Jha
611470,2348525,Hemant Nilim Das
938678,3122788,Humaira Bilkis
549249,125724,Aparna Sen
429520,1720211,Pushan Kripalani
824538,1972315,Suhas Kadav
1356595,4942184,Subhajit Dasgupta
461808,3003877,Aban Bharucha Deohans
931194,3201592,Babita Puri
1238444,4509652,Ashish Bhavsar
445111,4455823,Sanjay Niranjan
318848,1483353,Gurmeet Ram Rahim Singh
400662,1109537,Madhureeta Anand
1453214,3875667,Shiraz Henry
712906,2667323,Kiran Phadnis
371439,1105813,Aryeman Ramsay
798614,2984058,Dharmendra Gautam
1155202,4301518,Sanjay Londhe
797280,2978887,Rajesh Hans
331394,1581704,Suzad Iqbal Khan
1107030,4591940,Vinay Jaiswal
1137588,4102461,Ajay Kumar Jhaa
526662,1675928,Abhinav Reva Sharma
408817,1667728,Praveen Morchhale
674622,2543856,Aniket Dhavale
797878,1004824,Vijay S. Bhanushali
373195,1483353,Gurmeet Ram Rahim Singh
694793,2625392,Shalini Harshwal
574690,2215281,Nakul Singh Sawhney
1627064,6022905,Tai Gungte
1627064,6022863,Taba Manglam
945861,2440794,Nirmal Chander
1467946,5384834,Rohit Asokan
1382369,4425250,Deepak Nair
1010292,3656355,Mirza Parvez
360814,1042010,Nitesh Tiwari
413543,1068112,Gauri Shinde
376812,1561054,Ali Abbas Zafar
381418,1097571,Radhika Rao
381418,1143467,Vinay Sapru
377985,224221,Maneesh Sharma
388333,123219,Neeraj Pandey
407825,1655324,Surya Lakkoju
376047,85585,Abhishek Kapoor
375290,87296,Raja Menon
402672,78751,Ashutosh Gowariker
393445,35736,Karan Johar
413064,1583804,Yogesh Bharadwaj
393562,85670,Anurag Kashyap
391629,66829,Sabbir Khan
403790,1683097,Param Gill
391779,1264504,Sajid Samji
391779,1264503,Farhad Samji
415358,1069553,Aniruddha Roy Chowdhury
408624,85666,Konkona Sen Sharma
426558,231568,Abhinay Deo
1192104,1616912,Devashish Makhija
376869,1413077,Ram Madhvani
398535,114379,Abhishek Chaubey
381070,1572166,Sudhanshu Saria
392344,1604255,Nitya Mehra
400484,1629675,Shefali Bhushan
395339,1663464,Shawn Arranha
1409297,2447762,Umar Raza Khan
1463283,5366973,Devender Kumar Pandey
374173,930926,Shakun Batra
370992,42803,Ajay Devgn
413727,1284965,Shubhashish Bhutiani
415106,239723,K. D. Satyam
403517,1111643,Ravi Jadhav
414693,1676011,Ajit Sinha
403858,1641707,Soumendra Padhi
1613428,4107319,Sujeet Kumar Singh
275269,557210,Bejoy Nambiar
410556,1640842,Manoj Tiwari
430508,1342526,Vishal Pandya
390437,85530,R. Balki
376873,229252,Nishikant Kamat
386275,2288366,Sameer Sippy
1167914,4213134,Shivam Shankar
396643,1170143,Remo D'Souza
391766,88437,Deepak Tijori
396389,1616350,Jasmine D'Souza
394078,120947,Akashdeep Sabir
421927,1618933,Shivaji Lotan Patil
1352951,4926395,Arjun Suri
417920,1967412,Rakesh Chaturvedi
426785,126765,Anubhav Sinha
399624,35771,Aditya Chopra
424884,1964960,Sanoj Mishra
1091080,1332897,Rohin Raveendran
408522,1658088,Rohit Mittal
370870,990865,Hansal Mehta
393441,914892,Rohit Dhawan
502403,1971080,Rohit Vaid
381298,86302,Sunny Deol
427385,1430882,Aziz Naser
403859,1641711,Rajeev Jhaveri
361249,1514227,Ashwiny Iyer Tiwari
407347,225525,Soumik Sen
397365,229252,Nishikant Kamat
392572,1603696,Tinu Suresh Desai
393421,930293,Omung Kumar
431594,1738681,Yesudas
511340,1997063,Deepthi Tadanki
1062988,1521924,Pratyusha Gupta
394034,126763,Vivek Agnihotri
386365,1341817,Rajiv S. Ruia
426780,1714884,Hadi Ali Abrar
499391,9897,Shirish Kunder
914330,2727790,Prabhakar Meena Bhaskar Pant
384344,230441,Abhishek Sharma
377213,1211416,Ribhu Dasgupta
339325,1465047,Bikas Ranjan Mishra
406042,105166,Mudassar Aziz
376884,1568330,Umesh Ghadge
404579,81085,A. R. Murugadoss
401975,1636234,Amit Madheshiya
401975,1634983,Shirley Abraham
363335,85387,Vikram Bhatt
458363,1961426,Jasbir Bhaati
1295274,71276,Imtiaz Ali
399014,1166704,Tapaas Chakravarti
411882,1471170,Anwer Khan
373453,1186364,Qaushiq Mukherjee
1107029,1410291,Amit Sharma
403540,53671,Rakeysh Omprakash Mehra
428801,1341817,Rajiv S. Ruia
363185,227367,Milap Zaveri
382717,1159823,Divya Khossla
427386,1519670,Sanjay Sharma
506217,1981359,Jitendra Singh Naruka
403862,105446,Indra Kumar
605027,2122481,Hyder Kazmi
393423,1607421,Syed Ahmad Afzal
414276,86009,Sohail Khan
413588,1672773,Shujaat Saudagar
403788,782847,Raja Bundela
1232839,1973581,Sumukhi Suresh
403848,1411682,Ishaan Trivedi
418359,1685581,Kireet Khurana
418359,1674010,Narasimhamurthy Padmakumar
407547,1386687,Rajiv Choudhury
1035415,550674,Akshat Verma
949877,3467125,Nundrisha Wakhloo
396488,1118110,Rajesh Pillai
413547,95510,Sujoy Ghosh
403845,1263593,Saurabh Varma
561754,1851222,Ganesh Shetty
671626,123219,Neeraj Pandey
428337,1720112,Agnidev Chatterjee
378301,1759491,Jayant Gilatar
428227,1972315,Suhas Kadav
439341,1051307,Ram Devineni
396565,1616912,Devashish Makhija
418431,1967452,Aziz Zee
399459,76813,Ram Gopal Varma
423598,1808657,Brahmanand S. Singh
403403,126763,Vivek Agnihotri
363192,1085761,Manish Jha
375199,133423,Prakash Jha
375199,85052,Sham Kaushal
451525,1793273,Sonejuhi Sinha
451525,1108557,Shane Sigler
411462,1441966,Deep Joshi
403513,1972385,Abhishek Jawkar
476494,2495071,Payal Sethi
400485,1629676,Krishan Hooda
430118,1981440,Kunal v Singh
427733,1714216,Munish Bhardwaj
391778,92055,Anthony D'Souza
405925,1968851,Anup Kurian
403849,2226139,Monjoy Joy Mukerji
392222,1603696,Tinu Suresh Desai
690732,3238882,Ayappa K.M.
411684,1009298,Goran Paskaljević
525298,1675928,Abhinav Reva Sharma
1106432,2586737,Yogesh Pagare
423449,1972239,Amira Bhargava
411010,1665052,Khushboo Ranka
411010,4184717,Vinay Shukla
414440,2010636,Shailendra Singh
455272,1653080,Mozez Singh
399068,545493,Pavan Kirpalani
406245,1649854,Syed Hussain
1314498,4814546,Nozzer Pardiwala
496635,1540489,Krishnadev Yagnik
959363,2312789,Naveen Padmanabha
391774,85387,Vikram Bhatt
468813,1581704,Suzad Iqbal Khan
432349,1972291,Indervesh Yogee
403409,1972405,Ashok Yadav
460109,2876763,Erik Morales
372689,1646407,Anu Menon
421515,1966868,Sanjeev Sharma
692851,1246561,Bhavin Wadia
397367,1672316,Tanuj Bhramar
372844,1549625,Bauddhayan Mukherji
1189356,2421111,Samarth Mahajan
797910,1458222,Sunil Shah
1061043,227367,Milap Zaveri
393430,1333248,Amitabha Singh
403789,1641439,Jitendra Tiwari
460848,1859990,Jyoti Kapur Das
630705,2409370,Akhil Rajendra
429860,1964886,Sushikailash
422536,1964977,Shashank Udapurkar
436489,1723494,Vijay Kumar Mishra
1363720,4970561,Aman Kaleem
357718,1510155,Ruchika Oberoi
410214,1739982,Agneya Singh
410214,1929677,Aban Raza
383860,1678467,Vaibhav Misra
673719,2435695,Arati Kadav
491457,1937148,Pushpa Rawat
998180,3618507,Rajni Acharya
416578,1972209,Sandeep Choudhary
705154,2629718,Uma Tanuku
705154,1521932,Anupama Chandra
522823,1675928,Abhinav Reva Sharma
632238,2414001,Iqbal Baksh
400706,2202131,Rosauro Adorable
1753748,6427232,Aditya Warang
1404243,4801274,Pranab K Aich
873338,1947954,Sandeep A. Verma
865279,1968185,Nancy Nicol
403972,1642090,Anil Ballani
372948,1550119,Lokesh Kumar
412849,2325380,Avdhoot Gupte
427905,1715411,Saandesh Nayak
575975,2222146,Aarti Bagdi
328628,86062,Anant Mahadevan
429606,1464699,Kumar Raj
421969,1483353,Gurmeet Ram Rahim Singh
1239954,2122526,Chittaranjan Tripathy
380074,1446262,Natasha Mendonca
708867,1084334,Prashant Bhilare
501691,1968830,Rajesh Butalia
390836,1589448,Kranti Kanadé
664746,2513235,Narendra Kapsime
1409304,2167379,Sopan Muller
1181521,2728825,Jenifer Datta-Areng
1035980,1550112,Nakshatra Bagwe
500063,1964862,Anil Chorasiya
423193,2974627,Lalit Kumar
1646262,6049325,Tapen Natam
404604,1644440,Ravi Udyawar
363343,125473,Rahul Dholakia
483208,1588255,Rajiv Dhingra
464458,1844009,Abhay Chopra
441909,1561054,Ali Abbas Zafar
413884,88800,Mohit Suri
441889,1758663,Advait Chandan
456570,37238,Saket Chaudhary
443689,2421111,Samarth Mahajan
452967,1192048,Nikhil Mahajan
401285,119819,Anurag Basu
413882,71088,Shaad Ali
471972,87296,Raja Menon
444713,110292,Deven Bhojani
441875,123225,Shree Narayan Singh
431892,223853,Vikramaditya Motwane
441906,71276,Imtiaz Ali
482443,1909335,Nishil Sheth
411625,1758581,Sunhil Sippy
441881,85048,Kabir Khan
456565,90454,David Dhawan
403867,1770592,Sanjay Gupta
472123,86783,Rohit Shetty
860596,1933633,Surya Balakrishnan
1162356,4204356,Varun Tandon
413646,1339972,Shashank Khaitan
1139001,4107272,Arvind Choubey
573073,2209306,Shailendra Pandey
412090,230438,Subhash Kapoor
392271,87550,Vishal Bhardwaj
505777,2946575,Sanjay Patel
441894,635017,Milan Luthria
441071,1513024,Shivam Nair
467106,1514227,Ashwiny Iyer Tiwari
454776,545514,Mrighdeep Singh Lamba
463608,946963,Suneel Darshan
456562,102246,Dinesh Vijan
484914,1953677,Govind Sakariya
1235507,3422061,Ida Ali
484909,2346976,Jogesh Sehdeva
456756,897588,Bumpy
1299423,2708330,Prammod Sanghi
460508,66829,Sabbir Khan
473014,86062,Anant Mahadevan
418235,229951,Alankrita Shrivastava
413548,1021526,Srijit Mukherji
470642,1882284,Bornila Chatterjee
480810,1906546,Ratnaa Sinha
392532,1604874,Sunil Sanjan
481738,1907066,Raajeev Walia
464599,1661779,Ashwani Dhir
472474,2217241,Dr. J.S. Randhawa
517181,1170860,Sonam Nair
458032,1544559,Prawaal Raman
458032,1818497,Leena Tondon
413771,1673782,Milind Dhaimade
471892,1276562,R. S. Prasanna
439128,1066187,Amit Masurkar
610434,5040365,Manish Mitra
194522,1113617,Amit Kumar
413421,1672320,Anshai Lal
486471,1921630,Jatla Siddartha
954364,3479620,Manas Shashidharan Jacob
452968,1177617,Shivajee Chandrabhushan
488353,1065020,Rahat Kazmi
1088850,3929318,Chintan sarda
444940,1769553,Keshhav Panneriy
496367,1953776,Prem Prakash Modi
401552,195507,James Erskine
441868,76813,Ram Gopal Varma
1186414,142630,Aatish Kapadia
479918,229111,Tanuja Chandra
287637,20028,Danis Tanović
1354315,4926395,Arjun Suri
511859,1998563,Mohit Goswami
449777,86212,Rahul Bose
726802,1061611,Faruk Kabir
466302,1850900,Faisal Saif
517652,3149665,Abhishek Verma
471919,1874015,Ranjit Tiwari
752169,2425728,Saif Baidya
469872,81676,Raj Nidimoru
469872,81675,Krishna D.K.
447587,1787634,Kamal Musale
460844,1927085,Suresh Triveni
455470,1807915,Akshay Roy
1162634,4205527,Tania Deohans
461809,1977824,Kushan Nandy
451316,1951442,Manish Harishankar
669750,1417464,Haranath Chakraborty
731077,1173951,Manoj Sharma
515206,2011843,Akash Mihani
463063,85801,Anees Bazmee
798634,2984108,Rajinder Verma
461816,1082436,Ashim Ahluwalia
450525,1776245,Ritesh Menon
539470,2119237,Nikhil Nagesh Bhat
461707,150478,Apoorva Lakhia
482445,1909336,Ektara Collective
488445,1078761,Nila Madhab Panda
471343,1450909,Sandeep Mohan
479192,1819114,Atanu Mukherjee
475854,1471185,Shadab Khan
496372,1953795,Naresh Lalwani
659892,2283332,Joyeeta Chatterjee
485090,1277769,Kamal Swaroop
403847,1110620,Deepak S. Shivdasani
462064,1284085,Abhishek Saxena
960942,2720181,Abhinav Thakur
943514,3443273,Ashok Mall
1338424,1642093,Palash Sen
456567,930293,Omung Kumar
798626,2984077,Mukesh Narayan Agrawal
462063,1834788,Rahul Dahiya
496626,1954764,Mohammed Israr Ansari
492793,1516219,Ramiz Ilham Khan
492793,1516217,Maitrey Bajpai
444011,990865,Hansal Mehta
482154,1616912,Devashish Makhija
549267,1205659,Amit Dutta
441547,1964640,Sourabh Shrivastava
455549,1808391,Manika Sharma
460530,92693,Madhur Bhandarkar
442415,1833344,Abhay Chhabra
488480,78284,Mansi Dovhal
467911,86252,Howard Rosemeyer
449510,87356,Abbas Alibhai Burmawalla
449510,87355,Mustan Alibhai Burmawalla
627144,2236122,Sameer Khan
744696,1205659,Amit Dutta
499895,1964259,Vikram Nath Gupta
454769,1831898,Ajay K Pannanlal
485329,1918049,Kabir Mehta
432140,1177618,Shanker Raman
496038,1714217,Mansi Nirmal Jain
499803,1465047,Bikas Ranjan Mishra
502524,1971621,Ravindra Singh
822776,2044220,Anand Kishore
844066,3387613,Vijay Roche
820822,1972315,Suhas Kadav
471894,53974,Shreyas Talpade
555476,1280088,Ravi Kinagi
449361,1785159,Avinash Das
460122,1662141,Ruchi Narain
423194,1700749,Nicholas Kharkongor
615945,1222859,Karan Wahi
1213772,5575683,Vijay Suthar
520728,1675928,Abhinav Reva Sharma
495313,1098532,Bijukumar Damodaran
462508,1467320,Payal Kapadia
481578,1906670,Janak Toprani
1351769,87704,Aarti Chabria
454952,230028,Hasnain Hyderabadwala
468255,545084,Tigmanshu Dhulia
437758,1779844,Vishal Mishra
652016,2470502,Shayon Maitra
460503,1831593,Siddharth Vasani
889569,3563778,Anil Bajpai
441751,1758701,Aparna Singh
589201,2268577,Jagat Joon
798619,2984064,Suryakant Tyagi
464123,1977805,Rishi Prakash Mishra
1295277,2124709,Khawar Jamsheed
468513,928513,Shashi Sudigala
516913,1675928,Abhinav Reva Sharma
444869,1826140,Shekhar S. Jha
423593,1701960,Pulkit
533321,125724,Aparna Sen
578435,95510,Sujoy Ghosh
1138993,4107240,Satish Jain
817872,1972315,Suhas Kadav
1613591,5096641,Vaibhav Munjal
477045,1893867,Dhwanil Mehta
433086,1732366,Rahul Jain
496056,1455337,Neeraj Ghaywan
548082,2127406,Pardeep Raja
455332,1810264,Ashtar Sayed
460123,1963894,V. Sharma
465006,2123978,Sandeep Singh Bawa
580640,1860543,Jaideep Chopra
499966,1304395,Akhilesh Jaiswal
463340,1776246,Mahesh Dattani
496351,1373484,Shaurya Singh
450699,1776246,Mahesh Dattani
1191883,53372,Nandita Das
462405,1835235,Angshuman Ghosh
442247,1640345,Amit Roy
539942,2098184,Aditya Kripalani
1011762,2837111,Himanshu Prajapati
540437,2099735,Ziaullah Khan
459132,1823761,Imran Khan
452334,1953750,Rajesh Ram Singh
718945,2691509,Sachindra Sharma
467485,1858320,Zaigham Imam
472470,147709,Habib Faisal
465954,110851,Onir
798609,2984024,Minu Khan
460966,37236,Santosh Sivan
519623,1675928,Abhinav Reva Sharma
456558,1812513,Sunaina Bhatnagar
474579,1240444,Seema Kapoor
474575,1961064,Dakxin Bajrange
548080,2127401,Mahender Singh
472471,52773,Amole Gupte
842335,3128737,Ajay K Saklanni
944547,1917102,Prateek Vats
499871,1964171,Akshay Dinesh Vaishnav
824530,1972315,Suhas Kadav
451007,1791465,Suman Ganguli
494388,2983965,Prashamit Chaudhury
1237554,1544978,Kshitij Sharma
479476,1899599,Rakhee Sandilya
499884,1465047,Bikas Ranjan Mishra
504018,83594,Nagesh Kukunoor
485172,1438945,Pushpendra Singh
831273,1607421,Syed Ahmad Afzal
487944,1926173,Girish Juneja
696486,1544564,Sumit Arora
1662326,3453073,Kavita Bahl
1662326,2837115,Nandan Saxena
1190972,4975627,Manjul Thakur
1471833,5400658,Ajinkya Tapkir
1471833,5400659,Arjun Ratra
1471833,5400660,Colin Albert
1471833,5400661,Pranav Pujara
1471833,5400663,Tanay Chandkar
1471833,5400664,Tania Fernandes
459448,1825234,Amar Kaushik
674709,2544196,Rahul Bhatnagar
479704,1667728,Praveen Morchhale
653911,2271013,Sumantra Ghosal
798630,2984104,Kewal Singh
489250,1166704,Tapaas Chakravarti
520362,1675928,Abhinav Reva Sharma
481484,1906340,Honeypreet Insan
481484,1483353,Gurmeet Ram Rahim Singh
488782,3662380,Harish Kumar
502458,1971373,Ananyabrata Chakravorty
812862,3033526,Ilmaz Syed
1373202,2850776,Mohanjeet Kalsi
464615,1776246,Mahesh Dattani
745535,1728433,Hardik Mehta
946027,587089,Umesh Vinayak Kulkarni
839439,1004824,Vijay S. Bhanushali
1019413,3684634,Basav Biradar
574365,2214137,Ambrish Bhatia
460348,1906340,Honeypreet Insan
460348,1483353,Gurmeet Ram Rahim Singh
478443,3217385,Yuvraj Kumar
1623987,3553740,Mallika Visvanathan
1148266,4147924,Raaj Vishwakarma
798599,2983992,Ritesh s Kumar
574281,2213895,Aniruddha Khanwilkar
574281,2213898,Ritesh Varma
1034653,1017378,Sooni Taraporevala
1299923,4754557,Ankit Jaiswal
710877,2661254,Ishan Siddiqui
1471845,5400699,Vilas Padhye
517184,2019802,Shilpi Gulati
521977,2034868,Glória Halász
952823,3476311,Raajendra Jangley
757925,2832345,Anal Shah
531180,2068628,A Rohit
973996,1714222,Dhruv Satija
858965,3189885,Divyansh Pandit
534780,85665,Sriram Raghavan
538858,2094972,Rahi Anil Barve
518497,1046688,Rohena Gera
530154,85670,Anurag Kashyap
530154,35736,Karan Johar
530154,80386,Zoya Akhtar
530154,116143,Dibakar Banerjee
432527,42804,Sanjay Leela Bhansali
472138,76451,Vijay Krishna Acharya
533991,1825234,Amar Kaushik
523277,85670,Anurag Kashyap
496328,85675,Rajkumar Hirani
493623,1944716,Siddharth P. Malhotra
569578,1200910,Samit Kakkad
496076,591123,Aanand L. Rai
503838,230437,Raj Kumar Gupta
641414,2438244,Asiya Zahoor
444000,75476,Tabrez Noorani
496334,123225,Shree Narayan Singh
496524,86783,Rohit Shetty
524288,2042770,Rayka Zehtabchi
504080,1339972,Shashank Khaitan
505175,86884,Anand Tiwari
447856,85530,R. Balki
1635964,1947954,Sandeep A. Verma
540620,2395610,Sajid Ali
553347,2147725,Shamshad Pathan
496327,1312092,Sharat Katariya
485088,1917101,Miransha Naik
465642,230441,Abhishek Sharma
491629,113667,Meghna Gulzar
496316,81089,Ahmed Khan
496527,1034447,Shoojit Sircar
465656,85585,Abhishek Kapoor
549829,2143441,Abhiraj Minawala
538394,2030247,Jayesh Pradhan
483189,1364929,Shashanka Ghosh
498479,1960041,Kushal Srivastava
523192,2039022,Kabir Singh Chowdhry
513540,2005854,Mukul Abhyankar
518446,2023648,Tariq Vasudeva
489852,71088,Shaad Ali
556907,2081246,Gauravv K. Chawla
813106,3034436,VS Sanoj
517975,53372,Nandita Das
496320,1170143,Remo D'Souza
512098,231568,Abhinay Deo
531597,227367,Milap Zaveri
588147,2265196,Hussein Khan
461649,1785016,Prosit Roy
515192,1265939,Akarsh Khurana
547865,2126586,Pushpdeep Bhardwaj
478682,564557,Reema Kagti
547654,1410291,Amit Sharma
479491,1906155,Dipesh Jain
533237,1265939,Akarsh Khurana
1235818,932803,Adeeb Rais
470641,85670,Anurag Kashyap
506456,93195,Chakri Toleti
540612,110148,J. P. Dutta
573069,2209301,Gautam Singh
440792,110695,Majid Majidi
493620,123219,Neeraj Pandey
512180,86629,Navaniat Singh
498598,1158937,Luv Ranjan
527725,2055225,Sudip Bandyopadhyay
543692,88142,Vipul Amrutlal Shah
1054713,3807823,Rahul Srivastava
824517,3073941,Prem Singh
465651,1848950,Atul Manjrekar
527511,223853,Vikramaditya Motwane
527851,110851,Onir
1463774,4798029,Gaurav Mishra
586091,2256908,Kamakhya Narayan Singh
502702,1973287,Remy Kohli
589965,2270951,Sriram Raja
688282,1880921,Kapil Verma
491478,1948919,Dar Gai
863966,1940152,Ranjan Chandel
782000,2919333,Revant Bhatia
521080,2082738,Deb Medhekar
460713,239063,Umesh Shukla
512114,1999400,Vishwas Paandya
547768,1143362,Nitin Kakkar
563987,1501859,Vinod Kapri
1641767,2629717,Maheen Mirza
466210,1850487,Sanjib Dey
1487276,1766042,Raj Acharya
921419,3363404,Dinesh S. Yadav
688909,2586737,Yogesh Pagare
1617066,5096641,Vaibhav Munjal
526090,126765,Anubhav Sinha
563150,2179246,Jagbir Dahiya
585389,3862947,Devesh Pratap Singh
714731,1377009,Arindam Sil
534686,545084,Tigmanshu Dhulia
538126,2122408,Prabhuraj
515189,1257948,Faraz Haider
1180567,2751484,Sohil Vaidya
501192,1342526,Vishal Pandya
608148,2335393,Nirav Bhakta
608148,2335392,Gayatri Bajpai
515410,2014292,Gurpreet Sondh
1088859,2122378,Tariq Naved Siddiqui
540571,2100112,Manav Bhalla
1008301,71276,Imtiaz Ali
496999,1961983,Vicky Ranawat
701281,2431367,Lubdhak Chatterjee
853944,2704308,Sanjeet Singh
680548,2784723,Abhishek Rai
547026,1416402,Abhishek Dogra
545273,229130,Pradeep Sarkar
491627,935049,Namrata Singh Gujral
356399,2131956,Dr. Chandraprakash Dwivedi
682656,2408463,Pranav Bhasin
542460,87550,Vishal Bhardwaj
494950,229275,Leena Yadav
602613,1955493,Pavan Kumar
492181,85387,Vikram Bhatt
652918,2473325,Lakhwinder Shabla
475250,990865,Hansal Mehta
468469,550674,Akshat Verma
515045,2011068,Raj Madiraju
363189,225149,Sudhir Mishra
822922,3067868,Anjal Hasan E A
822922,3022676,Oru Dude
513126,1314042,Eva Weber
1079699,2074609,Randeep Jha
506808,1148732,Jeremy Guy
600433,1686396,Pawan Kumar Sharma
563778,1835235,Angshuman Ghosh
1190190,2214865,Karan Kashyap
538112,105166,Mudassar Aziz
713609,1069553,Aniruddha Roy Chowdhury
482900,1406468,Shlok Sharma
550488,1955585,Manish Vatsalya
546653,545084,Tigmanshu Dhulia
1192869,4975627,Manjul Thakur
557628,2164135,Ridham Janve
525729,2073486,Karan Lalit Butani
547723,229111,Tanuja Chandra
545620,107250,Anil Sharma
726821,1162245,Ashish Patil
1409373,5147946,Chirag Khatri
522988,2708131,Jasmine Kaur Roy
522988,2708129,Avinash Roy
589960,1753474,Shilpa Krishnan Shukla
743377,2437251,Siddharth Chauhan
1591890,2195098,Mohinder Pratap Singh
498594,1646122,Subroto Paul
498594,1960353,Pradeep Rangwani
1088857,628334,Pankaj Parashar
587060,994354,Tariq Anam Khan
526133,1046623,Harsh Chhaya
508287,990862,Ashu Trikha
510404,2008126,Aleya Sen
1207377,4386271,Sachin Agarwal
981491,3568624,Atmaja Bopardikar
559082,1406459,Aadish Keluskar
536895,2088244,Vinod Tiwari
641417,2438254,Yapangnaro Longkumer
534985,959608,Neeraj Pathak
414109,1066440,Ketan Mehta
538123,1658236,Sandeep Chatterjee
498918,35784,Kunal Kohli
483670,2131900,Sourabh Patel
483670,2142290,Dhruv Jyoti Bordoloi
571273,2203384,Prerna Wadhawan
535372,2082969,Harish Vyas
628735,1200739,Hemant Gaba
596178,2292568,Sarthak Dasgupta
637946,2463254,Gagan Puri
542143,1368380,Mangesh Hadawale
508362,1860555,Gautam Parvi
718864,2691190,Shantanu Anant Tambe
494211,1946878,Arjun Mukerjee
581118,571572,Manoj Jha
547650,1078761,Nila Madhab Panda
1339832,3992977,Aisha Jain
370994,1544324,Vipin Parashar
1138984,5898541,Premanshu Singh
561292,2174010,Sachin P Karande
525869,2125274,Divya Unny
554826,1616912,Devashish Makhija
545576,1948919,Dar Gai
485096,1917111,Rakul Shanklya
785043,1623883,Pratim D. Gupta
785010,2932086,Sachin Gupta
732717,1714217,Mansi Nirmal Jain
726960,2720547,Sourabh Bali
538578,2094086,Krishna Gopal
532913,2075138,Habieb Naseer
1470813,1859990,Jyoti Kapur Das
422586,1698911,Shekhar Ujjainwal
580082,2335376,Sanjeev Vig
705674,2643256,Shivam Jemini
580371,1779844,Vishal Mishra
557568,229111,Tanuja Chandra
629889,2407109,Ashish Lal
577316,2224634,Atul Sriva
568030,2193919,Prakash Satam
701532,1377591,Hemanth Kumar
1138995,4107259,Aslam Sheikh
1363118,94564,Niranjan Iyengar
500055,85473,Samir Soni
532921,2075198,Ezhil Vendan
741381,2772377,Mitali Trivedi
741381,2636490,Gagandeep Singh
543521,2076081,Karan Asnani
848997,95510,Sujoy Ghosh
1440182,3053502,Balaram J
1440182,5270906,Partha Mahanta
1440182,5270909,Praful Kumar
1440182,5270911,Siddhant Geedh
651802,2193919,Prakash Satam
846942,3143468,Nayan Shah
517528,1675928,Abhinav Reva Sharma
515194,2011709,Jojo D'Souza
531395,1722525,Inka Achté
517180,2019792,Reema Sengupta
1198940,4350087,Ramkishan Choyal
568949,2196794,Rohit Dwivedi
1041727,1831594,Sizil Srivastava
487833,4359756,Sagar Vanjari
785050,1471185,Shadab Khan
543648,1119816,Anand Patwardhan
817873,1972315,Suhas Kadav
820819,1972315,Suhas Kadav
1465968,5378006,Rahul Jain
549184,2130990,Dhiraj Kumar
584943,2251367,Praful D.S. Tiwari
945824,3452141,Farah Naqvi
945824,3452142,Sanjay Barnela
764690,2857608,Shahid Kazmi
513997,1929305,Neville Shah
801929,1527516,Sange Dorjee Thongdok
759940,2840464,Vishal Jejurkar
1590146,5847533,Saadgi Gupta
554829,1756118,Subash Sahoo
502400,1971076,Avani Rai
517101,1819425,Aakash Motiani
574377,2214137,Ambrish Bhatia
1224098,4471106,Isuu Arya
589957,2270914,Mayur Katariya
1542226,5673736,Harish Darshan Sharma
457686,1842387,Alexandre Dereims
898453,2214137,Ambrish Bhatia
977001,3553737,Arunima Tenzin Tara
1206166,4381153,Nilesh Muley
589962,2270940,Alok Kushwaha
988555,3591457,Costanza Burstin
847290,4146080,Mudasir Dar
1361507,4961808,Shashwat Gandhi
938140,4178087,Hirday S. Mishra
990843,3598083,Raj Kashyap
741374,2772355,Heshvanth Gurukul
1360343,4957369,Raja
1128667,4069210,Saurav Vyas
779922,2911789,Aakash Arun
921846,3365291,Rrajesh Kumaarr
689060,2587183,Neha Singh
714599,2674733,Darpan Bajaj
1172297,4245704,Ranjeet Rajput
1208147,4389004,Vikram Saxena
986449,3583759,Aditya Gutka
877162,3244312,Paresh Vinodray Savani
585268,35785,Siddharth Anand
554600,2152816,Aditya Dhar
556271,1304317,Abhishek Varman
1340329,2226513,Archit Kumar
543693,1312085,Prashant Singh
581361,95510,Sujoy Ghosh
645998,2458549,Samit Basu
645998,1364929,Shashanka Ghosh
491625,80386,Zoya Akhtar
539036,2095430,Ivan Ayr
627715,227367,Milap Zaveri
466550,146975,Tarun Mansukhani
596650,1042010,Nitesh Tiwari
560964,26713,Chuck Russell
503129,124579,Punit Malhotra
658767,3036485,Tanveer Hashmi
431582,1727268,Rohit Karn Batra
514586,1117026,Ritesh Batra
813117,2061345,Savita Singh
590401,120478,Akiv Ali
576121,105446,Indra Kumar
613446,1337286,Shonali Bose
569594,1561054,Ali Abbas Zafar
696483,2393649,Seema Desai
577328,1879517,Sandeep Reddy Vanga
534075,1042011,Vikas Bahl
643534,2461704,Raj Mehta
498448,89150,Anurag Singh
583169,2245448,Sumit Sinha
597089,126765,Anubhav Sinha
611594,1667436,Jagan Shakti
578285,2227680,Svati Chakravarty Bhatkal
582153,2242258,Siddhant Goswami
491622,85470,Kangana Ranaut
491622,1013089,Krish Jagarlamudi
667914,3036485,Tanveer Hashmi
649487,85801,Anees Bazmee
689816,2560276,Subodh Kumar Patra
541495,1086433,Vasan Bala
611748,1264503,Farhad Samji
606599,1424261,Aditya Datt
533148,2076097,Shelly Chopra Dhar
590350,105166,Mudassar Aziz
452095,1128227,Anup Singh
399071,1625428,Kaustav Narayan Niyogi
667542,2522760,Kesava Geeta Kumar
460868,2207534,Vijay Ratnakar Gutte
640076,1779935,Mikhil Musale
496339,89154,Prabhu Deva
613225,2072462,Ashok Nanda
619061,1808657,Brahmanand S. Singh
621385,2886969,Bugs Bhargava Krishna
621003,231004,Navdeep Singh
579224,1632637,Raaj Shaandilyaa
577332,78751,Ashutosh Gowariker
585062,1118108,Laxman Utekar
535144,114379,Abhishek Chaubey
550485,35735,Nikkhil Advani
585862,88594,Robby Grewal
551688,1504440,Prakash Kovelamudi
579230,1825234,Amar Kaushik
648316,1130914,Jeethu Joseph
651989,2262306,Sai Deodhar
599598,230437,Raj Kumar Gupta
589735,2270181,Deekshit Kaul
849878,3154366,Chetan Sharma
581928,2241666,Yogesh Mishra
589291,930293,Omung Kumar
783434,2925431,Nayan Pachori
507941,1307554,Ajay Bahl
629551,1890759,Joe Stankus
690480,1826140,Shekhar S. Jha
710285,2142169,Manju Borah
624794,1568689,Suman Mukhopadhyay
614256,1295862,Binayak Das
614256,1295860,Rajiv Chilaka
1412843,3200496,Shubham Yogi
663885,2219832,Ekta Mittal
587317,1315254,Gitanjali Rao
559673,2169533,Aijaz Khan
589968,2098184,Aditya Kripalani
591101,1375285,Gopi Puthran
594673,126763,Vivek Agnihotri
603540,2316977,Gaurav Bakshi
557127,2162563,Priya Ramasubban
546241,1131781,Kanwal Sethi
1139006,4107319,Sujeet Kumar Singh
551745,53671,Rakeysh Omprakash Mehra
616172,140713,Smeep Kang
576152,2226607,Brijesh Batuknath Tripathi
593214,2282387,Behzad Khambata
568856,1029052,Bhushan Patel
1644517,1568689,Suman Mukhopadhyay
582375,1143362,Nitin Kakkar
641286,1640842,Manoj Tiwari
601801,1834634,Sachin Yardi
604195,230441,Abhishek Sharma
569494,2268370,Sourabh Shrivastava
922194,3367076,Suraj Tiwari
684218,1195016,Lekh Tandon
657955,1347246,Bhavna Talwar
783442,2925450,Mahendra Teredesai
460001,2227860,Anand Surapur
1538848,5661149,Akram Hassan
601469,2309955,Ashwin Shetty
646173,2579337,Cheraagg Ruparel
636449,1323051,Abhishek Pathak
569584,225525,Soumik Sen
642257,1831593,Siddharth Vasani
621005,146144,Deva Katta
531601,1312905,Rohit Jugraj
1083098,3908112,Sachin Arun Gokhale
651800,2193919,Prakash Satam
586776,1419971,Aditya Sarpotdar
682893,2398579,Manoj Singh
692584,1604945,Vipul K Rawal
523278,550327,Tushar Hiranandani
637116,87297,Tannishtha Chatterjee
545071,1411116,Vishwesh Krishnamoorthy
598849,1246561,Bhavin Wadia
1617032,5096641,Vaibhav Munjal
640421,2435695,Arati Kadav
764787,1967452,Aziz Zee
582108,86302,Sunny Deol
617123,1733949,Shubham Singh
575883,1085930,Gurvinder Singh
1107034,1061616,Ankush Bhatt
642013,1277769,Kamal Swaroop
629321,2405635,Achal Mishra
622255,1636234,Amit Madheshiya
622255,1634983,Shirley Abraham
643438,2443683,Debamitra Biswal
590351,2272689,Avinash Dhyani
698667,2745524,Shashank Walia
595633,2290212,Vikas Khanna
640402,85387,Vikram Bhatt
556310,2222128,Pia Sukanya
701691,1819114,Atanu Mukherjee
496028,93195,Chakri Toleti
942201,3438926,Pramati Anand
599796,992760,Ashwini Chaudhary
803441,932803,Adeeb Rais
570910,2202858,Abhijit Panse
642197,1977212,Sudarshan Suresh
598048,1016174,Sanjoy Nag
652416,1643824,Vibha Bakshi
621692,2422415,Shekhar Sirrinn
705721,2098184,Aditya Kripalani
640746,2436610,Sameer Joshi
594541,1173951,Manoj Sharma
548945,1143748,Sikander Bharti
644835,86283,Kashmera Shah
695824,2391375,Debatma Mandal
652049,2384522,Devanshu Singh
652049,2260302,Satyanshu Singh
666190,2518022,Utkarsh Dev
589469,1061611,Faruk Kabir
1083244,1203526,Rajeev Barnwal
620276,3305059,Suvendu Ghosh
611537,1368380,Mangesh Hadawale
1181296,2891601,Nitin Kumar Gupta
641094,2437367,Rajula Shah
1167798,4213134,Shivam Shankar
582352,2242852,Shravan Kumar
607308,2297885,Lalit Mohan
639411,2432754,Udai Singh Pawar
782006,2919341,Maanav Bhinder
588265,545084,Tigmanshu Dhulia
645370,2449457,Naman Nitin Mukesh
1352947,4926382,Deeksha Mhaskar
1351901,4922496,Thomas John
635946,1332897,Rohin Raveendran
616686,571572,Manoj Jha
854461,3193301,Avalokita Dutt
854461,3193302,Praveen Fernandes
854461,2944928,Gaurav Mehra
854461,1825240,Hanish Kalia
854461,3193300,Heena D’Souza
854461,3193303,Sanjiv Kishinchandani
704661,2640018,Rajesh Babbar
657447,1312080,Kanu Behl
618473,2319307,Shilpi Dasgupta
603255,1065020,Rahat Kazmi
641051,2437251,Siddharth Chauhan
586467,2051081,Abhijit Kokate
586467,2124856,Srivinay Salian
1079696,2720192,Satarupa Sanyal
688033,1205659,Amit Dutta
638768,2070418,Pradip Kurbah
636424,2290402,Aditi Roy
1318963,4839421,Rajarshi Sarkar
593032,2281459,Sandeep Pandey
642717,2441278,K. Kaarthikeyan
1129972,4074737,Dhiraj Thakur
628566,1265938,Irfan Kamal
926679,2669110,Susant Misra
638671,2120747,Kislay Kislay
605455,2187173,Amit R Agarwal
525235,2046288,Vandana Kataria
1206664,284463,Akash Khurana
778094,2369524,Anirban Majumder
627072,1700749,Nicholas Kharkongor
1018230,3221985,Akshat Gupta
697771,229111,Tanuja Chandra
706915,1060577,Chandrakant Singh
637185,150406,Goutam Ghose
607698,1450909,Sandeep Mohan
875542,2552369,Aritra Sarkar
649298,2462052,Akash Goila
768375,2869285,Ankur Hooda
656751,2486207,Vaibhav Kumar Saxena
596085,2291853,Abhik Bhanu
581634,2240959,Hadi ali Abar
719595,2701179,Ovais Khan
589971,2271003,Saki Shah
642568,3130389,Ashish Aryan
1129359,4421361,Saheem Khan
635592,2422223,Afrah Shafiq
635592,2422224,Archana Kapoor
635592,2422226,Erika Rae Cruz
635592,2422225,Chandita Mukherjee
635592,2422230,Khedija Lemkecher
635592,2422229,Eva Anandi Brownstein
605452,2324139,Annant Jaaitpaal
638781,1438945,Pushpendra Singh
596335,1199052,Soumitra Ranade
589165,1120773,Rakesh Ranjan Kumar
633962,2467103,Jayveer Panghaal
773735,2885638,Lal Vijay Shahdeo
1352943,4926382,Deeksha Mhaskar
639419,1700753,Vijay Jayapal
666131,2517857,Suneeth Jampa
893170,1505914,Shiladitya Bora
622896,1341817,Rajiv S. Ruia
584206,2248447,Abhishek Dixit
681001,2558384,Dheeraj Pandit
954368,3479631,Akanksha Sood
994391,3609614,Banty Dubey
1399573,4455823,Sanjay Niranjan
592108,2277999,Qasim Khallow
737508,1858320,Zaigham Imam
933715,3408528,Pradyatan Bera
594163,2588886,Tarun s Bisht
628991,2404887,Lucas Peñafort
628991,2009260,Camila Menéndez
670207,2531027,Surya Mor
1103289,3974109,Paresh Dave
646455,1936190,Shazia Iqbal
1755376,3685626,Richa Sahai
1755376,2702659,Avinash Kumar Singh
214419,1199051,Shilpa Ranade
638793,2430728,Fahim Irshad
1237575,2061230,Sameer Sadhwani
1237575,4505994,Kishore Sadhwani
1336651,4896572,Samir Tewari
587121,2261341,Mitali Ghoshal
649742,2463402,Soumya Mukhopadhyay
855625,1008484,Rohit Arora
616870,1199567,R. K.
623731,1658088,Rohit Mittal
641063,2437287,Rituparna Borah
641063,2437288,Bhamati Sivapalan
641063,2437289,Srishti Lakhera
641063,2437290,Ritambhara Mehta
803684,2857608,Shahid Kazmi
660300,2497816,Prithviraj Oberoi
641816,2193919,Prakash Satam
820824,1972315,Suhas Kadav
1258011,3263937,Debankon Singh Solanky
725062,2714727,Prem Mohan Girdhani
1452824,4801274,Pranab K Aich
952890,3476598,Indrani Chakraborty
904396,3326972,Prarjun Majumder
692388,1341817,Rajiv S. Ruia
638460,2431796,Anurag Goswami
747668,1775054,Gustav Olsson
646302,2453943,Nenshad H. Karbhari
817882,1972315,Suhas Kadav
831504,115234,Raj Singh Chaudhary
615535,2229227,Sohail Tatari
849182,3152198,Sagar Pathak
726808,2720181,Abhinav Thakur
817875,1972315,Suhas Kadav
787979,4259440,Ayush Upadhyay
581925,1471184,Alok Shrivastava
1371839,4998881,Saiyed Farooq Jamal
756036,1078761,Nila Madhab Panda
694019,2604071,Neville Bhaskaran
646846,2454292,H.J. Leonard
654701,1964171,Akshay Dinesh Vaishnav
635105,2421106,Preet Gohil
1698388,6224826,Candice Valentine
1234214,4492558,Kaushani Majumder
631187,1085930,Gurvinder Singh
664745,2513233,Aslam Basha Shaik
641076,2437317,Sonal Giani
813089,3034389,Sudipta Kundu
1418510,5183132,Rohit Vishwakarma
741379,2772375,Navdeep Sharma
1172305,4245729,Dilip Jaan
633715,2417686,Tuhin Basu
738408,2761946,Sreehari Purimetla
583669,2246620,Nihar Sapre
869463,3218635,Rhea Mathews
708244,2652369,Jitendra Rai
719915,2695449,Vivek Asri
757923,2832345,Anal Shah
642569,2440818,Prateek Shekhar
604361,2320162,Achyutanand Dwivedi
1154566,2777269,Anuj Malhotra
1128673,4069210,Saurav Vyas
733253,2742773,Anita Singh
808058,3016954,Santosh Kashyap
808058,3016955,Dhiraj Verma
622686,2019802,Shilpi Gulati
622686,2385569,Jainendra Dost
635947,2437294,Veena Kulkarni
635947,2433516,Mujeer Pasha
733450,2743262,Aayushi Kumar
850237,3154366,Chetan Sharma
594669,81089,Ahmed Khan
850804,3158509,Andy Bam
658412,119819,Anurag Basu
849775,3036485,Tanveer Hashmi
849920,2492368,Akhil Gautam
662231,85387,Vikram Bhatt
822197,3065105,Kirnay Bhatt
739812,2766261,Shiv Hare
849783,3036485,Tanveer Hashmi
603673,516473,Raghava Lawrence
714338,1147472,Anvita Dutt
645489,2074637,Sharan Sharma
605456,557210,Bejoy Nambiar
851155,2991979,Iqra Khan
584850,1407759,Om Raut
601643,35736,Karan Johar
601643,80386,Zoya Akhtar
601643,85670,Anurag Kashyap
601643,116143,Dibakar Banerjee
606717,102234,Homi Adajania
857858,1676384,Gehana Vasisth
816779,3036485,Tanveer Hashmi
744368,3036485,Tanveer Hashmi
616880,1891371,Bhanu Pratap Singh
589615,1536244,Honey Trehan
862122,3200496,Shubham Yogi
672520,2537606,Bishnu Dev Halder
666353,2518383,H.E. Amjad khan
775520,2891601,Nitin Kumar Gupta
775520,2891602,Abhay Singhal
719949,1061611,Faruk Kabir
851246,3160332,Faiz
645484,1108802,Mukesh Chhabra
710667,76813,Ram Gopal Varma
849540,3154366,Chetan Sharma
850286,3157811,Prince k kashyap
635503,1739727,Rajesh Krishnan
853305,3026360,Abhishek J Sanghavi
709681,2657387,Apurva Dhar Badgaiyann
601807,9897,Shirish Kunder
850806,3026360,Abhishek J Sanghavi
644712,1170143,Remo D'Souza
850928,1676384,Gehana Vasisth
714874,2675840,Saurabh Shrivastava
858809,3036485,Tanveer Hashmi
750494,2960030,Alisha Tejpal
661043,88800,Mohit Suri
850808,3158509,Andy Bam
735919,223853,Vikramaditya Motwane
1754145,6428527,Javed Ali
543930,1676384,Gehana Vasisth
695429,1672316,Tanuj Bhramar
816823,3026360,Abhishek J Sanghavi
849782,3036485,Tanveer Hashmi
706783,85670,Anurag Kashyap
822201,2290984,Jiya Bhardwaj
1645208,2336029,Ashish Chanchlani
761226,2849439,Pushkar Sunil Mahabal
556270,85894,Mahesh Bhatt
590403,71276,Imtiaz Ali
730428,1143470,Atul Sabharwal
767374,85801,Anees Bazmee
851114,3159934,Jeet
729081,2727790,Prabhakar Meena Bhaskar Pant
729081,2513590,Pushkar Bhaskar Pant
744676,2036317,Puneet Khanna
850945,3158996,Sameer Salim Khan
668435,126765,Anubhav Sinha
509873,1657279,Aneek Chaudhuri
851446,2678266,Harsh Mishra
714281,1410995,Sidharth Srinivasan
718156,2391375,Debatma Mandal
1380287,1341817,Rajiv S. Ruia
744181,2074609,Randeep Jha
710733,2390206,Ritam Srivastav
744876,2803958,Terrie Samundra
740221,2767833,Atish Tripathi
1088856,2391709,Karan Rawal
607297,1143362,Nitin Kakkar
702550,932630,Ashok G.
661671,99710,Vidhu Vinod Chopra
734819,1131781,Kanwal Sethi
679045,1646407,Anu Menon
590404,113667,Meghna Gulzar
853592,2501372,Roopesh Rai Sikand
1085859,3918076,Preeti Singh
675592,1662141,Ruchi Narain
738567,230441,Abhishek Sharma
754348,2819003,Yash Verma
678798,2463254,Gagan Puri
1354501,4926395,Arjun Suri
694089,2486093,Priyanka Singh
849740,2992411,Pooja Joshi
681235,1120246,Girish Malik
671909,1017378,Sooni Taraporevala
614179,90454,David Dhawan
856178,3036485,Tanveer Hashmi
741724,2773805,Ashmita Guha Neogi
666593,2519038,Subrata Das
606535,2259697,Hitesh Kewalya
1129970,4074725,Prasoon Pandey
881582,2355660,Sajan Agarwal
681236,53974,Shreyas Talpade
1235825,4498991,Ajay Shivan
850182,3154366,Chetan Sharma
739907,2766516,Anurag Jha
639414,229951,Alankrita Shrivastava
679994,2555572,Priyanka Banerjee
1035895,3300490,Shawn Gupta
739512,2765481,Sunder Pal
850957,1676384,Gehana Vasisth
849780,3036485,Tanveer Hashmi
855635,3036485,Tanveer Hashmi
733137,2742437,Rahul Nath
851161,3157947,Raaj
850935,1676384,Gehana Vasisth
1453444,223167,Radhika Apte
710914,2661459,Katyayan Shivpuri
850801,1337547,Raaj
611356,1034447,Shoojit Sircar
1192361,2512809,Ankur Singh
656007,1514227,Ashwiny Iyer Tiwari
797913,2981561,Saurabh Gupta
759999,2840600,Dedipya Joshii
693836,1519918,Maqbool Khan
671539,2534444,Raka
678960,1276255,Shekar Suri
743382,225149,Sudhir Mishra
660056,2492188,Sneha Taurani
727485,1714217,Mansi Nirmal Jain
455004,85446,Ramesh Sippy
814425,2381596,Abhishek Roy Sanyal
735182,1143362,Nitin Kakkar
496348,1953710,Pushpendra Nath Misra
720796,545084,Tigmanshu Dhulia
757329,2951445,Kanishk Varma
664602,1438945,Pushpendra Singh
751640,2809460,Gunveen Kaur
751640,2809461,Robin Sikarwar
748457,1202610,Ashish R. Shukla
741075,2771271,SANDEEP KUMAR VERMA
853331,3017155,Rohaan Satghare
857852,1676384,Gehana Vasisth
667585,990865,Hansal Mehta
814430,1681236,Falguni Thakore
560702,78922,Rajat Kapoor
774696,2888965,Rahat Kazmi
598859,1728433,Hardik Mehta
939537,593104,Hemant Mishra
638665,1917102,Prateek Vats
714625,3157817,Vijay Bute
772879,35735,Nikkhil Advani
772879,81676,Raj Nidimoru
772879,81675,Krishna D.K.
772879,1604255,Nitya Mehra
772879,1348503,Avinash Arun
772879,87297,Tannishtha Chatterjee
831279,2661459,Katyayan Shivpuri
683395,2567009,Ajay Lohan
773911,1504651,Indrajit Lankesh
728133,2095430,Ivan Ayr
750224,2804800,Shyamal Chaulia
750224,2804799,Arpan Sarkar
727864,1845799,Kumaar Aadarsh
851243,3160332,Faiz
719918,2082969,Harish Vyas
850817,3157811,Prince k kashyap
850260,3157811,Prince k kashyap
678803,981207,Lalit Marathe
678803,2553039,Smita Tripathi
849526,3153341,Abhijeet Harishchandra
953703,1972315,Suhas Kadav
953703,1982080,Ronojoy Chakraborty
655459,1759996,Navjot Gulati
698436,1398226,Prashant Nair
686919,971249,Neeraj Udhwani
748019,2796275,Anushree Mehta
703809,2637483,Aarti Neharsh
684806,2572262,Jugal Raja
853597,2501372,Roopesh Rai Sikand
725311,133423,Prakash Jha
715493,2678266,Harsh Mishra
669480,2528612,Isabella Rinaldi
669480,2528614,Arya Rothe
669480,1931070,Cristina Haneș
757809,2831730,Kumud Chaudhary
743126,1568689,Suman Mukhopadhyay
693838,2086298,Abir Sengupta
849502,1676384,Gehana Vasisth
851206,2959924,Akanksha Sinha
853614,3154366,Chetan Sharma
659672,2495441,Karan Vishwanath Kashyap
679041,2553399,Yogesh Vats
1510451,5494388,Rahat Jain
732953,1581704,Suzad Iqbal Khan
748027,2796302,Nachiket Samant
691449,1940152,Ranjan Chandel
857859,3185737,Ram Tiwari
851227,3157811,Prince k kashyap
778745,2766516,Anurag Jha
849459,5575683,Vijay Suthar
853296,3026360,Abhishek J Sanghavi
1004820,3638146,Charan Singh
746878,2791972,Manoj Rai
853977,3157811,Prince k kashyap
787988,2435695,Arati Kadav
709386,1505920,Shaan Vyas
850184,3157929,Meeta
683762,1482573,Judhajit Bagchi
683762,1482574,Ranadeep Bhattacharyya
802035,3277251,Divyadhish Chandra Tilkhan
728187,1661902,Baba Azmi
782008,2919345,Arpita Pattanayak
680015,2799964,Ravi Adhikari
929454,2037448,Mridul Nair
758208,2833514,Mahi Dubey
681272,135003,Bipin Nadkarni
820825,5617189,Akshay Sanjeev Chavan
820825,4748195,Sumit Das
813737,3036619,Prabhu Rathod
756865,2335376,Sanjeev Vig
736938,1697406,Adwaith Shine
853616,3007315,Vikrant Singta
610160,2639526,Safdar Rahman
715085,1554542,Sahirr Sethhi
715085,2680846,Anubhuti Kashyap
715085,2680845,Tanvi Gandhi
715085,2680849,Ashwin Laxmi
715085,2680851,Narayan
666094,2470515,Akshay Indikar
1129278,4071748,Anku Parasharr
806327,3012044,Jai Sharma
1405875,5011736,Chak Hin Leung
824536,1972315,Suhas Kadav
702882,2268370,Sourabh Shrivastava
702882,2122526,Chittaranjan Tripathy
770868,52766,Tisca Chopra
754463,2624393,Debanjan Majhi
769553,1909336,Ektara Collective
962281,3505313,Neeraj Gwal
747517,2794285,Tarun Dudeja
832921,1205659,Amit Dutta
784492,1972315,Suhas Kadav
853932,2704308,Sanjeet Singh
724414,2712092,Rishabh Nayan
724414,2712090,Indresh Singh
758145,2522471,Vrinda Samartha
854174,3171841,Varun Chopra
821902,1925581,V Murugan
658461,2491661,Dushyant Pratap Singh
900505,3317742,Nitesh Sinha
1413334,4993279,Hrishabh
738984,2763876,Shrishti Lakhera
831560,1482574,Ranadeep Bhattacharyya
831560,1482573,Judhajit Bagchi
760409,2842327,Shreela Agarwal
759425,6439363,Mukesh Asopa
733417,2743198,Taruna Khanagwal
701961,2631153,Priyanka Purty
695708,1658088,Rohit Mittal
747021,2792470,RK Sharma
1710085,6269959,Aryan Singh
758948,2358911,Abhishek Waje
742645,2777269,Anuj Malhotra
1092350,3940600,Supriya Khan
1092350,3940601,Ismail Umarr Khan
733320,2742955,Garima Kaul
811018,3027239,Shivam Kaushik
759287,2532747,prem soni
759287,2358910,Sahil Khan
754757,2214137,Ambrish Bhatia
1325243,3154880,Meenakshi Rai
1128663,4069210,Saurav Vyas
1097712,3955534,Tarun Wadhwa
732201,2739336,Amit Sanouria
870649,3222975,Aditya Verma
757722,2831380,Nagnath Kharat
1020298,3687370,Simit Bhagat
893160,3294073,Suraj Shelar
733251,2742769,Abhigyan Mukherjee
732197,2739334,Makarand Sawant
465007,4001520,Arvind Tripathi
741397,1413504,Shyam Madiraju
706108,2421111,Samarth Mahajan
592508,86783,Rohit Shetty
842000,3127779,Ashish Pant
599925,148359,Vishnu Varadhan
601337,85048,Kabir Khan
695969,1286996,Vinil Mathew
858383,6447382,Vikram Singh
858807,3036485,Tanveer Hashmi
776557,2644593,Rintu Thomas
776557,2644592,Sushmit Ghosh
767377,1413077,Ram Madhvani
806516,1501859,Vinod Kapri
653457,1118108,Laxman Utekar
618911,591123,Aanand L. Rai
829808,76813,Ram Gopal Varma
824744,93502,Kunal Deshmukh
852194,3036485,Tanveer Hashmi
695958,1211416,Ribhu Dasgupta
1006154,3553129,Dwij Patel
1305770,1589448,Kranti Kanadé
660042,229253,Kookie Gulati
679844,89154,Prabhu Deva
786190,1947054,Umesh Bist
598826,1034447,Shoojit Sircar
885588,3272955,Arun Varghese
1604955,2244039,Zoya Parvin
608746,1770592,Sanjay Gupta
694103,1728433,Hardik Mehta
721048,1874015,Ranjit Tiwari
986166,3582830,Srijan Das
802403,1516214,Kayoze Irani
802403,1455337,Neeraj Ghaywan
802403,1339972,Shashank Khaitan
802403,2461704,Raj Mehta
862701,114379,Abhishek Chaubey
862701,1514227,Ashwiny Iyer Tiwari
862701,37238,Saket Chaudhary
911360,1013132,Manish Gupta
679024,53671,Rakeysh Omprakash Mehra
734780,2748543,Kaashvie Nair
804005,3003877,Aban Bharucha Deohans
870103,3765152,K K Binojee
882847,1701502,Jaicheng Jai Dohutia
590397,2272936,Abhishek Dudhaiya
885548,1616912,Devashish Makhija
669696,635017,Milan Luthria
901562,2718217,Smita Singh
869218,3217909,Huma Hussain
760932,2098184,Aditya Kripalani
666390,1616815,Varun V. Sharma
1068182,3852703,Dilip Singh
534081,116143,Dibakar Banerjee
885534,3877598,Ashutosh Pathak
810416,3024976,Shivangi Mittal
674531,2543465,Diya Annapurna Ghosh
828871,2255966,Vivek Soni
755836,85585,Abhishek Kapoor
801831,52773,Amole Gupte
739146,545493,Pavan Kirpalani
922396,5549526,Ajay B. Gupta
1732147,1568689,Suman Mukhopadhyay
1732147,130990,Makrand Deshpande
842347,3128737,Ajay K Saklanni
658075,80387,Priyadarshan
794008,129730,Amin Hajee
819727,571572,Manoj Jha
830891,1066187,Amit Masurkar
811007,3027267,Claudio Casale
812547,1843003,Hari Viswanath
695951,87354,Rumi Jaffery
794819,1265939,Akarsh Khurana
753637,2405326,Abhiroop Basu
890986,1464481,Amit Kasaria
790019,2951445,Kanishk Varma
711643,1839439,Vishal Furia
891855,2766516,Anurag Jha
1438073,1840739,Anuj Gulati
1428344,1474456,Sandeep Kumar
798159,1377562,Abhishek Jain
859670,2224750,Gaurav Madan
718739,78922,Rajat Kapoor
643807,1276863,Seema Pahwa
732621,76813,Ram Gopal Varma
947920,3460106,Deepmala
805916,3010950,Grish Majethiya
813360,3035279,Suraj Joshi
764684,284463,Akash Khurana
744991,1043347,Renuka Shahane
925861,3378117,Nemil Shah
1169076,1992227,Pratima Joshi
1045194,3773913,Kapil Kaustubh Sharma
1090374,3934373,Sumit Suresh Kumar
886440,1717337,Jay K
764336,35784,Kunal Kohli
791009,2401119,Taranveer Singh
1721308,2555572,Priyanka Banerjee
695973,227367,Milap Zaveri
1129429,4072382,Tanmay Nag
888978,3281815,Nabil Solanki
866052,1411354,Laurens C. Postma
807309,3015545,Sarmad Khan
774098,2886969,Bugs Bhargava Krishna
858288,2292568,Sarthak Dasgupta
862164,3200557,Abhinav Singh
862164,4470080,Abhinav
583631,2246551,Parvinder Singh Wraich
1240208,2534249,Shivankar Arora
824697,1551237,Narendra Singh
918742,3689210,Haider Khan
829549,2492201,Nikhil Pherwani
1127644,2065858,Prasad Kadam
931541,1125765,Pradip Atluri
956301,3486460,Kundan Sad
921403,3363364,Navneet Baj Saini
874539,125724,Aparna Sen
837134,3114568,Vishwa Bhanu
1128742,4069599,Shinku C.
1305773,1455337,Neeraj Ghaywan
858605,3188666,Nischhal Sharma
862078,3004765,Kaushal Oza
807072,2163265,Pankaj Saraswat
1206195,2692060,Vaibhav Hatkar
851983,2682880,Ram Kamal Mukherjee
838663,4120679,Jayesh Nilewad
844710,2288316,Dnyanesh Zoting
847263,3144560,Vikhyat Srivastava
770578,93153,Renzil D'Silva
893614,2714436,Rishab Seth
813109,1309100,Rukshana Tabassum
803449,4259401,Vikas Dani
883173,3265416,Indrajit Nattoji
732886,2384522,Devanshu Singh
784167,85456,Mahesh Manjrekar
776303,93290,Satish Kaushik
869472,3073941,Prem Singh
836263,115234,Raj Singh Chaudhary
879015,3616172,Aayush Saxena
856279,2501372,Roopesh Rai Sikand
862717,3202447,Satramm Ramani
846804,3143207,Irfana Majumdar
917388,1245885,Faisal Hussain Khan
946170,2633610,Raajhorshee De
868642,3216041,Ssaurabh Tyagi
1028077,1946815,Saqib Pandor
842361,1732366,Rahul Jain
826404,1640748,Sapna Bhavnani
799719,2075176,Stanley D'Costa
925501,3376809,Saalim Siddiqui
1485154,4947085,Yuvraj Bajaj
778217,2902533,Surya saavarni
1200794,4357688,Gagan Meshram
870130,85694,Vineet Sharma
1114909,4016709,Bobby Kumar
841719,3128083,Ajitesh Sharma
1228093,3850527,Glen Barretto
1323154,4857637,Gaurav Asri
869272,2278384,Sudipto Roy
899439,2280577,Deven Munjal
782848,230438,Subhash Kapoor
885291,3272085,Agrim Sansanwal
885291,3272086,Aakarsh Sansanwal
788122,2944928,Gaurav Mehra
879002,1957001,Ritesh Sharma
681225,1720112,Agnidev Chatterjee
1055671,1295860,Rajiv Chilaka
877444,3245301,Rebana Liz John
1001636,3629472,Zubie Saurabh Sengupta
885296,3272101,Faraz Ali
1434731,5279512,Rahul Bhatnagar
629104,1191508,Suman Ghosh
860409,120430,Shefali Shah
830878,1205659,Amit Dutta
674723,2544252,Faraz Arif Ansari
862508,553633,Krishna Bhatt
960682,3004884,Venu Somineni
826178,2118235,Hardik Gajjar
816836,930926,Shakun Batra
833321,3112910,Shoib Nikash Shah
883288,3265745,Sudhir Durlabh Tandel
788603,3143035,Nitesh Tiwari
1055672,1295860,Rajiv Chilaka
761876,1785159,Avinash Das
1040221,3758311,Terence-Hari Fernandes
862073,3200430,Mobeen Warsi
1137590,4102468,Rajnish Mishra
877875,3247139,Ajay Kailash Yadav
892713,1483386,Abhishek Krishnan
870788,4240728,Pavan Kumar Rajamahendravarapu
901161,1815251,Anup Thapa
883280,1323206,Vijay Patkar
921410,3363404,Dinesh S. Yadav
848547,2329404,Kesar Matharu
921481,1972315,Suhas Kadav
737248,2425728,Saif Baidya
846340,3142060,Nithesh Kalnad
826648,5293983,Neshu Saluja
844460,3160283,Amol Kale
855414,2265196,Hussein Khan
1013084,3664784,Mukund Narayan
1013084,1705456,Santosh Singh
922785,2869285,Ankur Hooda
946023,3453092,Prateek Kumar
665776,2516783,Rahul Ranjan
892271,1179627,Manav Kaul
858660,3188834,Prataya Saha
1175155,4259995,Wikki Koul
830405,1929305,Neville Shah
919998,2214137,Ambrish Bhatia
892724,1956230,Nilesh Sahay
893174,2564283,Dheeraj Jindal
1162566,4205316,Rahul Vellithodi
822185,3065097,Sahil D. Gada
1243225,4528724,Siddhant Issar
829381,1850478,Suresh Eriyat
897706,2055031,Akriti Singh
897678,3307956,Shankar Sri Kumar
910806,3332775,Navin Chandra Ganesh
921066,3342437,Anuj Tyagi
849864,3154880,Meenakshi Rai
893014,2408208,Omkar Kulkarni
801891,2008540,Kush Badhwar
801891,2341007,Renu Savant
925695,2274278,Suman Adhikary
925695,3457680,Sumit Ghildiyal
1081487,2534249,Shivankar Arora
809636,2899114,Aman Wadhan
913462,3341432,Mehr Singh
1433285,5242816,Nikhil Mahar
1433285,5242815,Vijay Mahar
1433285,5003823,cutiya
824297,3073142,Deep Basu
1156708,3300490,Shawn Gupta
809489,3021909,Samundra Neil
1038277,3751489,Ashutosh Chaturvedi
1038277,3751491,Pankaj Mavchi
885585,3272916,Vipan Malawat
885539,3222982,Shobhit Jain
1013049,3664734,Shred Shreedhar
874467,2193919,Prakash Satam
1587657,5839624,Smriti Thakur
899918,3315311,Supriya Suri
914267,2214137,Ambrish Bhatia
870651,3222982,Shobhit Jain
1281765,4681406,Vinay Goswami
1205251,4377360,Surabhi Sarl Sachdev
885577,1918049,Kabir Mehta
885535,3272763,Abhijeet Sarthi
1005107,3638951,Pradip Raghunath Mestry
869051,3217420,Ankit Bagde
1102882,2214137,Ambrish Bhatia
839263,3108502,Vedant Mitter
1201349,4360197,Achyut Prashast Singh
1324398,4863222,Vijeta Dahiya
806504,3027239,Shivam Kaushik
885501,3272682,Nikhil Talegaonkar
885559,3272815,Abhijeet Srivastava
889542,3283560,Akash Dev
885509,3272693,Modak KS
885509,3272692,Ragini Rao Munjuluri
847315,3144717,Ruhul Robin Khan
1051037,3795096,Simran Arora
1051037,3795097,Harshit Bawa
847349,2913541,Sumit Pawar
869470,3218650,Rohan Phatak
893179,3294093,Kavilas Negi
910477,1548878,Arsala Qureishi
910477,3331441,Jas Sagu
1354082,4930926,Vinayak Ramakant Velapure
1123995,4051603,Shrikkanth Govindarajan
869475,3218661,Anand Singh Chouhan
1000512,3626259,Puneet Pawar
1038565,3752616,Mohd Fehmeed
1038565,3752617,Zeeshan Amir Khan
920028,3358685,Rajesh Chavan
1433223,5242609,Dilip Kumar
960963,3501239,Chitra Parameswaran
869286,3218155,Surya Ranganathan
1039067,2437251,Siddharth Chauhan
1029827,1323051,Abhishek Pathak
496331,87378,Ayan Mukerji
893165,2866309,Suhail Tatari
821119,1739724,Sameer Saxena
601635,1758663,Advait Chandan
783461,2542498,Aakash Bhatia
664332,42804,Sanjay Leela Bhansali
799155,2321823,Lakshya Raj Anand
799177,1825234,Amar Kaushik
611598,2131956,Dr. Chandraprakash Dwivedi
900783,126763,Vivek Agnihotri
956757,1874015,Ranjit Tiwari
801526,1714237,Jasmeet K Reen
838145,1467320,Payal Kapadia
915831,1086433,Vasan Bala
817866,1042011,Vikas Bahl
882826,2483302,Anirudh Iyer
679018,1943117,Gowtam Tinnanuri
883125,85530,R. Balki
888268,126765,Anubhav Sinha
851783,1340556,Gayathri
851783,581172,Pushkar
764928,2858286,Kapil Verma
1005581,229253,Kookie Gulati
695962,85801,Anees Bazmee
764081,230441,Abhishek Sharma
754716,1286997,Harshavardhan Kulkarni
965653,1061611,Faruk Kabir
1013576,3666409,Sandip Sharma
1052024,2114481,Ramana Mogili
911645,930926,Shakun Batra
937409,2384587,Satish Raj Kasireddi
715765,1264503,Farhad Samji
1187242,4304910,Ravi Muppa
897525,2282387,Behzad Khambata
682401,88800,Mohit Suri
908397,2434654,Mathukutty Xavier
940258,1365171,Soumyak Kanti DeBiswas
941596,115234,Raj Singh Chaudhary
755045,86783,Rohit Shetty
934419,1147472,Anvita Dutt
1454520,224751,Khalid Mohammed
897097,1106960,Sachin Kundalkar
1028080,1491431,Sumit Purohit
961945,2818693,Rajesh Thakare
961945,3672269,Aman Gupta
1696578,6218859,Shankar
726207,1209317,Gurmmeet Singh
693841,66829,Sabbir Khan
729700,591123,Aanand L. Rai
783723,105446,Indra Kumar
766116,42803,Ajay Devgn
778625,2680846,Anubhuti Kashyap
1055159,3808351,Nawneet Ranjan
1516982,5579074,Evelyn Jude Rodrigues
1046991,1810696,Jaspal Singh Sandhu
1046991,1203526,Rajeev Barnwal
919913,2456793,Nishant Roy Bombarde
651534,76813,Ram Gopal Varma
678999,2553212,Divyang Thakkar
712863,2667237,Razneesh Ghai
1018220,1364929,Shashanka Ghosh
969797,86884,Anand Tiwari
1014386,1561054,Ali Abbas Zafar
765019,2461704,Raj Mehta
881983,584324,Revathi
1007575,3646818,Abhishek Tiwari
977128,3554165,Amish Srivastava
1159996,2840386,Sakshi Gurnani
449627,89153,Prakash Raj
1033916,1610702,Nilanjan Datta
915867,1839439,Vishal Furia
799713,2114213,Tushar Jalota
1002082,92693,Madhur Bhandarkar
784940,3591560,Siddharth Sen
934878,1021526,Srijit Mukherji
1144071,3112910,Shoib Nikash Shah
988228,571494,Sai Kabir
796207,85670,Anurag Kashyap
1035672,4373228,Sarika Sanjot
1021796,3421843,Arvind Pratap
877655,76813,Ram Gopal Varma
868553,3215839,Kalpesh Garg
1025505,3056078,Arvind Pandey
1041054,1364929,Shashanka Ghosh
768466,3539334,Jai Basantu Singh
915617,1604240,Sam Mason Bell
966763,3520130,Pratham Khurana
1052671,1173951,Manoj Sharma
1038592,1548874,Rajshri Deshpande
1038592,2325223,Kutti Revathi
1038592,3714074,Pooja Shyam Prabhat
1038592,2061345,Savita Singh
1038592,3752698,Madhumitha Venugopal
774806,3433434,Mridul
1009432,110227,Sooraj Barjatya
954974,2692063,Pradipta Ray
915776,3202447,Satramm Ramani
870387,3222103,Hitesh Bhatia
934747,71088,Shaad Ali
957136,1192755,Shashant Shah
978489,3558957,Pallavi Roy
828901,1177618,Shanker Raman
1060899,4386198,Pawan Kumar
788944,2118235,Hardik Gajjar
977673,1368380,Mangesh Hadawale
1425582,5210638,Panam Verma
950416,2031233,Celina John
1009059,3652468,Manpreet Dhami
1116164,4021947,Deependra Kumar Yadav
663457,1339972,Shashank Khaitan
963682,86062,Anant Mahadevan
972208,1819981,Brinda Mitra
1028349,3714762,Puja Banerji
1040756,3759860,Vasu Bhatia
788348,92693,Madhur Bhandarkar
938688,1657279,Aneek Chaudhuri
1162352,2707180,Abishek Sharma
944410,1927085,Suresh Triveni
665685,1265981,Nagraj Popatrao Manjule
852659,2317079,Soumyajit Majumdar
896737,3305059,Suvendu Ghosh
983040,3573240,Adnan Ali
1009723,1906546,Ratnaa Sinha
1026792,3709315,Vikrant Deshmukh
976796,3553129,Dwij Patel
1091208,3936785,Abhinav Dubey
1018844,222770,Partho Ghosh
1025511,1549720,Ankur Maan
964971,3514723,Kuldip Patel
979137,3625055,Rajaram Rajendran
855485,89020,Sagar Ballary
944732,2516783,Rahul Ranjan
944732,2516784,Piyush Mishra
1586616,3934373,Sumit Suresh Kumar
1017179,3677761,Nikhil Salian
1017179,3677759,Prasad Vasant
850837,1307554,Ajay Bahl
1181298,2891601,Nitin Kumar Gupta
1007946,1284085,Abhishek Saxena
1010257,2494184,Sanjeev Kumar rajput
776538,2851012,Ajitpal Singh
911154,1021526,Srijit Mukherji
1018842,5770058,Pushpenddra Singh
1338647,4044016,Dhruv Solanki
1283118,4686500,Harsh Vardhan Kumar
1283118,4686515,Aviral jain
1139161,2215427,Kan Singh Sodha
1009626,1244773,Sandeep Baswana
1197531,2270971,Aditi Sharma
1033878,3734728,Samar Iqbal
965026,1406468,Shlok Sharma
913532,1257948,Faraz Haider
926057,3379703,Saahil Chhabria
1028069,1776245,Ritesh Menon
946652,3456094,Jayprad Desai
1043143,2779033,Ashish Kumar
920026,2255832,Ishrat R Khan
942173,1973581,Sumukhi Suresh
787538,2942817,Dhruv Lather
1494695,5491826,Kashish Kanojia
1052662,3800082,Abhay Nihalani
1052662,3800083,Prasanta Sahoo
1008697,3651323,Divya Kharnare
1021166,1211416,Ribhu Dasgupta
892529,3292515,Rajesh Harivansha Mishra
1238386,4509377,Harry Chauhan
1238386,4509378,Manoj Choudhary
1012151,1056681,Joy Augustine
950896,3149665,Abhishek Verma
950896,3470735,Jayesh Pillai
962482,1205659,Amit Dutta
983275,3002319,Shivam Singh
933037,1020773,Sudhish Kamath
926672,2405635,Achal Mishra
1035366,1556333,Bosco Martis
1064376,2141301,Bobby Sarma Baruah
955664,2076081,Karan Asnani
1085852,2564283,Dheeraj Jindal
942414,3200557,Abhinav Singh
945324,2326917,Palash Muchhal
1222724,4449358,Pew Banerjee
1044120,1042790,Ashok Tyagi
1038099,3750736,Kushal Shekawat
1071169,1612287,Rajesh Touchriver
1160271,4196309,Abison Yumnam
1062902,287270,Ganesh Yadav
976088,3564200,Harman Singh
1005728,3200496,Shubham Yogi
1316295,4825079,Adhiraj Kashyap
944753,3448153,Vivek Srivastava
926085,1604361,Ram Ramesh Sharma
809309,2119237,Nikhil Nagesh Bhat
986957,3585895,Rohit Raj Goyal
988988,85387,Vikram Bhatt
573540,1278982,Gajendra Ahire
1421546,5195676,Ravikala Gupta
1040641,3759588,Anshul Tiwari
1028084,3714747,Gaurav Dave
1011874,3661199,Aman Sagar
1091609,86022,Yashpal Sharma
957754,3490477,Bani Singh
989114,2217241,Dr. J.S. Randhawa
1137908,1265939,Akarsh Khurana
732529,5258966,Shiv C Shetty
969342,1505913,Varun Grover
1523901,1514227,Ashwiny Iyer Tiwari
1007695,3647200,Parth Saurabh
941728,3775784,Shaurya Singh
743202,2786739,M. Gani
1309739,4798069,B.S.P. Varma
802793,2577182,Kamal Pandey
1186541,3188834,Prataya Saha
1030221,3721852,Aman Sachdeva
1080225,1527676,Sridhar Rangayan
1011186,1972315,Suhas Kadav
1163264,3100529,Maanavi Bedi
1029441,3718680,Anirban Bose
972116,2088244,Vinod Tiwari
1097856,2766516,Anurag Jha
557631,2164152,Anamika Haksar
1215697,2629842,Sourabh Kanti Dutta
1181291,2891601,Nitin Kumar Gupta
1015208,3671631,Ayushman Sharma
768564,1513469,Hassan Nazer
926704,3381532,Praween Kumar Pandey
656999,3645450,Prashant Johari
1035212,3112910,Shoib Nikash Shah
1038569,2738381,Karan Suri Talwar
1175512,3962264,Sayal Mukherjee
1010385,1427446,Manish Mundra
1224351,4455814,Salman Sajjadi
1009629,3654332,Kuldeep Kaushik
974609,1658088,Rohit Mittal
1028345,1859990,Jyoti Kapur Das
1052680,3800124,Karan Razdan
1038098,3131822,Mehak Jamal
1055688,3834319,Sujeet Shiv Kumar
1314926,3670389,Sumit Mishra
1040393,1572166,Sudhanshu Saria
1038178,2074676,Nihit Bhave
1053960,3281794,Anureet Watta
1299908,4754520,Adnan Malik
1389531,1295860,Rajiv Chilaka
1116754,4023931,Himanshu Tomar
1034231,3752378,Satish Munda
1060889,2984108,Rajinder Verma
972675,227328,Himanshu Malik
970321,2076081,Karan Asnani
1483571,2692060,Vaibhav Hatkar
882629,3263936,Siddhant Sarin
1004599,3637682,Prasad kadam
897670,3307918,Vivek Rajendra Dubey
1058961,3186845,Mihir Fadnavis
1161433,2873672,Miriam Chandy Menacherry
926894,1803493,Pallavi Paul
1181112,4281167,Gurleen Grewal
1313641,4814546,Nozzer Pardiwala
937349,3421843,Arvind Pratap
1085841,3918028,Gautam Arora
1216447,4424656,Prinkesh Prajapati
916132,80394,Geetika Narang Abbasi
1020328,3687422,Arjun Vardhan
926880,3382066,Teresa A Braggs
1356626,4942355,Sagar Honnalli
1462086,5360457,Muntaha Amin
1005112,3638992,Mukul Verma
1156687,4181627,Praval Chhajed
1391081,5072417,Ehraz Zaman
1071334,4043861,Praveen Chaturvedi
1461280,1272917,Sudipto Sen
1461280,5356883,Ria Mukherjee
1036932,3987117,Mirza Malik
1078425,3890090,Sharadsingh Thakur
994646,3004884,Venu Somineni
1274628,5291147,Neeraj Kumar
1274628,1999340,Deepika Narayan Bhardwaj
1005094,2241433,Punit Kumar
960924,3501133,Karandeep Singh
1280183,4822471,Deepika Rajani
973991,2519768,Kanika Vora
1001190,3628030,Amrit
1354077,4930898,Ashutosh Upadhyay
940817,3433871,Ketan Kuril
978479,3558947,Tuhin Basu
1011377,2777269,Anuj Malhotra
1350816,4920413,Visal Sem
1067424,3154880,Meenakshi Rai
1072019,3865504,Senthilkumar Alamuthu
964625,2532747,prem soni
978506,3559005,Ashish Madurwar
1036906,3746326,V S Shivan
1419022,5185330,Piyush Srivatsava
961328,3502639,Rajvir Rance
961328,3502640,Mudit Malhotra
961494,3503146,Jassi Chana
1042339,3688499,Priya Naresh
1297630,4744253,suraj kumar
1001128,3627864,Mayank Pushpam Singh
978510,3559010,Shruti Vohra
872906,1209903,Atlee
720557,224221,Maneesh Sharma
1163258,99710,Vidhu Vinod Chopra
781732,1879517,Sandeep Reddy Vanga
1136736,85666,Konkona Sen Sharma
1136736,85530,R. Balki
1136736,1410291,Amit Sharma
1136736,95510,Sujoy Ghosh
864692,35785,Siddharth Anand
960876,85675,Rajkumar Hirani
1018228,1275677,Ajay Singh
848116,35736,Karan Johar
611359,1158937,Luv Ranjan
734253,1407759,Om Raut
950071,95510,Sujoy Ghosh
986594,1162244,Ashima Chibber
878926,87550,Vishal Bhardwaj
1264356,4613728,Rishav Kapoor
946025,3453208,Yashowardhan Mishra
1606582,2033091,Rohit Khaitan
1185638,1641707,Soumendra Padhi
975533,80386,Zoya Akhtar
885331,107250,Anil Sharma
1112552,85670,Anurag Kashyap
875188,3238002,Arjun Varain Singh
1082856,3784479,Shireesh Khemariya
884434,914892,Rohit Dhawan
1125221,148034,V. V. Vinayak
778946,2906618,Shantanu Bagchi
1101227,1745646,Klára Trencsényi
814215,113667,Meghna Gulzar
1177634,4268960,Abhishek Sinha
942411,2435695,Arati Kadav
981101,110851,Onir
1204091,2137054,'Om' Rakesh Chaturvedi
966719,1264503,Farhad Samji
767663,2318102,Sanjay Puran Singh Chauhan
1547522,5692915,Saran Indokera
888710,229257,Amit Rai
763118,1042011,Vikas Bahl
965606,42803,Ajay Devgn
1159983,3597873,Tanmai Rastogi
1298689,4748835,Aalok Kumar
1186985,4303895,Sahil Rakesh Grover
1025067,1632637,Raaj Shaandilyaa
1065320,1672773,Shujaat Saudagar
957999,3491492,Karan Boolani
897515,2061136,Tejas Vijay Deoskar
1211056,3578967,Shalini Shah
1196652,3481195,Soumyajit Ghosh Dastidar
1063633,1477537,Akshat Ajay Sharma
1321937,5756134,Vivek Sharma
1165459,2458666,Stephen Alexander
1153862,5704781,Sudhanshu Sharma
1154148,2280575,Shanawaz Ali
1084803,3914208,Ashutosh Nayak
1196317,4340274,Durgesh Pathak
1510241,1442079,Prakash Saini
1198380,78922,Rajat Kapoor
1063366,2919390,Shalini Adnani
1131409,1603696,Tinu Suresh Desai
801049,1977824,Kushan Nandy
1142643,2714510,Krishna Bhatt
1200722,4357347,Abhinav Pareek
1164978,2637481,Arun Fulara
1215581,4421031,Keerthi Raju
1092606,3941077,Prashantt Chandraah
1014390,1561054,Ali Abbas Zafar
864573,3208832,Aasmaan Bhardwaj
1137429,1946560,Manish Tiwary
1501036,5516183,Prashant Shukla
1189126,3934373,Sumit Suresh Kumar
1142127,1042010,Nitesh Tiwari
1171106,142630,Aatish Kapadia
1188649,2061190,Ashish Deo
1119413,3558957,Pallavi Roy
850180,1069553,Aniruddha Roy Chowdhury
926130,2461704,Raj Mehta
1121330,2344508,Raj Rachakonda
919031,571494,Sai Kabir
974025,1210708,Vardhan Ketkar
1052873,1348503,Avinash Arun
1154969,2572262,Jugal Raja
1241044,4520366,Jatin Parveen
945337,1745215,Sonal Joshi
1114628,4015769,Akshay Ditti
1211409,1060577,Chandrakant Singh
1211409,2291350,Ali Shah
1114114,1763607,Sankalp Reddy
1146746,3914208,Ashutosh Nayak
1166124,4224444,Disha Bhardwaj
980165,4689753,Kartik Swaminathan Venkatraman
1624313,5967709,Shravan Kashyap
1020376,2248931,Sameer Vidwans
1263502,4608120,Vinay Arora
1137705,4102733,Preeti Kanungo
1137705,2151728,Sourav Yadav
1158378,85530,R. Balki
1204595,4570026,Deepak Chawla
1146136,1964960,Sanoj Mishra
1081726,126765,Anubhav Sinha
1137592,4102473,Ananjay Raghuraj
1301795,3472647,Nikhil Chalam
1174658,2094458,Yash Sawant
974792,1701507,Rahul V. Chittella
1157429,2051071,Pranay Meshram
1189825,4315580,Abnash Kumar Bhola
977891,3556868,Avnish S Barjatya
1188021,4141804,Siddhant Swaroop
1141322,2664042,Urvish Parikh
1184060,4301948,Rahhat Shah Kazmi
1069567,3857812,Victor Mukherjee
1182583,4287370,Vaishnav Manda
1001241,1143467,Vinay Sapru
1001241,1097571,Radhika Rao
679031,239063,Umesh Shukla
1156202,2589580,Karan Tejpal
1185652,4298905,Bharat Ratan
1117965,3144560,Vikhyat Srivastava
1103937,1912302,Sudipto Sarkar
1171838,1937149,Anupama Srinivasan
1171838,2743689,Anirban Dutta
1205387,2692060,Vaibhav Hatkar
1106108,1505914,Shiladitya Bora
1116866,2350140,Tanveer Bookwala
920679,1118108,Laxman Utekar
1258904,4591416,Sharmila Banerjee
1092654,545493,Pavan Kirpalani
1198725,993640,Vijay Maurya
984092,76451,Vijay Krishna Acharya
1046620,126763,Vivek Agnihotri
1309214,4795774,Miheel Parmar
805785,545514,Mrighdeep Singh Lamba
1095343,3949340,Kapil Joshi
1149632,4152998,Kamal Chandra
1014060,53372,Nandita Das
1173033,1265939,Akarsh Khurana
1160562,4197388,Vatsal Neelakantan
1129570,2467103,Jayveer Panghaal
1187054,1779935,Mikhil Musale
1123960,2408480,Apoorv Singh Karki
1063593,1375302,Priya Sen
1298685,4748832,Nikhilesh Mishra
1067209,87772,Rajkumar Santoshi
968748,1646407,Anu Menon
1063708,1616912,Devashish Makhija
1038487,3752242,Shravan Tiwari
1016217,4184717,Vinay Shukla
1216709,76789,Saurabh Shukla
1019638,990865,Hansal Mehta
1138763,1158786,Sunny Joseph
1189269,4316752,Farhaan Colabawalla
1149268,2008126,Aleya Sen
1183156,1785159,Avinash Das
1046688,2119237,Nikhil Nagesh Bhat
1186823,4303455,Jayant Rohatgi
976827,2794285,Tarun Dudeja
1221876,4445516,Sebastian Noah Acosta Jr.
1147897,2133622,Avishek Ghosh
1099930,3575965,Vaibhav Mutha
1072758,1069553,Aniruddha Roy Chowdhury
1132482,5770058,Pushpenddra Singh
1199790,4353283,Akshay Shah
1663218,4487481,Nihar Palwe
1580122,1968249,Stuart Laws
1196095,1962530,Tahira Kashyap Khurrana
1128349,3400684,Nitin Chandra
737370,2757716,Sarvesh Mewara
1049623,85670,Anurag Kashyap
733038,87296,Raja Menon
964845,1672939,Piyush Gupta
915865,2796275,Anushree Mehta
781809,37236,Santosh Sivan
1099677,1731533,Vipul Mehta
1146132,3800124,Karan Razdan
1184551,1143470,Atul Sabharwal
1065835,1307554,Ajay Bahl
1511646,1968249,Stuart Laws
780381,2261205,Shome Makhija
1228403,4472124,Pratap Rana
1022469,1200032,Ajayan Venugopalan
1517973,5582748,Devyani Anant
939423,225149,Sudhir Mishra
1182598,4287455,Swaroop Raj Medara
1310859,4802939,Dilu Maliackal
1145809,1544559,Prawaal Raman
1279224,2291954,Prashant Patil
985629,2494184,Sanjeev Kumar rajput
1214123,1739160,Nishant Nayak
1206181,4381221,Jitank Singh Gurjar
1418425,2960030,Alisha Tejpal
1418425,2805938,Mireya Martinez
1418425,5182562,Anoushka Mirchandani
1310868,4802961,Kamil Saif
1138654,4105863,Jageshwar Ratnakar Dhoble
1156337,1013132,Manish Gupta
847732,3146401,Arif Khan
1261684,4602737,Junaid Ali
1201303,1579363,Rajesh Bajaj
1163180,2511072,Akshay Choubey
1216735,4690880,Gaurav Bhatt
1182714,4287896,Virat B Gowda
1353007,4926619,Piyush Thakur
1092973,3942334,Harsh Warrdhan
1191608,2405635,Achal Mishra
1298690,2668889,Arijit Paul
423592,1701959,Akshay Singh
1105890,2333864,Virat Pal
1207183,4385460,Shaison P Ouseph
936229,1417485,Shiboprosad Mukherjee
936229,1417486,Nandita Roy
1184847,2122481,Hyder Kazmi
1153051,2680856,Pulkit Arora
1094262,2122481,Hyder Kazmi
1137036,4100420,Simmer Bhatia
1126702,4061434,Priyanshu Dahiya
1153067,2972573,Akriti Bajpai
1153067,2972948,Anmol Prasher
1112692,4016571,Praful Tyagi
1186128,4300457,Arkish Aftab
1203975,4371449,Nihar Verma
1203975,4371444,Soham Lad
1257414,4585371,Shubham Sinha
1086874,3112910,Shoib Nikash Shah
1121191,1739926,Kanan Gill
1215760,4421947,Srinivas Balla
1098371,3707719,Ravikant Jaiswal
1204088,4380690,Praveen Arora
1059455,3823813,Shahrukhkhan Chavada
1108435,3992806,Siddharth Potade
1108435,3992805,Nikhil Lama
1175405,2139215,Rajni Basumatary
1155640,4177248,Jagmeet Samundri
1147762,2431367,Lubdhak Chatterjee
1309581,4795774,Miheel Parmar
1094184,2885638,Lal Vijay Shahdeo
1174140,1701961,Haobam Paban Kumar
1133174,3065097,Sahil D. Gada
1137712,4102737,Arvind Caulagi
604198,87772,Rajkumar Santoshi
1154355,3553129,Dwij Patel
1099967,1304395,Akhilesh Jaiswal
1257423,2993999,Shivam Gupta
1148809,2020415,Éléonore Boissinot
1141821,2003583,Manish Saini
1197534,2416431,Suraj Gunjal
1218593,2518987,Sonakshi Mittal
1073074,3865122,Kalaiarasi Sathappan
926915,545514,Mrighdeep Singh Lamba
1195548,4336915,Aryeman Keshu
1132076,2280570,Vibhu Kashyap
1167587,1765160,Chandradeep Singh Rathore
1079170,229256,Vishram Sawant
1174363,4255235,Praveen Giri
1211323,1681235,Chinni Prakash Mohan
1211323,2242914,Munesh Rawat
1081988,87550,Vishal Bhardwaj
1239842,2055031,Akriti Singh
1624306,5967709,Shravan Kashyap
1148402,1760303,Mihir Lath
1158430,4189609,Vikram Singh Parihar
1086500,1763414,Sandeep Singh
1136169,1192048,Nikhil Mahajan
1188051,3688695,Swarup Ghosh
1274908,3564965,Prateek Srivastava
1149471,4152248,Tanisha Nair
1187657,1912302,Sudipto Sarkar
1342223,4912942,Kapish Rishi
1057228,3815589,Girideva Raaj
1254498,4573599,Chetna Gola
1250623,2639526,Safdar Rahman
1168566,4232396,Aniruddha Deshmukh
1168566,4242551,J Aditya
1080841,1739167,Abhishek Upmanyu
1239087,4519160,Vikramjit Singh Bal
1239087,4519161,Sudhesh Unniraman
1064624,85670,Anurag Kashyap
1276757,2244202,Sudipa Chatterjee
1586588,5027760,Parth Bhere
1199505,4352110,Shahroz
1064483,37236,Santosh Sivan
1119719,4035481,B.M.Giriraj
1156633,1119816,Anand Patwardhan
1121891,4044016,Dhruv Solanki
1460730,5352026,Waquar Rehman
1182368,4286342,Pradeep P Jadhav
1156679,4181627,Praval Chhajed
1180441,4473555,Adarsh Gupta
1182689,2082969,Harish Vyas
1187302,4308450,Yudhishtir urs
1196185,4339596,Vinod Rawat
1188542,6345768,Romil Modi
1184080,2629719,Priyanka Chhabra
1204441,2702882,Hansa Thapliyal
1088849,3929318,Chintan sarda
1146944,2385085,Naresh Bedi
1146944,3589744,Rajesh Bedi
1149489,4800567,Anuj Mehta
1087538,2490857,Sumeet Nagdev
1157674,4185999,Hemwant Tiwari
1211406,1972209,Sandeep Choudhary
1211406,4403169,Ratna Neelam Pandey
1200128,4354808,Aniket Kumar
1619362,2534249,Shivankar Arora
1190069,4316724,Lalit Kumar Jha
1450282,1645658,Karan Singh Rathore
1139605,4109037,Manohar Singh Bisht
1091155,1667728,Praveen Morchhale
1073117,1823073,Arshad Siddiqui
1187761,86244,Ishtiyak Khan
1363673,4912942,Kapish Rishi
1400609,3936785,Abhinav Dubey
1400609,5112740,Mangeshi Dronkar
1691585,4035481,B.M.Giriraj
1142313,4120598,Khadar Kumar S
1063371,3837834,Reema Maya
1138617,4105779,Akansha
1159986,2381596,Abhishek Roy Sanyal
1078143,1807925,Nilesh Maniyar
1137112,4100706,Sudeep Kanwal
1103285,3974102,Shadwal
1020330,3687422,Arjun Vardhan
1639400,6021675,Aditya Sharma
1163960,4210510,Satyam Kashyap
1179320,4274690,Sheba Ghosh
1384496,5557652,Amartya Kundu
1338976,2209306,Shailendra Pandey
1217517,224495,Mani Shankar
1200178,4355032,Ritesh Grover
1125323,2768310,Souvik Chakraborty
1146140,2182083,Koushik Kar
1363283,4968889,Ishani K Dutta
1310903,4803115,Anil Kumar Anand
1534058,5642156,Joram Jonah
1203255,4368098,Jyoti Nisha
1298680,4748825,Kabir Naik
1298680,4748824,Neel Champaneri
1210148,4397713,Ashish Randive
1210148,4397718,Suraj Nair
1190669,5330466,Nausheen Khan
1511722,6140118,Harsha Atmakuri
1170387,4237307,Tirthankar Guha Thakurta
1497359,5502044,ankush
1497359,5502047,piyush
1326225,4870985,Pranjal Vedant
1138881,4106794,Shiv Priya
1206056,93192,Susi Ganesan
1064439,3841567,Shahi A.J
1180535,4279440,Lalit Mohan Joshi
1498521,5502047,piyush
1205430,4378087,Harsh Matondkar
1178824,4272847,Arvind Singh JEENA
1206158,4381150,Sonali Jawale
1310333,4800645,Garv Sharma
1310333,4800644,Anmol Singh Sidhu
1155565,4862857,Ayush Kulshrestha
1106101,3984413,Yash (Not the KGF one)
1150730,1118172,Rajesh S. Jala
1210407,4398872,Chandrashekhar Reddy
1379084,5028488,Yash Chandramore
1460399,2440794,Nirmal Chander
1206186,4381224,Bhasker Vishwanathan
1195749,4337832,Jashan Sehmi
1065075,3843340,Gaurav Puri
1170428,4237516,Aprajita Gupta
1318954,4839143,Abhradeep Ganguli
1068938,3855491,Vinita Barretto
1250845,4560086,Moulik Seth
1250845,4560087,Nidhil Vohra
1138649,4105853,Kartika Nainan Dubey
1138677,2654286,Pratap Harode
1160018,2119237,Nikhil Nagesh Bhat
1277236,3720211,Gaurav Rana
784651,35785,Siddharth Anand
1108828,1289507,Shuchi Talati
1045931,1739727,Rajesh Krishnan
1014214,86783,Rohit Shetty
1187619,1042011,Vikas Bahl
936622,1561054,Ali Abbas Zafar
1148172,4347786,Shashanka Chaturvedi
1112426,1825234,Amar Kaushik
1201015,85454,Kunal Kemmu
1051023,102234,Homi Adajania
1252457,1807915,Akshay Roy
1083241,1668648,Kalees
1110390,3999942,Aradhana Sah
1110390,1728432,Amit Joshi
1163194,130959,Kiran Rao
1238167,125473,Rahul Dholakia
1245700,2061198,Aditya Nimbalkar
1196940,2073486,Karan Lalit Butani
1372059,545084,Tigmanshu Dhulia
1444358,5288169,Shailik Bhaumik
1184889,1086433,Vasan Bala
1227136,1701960,Pulkit
1072693,3456094,Jayprad Desai
1356885,4943388,Khan Aamir
1341448,4915127,Saurabh Dasgupta
1020951,85048,Kabir Khan
899718,2187177,Pushkar Ojha
899718,2214289,Sagar Ambre
1352958,1473713,Nitin Baid
1353040,4926761,Praveen Hingonia
1312769,2325216,Aditya Awandhe
1167917,4213134,Shivam Shankar
1187058,1419971,Aditya Sarpotdar
1233531,3096978,Aditya Suhas Jambhale
1148486,35735,Nikkhil Advani
1380062,5031526,Bharat Singh Parihar
1171099,1944716,Siddharth P. Malhotra
668340,1410291,Amit Sharma
1213712,1632637,Raaj Shaandilyaa
1309551,3553129,Dwij Patel
980599,85801,Anees Bazmee
1146577,223853,Vikramaditya Motwane
1275546,2891601,Nitin Kumar Gupta
1277400,4054121,Prosenjit Ganguly
1277400,5678410,Archisman Kar
1277400,5678411,Sanjay Raheja
1277400,5678412,Suraj Raheja
1277400,3935580,Suresh Raheja
1277400,5678413,Ajay Velu
1086729,71276,Imtiaz Ali
1403659,1363304,Swanand Kirkire
1147759,2177895,Dominic Sangma
1311214,4204356,Varun Tandon
1252470,123219,Neeraj Pandey
1284266,1759996,Navjot Gulati
1375204,5017115,Ishan Pehal
1215938,1424261,Aditya Datt
890116,85665,Sriram Raghavan
1621011,5950713,Tillottam Pawar
1403696,5241999,Sanjay Verma
1124876,1572166,Sudhanshu Saria
1374329,5012090,Suhel Banerjee
1252455,2434988,Simarpreet Singh
1448329,4802961,Kamil Saif
1211740,2743689,Anirban Dutta
1211740,1937149,Anupama Srinivasan
1580513,5816221,Abhay Kapoor
967344,1504437,Sudha Kongara Prasad
1241592,105166,Mudassar Aziz
1266109,3003877,Aban Bharucha Deohans
1389626,2886969,Bugs Bhargava Krishna
1389626,5066262,Rahul daCunha
1685831,5661636,Osman Amanullah
1086725,116143,Dibakar Banerjee
984101,86884,Anand Tiwari
1263031,1034447,Shoojit Sircar
1093971,550327,Tushar Hiranandani
901315,2074637,Sharan Sharma
1317911,85387,Vikram Bhatt
1272714,4645728,Aaditrie Dipika
1304039,5687420,Vishal Kumbhar
1213906,1940152,Ranjan Chandel
1213906,1771960,Dheeraj Sarna
918785,76789,Saurabh Shukla
1340951,4608023,Mustafiz Ahmed
1340951,4843272,Sambhav Saxena
1229078,1419971,Aditya Sarpotdar
1325559,3906890,Kallol Mukherjee
1675879,4145600,Triparna Banerjee
1274100,587089,Umesh Vinayak Kulkarni
1337163,1375302,Priya Sen
1252467,1653080,Mozez Singh
1262530,35779,Boman Irani
1083590,123219,Neeraj Pandey
1277154,1809299,Archana Phadke
1408634,2404419,Aanand Raut
881614,66829,Sabbir Khan
1298506,2255832,Ishrat R Khan
901223,3662672,Vaibhav Verma
797223,1644440,Ravi Udyawar
1366507,2535126,Niyantha Shekar
1327907,3918076,Preeti Singh
1222306,52766,Tisca Chopra
969173,1154950,Kannan Iyer
1171133,229253,Kookie Gulati
1286808,4700273,Manik Sanjay Talwar
1258022,1555077,Vinay Sharma
1284426,3143862,Zaid Aftab
1236545,1281873,Kaushik Ganguly
1236545,1611847,Bhaskar Hazarika
1236545,1085930,Gurvinder Singh
957328,6519,Randeep Hooda
1206050,2227860,Anand Surapur
1322271,4958588,Neeraj Sahai
1564413,5706538,Mehar Malhotra
863067,1701960,Pulkit
1305023,4608120,Vinay Arora
1305023,4608088,Naimish Gandhi
989880,1278982,Gajendra Ahire
1360501,4958029,Shaharyar Ahmed Chauhan
1460115,5352026,Waquar Rehman
1449797,5310048,Ahmed Raza Kazi
1419877,3300492,Saurya Gupta
1236671,557210,Bejoy Nambiar
1262485,2408480,Apoorv Singh Karki
1338324,2697007,Taapas Trivedi
1414672,1278982,Gajendra Ahire
1209645,3539334,Jai Basantu Singh
1374689,1501859,Vinod Kapri
1303277,4608121,Rishit Bhatia
1356246,2356270,Arif Khan
1611186,1981894,Debbie Rao
1399165,4900973,Smahi Anand
1248965,2390179,Devang Bhavsar
1234075,4492120,Arsh Jain
1373129,1646125,Pradeep Khairwar
1274217,2326917,Palash Muchhal
1069910,1312080,Kanu Behl
1378729,2699182,Nina Sabnani
807222,2046288,Vandana Kataria
1377079,4232289,Suruchi Sharma
1230333,1865948,Utkarsh Thukral
1320404,6441060,Purohitt Chinmay
1407977,1657279,Aneek Chaudhuri
1395184,4415671,Monal Agrawal
951015,2061368,Shirsha Guha Thakurta
1225803,1845799,Kumaar Aadarsh
1052381,85801,Anees Bazmee
1389152,1661779,Ashwani Dhir
1264800,231568,Abhinay Deo
1593506,6028685,Asif Khan
1458588,2564284,Anshul Agrawal
1397755,4800567,Anuj Mehta
1414280,1700749,Nicholas Kharkongor
1169534,1272917,Sudipto Sen
1371030,107250,Anil Sharma
1362595,4965908,Vaidaangi Sharma
1315021,2118235,Hardik Gajjar
1211427,4403246,Siddesh Shetty
1211427,4403247,Kanishka Sonthalia
1030224,1909336,Ektara Collective
1298000,1860538,Vansh Chopra
1064356,1505913,Varun Grover
1291909,85700,Soham Shah
1309546,4797128,Anhad Mishra
1251968,1867729,Siddharth Singh
1251968,1867730,Garima Wahal
1279012,1527676,Sridhar Rangayan
1279012,3317400,Saagar Gupta
1550098,5274526,Shubham Sumit
1224231,2691190,Shantanu Anant Tambe
1274193,1697130,Vipul Sharma
1376020,3774001,Ajay V
1131851,1964960,Sanoj Mishra
1238560,4510186,Smeep Kang
1032706,932630,Ashok G.
1409979,1906546,Ratnaa Sinha
942561,3440379,Binnoy Gandhi
1275507,1917102,Prateek Vats
1360109,4387204,Anil Kulchainiya
1297049,1295860,Rajiv Chilaka
1341476,4915242,Ssanjay Tripaathy
1376168,5018710,Ninaad Shaunak Bhatt
1735346,1115325,Senthil Vinu
1316723,4650226,Varrun Sukhraj
1249641,4555002,Govind Bhana
1712125,3655021,Amit Bhadana
1238067,4512709,Dhiren Dimri
1257074,3428340,Vivek Budakoti
1223371,4451847,M.K. Shivaaksh
1286006,1034727,Farogh Siddique
1277152,3272101,Faraz Ali
1231008,4480723,Shivang Khanna
1325547,3651323,Divya Kharnare
1062522,1921630,Jatla Siddartha
825685,3077830,Vikash Verma
1265977,2395610,Sajid Ali
1219902,4437858,Nisant
1086726,116143,Dibakar Banerjee
1361765,2874150,Anmol Mahla
982159,1408647,Karan Gour
1365609,4459583,Jaskunwar Kohli
1519701,5588232,Manvendra Singh Thakur
1519701,5588234,Sk Raqeeb Raza
1378043,1521300,Tarun Jain
1170784,4239248,Sonia W Kohli
1187928,2725190,Sushma Khadepaun
1436801,5256874,Anoushka
1243118,1150851,V. K. Prakash
1286718,4285445,Sarthak Chauhan
1080808,1174409,Nipun Dharmadhikari
1066714,1111643,Ravi Jadhav
812834,2637481,Arun Fulara
1059268,228991,Danish Aslam
1373946,3340136,Abhiruchi Chand
1341605,4912942,Kapish Rishi
1275358,4656620,Maisam Ali
1224360,4455823,Sanjay Niranjan
1341543,4912942,Kapish Rishi
1365005,4978692,Divyesh Limbani
1181982,1341817,Rajiv S. Ruia
1431112,5026041,Tanmay Gemini
1380003,5031304,Abhijit Mazumdar
1268119,1125743,Akashaditya Lama
1774321,6489818,Raghav Pillutla
1270452,4636998,Sunil Babbar
955593,3483834,Pooja Kaul
1398696,2195098,Mohinder Pratap Singh
1371763,1770592,Sanjay Gupta
1296736,4351137,Saumitra Singh
1354920,3922345,Raj Trivedi
1232520,4486382,Nishi Dugar
1229008,4473679,Himanshu Shrivastava
1287853,4704165,Pratul Gaikwad
1498734,5506725,Udbhavi Upadhyay
753522,1936125,Balwinder Singh Janjua
1379874,2405635,Achal Mishra
1378237,5026041,Tanmay Gemini
1248457,980176,Sunil Sukthankar
1351028,1337286,Shonali Bose
1351028,1807925,Nilesh Maniyar
1143431,1263936,Elvin Raja
1143431,4438063,Sarim Momin
1281735,1205659,Amit Dutta
1323884,4693481,Sheikh Zaid Bin Naseer
1373996,2076081,Karan Asnani
1375685,1549658,Udit Khurana
1266033,1832557,Sam Bhattacharjee
970390,3428047,Shivam Kothekar
1233350,3076980,Subarna Dash
1309663,4797781,Madhur Virli
1365050,4975627,Manjul Thakur
1219660,2743689,Anirban Dutta
1482290,1770592,Sanjay Gupta
1372069,5003659,Sonal Dabral
1364187,3957408,Arnav Dimri
1336138,2121647,Vivek Anchalia
1241707,4293732,Tarun Sharma
1272205,4495134,Gyan Ranjan Kar
1545323,5834377,Shreyansh Pratihar
1319126,3357276,Aarti S. Bagdi
1298015,1860538,Vansh Chopra
1320886,3774001,Ajay V
1301258,4152998,Kamal Chandra
1704851,2341007,Renu Savant
1322634,240737,Lalit Vachani
1275462,4657051,Manoj Srivastava
1324477,1929755,Kunal Kamra
1246887,3314781,Mukesh Modi
1246887,3448153,Vivek Srivastava
1340979,4912942,Kapish Rishi
1292128,1020773,Sudhish Kamath
1363915,3048713,Jagat Singh
1378037,2023952,Yuki Ellias
1507663,2874150,Anmol Mahla
1313497,4357347,Abhinav Pareek
1231925,1305748,Rajesh Nair
1564135,5420146,Sagnik Dutta
1623962,3272982,Yashasvi Juyal
1598197,5757899,Sushant Nagpal
1216872,4232115,Pranab Jyoti Deka
1299723,4753828,Jaiveer
1286981,6441053,Yogesh Vats
1279230,3426359,Vivek Shah
1356250,4940848,Riduan Sulaiman
1183237,4262282,Sushant Panda
1359347,1061616,Ankush Bhatt
1253070,4568119,Sareesh Sudhakaran
1215951,3075829,Harshwardhan Sanwal
1196392,2560275,Shashwat Dwivedi
1414609,5476133,Ajoy Varma Raja
1208588,2507906,Premnath
1207042,4384595,Jigar Nagda
1286731,2222141,Naireeta Dasgupta
1495499,5494951,Saurav Mahind
1272489,4644968,Gabriel Vats
1426794,2643256,Shivam Jemini
1338399,4783483,Chahat Singh
1365994,4979857,Pawan Nagpal
1440529,5272246,Harsh Vaishnav
1252502,4566208,Arastu Zakia
1218528,1125743,Akashaditya Lama
933290,2169543,Karan Chavan
1221191,1284085,Abhishek Saxena
1367294,4984807,Sauvik Pandit
1282423,4684015,Hamid Baig
1259977,4481999,Arjun Ajith Nair
1323178,4857637,Gaurav Asri
1377437,5023253,Suryansh Deo Srivastava
1346714,4920327,Nidhi Saxena
1241219,4521171,Mukul Vikram
1409666,4912942,Kapish Rishi
1264497,4397718,Suraj Nair
1525025,5605817,Munindr Kumar
1082334,3904946,Ila Mehrotra Jenkins
1257653,4677375,Sameer Khan
1240042,3677759,Prasad Vasant
1654149,6080858,Atul Chaugule
1310553,4802615,Aritra Sen
1399247,1120246,Girish Malik
1478020,5426674,Sudipto Kundu
1275869,4259995,Wikki Koul
1307658,4614409,Suraj Nair
1396537,5243930,Abhik Benazir
1493423,6441089,Aditya Ranoliya
1224346,3515004,RishiKing
1729868,5028487,Anshul Vijaywargiya
1276947,2325223,Kutti Revathi
1618826,4695694,Govinda Sao
1378255,5026071,Bhagyesh Rajeshirke
1729857,6340813,Manthripragada Viswajith
1312056,4193281,Shlok Jain
1412640,5159727,Akshit Sharma
1412640,5159729,Amrita
1327841,2555572,Priyanka Banerjee
1234975,4495134,Gyan Ranjan Kar
1447042,5299026,VISHANT J. SAGATHIYA
1341616,6441067,Rizwan Siddiqui
1236783,4502915,Vikram Kumar
1263654,4610600,Tanishqua S
1279015,4671088,Leo Paapam
1354364,4932336,Saumesh Bangera
1404067,5125952,Mayank Sharma
1373979,5010967,Rajat Kariya
1274192,3661328,Prasanta Kalita
1235027,4495371,Mohammed Khadeer
1274324,4652201,P.J. Udayraj
1388012,5061377,Nikunsh Nayyar
1237897,4748824,Neel Champaneri
1518779,5585525,Arvind Padhiar
1367296,4984813,Swamini Phansekar
1367296,4984816,Aniruddha Raman
1285290,4695204,Humayun Abbas
1528611,5619827,Rohit Das
1316683,4828482,Chaitanya Apte
1378264,5026085,Avi Kesarwani
1367290,4984786,Modhurima Sinha
1274953,4654819,Kartik Mahajan
1394209,3658074,Anusree K
1418240,5181716,Raktim Chowdhury
1694554,4378082,Neel Soni
1338811,4903947,Debjani Bhadra
1400920,3441179,Karan Aryan
1337414,4899129,Sanjay
1292287,4722211,Kshitij Mudgal
1274856,4654345,Sai Prawin Thanigachalam
1789332,6528438,Bhabani Tamuli
1291608,2152816,Aditya Dhar
1109086,87378,Ayan Mukerji
1225915,88594,Robby Grewal
1225915,229253,Kookie Gulati
1226572,564557,Reema Kagti
1241634,88800,Mohit Suri
1257960,81085,A. R. Murugadoss
1059007,1312080,Kanu Behl
1196943,1118108,Laxman Utekar
1190511,1276562,R. S. Prasanna
1306845,146938,Gopichand Malineni
1416310,1760327,Vijesh Rajan
1416310,5174141,Yashoda Parthasarthy
1196364,1419971,Aditya Sarpotdar
1195430,237704,Rosshan Andrrews
1201012,2714436,Rishab Seth
1216780,4425851,Shauna Gautam
1227739,1455337,Neeraj Ghaywan
1425101,2098184,Aditya Kripalani
1561969,3096978,Aditya Suhas Jambhale
1214835,1282954,Anshul Sharma
1415974,1536244,Honey Trehan
1227128,230437,Raj Kumar Gupta
1434543,227367,Milap Zaveri
1395527,1867729,Siddharth Singh
1395527,1867730,Garima Wahal
1147546,1513024,Shivam Nair
758923,1343127,A. Harsha
955496,95750,Sonu Sood
1000438,85470,Kangana Ranaut
1580286,85670,Anurag Kashyap
1146210,146975,Tarun Mansukhani
1198208,1540289,S. U. Arunkumar
1391013,2255966,Vivek Soni
1404864,582492,Chinmay Mandlekar
1389158,1839439,Vishal Furia
1015981,230438,Subhash Kapoor
942058,3438525,Arun Gopalan
607141,1170143,Remo D'Souza
1379877,85585,Abhishek Kapoor
1311649,1113239,Vijay Kumar Arora
1389169,86062,Anant Mahadevan
1450639,5314086,Tariq Mohammad
1257409,1102608,Konstantin Bojanov
1142921,591123,Aanand L. Rai
1143407,2826434,Abhishek Kapur
1143407,3462463,Sandeep Kewlani
1527619,583607,Rajiv Rai
845861,107252,Ken Ghosh
1213866,1758663,Advait Chandan
962851,1824698,Nitin Vaidya
1367408,3357276,Aarti S. Bagdi
1481405,4900138,Ashutosh S. Shankar
1352528,2796302,Nachiket Samant
1417941,1030393,Suparn Varma
1238164,1123811,Vibhu Puri
1320810,231577,Lakshmipriya Devi
1312559,1701960,Pulkit
1407523,2248931,Sameer Vidwans
1213777,1936190,Shazia Iqbal
1043887,1819971,Keith Gomes
1054626,2421850,Sidhaant Sachdev
1218602,1516214,Kayoze Irani
1564181,584954,Bharat Bala
1065426,119819,Anurag Basu
1591399,130960,Anusha Rizvi
1619792,5950713,Tillottam Pawar
1536906,2395573,Yashaswini Nath
900838,126763,Vivek Agnihotri
1571782,2458432,Sachin Pathak
1179317,117725,Anshuman Jha
1687255,2925431,Nayan Pachori
1687255,3486460,Kundan Sad
1687255,6185942,Sameer Welekar
1595522,5866496,Valmik Puri
1429726,3914208,Ashutosh Nayak
1234603,1499624,Raam Reddy
1450853,545084,Tigmanshu Dhulia
1650338,6065697,Rishabh Jain
1594317,5881618,Siddhant Raj Singh
1516737,3992977,Aisha Jain
1282557,6217,Anupam Kher
1564959,5757899,Sushant Nagpal
1499082,85670,Anurag Kashyap
1137339,4629317,Karan Singh Tyagi
1248454,1339972,Shashank Khaitan
1493846,2141850,Amarpreet G.S. Chhabra
1226354,2114213,Tushar Jalota
1585058,1802846,Smriti Mundhra
1561205,1785878,Safdar Abbas
1487663,5465202,Yuvrajaago
1483365,3893533,Iniyavan Elumalai
1474246,4185999,Hemwant Tiwari
1465052,1668221,Amrita Bagchi
1521201,1819971,Keith Gomes
1524304,2535127,Mukti Krishan
1441055,5274526,Shubham Sumit
1554037,147322,Akshay Shere
1188839,4311379,Dibakar Das Roy
1238198,1937603,Danish Renzu
1561136,4693481,Sheikh Zaid Bin Naseer
1338111,4901132,Mansoor Qureshi
1338111,4901134,Syed Irshad Ali
1531858,3285259,Tushar Amrish Goel
1351923,2667237,Razneesh Ghai
1518616,2163261,Pankaj Dayani
1301632,2077249,Karan Shrikant Sharma
1339952,2372026,Anukalp Goswami
1590920,5852113,Samar K. Mukherjee
1228827,227367,Milap Zaveri
1509675,4920327,Nidhi Saxena
1580395,5815747,Shikha Mahajan
1448387,5350331,Devendra Maalviya
1517129,5579690,Anuparna Roy
1407988,2585295,Shashwati Talukdar
1407988,3755891,Cheryl Hess
1562241,2166280,Paran Bawa
1550874,1790787,Guneet Dogra
1479297,5431446,Ranjan Kumar
1005156,3639098,Kussh Sinha
1230555,2104517,Ravi Chhabriya
1563109,5750761,Aditya Chandioke
1296540,4738508,Chinmoy Barma
1579561,2935719,Ravi Shankar Kaushik
1386801,1739895,Amit Golani
1262669,88796,Sangeeth Sivan
1575841,5800529,Somudra Banerjee
1759255,6447279,Kaustubh Govind
1453168,1205659,Amit Dutta
1340486,5476133,Ajoy Varma Raja
1340486,5476135,Preksha S. Agarwal
1483538,5447636,Ronit Singha
1336283,3358681,Srinivas Abrol
1422871,4715770,Ashok Vish
1534291,932630,Ashok G.
1536626,4301948,Rahhat Shah Kazmi
1238170,1705456,Santosh Singh
1413147,5161615,Nath Purandare
1491583,4671925,Harsh Gogi
1510235,5551136,Bharat S Shrinate
1604247,4519413,Shaanib Bakshi
1549390,1341817,Rajiv S. Ruia
1362606,4965908,Vaidaangi Sharma
1569173,5774454,Benhur Silva
1390561,3385323,Prabhash Chandra
1506821,1948235,Sarvesh Kumar Singh
1431530,225356,Deepak Ramsay
1464422,5371906,Ranveer Chauhan
1196942,105166,Mudassar Aziz
1523672,5600449,Paras Sachan
1484867,5452628,Saurabh Sudhir Doke
1453684,2076081,Karan Asnani
1541144,5669813,Mohammed Ali Rukadikar
1525484,239063,Umesh Shukla
1455440,1471164,Ravindra Gautam
1440754,3861930,Viral Shah
1425607,1864832,Jakka Hari Prasad
1428777,85387,Vikram Bhatt
1583352,2708875,Priyankar Patra
1505116,3987279,Joy Bhattacharjee
1370264,1794698,Girish Kohli
1441977,5023112,Nikhil Raj
1499211,5508649,Darshit Chudasama
1603443,4566208,Arastu Zakia
1595736,5867323,Ajay Anand
1645681,2544196,Rahul Bhatnagar
1628732,5985084,Abhay Punjabi
1377946,2063777,Kedar Prabhaker Gaekwad
1452776,1833779,Puneet Sharma
1084031,1839439,Vishal Furia
1529053,2564283,Dheeraj Jindal
1518098,5583122,Angith Jayaraj
1518098,5583127,Preetish Jayaraj
1549392,5700605,Vaibhav Bhatt
1549392,5700608,Bhavya Shah
1565025,5758154,Swapnil Ware
1604783,5900919,Suryansh Thakur
1602023,5891790,G. Naveen Reddy
1596151,4473815,Mohsin Khan
1221198,2061136,Tejas Vijay Deoskar
1540350,2278384,Sudipto Roy
1546251,5688505,Darsh Srivastava
1411790,5156538,Zidane Sayyed
1356084,1172251,Madhumita
1416527,5175036,Vaibhav Kulkarni
1578253,5808506,Sumit Singh
1525636,239063,Umesh Shukla
1412646,2051707,Prince Dhiman
1458697,1278982,Gajendra Ahire
1209731,42802,Salman Khan
1563270,5751306,Yash Gandhi
1420430,4184717,Vinay Shukla
1448638,3136038,Sulagna Chatterjee
1581979,3667763,Rowena Baweja
1438543,1850478,Suresh Eriyat
1447109,4107740,Ankur Singla
1515032,5571431,Shubham Negi
443407,1764450,Mehran Amrohi
1686225,1410291,Amit Sharma
1510251,5551234,Arnab Chatterjee
1446999,2341075,Dolly Singh
1168561,3110049,Nehal Vyas
1454275,1992082,Vivek Chaudhary
1376870,3456729,Aranya Sahay
1462815,2708314,Sourish Dey
1482085,625416,Guddu Dhanoa
1783247,6512629,Shobhita Thakur
1535954,87297,Tannishtha Chatterjee
1447985,2118235,Hardik Gajjar
1443168,2766261,Shiv Hare
1643845,1739167,Abhishek Upmanyu
1574360,2765265,Jamillah van der Hulst
965087,86062,Anant Mahadevan
1510316,1341270,Aditya Om
1547908,5311098,Ajayan
1657598,6096734,Rabindra Choudhary
1663197,4487481,Nihar Palwe
1449256,1785159,Avinash Das
1639017,5026276,Sobita Kudtarkar
1352526,1465047,Bikas Ranjan Mishra
1431645,35784,Kunal Kohli
1436133,2612749,Seemaa Desai
1741997,6389476,Navdeep Singh Panwar
1543405,3143862,Zaid Aftab
1459394,5349730,Prasad Namjoshi
1078814,3428047,Shivam Kothekar
1436174,5197654,Ashish Triphathi
1578108,2022079,Maaria Sayed
1220037,2544252,Faraz Arif Ansari
1400553,3857812,Victor Mukherjee
1247544,4547360,Krishan Kant Pandey
1477036,5133012,Nikhil Kumar Sahoo
1598138,5876762,Ajit Arora
1495424,4354808,Aniket Kumar
1503665,5526604,Sara Saini
1421571,3774001,Ajay V
1600087,5096641,Vaibhav Munjal
1391050,3332775,Navin Chandra Ganesh
1545576,4915242,Ssanjay Tripaathy
1465841,1678432,Uttera Singh
1540775,4421231,Rohit Arora
1583680,1550348,Vinoo Choliparambil
1262974,4608023,Mustafiz Ahmed
1461353,4558234,Ekal Deep Kaur
1494406,1971373,Ananyabrata Chakravorty
1507649,946963,Suneel Darshan
1478043,2011844,Jackie R.Bala
1467506,1509774,Sejal Shah
1528644,1662185,Alok Rajwade
1433326,5242955,Sachiin Shettyy
1465479,3272982,Yashasvi Juyal
1525643,4381221,Jitank Singh Gurjar
1483123,3652468,Manpreet Dhami
1691210,6200606,Madhav Rathi
1478007,5426644,Sunita Malpani
1723521,5706737,Yashvardhan vandana Chowhan
1467001,5381574,Suman Adhikary
1575858,5800603,Ravi Kumar
1205021,914892,Rohit Dhawan
1464870,2081233,Patrick Graham
1464870,5589460,Niranjana Hariharanandanan
1516632,5352025,Punit Pania
1419486,5306955,Naushad Siddiqui
1438037,1325630,Rocky Sandhu
1528129,5223836,Rajak Sharma
1508082,2691190,Shantanu Anant Tambe
1504672,5133012,Nikhil Kumar Sahoo
1554321,5718696,Raakesh Rawat
1598488,5879883,Kaushal Upadhyay
1537800,5657278,Amar Fauzdar
1101699,2495816,Zuber K. Khan
1537699,2177157,Kapil Tanwar
1448454,5304558,Paarth Maheshwari
1448454,5304565,Gaurika Jindal
1563363,4912942,Kapish Rishi
1564995,5012805,Raunaq Singh Chopra
1564995,5758042,Devanshi Yadav
1460303,5352925,Mitul Patel
1569871,5777257,Limar Lendo Doke
1413755,116143,Dibakar Banerjee
1301055,2495816,Zuber K. Khan
1779578,6503010,Anirudh Kuchibhotla
1492080,4360197,Achyut Prashast Singh
1542224,5673751,Dev Dudharejiya
1542224,5673752,Ved Vyas
1530960,5629717,Mokshith
1510263,5565531,Abhishek vijay
1548037,5750794,Sumesh. N. Pillai
1719760,6304165,Vedant Singh
1301862,1548877,Subhadra Mahajan
1564978,2630112,Shridhar Sudhir
1564975,5321877,Srishti Sharma
1461276,1272917,Sudipto Sen
1542109,2692060,Vaibhav Hatkar
1732926,6353198,Devesh Mishra
1565006,1912292,Sonam Dölma
1565006,5758080,Zainab Gani Zainab
1586302,5834972,Sidharth Harikumar
1554696,1657279,Aneek Chaudhuri
1561142,5027218,Swati Chauhan
1561142,1257704,Karan Razdan
1473089,4521316,Akshat Singh
1564958,5757895,Maithili Ajay Pathak
1566113,5248213,Yashvardhan Jha
1563895,4408299,Jigar Nagda
681227,1061616,Ankush Bhatt
1710272,6270552,Lucky
1463718,5369133,Debopom Chakraborty
1434374,5248213,Yashvardhan Jha
1455116,5331859,AKKI
1441271,5248213,Yashvardhan Jha
1482758,5248213,Yashvardhan Jha
1779855,6503521,Basim Sheikh
1779855,6503522,Jaanhvi Singh
1512471,4671037,Rohit Prajapati
1419465,5187393,Nending Loder
1285423,4695694,Govinda Sao
1452888,5248213,Yashvardhan Jha
1706184,6256326,Avinash M Pathak
1492104,5480977,Shourya Kumar Lal
1503653,5526551,Advait Saxena
1503653,5526554,Rajveer Jha
1554378,5720090,Amaan Jafri
1612530,5927409,Abhishek Sachidanandan
1472264,5402804,Sarthak Jaiswal
1447006,4360197,Achyut Prashast Singh
1560099,5741268,Hrutika Patole
1481585,5440364,Rudra Sharma
1564963,5757910,Aryan Malviya
1658770,5673751,Dev Dudharejiya
1658770,5673752,Ved Vyas
1658770,5675898,Dhruv Suthar
1620501,5953318,Samar Singh Chauhan
1585720,5223836,Rajak Sharma
1471880,5248213,Yashvardhan Jha
1729876,5028487,Anshul Vijaywargiya
1534859,4743073,Swati Agarwal
1591185,5850518,Shubham Rahul Karna
1452634,5321870,Saksham Sharma
1561073,5744204,Shrey Leena Shah
1550848,5705951,Poetik Justis
1503790,5523674,Devrishi
1257591,3006635,Saurabh Tewari
1631134,5993016,Kanav Bhardwaj
1566677,5764944,Iqra Shaikh
1552794,5713336,Shrivardhan Mane
1441704,5277173,Tusharr Madhavv
1548328,5696323,Bappadittya Sarkar
1565026,5758158,Varun Chauva
1565026,5758159,Arif Wazir
1654369,6081864,Chirag Dhiman
1455569,5687028,Purandar Chaudhuri
1557089,5729161,Surabhi Sharma
1789698,6529590,Ashutosh Singh
1269325,1323051,Abhishek Pathak
1451944,223853,Vikramaditya Motwane
1451944,130959,Kiran Rao
1451944,930926,Shakun Batra
1451944,87550,Vishal Bhardwaj
1355228,1616912,Devashish Makhija
1709391,6267426,Vishal Chaturvedi
656908,1042010,Nitesh Tiwari
1582770,2152816,Aditya Dhar
1727563,229257,Amit Rai
1122030,1836153,Shiv Rawail
1375156,2001262,Aakash Kaushik
1303331,105446,Indra Kumar
1444466,1143362,Nitin Kakkar
1239134,80387,Priyadarshan
1763900,3752242,Shravan Tiwari
1220538,1759996,Navjot Gulati
1220538,2441004,Vipasha Arvind
1378537,1209317,Gurmmeet Singh
1529372,2401118,Sreeti Mukerji
1475799,80387,Priyadarshan
1320660,105166,Mudassar Aziz
1628367,1701960,Pulkit
1213898,89150,Anurag Singh
1389149,2680846,Anubhuti Kashyap
1169537,87772,Rajkumar Santoshi
1698932,6226708,Haris Imtiyaz Khan
1640649,6026489,Arvind Pandey
1446616,557210,Bejoy Nambiar
1339876,2143441,Abhiraj Minawala
1484913,1944716,Siddharth P. Malhotra
1640396,2408480,Apoorv Singh Karki
1654581,1029027,Balaji Mohan
718833,1485167,Bhargav Saikia
1431068,71276,Imtiaz Ali
1727033,4301948,Rahhat Shah Kazmi
1628448,1927085,Suresh Triveni
1169516,81089,Ahmed Khan
1392469,102234,Homi Adajania
1759264,6447279,Kaustubh Govind
1241693,1644440,Ravi Udyawar
1416391,6122682,Vivek Daschaudary
1155818,1536244,Honey Trehan
1653208,2003583,Manish Saini
1512084,2796302,Nachiket Samant
1475803,582492,Chinmay Mandlekar
1760576,2076081,Karan Asnani
1682974,6171592,Chettan D K
1145110,35785,Siddharth Anand
1486860,85387,Vikram Bhatt
1654516,2636871,Ambiecka Pandit
1654566,85454,Kunal Kemmu
1275574,87550,Vishal Bhardwaj
1673393,2118235,Hardik Gajjar
1783280,2104517,Ravi Chhabriya
1081010,1348503,Avinash Arun
1171094,2370302,Sunil Pandey
1215889,113667,Meghna Gulzar
1574560,1495456,Ben Rekhi
1625582,2256908,Kamakhya Narayan Singh
1262547,1927085,Suresh Triveni
1772549,6484784,Anuj Saini
1371023,2255966,Vivek Soni
1728951,1513024,Shivam Nair
1728951,3456094,Jayprad Desai
1389172,6511882,Dhruv Tripathi
1209723,110227,Sooraj Barjatya
1435606,126765,Anubhav Sinha
1196946,85665,Sriram Raghavan
1431071,1514227,Ashwiny Iyer Tiwari
1282440,119828,Vir Das
1282440,1430639,Kavi Shastri
1600771,3016975,Abhijeet Mohan Warang
1714993,4152998,Kamal Chandra
1285815,6422352,Abhishek Singh
1737030,5985084,Abhay Punjabi
1464795,131856,Ashish R. Mohan
1736689,562206,Richie Mehta
1616993,1661902,Baba Azmi
1293550,85670,Anurag Kashyap
1595507,1810696,Jaspal Singh Sandhu
1569625,85801,Anees Bazmee
1699532,5579690,Anuparna Roy
1587124,1838429,Shashank Bali
1411089,1419971,Aditya Sarpotdar
1748651,6408876,Vikram A
1642850,1768802,Vivek B Agrawal
1715215,6287745,Nilay Shah
1590846,1124938,Abhijeet Deshpande
1604487,3479620,Manas Shashidharan Jacob
1617536,4154392,Abhishek Raj
1617536,1170894,Rajnish Thakur
1384512,227367,Milap Zaveri
1687100,6185272,Soumya Kumar
1685113,6178406,Raunak Sanger
1436192,5280158,Sonali Rattan
1722860,6382911,Nirbhay Jariwala
1722860,6382912,Jayesh Vrushiraj
1622462,5960896,Lakshmi R. Iyer
1351908,1293824,Manoj Tapadia
1390575,5070448,Tanmaya Shekhar
1612071,5925968,Bilal Bhagat
1728442,3759588,Anshul Tiwari
1714670,3112185,Kartik Chaudhry
1770869,6479827,Taruna Khatri
1458035,2094972,Rahi Anil Barve
1589515,4492120,Arsh Jain
1708638,6265065,Sudharshan Narayanan
1651304,2738405,Rajnish Jaiswal
1481041,3260325,Prashant Jha
1568964,5773721,Sarim Momin
1696678,2727790,Prabhakar Meena Bhaskar Pant
1728033,5950715,Aniket Kadam
1683628,6172516,Saksham Sharma
1683628,6173762,Manseerat Aulakh
1738850,4105863,Jageshwar Ratnakar Dhoble
1740946,1773880,Rajesh Gupta
1626312,5975865,Rudra Jadon
1489396,1118108,Laxman Utekar
1021634,1674010,Narasimhamurthy Padmakumar
1731480,6347026,Pankaj Sawant
1765342,6462125,Shripad Warkhedkar
1715954,6330028,Namit Nath
1622209,1421861,Sayani Gupta
1510775,1424261,Aditya Datt
1657678,4121422,Gaganjeet Singh
1657678,3886190,Alok Kumar Dwivedi
1564177,1170143,Remo D'Souza
1457939,1947404,Vipul Vig
1661715,1457344,Mayur Puri
1389153,1416402,Abhishek Dogra
1479690,2061198,Aditya Nimbalkar
1625548,5516183,Prashant Shukla
1616489,5754531,Sidhartha Chakravarty
1650325,5950713,Tillottam Pawar
1764394,4102737,Arvind Caulagi
1461274,2976131,Shieladitya Moulik
1461274,4521121,Amarnath Jha
1667473,3144397,Rachita Gorowala
1608545,1505913,Varun Grover
1094314,2094972,Rahi Anil Barve
1713420,6281556,Ravinder Siwatch
1701812,591086,Rakesh Sawant
1607877,5371906,Ranveer Chauhan
1633765,4287796,Vikas Arora
1651690,4300265,Santosh Parab
1416312,3004765,Kaushal Oza
1718701,2294286,Kanishka Aggarwal
403514,1640884,Navneet Behal
403514,2280570,Vibhu Kashyap
1666844,6129959,Syed Shadan
1632098,5997258,Gourab Dutta
1758635,1046478,Prayag Raj
1609035,1148946,Aditya Ingale
1546858,5274526,Shubham Sumit
1775462,6495546,Anushi Sharma
873276,5080885,Yugantar
873276,1437602,Deepa Dhanraj
855297,3176903,Ritwik Pareek
1651631,2094972,Rahi Anil Barve
1602304,1581704,Suzad Iqbal Khan
1453317,2082969,Harish Vyas
1681348,225524,Chandrakant Kulkarni
1704622,5494388,Rahat Jain
1661634,1282954,Anshul Sharma
1642322,2336029,Ashish Chanchlani
1769098,5371906,Ranveer Chauhan
1673007,2472252,Manisha Makwana
1720201,1125743,Akashaditya Lama
1708681,4690881,Ashish Bajaj
1635411,2869285,Ankur Hooda
1747646,3906890,Kallol Mukherjee
1032081,1406459,Aadish Keluskar
1754336,2076081,Karan Asnani
1632280,5997344,Babu Bhatt
1645951,928530,Sunny Hinduja
1645951,4392565,Chandan Anand
1785611,2391709,Karan Rawal
1690372,6198077,Vinay Bhardwaj
1690372,4351137,Saumitra Singh
1495662,117725,Anshuman Jha
1321677,4850447,Abdul Aziz
1688199,2597574,Saumya Sengupta
1701936,6238719,Igor Virabov
1688572,2292568,Sarthak Dasgupta
1514601,2942411,Roman Mikhailov
1708234,6264596,Kuldeep Kunal
1666893,2421825,Akhil Kapur
1620888,3236823,Ram Raja Dwivedi
1677663,6156378,Rohan Bakshi
1785746,4602216,Siddharth Sivasankaran
1699486,6228846,Rohit Chauhan
1206167,3836753,Vaibhav Kumaresh
1616578,2604425,Man Singh
1659411,5508649,Darshit Chudasama
1199439,93502,Kunal Deshmukh
1705539,6253869,Shivrajeshwar Singh
1707360,3272982,Yashasvi Juyal
1649576,6062025,Hemant Goswami
1649576,6062022,Dr. Amarpreet Kour
1599099,1314977,Roopa Iyer
1663005,5950713,Tillottam Pawar
1748479,6408622,Udoyrraj Baruah
1532239,1066399,Rajesh Mapuskar
1663915,3485015,Jaspreet Singh
1718299,6300333,Exhan Khan
1725836,6326468,Rahul Harit
1738471,6371985,Ravikant Narayan
1539853,1933633,Surya Balakrishnan
1693572,6208909,Aditya Prakash Maharana
1755259,6432680,Arnab Upadhyay
1787082,6521944,Shibesh motilal
1724719,4548830,Inder Das
1741988,6304165,Vedant Singh
1726784,1140476,Dylan Mohan Gray
1648131,1205659,Amit Dutta
1781690,6489818,Raghav Pillutla
1721640,4847114,Amit Dixit
1619797,5951393,Rajaram Singh
1607810,2142169,Manju Borah
1607810,139107,Dan Wolman
1547565,5693097,Vallabh Khatri
1645943,5838481,Jai Batra
1735452,5371906,Ranveer Chauhan
1684410,1200740,Pankaj Johar
1684410,6176114,Sunaina Kapoor
1764754,2076081,Karan Asnani
1749650,5506855,Adarsh Baranwal
1749650,5506840,Alok Paswan
1728731,6341333,Arbaaz Nasser
1703229,6244341,Gaurav Mishra
1657829,2463402,Soumya Mukhopadhyay
1640825,6026525,Parth Bhonge
1363288,4237516,Aprajita Gupta
1556316,1307554,Ajay Bahl
1776685,5998434,Tushar Jain
1129325,4071748,Anku Parasharr
1732803,3302120,Niraj Vikram
1639724,5358723,Soumyadeep Mandal
1202167,1756136,Rahul Shanklya
1721639,6316688,Savi Goel
1721639,6316689,Chanda Patel
1610924,5924401,Hardik Soni
1783159,1523213,Samreen Farooqui
1783159,1523212,Shabani Hassanwalia
1786653,6520572,Ketkee Pande
1700961,6234416,Lakshya Pratap Monga
1700961,6234404,Luv Sharma
1680844,6166615,Dev Kaushik
1638463,6018661,Aryan Singh
1747728,6399432,Sunny Mishra
1701869,4619356,Deepankar Vaatu
1772825,6485402,Aaradhya Korgaonkar
1678400,5983001,Mastan Babu
1733214,4583658,Tanmay Vuyyuru
1773066,6485935,Jovi Wangjin Wangsha
1691541,6203903,Ritesh Sharma
1712147,4646843,Sunil Babbar
1606512,5448785,Harshvardhan Bedi
1746209,6399432,Sunny Mishra
1719273,6302353,Ibad Daulatabadi
1752887,3472646,Y. Nithin
1752887,6530859,Deepthi Surendar
1721282,6026525,Parth Bhonge
1752936,6425100,Shivam Pandey
1779591,6503010,Anirudh Kuchibhotla
1763591,6041773,Manushree Swami
1639138,6020768,Aashish Mall
1759359,6447698,Waseem Amrohi
1626287,5975813,Nagbhushan Raikar
1724421,6320515,Prakhar Pandey
1729403,6339283,Rohan Thakur
1732110,6349984,Aditya P
1732110,6349986,Shashwat
1682860,6316586,Siddhanth Nigam
1612706,5248213,Yashvardhan Jha
1616923,5940899,Vedant Gavali
1705299,6252846,AMAN BRAHMBHATT
1604404,5899303,Amit Kumar
1785071,6516510,Ali Emad
1733936,6356917,Aadhithya Sankara Mahadevan
1670578,6141393,Vedd V Rawtaani
1732052,6349056,Ankur Roy Choudhury
1624452,5968239,Ekambir Dhillon
1743170,6390353,Shashi Bhushan
1710034,6269745,Dev Bodhare
1751124,6462366,Harshit Wankhede
1731375,6346492,Sid Silver
1647269,6053217,Sameer Hasan
1647269,6053274,Amaan Hasan
1646241,5936666,Ravy
1774699,5747492,Sanchit Bansal
1685929,6181498,Adrija Dey
1615337,5936666,Ravy
1647222,6052991,Piyush Singh
1619576,5391481,Suhas K
1645505,6046183,Utsav Das
1721214,6309498,Shubham Gupta
1643091,6034154,Sanket Bhutda
1643091,6034157,Mohisha Shetty
1649001,6059359,Tinkoo
1679742,6164704,Anjum Shaikh
1679742,6164708,Darshana Mayekar
1679742,6164710,Gauri Rane
1679742,6164712,Nazneen Siddiqui
1679742,6164713,Rehana Shaikh
1679742,6164715,Rohini Kadam
1679742,6164716,Kavita Ghuge
1679742,6164720,Kavita Khomne
1679742,6164721,Sheetal Navle
1679742,6164724,Vaishali Mane
1679742,2019802,Shilpi Gulati
1654368,6084746,Chinmay Dadhich
1654368,6084756,Vedant Bhosale
1788785,4308454,Tej sisodia
1790057,6452644,Shreyansh Pandey
1792173,6536326,Devendra Sinha
1792167,3662366,Subho Basu
